ISO-10303-21;
HEADER;
FILE_DESCRIPTION(('FreeCAD Model'),'2;1');
FILE_NAME('Open CASCADE Shape Model','2024-12-06T13:47:48',(''),(''),
  'Open CASCADE STEP processor 7.6','FreeCAD','Unknown');
FILE_SCHEMA(('AUTOMOTIVE_DESIGN { 1 0 10303 214 1 1 1 1 }'));
ENDSEC;
DATA;
#1 = APPLICATION_PROTOCOL_DEFINITION('international standard',
  'automotive_design',2000,#2);
#2 = APPLICATION_CONTEXT(
  'core data for automotive mechanical design processes');
#3 = SHAPE_DEFINITION_REPRESENTATION(#4,#10);
#4 = PRODUCT_DEFINITION_SHAPE('','',#5);
#5 = PRODUCT_DEFINITION('design','',#6,#9);
#6 = PRODUCT_DEFINITION_FORMATION('','',#7);
#7 = PRODUCT('Body','Body','',(#8));
#8 = PRODUCT_CONTEXT('',#2,'mechanical');
#9 = PRODUCT_DEFINITION_CONTEXT('part definition',#2,'design');
#10 = ADVANCED_BREP_SHAPE_REPRESENTATION('',(#11,#15),#2066);
#11 = AXIS2_PLACEMENT_3D('',#12,#13,#14);
#12 = CARTESIAN_POINT('',(0.,0.,0.));
#13 = DIRECTION('',(0.,0.,1.));
#14 = DIRECTION('',(1.,0.,-0.));
#15 = MANIFOLD_SOLID_BREP('',#16);
#16 = CLOSED_SHELL('',(#17,#57,#88,#119,#212,#236,#477,#501,#518,#545,
    #576,#603,#634,#661,#692,#721,#767,#802,#834,#858,#887,#1046,#1075,
    #1099,#1121,#1138,#1155,#1172,#1184,#1196,#1213,#1230,#1242,#1254,
    #1271,#1288,#1300,#1312,#1324,#1341,#1353,#1365,#1382,#1463,#1488,
    #1505,#1517,#1534,#1567,#1589,#1622,#1644,#1677,#1699,#1732,#1749,
    #1780,#1811,#1842,#1873,#1882,#1899,#1916,#1928,#1945,#1962,#1974,
    #1991,#2008,#2020,#2037,#2054));
#17 = ADVANCED_FACE('',(#18),#52,.T.);
#18 = FACE_BOUND('',#19,.T.);
#19 = EDGE_LOOP('',(#20,#30,#38,#46));
#20 = ORIENTED_EDGE('',*,*,#21,.F.);
#21 = EDGE_CURVE('',#22,#24,#26,.T.);
#22 = VERTEX_POINT('',#23);
#23 = CARTESIAN_POINT('',(-2.675,3.05,0.));
#24 = VERTEX_POINT('',#25);
#25 = CARTESIAN_POINT('',(-2.175,3.05,0.));
#26 = LINE('',#27,#28);
#27 = CARTESIAN_POINT('',(-2.675,3.05,0.));
#28 = VECTOR('',#29,1.);
#29 = DIRECTION('',(1.,0.,0.));
#30 = ORIENTED_EDGE('',*,*,#31,.T.);
#31 = EDGE_CURVE('',#22,#32,#34,.T.);
#32 = VERTEX_POINT('',#33);
#33 = CARTESIAN_POINT('',(-2.675,3.05,0.35));
#34 = LINE('',#35,#36);
#35 = CARTESIAN_POINT('',(-2.675,3.05,0.));
#36 = VECTOR('',#37,1.);
#37 = DIRECTION('',(0.,0.,1.));
#38 = ORIENTED_EDGE('',*,*,#39,.T.);
#39 = EDGE_CURVE('',#32,#40,#42,.T.);
#40 = VERTEX_POINT('',#41);
#41 = CARTESIAN_POINT('',(-2.175,3.05,0.35));
#42 = LINE('',#43,#44);
#43 = CARTESIAN_POINT('',(-2.675,3.05,0.35));
#44 = VECTOR('',#45,1.);
#45 = DIRECTION('',(1.,0.,0.));
#46 = ORIENTED_EDGE('',*,*,#47,.T.);
#47 = EDGE_CURVE('',#40,#24,#48,.T.);
#48 = LINE('',#49,#50);
#49 = CARTESIAN_POINT('',(-2.175,3.05,0.));
#50 = VECTOR('',#51,1.);
#51 = DIRECTION('',(0.,0.,-1.));
#52 = PLANE('',#53);
#53 = AXIS2_PLACEMENT_3D('',#54,#55,#56);
#54 = CARTESIAN_POINT('',(-2.675,3.05,0.));
#55 = DIRECTION('',(0.,1.,0.));
#56 = DIRECTION('',(1.,0.,0.));
#57 = ADVANCED_FACE('',(#58),#83,.F.);
#58 = FACE_BOUND('',#59,.F.);
#59 = EDGE_LOOP('',(#60,#61,#69,#77));
#60 = ORIENTED_EDGE('',*,*,#21,.F.);
#61 = ORIENTED_EDGE('',*,*,#62,.F.);
#62 = EDGE_CURVE('',#63,#22,#65,.T.);
#63 = VERTEX_POINT('',#64);
#64 = CARTESIAN_POINT('',(-2.675,-1.1,0.));
#65 = LINE('',#66,#67);
#66 = CARTESIAN_POINT('',(-2.675,-3.05,0.));
#67 = VECTOR('',#68,1.);
#68 = DIRECTION('',(0.,1.,0.));
#69 = ORIENTED_EDGE('',*,*,#70,.F.);
#70 = EDGE_CURVE('',#71,#63,#73,.T.);
#71 = VERTEX_POINT('',#72);
#72 = CARTESIAN_POINT('',(-2.175,-1.1,0.));
#73 = LINE('',#74,#75);
#74 = CARTESIAN_POINT('',(-2.175,-1.1,0.));
#75 = VECTOR('',#76,1.);
#76 = DIRECTION('',(-1.,0.,0.));
#77 = ORIENTED_EDGE('',*,*,#78,.F.);
#78 = EDGE_CURVE('',#24,#71,#79,.T.);
#79 = LINE('',#80,#81);
#80 = CARTESIAN_POINT('',(-2.175,3.18,0.));
#81 = VECTOR('',#82,1.);
#82 = DIRECTION('',(0.,-1.,0.));
#83 = PLANE('',#84);
#84 = AXIS2_PLACEMENT_3D('',#85,#86,#87);
#85 = CARTESIAN_POINT('',(-1.551403353188E-16,0.,0.));
#86 = DIRECTION('',(0.,0.,1.));
#87 = DIRECTION('',(1.,0.,0.));
#88 = ADVANCED_FACE('',(#89),#114,.F.);
#89 = FACE_BOUND('',#90,.F.);
#90 = EDGE_LOOP('',(#91,#99,#107,#113));
#91 = ORIENTED_EDGE('',*,*,#92,.F.);
#92 = EDGE_CURVE('',#93,#24,#95,.T.);
#93 = VERTEX_POINT('',#94);
#94 = CARTESIAN_POINT('',(-2.175,3.18,0.));
#95 = LINE('',#96,#97);
#96 = CARTESIAN_POINT('',(-2.175,3.18,0.));
#97 = VECTOR('',#98,1.);
#98 = DIRECTION('',(0.,-1.,0.));
#99 = ORIENTED_EDGE('',*,*,#100,.T.);
#100 = EDGE_CURVE('',#93,#101,#103,.T.);
#101 = VERTEX_POINT('',#102);
#102 = CARTESIAN_POINT('',(-2.175,3.18,0.35));
#103 = LINE('',#104,#105);
#104 = CARTESIAN_POINT('',(-2.175,3.18,0.));
#105 = VECTOR('',#106,1.);
#106 = DIRECTION('',(0.,0.,1.));
#107 = ORIENTED_EDGE('',*,*,#108,.T.);
#108 = EDGE_CURVE('',#101,#40,#109,.T.);
#109 = LINE('',#110,#111);
#110 = CARTESIAN_POINT('',(-2.175,3.18,0.35));
#111 = VECTOR('',#112,1.);
#112 = DIRECTION('',(0.,-1.,0.));
#113 = ORIENTED_EDGE('',*,*,#47,.T.);
#114 = PLANE('',#115);
#115 = AXIS2_PLACEMENT_3D('',#116,#117,#118);
#116 = CARTESIAN_POINT('',(-2.175,3.18,0.));
#117 = DIRECTION('',(1.,0.,0.));
#118 = DIRECTION('',(0.,-1.,0.));
#119 = ADVANCED_FACE('',(#120),#207,.F.);
#120 = FACE_BOUND('',#121,.F.);
#121 = EDGE_LOOP('',(#122,#123,#131,#139,#147,#155,#163,#171,#179,#187,
    #194,#202));
#122 = ORIENTED_EDGE('',*,*,#39,.T.);
#123 = ORIENTED_EDGE('',*,*,#124,.T.);
#124 = EDGE_CURVE('',#40,#125,#127,.T.);
#125 = VERTEX_POINT('',#126);
#126 = CARTESIAN_POINT('',(-1.635,3.05,0.35));
#127 = LINE('',#128,#129);
#128 = CARTESIAN_POINT('',(-2.675,3.05,0.35));
#129 = VECTOR('',#130,1.);
#130 = DIRECTION('',(1.,0.,0.));
#131 = ORIENTED_EDGE('',*,*,#132,.T.);
#132 = EDGE_CURVE('',#125,#133,#135,.T.);
#133 = VERTEX_POINT('',#134);
#134 = CARTESIAN_POINT('',(-0.905,3.05,0.35));
#135 = LINE('',#136,#137);
#136 = CARTESIAN_POINT('',(-2.675,3.05,0.35));
#137 = VECTOR('',#138,1.);
#138 = DIRECTION('',(1.,0.,0.));
#139 = ORIENTED_EDGE('',*,*,#140,.T.);
#140 = EDGE_CURVE('',#133,#141,#143,.T.);
#141 = VERTEX_POINT('',#142);
#142 = CARTESIAN_POINT('',(-0.365,3.05,0.35));
#143 = LINE('',#144,#145);
#144 = CARTESIAN_POINT('',(-2.675,3.05,0.35));
#145 = VECTOR('',#146,1.);
#146 = DIRECTION('',(1.,0.,0.));
#147 = ORIENTED_EDGE('',*,*,#148,.T.);
#148 = EDGE_CURVE('',#141,#149,#151,.T.);
#149 = VERTEX_POINT('',#150);
#150 = CARTESIAN_POINT('',(0.365,3.05,0.35));
#151 = LINE('',#152,#153);
#152 = CARTESIAN_POINT('',(-2.675,3.05,0.35));
#153 = VECTOR('',#154,1.);
#154 = DIRECTION('',(1.,0.,0.));
#155 = ORIENTED_EDGE('',*,*,#156,.T.);
#156 = EDGE_CURVE('',#149,#157,#159,.T.);
#157 = VERTEX_POINT('',#158);
#158 = CARTESIAN_POINT('',(0.905,3.05,0.35));
#159 = LINE('',#160,#161);
#160 = CARTESIAN_POINT('',(-2.675,3.05,0.35));
#161 = VECTOR('',#162,1.);
#162 = DIRECTION('',(1.,0.,0.));
#163 = ORIENTED_EDGE('',*,*,#164,.T.);
#164 = EDGE_CURVE('',#157,#165,#167,.T.);
#165 = VERTEX_POINT('',#166);
#166 = CARTESIAN_POINT('',(1.635,3.05,0.35));
#167 = LINE('',#168,#169);
#168 = CARTESIAN_POINT('',(-2.675,3.05,0.35));
#169 = VECTOR('',#170,1.);
#170 = DIRECTION('',(1.,0.,0.));
#171 = ORIENTED_EDGE('',*,*,#172,.T.);
#172 = EDGE_CURVE('',#165,#173,#175,.T.);
#173 = VERTEX_POINT('',#174);
#174 = CARTESIAN_POINT('',(2.175,3.05,0.35));
#175 = LINE('',#176,#177);
#176 = CARTESIAN_POINT('',(-2.675,3.05,0.35));
#177 = VECTOR('',#178,1.);
#178 = DIRECTION('',(1.,0.,0.));
#179 = ORIENTED_EDGE('',*,*,#180,.T.);
#180 = EDGE_CURVE('',#173,#181,#183,.T.);
#181 = VERTEX_POINT('',#182);
#182 = CARTESIAN_POINT('',(2.675,3.05,0.35));
#183 = LINE('',#184,#185);
#184 = CARTESIAN_POINT('',(-2.675,3.05,0.35));
#185 = VECTOR('',#186,1.);
#186 = DIRECTION('',(1.,0.,0.));
#187 = ORIENTED_EDGE('',*,*,#188,.T.);
#188 = EDGE_CURVE('',#181,#189,#191,.T.);
#189 = VERTEX_POINT('',#190);
#190 = CARTESIAN_POINT('',(2.4020223243,2.7770223243,1.1));
#191 = B_SPLINE_CURVE_WITH_KNOTS('',1,(#192,#193),.UNSPECIFIED.,.F.,.F.,
  (2,2),(0.,1.),.PIECEWISE_BEZIER_KNOTS.);
#192 = CARTESIAN_POINT('',(2.675,3.05,0.35));
#193 = CARTESIAN_POINT('',(2.4020223243,2.7770223243,1.1));
#194 = ORIENTED_EDGE('',*,*,#195,.F.);
#195 = EDGE_CURVE('',#196,#189,#198,.T.);
#196 = VERTEX_POINT('',#197);
#197 = CARTESIAN_POINT('',(-2.4020223243,2.7770223243,1.1));
#198 = LINE('',#199,#200);
#199 = CARTESIAN_POINT('',(-2.675,2.7770223243,1.1));
#200 = VECTOR('',#201,1.);
#201 = DIRECTION('',(1.,0.,0.));
#202 = ORIENTED_EDGE('',*,*,#203,.F.);
#203 = EDGE_CURVE('',#32,#196,#204,.T.);
#204 = B_SPLINE_CURVE_WITH_KNOTS('',1,(#205,#206),.UNSPECIFIED.,.F.,.F.,
  (2,2),(0.,1.),.PIECEWISE_BEZIER_KNOTS.);
#205 = CARTESIAN_POINT('',(-2.675,3.05,0.35));
#206 = CARTESIAN_POINT('',(-2.4020223243,2.7770223243,1.1));
#207 = B_SPLINE_SURFACE_WITH_KNOTS('',1,1,(
    (#208,#209)
    ,(#210,#211
    )),.UNSPECIFIED.,.F.,.F.,.F.,(2,2),(2,2),(0.,5.35),(0.,1.),
  .PIECEWISE_BEZIER_KNOTS.);
#208 = CARTESIAN_POINT('',(-2.675,3.05,0.35));
#209 = CARTESIAN_POINT('',(-2.4020223243,2.7770223243,1.1));
#210 = CARTESIAN_POINT('',(2.675,3.05,0.35));
#211 = CARTESIAN_POINT('',(2.4020223243,2.7770223243,1.1));
#212 = ADVANCED_FACE('',(#213),#231,.T.);
#213 = FACE_BOUND('',#214,.T.);
#214 = EDGE_LOOP('',(#215,#216,#224,#230));
#215 = ORIENTED_EDGE('',*,*,#62,.F.);
#216 = ORIENTED_EDGE('',*,*,#217,.T.);
#217 = EDGE_CURVE('',#63,#218,#220,.T.);
#218 = VERTEX_POINT('',#219);
#219 = CARTESIAN_POINT('',(-2.675,-1.1,0.35));
#220 = LINE('',#221,#222);
#221 = CARTESIAN_POINT('',(-2.675,-1.1,0.));
#222 = VECTOR('',#223,1.);
#223 = DIRECTION('',(0.,0.,1.));
#224 = ORIENTED_EDGE('',*,*,#225,.T.);
#225 = EDGE_CURVE('',#218,#32,#226,.T.);
#226 = LINE('',#227,#228);
#227 = CARTESIAN_POINT('',(-2.675,-3.05,0.35));
#228 = VECTOR('',#229,1.);
#229 = DIRECTION('',(0.,1.,0.));
#230 = ORIENTED_EDGE('',*,*,#31,.F.);
#231 = PLANE('',#232);
#232 = AXIS2_PLACEMENT_3D('',#233,#234,#235);
#233 = CARTESIAN_POINT('',(-2.675,-3.05,0.));
#234 = DIRECTION('',(-1.,0.,0.));
#235 = DIRECTION('',(0.,1.,0.));
#236 = ADVANCED_FACE('',(#237),#472,.F.);
#237 = FACE_BOUND('',#238,.F.);
#238 = EDGE_LOOP('',(#239,#249,#257,#265,#273,#281,#289,#297,#305,#313,
    #321,#329,#337,#345,#353,#361,#369,#377,#385,#393,#401,#409,#417,
    #425,#433,#441,#449,#455,#456,#457,#458,#466));
#239 = ORIENTED_EDGE('',*,*,#240,.T.);
#240 = EDGE_CURVE('',#241,#243,#245,.T.);
#241 = VERTEX_POINT('',#242);
#242 = CARTESIAN_POINT('',(-2.745,-1.37,0.));
#243 = VERTEX_POINT('',#244);
#244 = CARTESIAN_POINT('',(-2.675,-1.37,0.));
#245 = LINE('',#246,#247);
#246 = CARTESIAN_POINT('',(-2.745,-1.37,0.));
#247 = VECTOR('',#248,1.);
#248 = DIRECTION('',(1.,0.,0.));
#249 = ORIENTED_EDGE('',*,*,#250,.T.);
#250 = EDGE_CURVE('',#243,#251,#253,.T.);
#251 = VERTEX_POINT('',#252);
#252 = CARTESIAN_POINT('',(2.675,-1.37,0.));
#253 = LINE('',#254,#255);
#254 = CARTESIAN_POINT('',(-2.745,-1.37,0.));
#255 = VECTOR('',#256,1.);
#256 = DIRECTION('',(1.,0.,0.));
#257 = ORIENTED_EDGE('',*,*,#258,.T.);
#258 = EDGE_CURVE('',#251,#259,#261,.T.);
#259 = VERTEX_POINT('',#260);
#260 = CARTESIAN_POINT('',(2.745,-1.37,0.));
#261 = LINE('',#262,#263);
#262 = CARTESIAN_POINT('',(-2.745,-1.37,0.));
#263 = VECTOR('',#264,1.);
#264 = DIRECTION('',(1.,0.,0.));
#265 = ORIENTED_EDGE('',*,*,#266,.T.);
#266 = EDGE_CURVE('',#259,#267,#269,.T.);
#267 = VERTEX_POINT('',#268);
#268 = CARTESIAN_POINT('',(2.745,-1.1,0.));
#269 = LINE('',#270,#271);
#270 = CARTESIAN_POINT('',(2.745,-1.37,0.));
#271 = VECTOR('',#272,1.);
#272 = DIRECTION('',(0.,1.,0.));
#273 = ORIENTED_EDGE('',*,*,#274,.T.);
#274 = EDGE_CURVE('',#267,#275,#277,.T.);
#275 = VERTEX_POINT('',#276);
#276 = CARTESIAN_POINT('',(2.675,-1.1,0.));
#277 = LINE('',#278,#279);
#278 = CARTESIAN_POINT('',(2.745,-1.1,0.));
#279 = VECTOR('',#280,1.);
#280 = DIRECTION('',(-1.,0.,0.));
#281 = ORIENTED_EDGE('',*,*,#282,.T.);
#282 = EDGE_CURVE('',#275,#283,#285,.T.);
#283 = VERTEX_POINT('',#284);
#284 = CARTESIAN_POINT('',(2.175,-1.1,0.));
#285 = LINE('',#286,#287);
#286 = CARTESIAN_POINT('',(2.745,-1.1,0.));
#287 = VECTOR('',#288,1.);
#288 = DIRECTION('',(-1.,0.,0.));
#289 = ORIENTED_EDGE('',*,*,#290,.T.);
#290 = EDGE_CURVE('',#283,#291,#293,.T.);
#291 = VERTEX_POINT('',#292);
#292 = CARTESIAN_POINT('',(2.175,3.05,0.));
#293 = LINE('',#294,#295);
#294 = CARTESIAN_POINT('',(2.175,-1.1,0.));
#295 = VECTOR('',#296,1.);
#296 = DIRECTION('',(0.,1.,0.));
#297 = ORIENTED_EDGE('',*,*,#298,.T.);
#298 = EDGE_CURVE('',#291,#299,#301,.T.);
#299 = VERTEX_POINT('',#300);
#300 = CARTESIAN_POINT('',(2.175,3.18,0.));
#301 = LINE('',#302,#303);
#302 = CARTESIAN_POINT('',(2.175,-1.1,0.));
#303 = VECTOR('',#304,1.);
#304 = DIRECTION('',(0.,1.,0.));
#305 = ORIENTED_EDGE('',*,*,#306,.T.);
#306 = EDGE_CURVE('',#299,#307,#309,.T.);
#307 = VERTEX_POINT('',#308);
#308 = CARTESIAN_POINT('',(1.635,3.18,0.));
#309 = LINE('',#310,#311);
#310 = CARTESIAN_POINT('',(2.175,3.18,0.));
#311 = VECTOR('',#312,1.);
#312 = DIRECTION('',(-1.,0.,0.));
#313 = ORIENTED_EDGE('',*,*,#314,.T.);
#314 = EDGE_CURVE('',#307,#315,#317,.T.);
#315 = VERTEX_POINT('',#316);
#316 = CARTESIAN_POINT('',(1.635,3.05,0.));
#317 = LINE('',#318,#319);
#318 = CARTESIAN_POINT('',(1.635,3.18,0.));
#319 = VECTOR('',#320,1.);
#320 = DIRECTION('',(0.,-1.,0.));
#321 = ORIENTED_EDGE('',*,*,#322,.T.);
#322 = EDGE_CURVE('',#315,#323,#325,.T.);
#323 = VERTEX_POINT('',#324);
#324 = CARTESIAN_POINT('',(1.635,2.43,0.));
#325 = LINE('',#326,#327);
#326 = CARTESIAN_POINT('',(1.635,3.18,0.));
#327 = VECTOR('',#328,1.);
#328 = DIRECTION('',(0.,-1.,0.));
#329 = ORIENTED_EDGE('',*,*,#330,.T.);
#330 = EDGE_CURVE('',#323,#331,#333,.T.);
#331 = VERTEX_POINT('',#332);
#332 = CARTESIAN_POINT('',(0.905,2.43,0.));
#333 = LINE('',#334,#335);
#334 = CARTESIAN_POINT('',(1.635,2.43,0.));
#335 = VECTOR('',#336,1.);
#336 = DIRECTION('',(-1.,0.,0.));
#337 = ORIENTED_EDGE('',*,*,#338,.T.);
#338 = EDGE_CURVE('',#331,#339,#341,.T.);
#339 = VERTEX_POINT('',#340);
#340 = CARTESIAN_POINT('',(0.905,3.05,0.));
#341 = LINE('',#342,#343);
#342 = CARTESIAN_POINT('',(0.905,2.43,0.));
#343 = VECTOR('',#344,1.);
#344 = DIRECTION('',(0.,1.,0.));
#345 = ORIENTED_EDGE('',*,*,#346,.T.);
#346 = EDGE_CURVE('',#339,#347,#349,.T.);
#347 = VERTEX_POINT('',#348);
#348 = CARTESIAN_POINT('',(0.905,3.18,0.));
#349 = LINE('',#350,#351);
#350 = CARTESIAN_POINT('',(0.905,2.43,0.));
#351 = VECTOR('',#352,1.);
#352 = DIRECTION('',(0.,1.,0.));
#353 = ORIENTED_EDGE('',*,*,#354,.T.);
#354 = EDGE_CURVE('',#347,#355,#357,.T.);
#355 = VERTEX_POINT('',#356);
#356 = CARTESIAN_POINT('',(0.365,3.18,0.));
#357 = LINE('',#358,#359);
#358 = CARTESIAN_POINT('',(0.905,3.18,0.));
#359 = VECTOR('',#360,1.);
#360 = DIRECTION('',(-1.,0.,0.));
#361 = ORIENTED_EDGE('',*,*,#362,.T.);
#362 = EDGE_CURVE('',#355,#363,#365,.T.);
#363 = VERTEX_POINT('',#364);
#364 = CARTESIAN_POINT('',(0.365,3.05,0.));
#365 = LINE('',#366,#367);
#366 = CARTESIAN_POINT('',(0.365,3.18,0.));
#367 = VECTOR('',#368,1.);
#368 = DIRECTION('',(0.,-1.,0.));
#369 = ORIENTED_EDGE('',*,*,#370,.T.);
#370 = EDGE_CURVE('',#363,#371,#373,.T.);
#371 = VERTEX_POINT('',#372);
#372 = CARTESIAN_POINT('',(0.365,2.43,0.));
#373 = LINE('',#374,#375);
#374 = CARTESIAN_POINT('',(0.365,3.18,0.));
#375 = VECTOR('',#376,1.);
#376 = DIRECTION('',(0.,-1.,0.));
#377 = ORIENTED_EDGE('',*,*,#378,.T.);
#378 = EDGE_CURVE('',#371,#379,#381,.T.);
#379 = VERTEX_POINT('',#380);
#380 = CARTESIAN_POINT('',(-0.365,2.43,0.));
#381 = LINE('',#382,#383);
#382 = CARTESIAN_POINT('',(0.365,2.43,0.));
#383 = VECTOR('',#384,1.);
#384 = DIRECTION('',(-1.,0.,0.));
#385 = ORIENTED_EDGE('',*,*,#386,.T.);
#386 = EDGE_CURVE('',#379,#387,#389,.T.);
#387 = VERTEX_POINT('',#388);
#388 = CARTESIAN_POINT('',(-0.365,3.05,0.));
#389 = LINE('',#390,#391);
#390 = CARTESIAN_POINT('',(-0.365,2.43,0.));
#391 = VECTOR('',#392,1.);
#392 = DIRECTION('',(0.,1.,0.));
#393 = ORIENTED_EDGE('',*,*,#394,.T.);
#394 = EDGE_CURVE('',#387,#395,#397,.T.);
#395 = VERTEX_POINT('',#396);
#396 = CARTESIAN_POINT('',(-0.365,3.18,0.));
#397 = LINE('',#398,#399);
#398 = CARTESIAN_POINT('',(-0.365,2.43,0.));
#399 = VECTOR('',#400,1.);
#400 = DIRECTION('',(0.,1.,0.));
#401 = ORIENTED_EDGE('',*,*,#402,.T.);
#402 = EDGE_CURVE('',#395,#403,#405,.T.);
#403 = VERTEX_POINT('',#404);
#404 = CARTESIAN_POINT('',(-0.905,3.18,0.));
#405 = LINE('',#406,#407);
#406 = CARTESIAN_POINT('',(-0.365,3.18,0.));
#407 = VECTOR('',#408,1.);
#408 = DIRECTION('',(-1.,0.,0.));
#409 = ORIENTED_EDGE('',*,*,#410,.T.);
#410 = EDGE_CURVE('',#403,#411,#413,.T.);
#411 = VERTEX_POINT('',#412);
#412 = CARTESIAN_POINT('',(-0.905,3.05,0.));
#413 = LINE('',#414,#415);
#414 = CARTESIAN_POINT('',(-0.905,3.18,0.));
#415 = VECTOR('',#416,1.);
#416 = DIRECTION('',(0.,-1.,0.));
#417 = ORIENTED_EDGE('',*,*,#418,.T.);
#418 = EDGE_CURVE('',#411,#419,#421,.T.);
#419 = VERTEX_POINT('',#420);
#420 = CARTESIAN_POINT('',(-0.905,2.43,0.));
#421 = LINE('',#422,#423);
#422 = CARTESIAN_POINT('',(-0.905,3.18,0.));
#423 = VECTOR('',#424,1.);
#424 = DIRECTION('',(0.,-1.,0.));
#425 = ORIENTED_EDGE('',*,*,#426,.T.);
#426 = EDGE_CURVE('',#419,#427,#429,.T.);
#427 = VERTEX_POINT('',#428);
#428 = CARTESIAN_POINT('',(-1.635,2.43,0.));
#429 = LINE('',#430,#431);
#430 = CARTESIAN_POINT('',(-0.905,2.43,0.));
#431 = VECTOR('',#432,1.);
#432 = DIRECTION('',(-1.,0.,0.));
#433 = ORIENTED_EDGE('',*,*,#434,.T.);
#434 = EDGE_CURVE('',#427,#435,#437,.T.);
#435 = VERTEX_POINT('',#436);
#436 = CARTESIAN_POINT('',(-1.635,3.05,0.));
#437 = LINE('',#438,#439);
#438 = CARTESIAN_POINT('',(-1.635,2.43,0.));
#439 = VECTOR('',#440,1.);
#440 = DIRECTION('',(0.,1.,0.));
#441 = ORIENTED_EDGE('',*,*,#442,.T.);
#442 = EDGE_CURVE('',#435,#443,#445,.T.);
#443 = VERTEX_POINT('',#444);
#444 = CARTESIAN_POINT('',(-1.635,3.18,0.));
#445 = LINE('',#446,#447);
#446 = CARTESIAN_POINT('',(-1.635,2.43,0.));
#447 = VECTOR('',#448,1.);
#448 = DIRECTION('',(0.,1.,0.));
#449 = ORIENTED_EDGE('',*,*,#450,.T.);
#450 = EDGE_CURVE('',#443,#93,#451,.T.);
#451 = LINE('',#452,#453);
#452 = CARTESIAN_POINT('',(-1.635,3.18,0.));
#453 = VECTOR('',#454,1.);
#454 = DIRECTION('',(-1.,0.,0.));
#455 = ORIENTED_EDGE('',*,*,#92,.T.);
#456 = ORIENTED_EDGE('',*,*,#78,.T.);
#457 = ORIENTED_EDGE('',*,*,#70,.T.);
#458 = ORIENTED_EDGE('',*,*,#459,.T.);
#459 = EDGE_CURVE('',#63,#460,#462,.T.);
#460 = VERTEX_POINT('',#461);
#461 = CARTESIAN_POINT('',(-2.745,-1.1,0.));
#462 = LINE('',#463,#464);
#463 = CARTESIAN_POINT('',(-2.175,-1.1,0.));
#464 = VECTOR('',#465,1.);
#465 = DIRECTION('',(-1.,0.,0.));
#466 = ORIENTED_EDGE('',*,*,#467,.F.);
#467 = EDGE_CURVE('',#241,#460,#468,.T.);
#468 = LINE('',#469,#470);
#469 = CARTESIAN_POINT('',(-2.745,-1.37,0.));
#470 = VECTOR('',#471,1.);
#471 = DIRECTION('',(0.,1.,0.));
#472 = PLANE('',#473);
#473 = AXIS2_PLACEMENT_3D('',#474,#475,#476);
#474 = CARTESIAN_POINT('',(1.284237159775E-16,-0.112111046848,0.));
#475 = DIRECTION('',(0.,0.,1.));
#476 = DIRECTION('',(1.,0.,0.));
#477 = ADVANCED_FACE('',(#478),#496,.T.);
#478 = FACE_BOUND('',#479,.T.);
#479 = EDGE_LOOP('',(#480,#481,#482,#490));
#480 = ORIENTED_EDGE('',*,*,#108,.T.);
#481 = ORIENTED_EDGE('',*,*,#124,.T.);
#482 = ORIENTED_EDGE('',*,*,#483,.T.);
#483 = EDGE_CURVE('',#125,#484,#486,.T.);
#484 = VERTEX_POINT('',#485);
#485 = CARTESIAN_POINT('',(-1.635,3.18,0.35));
#486 = LINE('',#487,#488);
#487 = CARTESIAN_POINT('',(-1.635,2.43,0.35));
#488 = VECTOR('',#489,1.);
#489 = DIRECTION('',(0.,1.,0.));
#490 = ORIENTED_EDGE('',*,*,#491,.T.);
#491 = EDGE_CURVE('',#484,#101,#492,.T.);
#492 = LINE('',#493,#494);
#493 = CARTESIAN_POINT('',(-1.635,3.18,0.35));
#494 = VECTOR('',#495,1.);
#495 = DIRECTION('',(-1.,0.,0.));
#496 = PLANE('',#497);
#497 = AXIS2_PLACEMENT_3D('',#498,#499,#500);
#498 = CARTESIAN_POINT('',(1.284237159775E-16,-0.112111046848,0.35));
#499 = DIRECTION('',(0.,0.,1.));
#500 = DIRECTION('',(1.,0.,0.));
#501 = ADVANCED_FACE('',(#502),#513,.F.);
#502 = FACE_BOUND('',#503,.F.);
#503 = EDGE_LOOP('',(#504,#510,#511,#512));
#504 = ORIENTED_EDGE('',*,*,#505,.T.);
#505 = EDGE_CURVE('',#443,#484,#506,.T.);
#506 = LINE('',#507,#508);
#507 = CARTESIAN_POINT('',(-1.635,3.18,0.));
#508 = VECTOR('',#509,1.);
#509 = DIRECTION('',(0.,0.,1.));
#510 = ORIENTED_EDGE('',*,*,#491,.T.);
#511 = ORIENTED_EDGE('',*,*,#100,.F.);
#512 = ORIENTED_EDGE('',*,*,#450,.F.);
#513 = PLANE('',#514);
#514 = AXIS2_PLACEMENT_3D('',#515,#516,#517);
#515 = CARTESIAN_POINT('',(-1.635,3.18,0.));
#516 = DIRECTION('',(-0.,-1.,-0.));
#517 = DIRECTION('',(-1.,0.,0.));
#518 = ADVANCED_FACE('',(#519),#540,.T.);
#519 = FACE_BOUND('',#520,.T.);
#520 = EDGE_LOOP('',(#521,#527,#533,#534));
#521 = ORIENTED_EDGE('',*,*,#522,.F.);
#522 = EDGE_CURVE('',#435,#411,#523,.T.);
#523 = LINE('',#524,#525);
#524 = CARTESIAN_POINT('',(-2.675,3.05,0.));
#525 = VECTOR('',#526,1.);
#526 = DIRECTION('',(1.,0.,0.));
#527 = ORIENTED_EDGE('',*,*,#528,.T.);
#528 = EDGE_CURVE('',#435,#125,#529,.T.);
#529 = LINE('',#530,#531);
#530 = CARTESIAN_POINT('',(-1.635,3.05,0.));
#531 = VECTOR('',#532,1.);
#532 = DIRECTION('',(0.,0.,1.));
#533 = ORIENTED_EDGE('',*,*,#132,.T.);
#534 = ORIENTED_EDGE('',*,*,#535,.T.);
#535 = EDGE_CURVE('',#133,#411,#536,.T.);
#536 = LINE('',#537,#538);
#537 = CARTESIAN_POINT('',(-0.905,3.05,0.));
#538 = VECTOR('',#539,1.);
#539 = DIRECTION('',(0.,0.,-1.));
#540 = PLANE('',#541);
#541 = AXIS2_PLACEMENT_3D('',#542,#543,#544);
#542 = CARTESIAN_POINT('',(-2.675,3.05,0.));
#543 = DIRECTION('',(0.,1.,0.));
#544 = DIRECTION('',(1.,0.,0.));
#545 = ADVANCED_FACE('',(#546),#571,.T.);
#546 = FACE_BOUND('',#547,.T.);
#547 = EDGE_LOOP('',(#548,#556,#557,#565));
#548 = ORIENTED_EDGE('',*,*,#549,.T.);
#549 = EDGE_CURVE('',#550,#133,#552,.T.);
#550 = VERTEX_POINT('',#551);
#551 = CARTESIAN_POINT('',(-0.905,3.18,0.35));
#552 = LINE('',#553,#554);
#553 = CARTESIAN_POINT('',(-0.905,3.18,0.35));
#554 = VECTOR('',#555,1.);
#555 = DIRECTION('',(0.,-1.,0.));
#556 = ORIENTED_EDGE('',*,*,#140,.T.);
#557 = ORIENTED_EDGE('',*,*,#558,.T.);
#558 = EDGE_CURVE('',#141,#559,#561,.T.);
#559 = VERTEX_POINT('',#560);
#560 = CARTESIAN_POINT('',(-0.365,3.18,0.35));
#561 = LINE('',#562,#563);
#562 = CARTESIAN_POINT('',(-0.365,2.43,0.35));
#563 = VECTOR('',#564,1.);
#564 = DIRECTION('',(0.,1.,0.));
#565 = ORIENTED_EDGE('',*,*,#566,.T.);
#566 = EDGE_CURVE('',#559,#550,#567,.T.);
#567 = LINE('',#568,#569);
#568 = CARTESIAN_POINT('',(-0.365,3.18,0.35));
#569 = VECTOR('',#570,1.);
#570 = DIRECTION('',(-1.,0.,0.));
#571 = PLANE('',#572);
#572 = AXIS2_PLACEMENT_3D('',#573,#574,#575);
#573 = CARTESIAN_POINT('',(1.284237159775E-16,-0.112111046848,0.35));
#574 = DIRECTION('',(0.,0.,1.));
#575 = DIRECTION('',(1.,0.,0.));
#576 = ADVANCED_FACE('',(#577),#598,.T.);
#577 = FACE_BOUND('',#578,.T.);
#578 = EDGE_LOOP('',(#579,#585,#591,#592));
#579 = ORIENTED_EDGE('',*,*,#580,.F.);
#580 = EDGE_CURVE('',#387,#363,#581,.T.);
#581 = LINE('',#582,#583);
#582 = CARTESIAN_POINT('',(-2.675,3.05,0.));
#583 = VECTOR('',#584,1.);
#584 = DIRECTION('',(1.,0.,0.));
#585 = ORIENTED_EDGE('',*,*,#586,.T.);
#586 = EDGE_CURVE('',#387,#141,#587,.T.);
#587 = LINE('',#588,#589);
#588 = CARTESIAN_POINT('',(-0.365,3.05,0.));
#589 = VECTOR('',#590,1.);
#590 = DIRECTION('',(0.,0.,1.));
#591 = ORIENTED_EDGE('',*,*,#148,.T.);
#592 = ORIENTED_EDGE('',*,*,#593,.T.);
#593 = EDGE_CURVE('',#149,#363,#594,.T.);
#594 = LINE('',#595,#596);
#595 = CARTESIAN_POINT('',(0.365,3.05,0.));
#596 = VECTOR('',#597,1.);
#597 = DIRECTION('',(0.,0.,-1.));
#598 = PLANE('',#599);
#599 = AXIS2_PLACEMENT_3D('',#600,#601,#602);
#600 = CARTESIAN_POINT('',(-2.675,3.05,0.));
#601 = DIRECTION('',(0.,1.,0.));
#602 = DIRECTION('',(1.,0.,0.));
#603 = ADVANCED_FACE('',(#604),#629,.T.);
#604 = FACE_BOUND('',#605,.T.);
#605 = EDGE_LOOP('',(#606,#607,#615,#623));
#606 = ORIENTED_EDGE('',*,*,#156,.T.);
#607 = ORIENTED_EDGE('',*,*,#608,.T.);
#608 = EDGE_CURVE('',#157,#609,#611,.T.);
#609 = VERTEX_POINT('',#610);
#610 = CARTESIAN_POINT('',(0.905,3.18,0.35));
#611 = LINE('',#612,#613);
#612 = CARTESIAN_POINT('',(0.905,2.43,0.35));
#613 = VECTOR('',#614,1.);
#614 = DIRECTION('',(0.,1.,0.));
#615 = ORIENTED_EDGE('',*,*,#616,.T.);
#616 = EDGE_CURVE('',#609,#617,#619,.T.);
#617 = VERTEX_POINT('',#618);
#618 = CARTESIAN_POINT('',(0.365,3.18,0.35));
#619 = LINE('',#620,#621);
#620 = CARTESIAN_POINT('',(0.905,3.18,0.35));
#621 = VECTOR('',#622,1.);
#622 = DIRECTION('',(-1.,0.,0.));
#623 = ORIENTED_EDGE('',*,*,#624,.T.);
#624 = EDGE_CURVE('',#617,#149,#625,.T.);
#625 = LINE('',#626,#627);
#626 = CARTESIAN_POINT('',(0.365,3.18,0.35));
#627 = VECTOR('',#628,1.);
#628 = DIRECTION('',(0.,-1.,0.));
#629 = PLANE('',#630);
#630 = AXIS2_PLACEMENT_3D('',#631,#632,#633);
#631 = CARTESIAN_POINT('',(1.284237159775E-16,-0.112111046848,0.35));
#632 = DIRECTION('',(0.,0.,1.));
#633 = DIRECTION('',(1.,0.,0.));
#634 = ADVANCED_FACE('',(#635),#656,.T.);
#635 = FACE_BOUND('',#636,.T.);
#636 = EDGE_LOOP('',(#637,#643,#649,#650));
#637 = ORIENTED_EDGE('',*,*,#638,.F.);
#638 = EDGE_CURVE('',#339,#315,#639,.T.);
#639 = LINE('',#640,#641);
#640 = CARTESIAN_POINT('',(-2.675,3.05,0.));
#641 = VECTOR('',#642,1.);
#642 = DIRECTION('',(1.,0.,0.));
#643 = ORIENTED_EDGE('',*,*,#644,.T.);
#644 = EDGE_CURVE('',#339,#157,#645,.T.);
#645 = LINE('',#646,#647);
#646 = CARTESIAN_POINT('',(0.905,3.05,0.));
#647 = VECTOR('',#648,1.);
#648 = DIRECTION('',(0.,0.,1.));
#649 = ORIENTED_EDGE('',*,*,#164,.T.);
#650 = ORIENTED_EDGE('',*,*,#651,.T.);
#651 = EDGE_CURVE('',#165,#315,#652,.T.);
#652 = LINE('',#653,#654);
#653 = CARTESIAN_POINT('',(1.635,3.05,0.));
#654 = VECTOR('',#655,1.);
#655 = DIRECTION('',(0.,0.,-1.));
#656 = PLANE('',#657);
#657 = AXIS2_PLACEMENT_3D('',#658,#659,#660);
#658 = CARTESIAN_POINT('',(-2.675,3.05,0.));
#659 = DIRECTION('',(0.,1.,0.));
#660 = DIRECTION('',(1.,0.,0.));
#661 = ADVANCED_FACE('',(#662),#687,.T.);
#662 = FACE_BOUND('',#663,.T.);
#663 = EDGE_LOOP('',(#664,#665,#673,#681));
#664 = ORIENTED_EDGE('',*,*,#172,.T.);
#665 = ORIENTED_EDGE('',*,*,#666,.T.);
#666 = EDGE_CURVE('',#173,#667,#669,.T.);
#667 = VERTEX_POINT('',#668);
#668 = CARTESIAN_POINT('',(2.175,3.18,0.35));
#669 = LINE('',#670,#671);
#670 = CARTESIAN_POINT('',(2.175,-1.1,0.35));
#671 = VECTOR('',#672,1.);
#672 = DIRECTION('',(0.,1.,0.));
#673 = ORIENTED_EDGE('',*,*,#674,.T.);
#674 = EDGE_CURVE('',#667,#675,#677,.T.);
#675 = VERTEX_POINT('',#676);
#676 = CARTESIAN_POINT('',(1.635,3.18,0.35));
#677 = LINE('',#678,#679);
#678 = CARTESIAN_POINT('',(2.175,3.18,0.35));
#679 = VECTOR('',#680,1.);
#680 = DIRECTION('',(-1.,0.,0.));
#681 = ORIENTED_EDGE('',*,*,#682,.T.);
#682 = EDGE_CURVE('',#675,#165,#683,.T.);
#683 = LINE('',#684,#685);
#684 = CARTESIAN_POINT('',(1.635,3.18,0.35));
#685 = VECTOR('',#686,1.);
#686 = DIRECTION('',(0.,-1.,0.));
#687 = PLANE('',#688);
#688 = AXIS2_PLACEMENT_3D('',#689,#690,#691);
#689 = CARTESIAN_POINT('',(1.284237159775E-16,-0.112111046848,0.35));
#690 = DIRECTION('',(0.,0.,1.));
#691 = DIRECTION('',(1.,0.,0.));
#692 = ADVANCED_FACE('',(#693),#716,.T.);
#693 = FACE_BOUND('',#694,.T.);
#694 = EDGE_LOOP('',(#695,#703,#709,#710));
#695 = ORIENTED_EDGE('',*,*,#696,.F.);
#696 = EDGE_CURVE('',#291,#697,#699,.T.);
#697 = VERTEX_POINT('',#698);
#698 = CARTESIAN_POINT('',(2.675,3.05,0.));
#699 = LINE('',#700,#701);
#700 = CARTESIAN_POINT('',(-2.675,3.05,0.));
#701 = VECTOR('',#702,1.);
#702 = DIRECTION('',(1.,0.,0.));
#703 = ORIENTED_EDGE('',*,*,#704,.T.);
#704 = EDGE_CURVE('',#291,#173,#705,.T.);
#705 = LINE('',#706,#707);
#706 = CARTESIAN_POINT('',(2.175,3.05,0.));
#707 = VECTOR('',#708,1.);
#708 = DIRECTION('',(0.,0.,1.));
#709 = ORIENTED_EDGE('',*,*,#180,.T.);
#710 = ORIENTED_EDGE('',*,*,#711,.F.);
#711 = EDGE_CURVE('',#697,#181,#712,.T.);
#712 = LINE('',#713,#714);
#713 = CARTESIAN_POINT('',(2.675,3.05,0.));
#714 = VECTOR('',#715,1.);
#715 = DIRECTION('',(0.,0.,1.));
#716 = PLANE('',#717);
#717 = AXIS2_PLACEMENT_3D('',#718,#719,#720);
#718 = CARTESIAN_POINT('',(-2.675,3.05,0.));
#719 = DIRECTION('',(0.,1.,0.));
#720 = DIRECTION('',(1.,0.,0.));
#721 = ADVANCED_FACE('',(#722),#762,.F.);
#722 = FACE_BOUND('',#723,.F.);
#723 = EDGE_LOOP('',(#724,#732,#740,#748,#755,#761));
#724 = ORIENTED_EDGE('',*,*,#725,.T.);
#725 = EDGE_CURVE('',#181,#726,#728,.T.);
#726 = VERTEX_POINT('',#727);
#727 = CARTESIAN_POINT('',(2.675,-1.1,0.35));
#728 = LINE('',#729,#730);
#729 = CARTESIAN_POINT('',(2.675,3.05,0.35));
#730 = VECTOR('',#731,1.);
#731 = DIRECTION('',(0.,-1.,0.));
#732 = ORIENTED_EDGE('',*,*,#733,.T.);
#733 = EDGE_CURVE('',#726,#734,#736,.T.);
#734 = VERTEX_POINT('',#735);
#735 = CARTESIAN_POINT('',(2.675,-1.37,0.35));
#736 = LINE('',#737,#738);
#737 = CARTESIAN_POINT('',(2.675,3.05,0.35));
#738 = VECTOR('',#739,1.);
#739 = DIRECTION('',(0.,-1.,0.));
#740 = ORIENTED_EDGE('',*,*,#741,.T.);
#741 = EDGE_CURVE('',#734,#742,#744,.T.);
#742 = VERTEX_POINT('',#743);
#743 = CARTESIAN_POINT('',(2.675,-3.05,0.35));
#744 = LINE('',#745,#746);
#745 = CARTESIAN_POINT('',(2.675,3.05,0.35));
#746 = VECTOR('',#747,1.);
#747 = DIRECTION('',(0.,-1.,0.));
#748 = ORIENTED_EDGE('',*,*,#749,.T.);
#749 = EDGE_CURVE('',#742,#750,#752,.T.);
#750 = VERTEX_POINT('',#751);
#751 = CARTESIAN_POINT('',(2.4020223243,-2.7770223243,1.1));
#752 = B_SPLINE_CURVE_WITH_KNOTS('',1,(#753,#754),.UNSPECIFIED.,.F.,.F.,
  (2,2),(0.,1.),.PIECEWISE_BEZIER_KNOTS.);
#753 = CARTESIAN_POINT('',(2.675,-3.05,0.35));
#754 = CARTESIAN_POINT('',(2.4020223243,-2.7770223243,1.1));
#755 = ORIENTED_EDGE('',*,*,#756,.F.);
#756 = EDGE_CURVE('',#189,#750,#757,.T.);
#757 = LINE('',#758,#759);
#758 = CARTESIAN_POINT('',(2.4020223243,3.05,1.1));
#759 = VECTOR('',#760,1.);
#760 = DIRECTION('',(0.,-1.,2.823612660967E-33));
#761 = ORIENTED_EDGE('',*,*,#188,.F.);
#762 = B_SPLINE_SURFACE_WITH_KNOTS('',1,1,(
    (#763,#764)
    ,(#765,#766
  )),.UNSPECIFIED.,.F.,.F.,.F.,(2,2),(2,2),(0.,6.1),(0.,1.),
  .PIECEWISE_BEZIER_KNOTS.);
#763 = CARTESIAN_POINT('',(2.675,3.05,0.35));
#764 = CARTESIAN_POINT('',(2.4020223243,2.7770223243,1.1));
#765 = CARTESIAN_POINT('',(2.675,-3.05,0.35));
#766 = CARTESIAN_POINT('',(2.4020223243,-2.7770223243,1.1));
#767 = ADVANCED_FACE('',(#768,#786),#797,.T.);
#768 = FACE_BOUND('',#769,.T.);
#769 = EDGE_LOOP('',(#770,#771,#779,#785));
#770 = ORIENTED_EDGE('',*,*,#195,.F.);
#771 = ORIENTED_EDGE('',*,*,#772,.F.);
#772 = EDGE_CURVE('',#773,#196,#775,.T.);
#773 = VERTEX_POINT('',#774);
#774 = CARTESIAN_POINT('',(-2.4020223243,-2.7770223243,1.1));
#775 = LINE('',#776,#777);
#776 = CARTESIAN_POINT('',(-2.4020223243,-3.05,1.1));
#777 = VECTOR('',#778,1.);
#778 = DIRECTION('',(0.,1.,-2.823612660967E-33));
#779 = ORIENTED_EDGE('',*,*,#780,.F.);
#780 = EDGE_CURVE('',#750,#773,#781,.T.);
#781 = LINE('',#782,#783);
#782 = CARTESIAN_POINT('',(2.675,-2.7770223243,1.1));
#783 = VECTOR('',#784,1.);
#784 = DIRECTION('',(-1.,0.,0.));
#785 = ORIENTED_EDGE('',*,*,#756,.F.);
#786 = FACE_BOUND('',#787,.T.);
#787 = EDGE_LOOP('',(#788));
#788 = ORIENTED_EDGE('',*,*,#789,.F.);
#789 = EDGE_CURVE('',#790,#790,#792,.T.);
#790 = VERTEX_POINT('',#791);
#791 = CARTESIAN_POINT('',(1.9,-1.95,1.1));
#792 = CIRCLE('',#793,0.375);
#793 = AXIS2_PLACEMENT_3D('',#794,#795,#796);
#794 = CARTESIAN_POINT('',(1.525,-1.95,1.1));
#795 = DIRECTION('',(0.,0.,1.));
#796 = DIRECTION('',(1.,0.,0.));
#797 = PLANE('',#798);
#798 = AXIS2_PLACEMENT_3D('',#799,#800,#801);
#799 = CARTESIAN_POINT('',(-2.4020223243,2.7770223243,1.1));
#800 = DIRECTION('',(0.,0.,1.));
#801 = DIRECTION('',(0.65419451229,-0.756326344966,0.));
#802 = ADVANCED_FACE('',(#803),#829,.F.);
#803 = FACE_BOUND('',#804,.F.);
#804 = EDGE_LOOP('',(#805,#815,#821,#822,#823,#824));
#805 = ORIENTED_EDGE('',*,*,#806,.T.);
#806 = EDGE_CURVE('',#807,#809,#811,.T.);
#807 = VERTEX_POINT('',#808);
#808 = CARTESIAN_POINT('',(-2.675,-3.05,0.35));
#809 = VERTEX_POINT('',#810);
#810 = CARTESIAN_POINT('',(-2.675,-1.37,0.35));
#811 = LINE('',#812,#813);
#812 = CARTESIAN_POINT('',(-2.675,-3.05,0.35));
#813 = VECTOR('',#814,1.);
#814 = DIRECTION('',(0.,1.,0.));
#815 = ORIENTED_EDGE('',*,*,#816,.T.);
#816 = EDGE_CURVE('',#809,#218,#817,.T.);
#817 = LINE('',#818,#819);
#818 = CARTESIAN_POINT('',(-2.675,-3.05,0.35));
#819 = VECTOR('',#820,1.);
#820 = DIRECTION('',(0.,1.,0.));
#821 = ORIENTED_EDGE('',*,*,#225,.T.);
#822 = ORIENTED_EDGE('',*,*,#203,.T.);
#823 = ORIENTED_EDGE('',*,*,#772,.F.);
#824 = ORIENTED_EDGE('',*,*,#825,.F.);
#825 = EDGE_CURVE('',#807,#773,#826,.T.);
#826 = B_SPLINE_CURVE_WITH_KNOTS('',1,(#827,#828),.UNSPECIFIED.,.F.,.F.,
  (2,2),(0.,1.),.PIECEWISE_BEZIER_KNOTS.);
#827 = CARTESIAN_POINT('',(-2.675,-3.05,0.35));
#828 = CARTESIAN_POINT('',(-2.4020223243,-2.7770223243,1.1));
#829 = B_SPLINE_SURFACE_WITH_KNOTS('',1,1,(
    (#830,#831)
    ,(#832,#833
  )),.UNSPECIFIED.,.F.,.F.,.F.,(2,2),(2,2),(0.,6.1),(0.,1.),
  .PIECEWISE_BEZIER_KNOTS.);
#830 = CARTESIAN_POINT('',(-2.675,-3.05,0.35));
#831 = CARTESIAN_POINT('',(-2.4020223243,-2.7770223243,1.1));
#832 = CARTESIAN_POINT('',(-2.675,3.05,0.35));
#833 = CARTESIAN_POINT('',(-2.4020223243,2.7770223243,1.1));
#834 = ADVANCED_FACE('',(#835),#853,.F.);
#835 = FACE_BOUND('',#836,.F.);
#836 = EDGE_LOOP('',(#837,#838,#839,#847));
#837 = ORIENTED_EDGE('',*,*,#459,.F.);
#838 = ORIENTED_EDGE('',*,*,#217,.T.);
#839 = ORIENTED_EDGE('',*,*,#840,.T.);
#840 = EDGE_CURVE('',#218,#841,#843,.T.);
#841 = VERTEX_POINT('',#842);
#842 = CARTESIAN_POINT('',(-2.745,-1.1,0.35));
#843 = LINE('',#844,#845);
#844 = CARTESIAN_POINT('',(-2.175,-1.1,0.35));
#845 = VECTOR('',#846,1.);
#846 = DIRECTION('',(-1.,0.,0.));
#847 = ORIENTED_EDGE('',*,*,#848,.F.);
#848 = EDGE_CURVE('',#460,#841,#849,.T.);
#849 = LINE('',#850,#851);
#850 = CARTESIAN_POINT('',(-2.745,-1.1,0.));
#851 = VECTOR('',#852,1.);
#852 = DIRECTION('',(0.,0.,1.));
#853 = PLANE('',#854);
#854 = AXIS2_PLACEMENT_3D('',#855,#856,#857);
#855 = CARTESIAN_POINT('',(-2.175,-1.1,0.));
#856 = DIRECTION('',(-0.,-1.,-0.));
#857 = DIRECTION('',(-1.,0.,0.));
#858 = ADVANCED_FACE('',(#859),#882,.F.);
#859 = FACE_BOUND('',#860,.F.);
#860 = EDGE_LOOP('',(#861,#862,#870,#876));
#861 = ORIENTED_EDGE('',*,*,#240,.F.);
#862 = ORIENTED_EDGE('',*,*,#863,.T.);
#863 = EDGE_CURVE('',#241,#864,#866,.T.);
#864 = VERTEX_POINT('',#865);
#865 = CARTESIAN_POINT('',(-2.745,-1.37,0.35));
#866 = LINE('',#867,#868);
#867 = CARTESIAN_POINT('',(-2.745,-1.37,0.));
#868 = VECTOR('',#869,1.);
#869 = DIRECTION('',(0.,0.,1.));
#870 = ORIENTED_EDGE('',*,*,#871,.T.);
#871 = EDGE_CURVE('',#864,#809,#872,.T.);
#872 = LINE('',#873,#874);
#873 = CARTESIAN_POINT('',(-2.745,-1.37,0.35));
#874 = VECTOR('',#875,1.);
#875 = DIRECTION('',(1.,0.,0.));
#876 = ORIENTED_EDGE('',*,*,#877,.T.);
#877 = EDGE_CURVE('',#809,#243,#878,.T.);
#878 = LINE('',#879,#880);
#879 = CARTESIAN_POINT('',(-2.675,-1.37,0.));
#880 = VECTOR('',#881,1.);
#881 = DIRECTION('',(0.,0.,-1.));
#882 = PLANE('',#883);
#883 = AXIS2_PLACEMENT_3D('',#884,#885,#886);
#884 = CARTESIAN_POINT('',(-2.745,-1.37,0.));
#885 = DIRECTION('',(0.,1.,0.));
#886 = DIRECTION('',(1.,0.,0.));
#887 = ADVANCED_FACE('',(#888),#1041,.F.);
#888 = FACE_BOUND('',#889,.F.);
#889 = EDGE_LOOP('',(#890,#891,#899,#907,#915,#923,#931,#939,#947,#955,
    #963,#971,#979,#987,#995,#1003,#1011,#1019,#1027,#1035));
#890 = ORIENTED_EDGE('',*,*,#250,.F.);
#891 = ORIENTED_EDGE('',*,*,#892,.F.);
#892 = EDGE_CURVE('',#893,#243,#895,.T.);
#893 = VERTEX_POINT('',#894);
#894 = CARTESIAN_POINT('',(-2.675,-3.05,0.));
#895 = LINE('',#896,#897);
#896 = CARTESIAN_POINT('',(-2.675,-3.05,0.));
#897 = VECTOR('',#898,1.);
#898 = DIRECTION('',(0.,1.,0.));
#899 = ORIENTED_EDGE('',*,*,#900,.F.);
#900 = EDGE_CURVE('',#901,#893,#903,.T.);
#901 = VERTEX_POINT('',#902);
#902 = CARTESIAN_POINT('',(-2.175,-3.05,0.));
#903 = LINE('',#904,#905);
#904 = CARTESIAN_POINT('',(2.675,-3.05,0.));
#905 = VECTOR('',#906,1.);
#906 = DIRECTION('',(-1.,0.,0.));
#907 = ORIENTED_EDGE('',*,*,#908,.F.);
#908 = EDGE_CURVE('',#909,#901,#911,.T.);
#909 = VERTEX_POINT('',#910);
#910 = CARTESIAN_POINT('',(-2.175,-2.46,0.));
#911 = LINE('',#912,#913);
#912 = CARTESIAN_POINT('',(-2.175,-2.46,0.));
#913 = VECTOR('',#914,1.);
#914 = DIRECTION('',(0.,-1.,0.));
#915 = ORIENTED_EDGE('',*,*,#916,.F.);
#916 = EDGE_CURVE('',#917,#909,#919,.T.);
#917 = VERTEX_POINT('',#918);
#918 = CARTESIAN_POINT('',(-1.635,-2.46,0.));
#919 = LINE('',#920,#921);
#920 = CARTESIAN_POINT('',(-1.635,-2.46,0.));
#921 = VECTOR('',#922,1.);
#922 = DIRECTION('',(-1.,0.,0.));
#923 = ORIENTED_EDGE('',*,*,#924,.F.);
#924 = EDGE_CURVE('',#925,#917,#927,.T.);
#925 = VERTEX_POINT('',#926);
#926 = CARTESIAN_POINT('',(-1.635,-3.05,0.));
#927 = LINE('',#928,#929);
#928 = CARTESIAN_POINT('',(-1.635,-3.17,0.));
#929 = VECTOR('',#930,1.);
#930 = DIRECTION('',(0.,1.,0.));
#931 = ORIENTED_EDGE('',*,*,#932,.F.);
#932 = EDGE_CURVE('',#933,#925,#935,.T.);
#933 = VERTEX_POINT('',#934);
#934 = CARTESIAN_POINT('',(-0.905,-3.05,0.));
#935 = LINE('',#936,#937);
#936 = CARTESIAN_POINT('',(2.675,-3.05,0.));
#937 = VECTOR('',#938,1.);
#938 = DIRECTION('',(-1.,0.,0.));
#939 = ORIENTED_EDGE('',*,*,#940,.F.);
#940 = EDGE_CURVE('',#941,#933,#943,.T.);
#941 = VERTEX_POINT('',#942);
#942 = CARTESIAN_POINT('',(-0.905,-2.46,0.));
#943 = LINE('',#944,#945);
#944 = CARTESIAN_POINT('',(-0.905,-2.46,0.));
#945 = VECTOR('',#946,1.);
#946 = DIRECTION('',(0.,-1.,0.));
#947 = ORIENTED_EDGE('',*,*,#948,.F.);
#948 = EDGE_CURVE('',#949,#941,#951,.T.);
#949 = VERTEX_POINT('',#950);
#950 = CARTESIAN_POINT('',(-0.365,-2.46,0.));
#951 = LINE('',#952,#953);
#952 = CARTESIAN_POINT('',(-0.365,-2.46,0.));
#953 = VECTOR('',#954,1.);
#954 = DIRECTION('',(-1.,0.,0.));
#955 = ORIENTED_EDGE('',*,*,#956,.F.);
#956 = EDGE_CURVE('',#957,#949,#959,.T.);
#957 = VERTEX_POINT('',#958);
#958 = CARTESIAN_POINT('',(-0.365,-3.05,0.));
#959 = LINE('',#960,#961);
#960 = CARTESIAN_POINT('',(-0.365,-3.17,0.));
#961 = VECTOR('',#962,1.);
#962 = DIRECTION('',(0.,1.,0.));
#963 = ORIENTED_EDGE('',*,*,#964,.F.);
#964 = EDGE_CURVE('',#965,#957,#967,.T.);
#965 = VERTEX_POINT('',#966);
#966 = CARTESIAN_POINT('',(0.365,-3.05,0.));
#967 = LINE('',#968,#969);
#968 = CARTESIAN_POINT('',(2.675,-3.05,0.));
#969 = VECTOR('',#970,1.);
#970 = DIRECTION('',(-1.,0.,0.));
#971 = ORIENTED_EDGE('',*,*,#972,.F.);
#972 = EDGE_CURVE('',#973,#965,#975,.T.);
#973 = VERTEX_POINT('',#974);
#974 = CARTESIAN_POINT('',(0.365,-2.46,0.));
#975 = LINE('',#976,#977);
#976 = CARTESIAN_POINT('',(0.365,-2.46,0.));
#977 = VECTOR('',#978,1.);
#978 = DIRECTION('',(0.,-1.,0.));
#979 = ORIENTED_EDGE('',*,*,#980,.F.);
#980 = EDGE_CURVE('',#981,#973,#983,.T.);
#981 = VERTEX_POINT('',#982);
#982 = CARTESIAN_POINT('',(0.905,-2.46,0.));
#983 = LINE('',#984,#985);
#984 = CARTESIAN_POINT('',(0.905,-2.46,0.));
#985 = VECTOR('',#986,1.);
#986 = DIRECTION('',(-1.,0.,0.));
#987 = ORIENTED_EDGE('',*,*,#988,.F.);
#988 = EDGE_CURVE('',#989,#981,#991,.T.);
#989 = VERTEX_POINT('',#990);
#990 = CARTESIAN_POINT('',(0.905,-3.05,0.));
#991 = LINE('',#992,#993);
#992 = CARTESIAN_POINT('',(0.905,-3.17,0.));
#993 = VECTOR('',#994,1.);
#994 = DIRECTION('',(0.,1.,0.));
#995 = ORIENTED_EDGE('',*,*,#996,.F.);
#996 = EDGE_CURVE('',#997,#989,#999,.T.);
#997 = VERTEX_POINT('',#998);
#998 = CARTESIAN_POINT('',(1.635,-3.05,0.));
#999 = LINE('',#1000,#1001);
#1000 = CARTESIAN_POINT('',(2.675,-3.05,0.));
#1001 = VECTOR('',#1002,1.);
#1002 = DIRECTION('',(-1.,0.,0.));
#1003 = ORIENTED_EDGE('',*,*,#1004,.F.);
#1004 = EDGE_CURVE('',#1005,#997,#1007,.T.);
#1005 = VERTEX_POINT('',#1006);
#1006 = CARTESIAN_POINT('',(1.635,-2.46,0.));
#1007 = LINE('',#1008,#1009);
#1008 = CARTESIAN_POINT('',(1.635,-2.46,0.));
#1009 = VECTOR('',#1010,1.);
#1010 = DIRECTION('',(0.,-1.,0.));
#1011 = ORIENTED_EDGE('',*,*,#1012,.F.);
#1012 = EDGE_CURVE('',#1013,#1005,#1015,.T.);
#1013 = VERTEX_POINT('',#1014);
#1014 = CARTESIAN_POINT('',(2.175,-2.46,0.));
#1015 = LINE('',#1016,#1017);
#1016 = CARTESIAN_POINT('',(2.175,-2.46,0.));
#1017 = VECTOR('',#1018,1.);
#1018 = DIRECTION('',(-1.,0.,0.));
#1019 = ORIENTED_EDGE('',*,*,#1020,.F.);
#1020 = EDGE_CURVE('',#1021,#1013,#1023,.T.);
#1021 = VERTEX_POINT('',#1022);
#1022 = CARTESIAN_POINT('',(2.175,-3.05,0.));
#1023 = LINE('',#1024,#1025);
#1024 = CARTESIAN_POINT('',(2.175,-3.17,0.));
#1025 = VECTOR('',#1026,1.);
#1026 = DIRECTION('',(0.,1.,0.));
#1027 = ORIENTED_EDGE('',*,*,#1028,.F.);
#1028 = EDGE_CURVE('',#1029,#1021,#1031,.T.);
#1029 = VERTEX_POINT('',#1030);
#1030 = CARTESIAN_POINT('',(2.675,-3.05,0.));
#1031 = LINE('',#1032,#1033);
#1032 = CARTESIAN_POINT('',(2.675,-3.05,0.));
#1033 = VECTOR('',#1034,1.);
#1034 = DIRECTION('',(-1.,0.,0.));
#1035 = ORIENTED_EDGE('',*,*,#1036,.F.);
#1036 = EDGE_CURVE('',#251,#1029,#1037,.T.);
#1037 = LINE('',#1038,#1039);
#1038 = CARTESIAN_POINT('',(2.675,3.05,0.));
#1039 = VECTOR('',#1040,1.);
#1040 = DIRECTION('',(0.,-1.,0.));
#1041 = PLANE('',#1042);
#1042 = AXIS2_PLACEMENT_3D('',#1043,#1044,#1045);
#1043 = CARTESIAN_POINT('',(-1.551403353188E-16,0.,0.));
#1044 = DIRECTION('',(0.,0.,1.));
#1045 = DIRECTION('',(1.,0.,0.));
#1046 = ADVANCED_FACE('',(#1047),#1070,.F.);
#1047 = FACE_BOUND('',#1048,.F.);
#1048 = EDGE_LOOP('',(#1049,#1050,#1056,#1064));
#1049 = ORIENTED_EDGE('',*,*,#258,.F.);
#1050 = ORIENTED_EDGE('',*,*,#1051,.T.);
#1051 = EDGE_CURVE('',#251,#734,#1052,.T.);
#1052 = LINE('',#1053,#1054);
#1053 = CARTESIAN_POINT('',(2.675,-1.37,0.));
#1054 = VECTOR('',#1055,1.);
#1055 = DIRECTION('',(0.,0.,1.));
#1056 = ORIENTED_EDGE('',*,*,#1057,.T.);
#1057 = EDGE_CURVE('',#734,#1058,#1060,.T.);
#1058 = VERTEX_POINT('',#1059);
#1059 = CARTESIAN_POINT('',(2.745,-1.37,0.35));
#1060 = LINE('',#1061,#1062);
#1061 = CARTESIAN_POINT('',(-2.745,-1.37,0.35));
#1062 = VECTOR('',#1063,1.);
#1063 = DIRECTION('',(1.,0.,0.));
#1064 = ORIENTED_EDGE('',*,*,#1065,.F.);
#1065 = EDGE_CURVE('',#259,#1058,#1066,.T.);
#1066 = LINE('',#1067,#1068);
#1067 = CARTESIAN_POINT('',(2.745,-1.37,0.));
#1068 = VECTOR('',#1069,1.);
#1069 = DIRECTION('',(0.,0.,1.));
#1070 = PLANE('',#1071);
#1071 = AXIS2_PLACEMENT_3D('',#1072,#1073,#1074);
#1072 = CARTESIAN_POINT('',(-2.745,-1.37,0.));
#1073 = DIRECTION('',(0.,1.,0.));
#1074 = DIRECTION('',(1.,0.,0.));
#1075 = ADVANCED_FACE('',(#1076),#1094,.F.);
#1076 = FACE_BOUND('',#1077,.F.);
#1077 = EDGE_LOOP('',(#1078,#1079,#1087,#1093));
#1078 = ORIENTED_EDGE('',*,*,#1065,.T.);
#1079 = ORIENTED_EDGE('',*,*,#1080,.T.);
#1080 = EDGE_CURVE('',#1058,#1081,#1083,.T.);
#1081 = VERTEX_POINT('',#1082);
#1082 = CARTESIAN_POINT('',(2.745,-1.1,0.35));
#1083 = LINE('',#1084,#1085);
#1084 = CARTESIAN_POINT('',(2.745,-1.37,0.35));
#1085 = VECTOR('',#1086,1.);
#1086 = DIRECTION('',(0.,1.,0.));
#1087 = ORIENTED_EDGE('',*,*,#1088,.F.);
#1088 = EDGE_CURVE('',#267,#1081,#1089,.T.);
#1089 = LINE('',#1090,#1091);
#1090 = CARTESIAN_POINT('',(2.745,-1.1,0.));
#1091 = VECTOR('',#1092,1.);
#1092 = DIRECTION('',(0.,0.,1.));
#1093 = ORIENTED_EDGE('',*,*,#266,.F.);
#1094 = PLANE('',#1095);
#1095 = AXIS2_PLACEMENT_3D('',#1096,#1097,#1098);
#1096 = CARTESIAN_POINT('',(2.745,-1.37,0.));
#1097 = DIRECTION('',(-1.,0.,0.));
#1098 = DIRECTION('',(0.,1.,0.));
#1099 = ADVANCED_FACE('',(#1100),#1116,.F.);
#1100 = FACE_BOUND('',#1101,.F.);
#1101 = EDGE_LOOP('',(#1102,#1103,#1104,#1110));
#1102 = ORIENTED_EDGE('',*,*,#274,.F.);
#1103 = ORIENTED_EDGE('',*,*,#1088,.T.);
#1104 = ORIENTED_EDGE('',*,*,#1105,.T.);
#1105 = EDGE_CURVE('',#1081,#726,#1106,.T.);
#1106 = LINE('',#1107,#1108);
#1107 = CARTESIAN_POINT('',(2.745,-1.1,0.35));
#1108 = VECTOR('',#1109,1.);
#1109 = DIRECTION('',(-1.,0.,0.));
#1110 = ORIENTED_EDGE('',*,*,#1111,.T.);
#1111 = EDGE_CURVE('',#726,#275,#1112,.T.);
#1112 = LINE('',#1113,#1114);
#1113 = CARTESIAN_POINT('',(2.675,-1.1,0.));
#1114 = VECTOR('',#1115,1.);
#1115 = DIRECTION('',(0.,0.,-1.));
#1116 = PLANE('',#1117);
#1117 = AXIS2_PLACEMENT_3D('',#1118,#1119,#1120);
#1118 = CARTESIAN_POINT('',(2.745,-1.1,0.));
#1119 = DIRECTION('',(-0.,-1.,-0.));
#1120 = DIRECTION('',(-1.,0.,0.));
#1121 = ADVANCED_FACE('',(#1122),#1133,.F.);
#1122 = FACE_BOUND('',#1123,.F.);
#1123 = EDGE_LOOP('',(#1124,#1125,#1131,#1132));
#1124 = ORIENTED_EDGE('',*,*,#282,.F.);
#1125 = ORIENTED_EDGE('',*,*,#1126,.F.);
#1126 = EDGE_CURVE('',#697,#275,#1127,.T.);
#1127 = LINE('',#1128,#1129);
#1128 = CARTESIAN_POINT('',(2.675,3.05,0.));
#1129 = VECTOR('',#1130,1.);
#1130 = DIRECTION('',(0.,-1.,0.));
#1131 = ORIENTED_EDGE('',*,*,#696,.F.);
#1132 = ORIENTED_EDGE('',*,*,#290,.F.);
#1133 = PLANE('',#1134);
#1134 = AXIS2_PLACEMENT_3D('',#1135,#1136,#1137);
#1135 = CARTESIAN_POINT('',(-1.551403353188E-16,0.,0.));
#1136 = DIRECTION('',(0.,0.,1.));
#1137 = DIRECTION('',(1.,0.,0.));
#1138 = ADVANCED_FACE('',(#1139),#1150,.F.);
#1139 = FACE_BOUND('',#1140,.F.);
#1140 = EDGE_LOOP('',(#1141,#1142,#1143,#1144));
#1141 = ORIENTED_EDGE('',*,*,#298,.F.);
#1142 = ORIENTED_EDGE('',*,*,#704,.T.);
#1143 = ORIENTED_EDGE('',*,*,#666,.T.);
#1144 = ORIENTED_EDGE('',*,*,#1145,.F.);
#1145 = EDGE_CURVE('',#299,#667,#1146,.T.);
#1146 = LINE('',#1147,#1148);
#1147 = CARTESIAN_POINT('',(2.175,3.18,0.));
#1148 = VECTOR('',#1149,1.);
#1149 = DIRECTION('',(0.,0.,1.));
#1150 = PLANE('',#1151);
#1151 = AXIS2_PLACEMENT_3D('',#1152,#1153,#1154);
#1152 = CARTESIAN_POINT('',(2.175,-1.1,0.));
#1153 = DIRECTION('',(-1.,0.,0.));
#1154 = DIRECTION('',(0.,1.,0.));
#1155 = ADVANCED_FACE('',(#1156),#1167,.F.);
#1156 = FACE_BOUND('',#1157,.F.);
#1157 = EDGE_LOOP('',(#1158,#1159,#1160,#1166));
#1158 = ORIENTED_EDGE('',*,*,#1145,.T.);
#1159 = ORIENTED_EDGE('',*,*,#674,.T.);
#1160 = ORIENTED_EDGE('',*,*,#1161,.F.);
#1161 = EDGE_CURVE('',#307,#675,#1162,.T.);
#1162 = LINE('',#1163,#1164);
#1163 = CARTESIAN_POINT('',(1.635,3.18,0.));
#1164 = VECTOR('',#1165,1.);
#1165 = DIRECTION('',(0.,0.,1.));
#1166 = ORIENTED_EDGE('',*,*,#306,.F.);
#1167 = PLANE('',#1168);
#1168 = AXIS2_PLACEMENT_3D('',#1169,#1170,#1171);
#1169 = CARTESIAN_POINT('',(2.175,3.18,0.));
#1170 = DIRECTION('',(-0.,-1.,-0.));
#1171 = DIRECTION('',(-1.,0.,0.));
#1172 = ADVANCED_FACE('',(#1173),#1179,.F.);
#1173 = FACE_BOUND('',#1174,.F.);
#1174 = EDGE_LOOP('',(#1175,#1176,#1177,#1178));
#1175 = ORIENTED_EDGE('',*,*,#314,.F.);
#1176 = ORIENTED_EDGE('',*,*,#1161,.T.);
#1177 = ORIENTED_EDGE('',*,*,#682,.T.);
#1178 = ORIENTED_EDGE('',*,*,#651,.T.);
#1179 = PLANE('',#1180);
#1180 = AXIS2_PLACEMENT_3D('',#1181,#1182,#1183);
#1181 = CARTESIAN_POINT('',(1.635,3.18,0.));
#1182 = DIRECTION('',(1.,0.,0.));
#1183 = DIRECTION('',(0.,-1.,0.));
#1184 = ADVANCED_FACE('',(#1185),#1191,.F.);
#1185 = FACE_BOUND('',#1186,.F.);
#1186 = EDGE_LOOP('',(#1187,#1188,#1189,#1190));
#1187 = ORIENTED_EDGE('',*,*,#638,.F.);
#1188 = ORIENTED_EDGE('',*,*,#338,.F.);
#1189 = ORIENTED_EDGE('',*,*,#330,.F.);
#1190 = ORIENTED_EDGE('',*,*,#322,.F.);
#1191 = PLANE('',#1192);
#1192 = AXIS2_PLACEMENT_3D('',#1193,#1194,#1195);
#1193 = CARTESIAN_POINT('',(-1.551403353188E-16,0.,0.));
#1194 = DIRECTION('',(0.,0.,1.));
#1195 = DIRECTION('',(1.,0.,0.));
#1196 = ADVANCED_FACE('',(#1197),#1208,.F.);
#1197 = FACE_BOUND('',#1198,.F.);
#1198 = EDGE_LOOP('',(#1199,#1200,#1201,#1202));
#1199 = ORIENTED_EDGE('',*,*,#346,.F.);
#1200 = ORIENTED_EDGE('',*,*,#644,.T.);
#1201 = ORIENTED_EDGE('',*,*,#608,.T.);
#1202 = ORIENTED_EDGE('',*,*,#1203,.F.);
#1203 = EDGE_CURVE('',#347,#609,#1204,.T.);
#1204 = LINE('',#1205,#1206);
#1205 = CARTESIAN_POINT('',(0.905,3.18,0.));
#1206 = VECTOR('',#1207,1.);
#1207 = DIRECTION('',(0.,0.,1.));
#1208 = PLANE('',#1209);
#1209 = AXIS2_PLACEMENT_3D('',#1210,#1211,#1212);
#1210 = CARTESIAN_POINT('',(0.905,2.43,0.));
#1211 = DIRECTION('',(-1.,0.,0.));
#1212 = DIRECTION('',(0.,1.,0.));
#1213 = ADVANCED_FACE('',(#1214),#1225,.F.);
#1214 = FACE_BOUND('',#1215,.F.);
#1215 = EDGE_LOOP('',(#1216,#1217,#1218,#1224));
#1216 = ORIENTED_EDGE('',*,*,#1203,.T.);
#1217 = ORIENTED_EDGE('',*,*,#616,.T.);
#1218 = ORIENTED_EDGE('',*,*,#1219,.F.);
#1219 = EDGE_CURVE('',#355,#617,#1220,.T.);
#1220 = LINE('',#1221,#1222);
#1221 = CARTESIAN_POINT('',(0.365,3.18,0.));
#1222 = VECTOR('',#1223,1.);
#1223 = DIRECTION('',(0.,0.,1.));
#1224 = ORIENTED_EDGE('',*,*,#354,.F.);
#1225 = PLANE('',#1226);
#1226 = AXIS2_PLACEMENT_3D('',#1227,#1228,#1229);
#1227 = CARTESIAN_POINT('',(0.905,3.18,0.));
#1228 = DIRECTION('',(-0.,-1.,-0.));
#1229 = DIRECTION('',(-1.,0.,0.));
#1230 = ADVANCED_FACE('',(#1231),#1237,.F.);
#1231 = FACE_BOUND('',#1232,.F.);
#1232 = EDGE_LOOP('',(#1233,#1234,#1235,#1236));
#1233 = ORIENTED_EDGE('',*,*,#362,.F.);
#1234 = ORIENTED_EDGE('',*,*,#1219,.T.);
#1235 = ORIENTED_EDGE('',*,*,#624,.T.);
#1236 = ORIENTED_EDGE('',*,*,#593,.T.);
#1237 = PLANE('',#1238);
#1238 = AXIS2_PLACEMENT_3D('',#1239,#1240,#1241);
#1239 = CARTESIAN_POINT('',(0.365,3.18,0.));
#1240 = DIRECTION('',(1.,0.,0.));
#1241 = DIRECTION('',(0.,-1.,0.));
#1242 = ADVANCED_FACE('',(#1243),#1249,.F.);
#1243 = FACE_BOUND('',#1244,.F.);
#1244 = EDGE_LOOP('',(#1245,#1246,#1247,#1248));
#1245 = ORIENTED_EDGE('',*,*,#580,.F.);
#1246 = ORIENTED_EDGE('',*,*,#386,.F.);
#1247 = ORIENTED_EDGE('',*,*,#378,.F.);
#1248 = ORIENTED_EDGE('',*,*,#370,.F.);
#1249 = PLANE('',#1250);
#1250 = AXIS2_PLACEMENT_3D('',#1251,#1252,#1253);
#1251 = CARTESIAN_POINT('',(-1.551403353188E-16,0.,0.));
#1252 = DIRECTION('',(0.,0.,1.));
#1253 = DIRECTION('',(1.,0.,0.));
#1254 = ADVANCED_FACE('',(#1255),#1266,.F.);
#1255 = FACE_BOUND('',#1256,.F.);
#1256 = EDGE_LOOP('',(#1257,#1258,#1259,#1260));
#1257 = ORIENTED_EDGE('',*,*,#394,.F.);
#1258 = ORIENTED_EDGE('',*,*,#586,.T.);
#1259 = ORIENTED_EDGE('',*,*,#558,.T.);
#1260 = ORIENTED_EDGE('',*,*,#1261,.F.);
#1261 = EDGE_CURVE('',#395,#559,#1262,.T.);
#1262 = LINE('',#1263,#1264);
#1263 = CARTESIAN_POINT('',(-0.365,3.18,0.));
#1264 = VECTOR('',#1265,1.);
#1265 = DIRECTION('',(0.,0.,1.));
#1266 = PLANE('',#1267);
#1267 = AXIS2_PLACEMENT_3D('',#1268,#1269,#1270);
#1268 = CARTESIAN_POINT('',(-0.365,2.43,0.));
#1269 = DIRECTION('',(-1.,0.,0.));
#1270 = DIRECTION('',(0.,1.,0.));
#1271 = ADVANCED_FACE('',(#1272),#1283,.F.);
#1272 = FACE_BOUND('',#1273,.F.);
#1273 = EDGE_LOOP('',(#1274,#1275,#1276,#1282));
#1274 = ORIENTED_EDGE('',*,*,#1261,.T.);
#1275 = ORIENTED_EDGE('',*,*,#566,.T.);
#1276 = ORIENTED_EDGE('',*,*,#1277,.F.);
#1277 = EDGE_CURVE('',#403,#550,#1278,.T.);
#1278 = LINE('',#1279,#1280);
#1279 = CARTESIAN_POINT('',(-0.905,3.18,0.));
#1280 = VECTOR('',#1281,1.);
#1281 = DIRECTION('',(0.,0.,1.));
#1282 = ORIENTED_EDGE('',*,*,#402,.F.);
#1283 = PLANE('',#1284);
#1284 = AXIS2_PLACEMENT_3D('',#1285,#1286,#1287);
#1285 = CARTESIAN_POINT('',(-0.365,3.18,0.));
#1286 = DIRECTION('',(-0.,-1.,-0.));
#1287 = DIRECTION('',(-1.,0.,0.));
#1288 = ADVANCED_FACE('',(#1289),#1295,.F.);
#1289 = FACE_BOUND('',#1290,.F.);
#1290 = EDGE_LOOP('',(#1291,#1292,#1293,#1294));
#1291 = ORIENTED_EDGE('',*,*,#410,.F.);
#1292 = ORIENTED_EDGE('',*,*,#1277,.T.);
#1293 = ORIENTED_EDGE('',*,*,#549,.T.);
#1294 = ORIENTED_EDGE('',*,*,#535,.T.);
#1295 = PLANE('',#1296);
#1296 = AXIS2_PLACEMENT_3D('',#1297,#1298,#1299);
#1297 = CARTESIAN_POINT('',(-0.905,3.18,0.));
#1298 = DIRECTION('',(1.,0.,0.));
#1299 = DIRECTION('',(0.,-1.,0.));
#1300 = ADVANCED_FACE('',(#1301),#1307,.F.);
#1301 = FACE_BOUND('',#1302,.F.);
#1302 = EDGE_LOOP('',(#1303,#1304,#1305,#1306));
#1303 = ORIENTED_EDGE('',*,*,#522,.F.);
#1304 = ORIENTED_EDGE('',*,*,#434,.F.);
#1305 = ORIENTED_EDGE('',*,*,#426,.F.);
#1306 = ORIENTED_EDGE('',*,*,#418,.F.);
#1307 = PLANE('',#1308);
#1308 = AXIS2_PLACEMENT_3D('',#1309,#1310,#1311);
#1309 = CARTESIAN_POINT('',(-1.551403353188E-16,0.,0.));
#1310 = DIRECTION('',(0.,0.,1.));
#1311 = DIRECTION('',(1.,0.,0.));
#1312 = ADVANCED_FACE('',(#1313),#1319,.F.);
#1313 = FACE_BOUND('',#1314,.F.);
#1314 = EDGE_LOOP('',(#1315,#1316,#1317,#1318));
#1315 = ORIENTED_EDGE('',*,*,#442,.F.);
#1316 = ORIENTED_EDGE('',*,*,#528,.T.);
#1317 = ORIENTED_EDGE('',*,*,#483,.T.);
#1318 = ORIENTED_EDGE('',*,*,#505,.F.);
#1319 = PLANE('',#1320);
#1320 = AXIS2_PLACEMENT_3D('',#1321,#1322,#1323);
#1321 = CARTESIAN_POINT('',(-1.635,2.43,0.));
#1322 = DIRECTION('',(-1.,0.,0.));
#1323 = DIRECTION('',(0.,1.,0.));
#1324 = ADVANCED_FACE('',(#1325),#1336,.T.);
#1325 = FACE_BOUND('',#1326,.T.);
#1326 = EDGE_LOOP('',(#1327,#1328,#1334,#1335));
#1327 = ORIENTED_EDGE('',*,*,#863,.T.);
#1328 = ORIENTED_EDGE('',*,*,#1329,.T.);
#1329 = EDGE_CURVE('',#864,#841,#1330,.T.);
#1330 = LINE('',#1331,#1332);
#1331 = CARTESIAN_POINT('',(-2.745,-1.37,0.35));
#1332 = VECTOR('',#1333,1.);
#1333 = DIRECTION('',(0.,1.,0.));
#1334 = ORIENTED_EDGE('',*,*,#848,.F.);
#1335 = ORIENTED_EDGE('',*,*,#467,.F.);
#1336 = PLANE('',#1337);
#1337 = AXIS2_PLACEMENT_3D('',#1338,#1339,#1340);
#1338 = CARTESIAN_POINT('',(-2.745,-1.37,0.));
#1339 = DIRECTION('',(-1.,0.,0.));
#1340 = DIRECTION('',(0.,1.,0.));
#1341 = ADVANCED_FACE('',(#1342),#1348,.T.);
#1342 = FACE_BOUND('',#1343,.T.);
#1343 = EDGE_LOOP('',(#1344,#1345,#1346,#1347));
#1344 = ORIENTED_EDGE('',*,*,#1126,.F.);
#1345 = ORIENTED_EDGE('',*,*,#711,.T.);
#1346 = ORIENTED_EDGE('',*,*,#725,.T.);
#1347 = ORIENTED_EDGE('',*,*,#1111,.T.);
#1348 = PLANE('',#1349);
#1349 = AXIS2_PLACEMENT_3D('',#1350,#1351,#1352);
#1350 = CARTESIAN_POINT('',(2.675,3.05,0.));
#1351 = DIRECTION('',(1.,0.,0.));
#1352 = DIRECTION('',(0.,-1.,0.));
#1353 = ADVANCED_FACE('',(#1354),#1360,.T.);
#1354 = FACE_BOUND('',#1355,.T.);
#1355 = EDGE_LOOP('',(#1356,#1357,#1358,#1359));
#1356 = ORIENTED_EDGE('',*,*,#733,.T.);
#1357 = ORIENTED_EDGE('',*,*,#1057,.T.);
#1358 = ORIENTED_EDGE('',*,*,#1080,.T.);
#1359 = ORIENTED_EDGE('',*,*,#1105,.T.);
#1360 = PLANE('',#1361);
#1361 = AXIS2_PLACEMENT_3D('',#1362,#1363,#1364);
#1362 = CARTESIAN_POINT('',(1.284237159775E-16,-0.112111046848,0.35));
#1363 = DIRECTION('',(0.,0.,1.));
#1364 = DIRECTION('',(1.,0.,0.));
#1365 = ADVANCED_FACE('',(#1366),#1377,.T.);
#1366 = FACE_BOUND('',#1367,.T.);
#1367 = EDGE_LOOP('',(#1368,#1369,#1370,#1371));
#1368 = ORIENTED_EDGE('',*,*,#1036,.F.);
#1369 = ORIENTED_EDGE('',*,*,#1051,.T.);
#1370 = ORIENTED_EDGE('',*,*,#741,.T.);
#1371 = ORIENTED_EDGE('',*,*,#1372,.F.);
#1372 = EDGE_CURVE('',#1029,#742,#1373,.T.);
#1373 = LINE('',#1374,#1375);
#1374 = CARTESIAN_POINT('',(2.675,-3.05,0.));
#1375 = VECTOR('',#1376,1.);
#1376 = DIRECTION('',(0.,0.,1.));
#1377 = PLANE('',#1378);
#1378 = AXIS2_PLACEMENT_3D('',#1379,#1380,#1381);
#1379 = CARTESIAN_POINT('',(2.675,3.05,0.));
#1380 = DIRECTION('',(1.,0.,0.));
#1381 = DIRECTION('',(0.,-1.,0.));
#1382 = ADVANCED_FACE('',(#1383),#1458,.F.);
#1383 = FACE_BOUND('',#1384,.F.);
#1384 = EDGE_LOOP('',(#1385,#1393,#1401,#1409,#1417,#1425,#1433,#1441,
    #1449,#1455,#1456,#1457));
#1385 = ORIENTED_EDGE('',*,*,#1386,.T.);
#1386 = EDGE_CURVE('',#742,#1387,#1389,.T.);
#1387 = VERTEX_POINT('',#1388);
#1388 = CARTESIAN_POINT('',(2.175,-3.05,0.35));
#1389 = LINE('',#1390,#1391);
#1390 = CARTESIAN_POINT('',(2.675,-3.05,0.35));
#1391 = VECTOR('',#1392,1.);
#1392 = DIRECTION('',(-1.,0.,0.));
#1393 = ORIENTED_EDGE('',*,*,#1394,.T.);
#1394 = EDGE_CURVE('',#1387,#1395,#1397,.T.);
#1395 = VERTEX_POINT('',#1396);
#1396 = CARTESIAN_POINT('',(1.635,-3.05,0.35));
#1397 = LINE('',#1398,#1399);
#1398 = CARTESIAN_POINT('',(2.675,-3.05,0.35));
#1399 = VECTOR('',#1400,1.);
#1400 = DIRECTION('',(-1.,0.,0.));
#1401 = ORIENTED_EDGE('',*,*,#1402,.T.);
#1402 = EDGE_CURVE('',#1395,#1403,#1405,.T.);
#1403 = VERTEX_POINT('',#1404);
#1404 = CARTESIAN_POINT('',(0.905,-3.05,0.35));
#1405 = LINE('',#1406,#1407);
#1406 = CARTESIAN_POINT('',(2.675,-3.05,0.35));
#1407 = VECTOR('',#1408,1.);
#1408 = DIRECTION('',(-1.,0.,0.));
#1409 = ORIENTED_EDGE('',*,*,#1410,.T.);
#1410 = EDGE_CURVE('',#1403,#1411,#1413,.T.);
#1411 = VERTEX_POINT('',#1412);
#1412 = CARTESIAN_POINT('',(0.365,-3.05,0.35));
#1413 = LINE('',#1414,#1415);
#1414 = CARTESIAN_POINT('',(2.675,-3.05,0.35));
#1415 = VECTOR('',#1416,1.);
#1416 = DIRECTION('',(-1.,0.,0.));
#1417 = ORIENTED_EDGE('',*,*,#1418,.T.);
#1418 = EDGE_CURVE('',#1411,#1419,#1421,.T.);
#1419 = VERTEX_POINT('',#1420);
#1420 = CARTESIAN_POINT('',(-0.365,-3.05,0.35));
#1421 = LINE('',#1422,#1423);
#1422 = CARTESIAN_POINT('',(2.675,-3.05,0.35));
#1423 = VECTOR('',#1424,1.);
#1424 = DIRECTION('',(-1.,0.,0.));
#1425 = ORIENTED_EDGE('',*,*,#1426,.T.);
#1426 = EDGE_CURVE('',#1419,#1427,#1429,.T.);
#1427 = VERTEX_POINT('',#1428);
#1428 = CARTESIAN_POINT('',(-0.905,-3.05,0.35));
#1429 = LINE('',#1430,#1431);
#1430 = CARTESIAN_POINT('',(2.675,-3.05,0.35));
#1431 = VECTOR('',#1432,1.);
#1432 = DIRECTION('',(-1.,0.,0.));
#1433 = ORIENTED_EDGE('',*,*,#1434,.T.);
#1434 = EDGE_CURVE('',#1427,#1435,#1437,.T.);
#1435 = VERTEX_POINT('',#1436);
#1436 = CARTESIAN_POINT('',(-1.635,-3.05,0.35));
#1437 = LINE('',#1438,#1439);
#1438 = CARTESIAN_POINT('',(2.675,-3.05,0.35));
#1439 = VECTOR('',#1440,1.);
#1440 = DIRECTION('',(-1.,0.,0.));
#1441 = ORIENTED_EDGE('',*,*,#1442,.T.);
#1442 = EDGE_CURVE('',#1435,#1443,#1445,.T.);
#1443 = VERTEX_POINT('',#1444);
#1444 = CARTESIAN_POINT('',(-2.175,-3.05,0.35));
#1445 = LINE('',#1446,#1447);
#1446 = CARTESIAN_POINT('',(2.675,-3.05,0.35));
#1447 = VECTOR('',#1448,1.);
#1448 = DIRECTION('',(-1.,0.,0.));
#1449 = ORIENTED_EDGE('',*,*,#1450,.T.);
#1450 = EDGE_CURVE('',#1443,#807,#1451,.T.);
#1451 = LINE('',#1452,#1453);
#1452 = CARTESIAN_POINT('',(2.675,-3.05,0.35));
#1453 = VECTOR('',#1454,1.);
#1454 = DIRECTION('',(-1.,0.,0.));
#1455 = ORIENTED_EDGE('',*,*,#825,.T.);
#1456 = ORIENTED_EDGE('',*,*,#780,.F.);
#1457 = ORIENTED_EDGE('',*,*,#749,.F.);
#1458 = B_SPLINE_SURFACE_WITH_KNOTS('',1,1,(
    (#1459,#1460)
    ,(#1461,#1462
    )),.UNSPECIFIED.,.F.,.F.,.F.,(2,2),(2,2),(0.,5.35),(0.,1.),
  .PIECEWISE_BEZIER_KNOTS.);
#1459 = CARTESIAN_POINT('',(2.675,-3.05,0.35));
#1460 = CARTESIAN_POINT('',(2.4020223243,-2.7770223243,1.1));
#1461 = CARTESIAN_POINT('',(-2.675,-3.05,0.35));
#1462 = CARTESIAN_POINT('',(-2.4020223243,-2.7770223243,1.1));
#1463 = ADVANCED_FACE('',(#1464),#1483,.F.);
#1464 = FACE_BOUND('',#1465,.F.);
#1465 = EDGE_LOOP('',(#1466,#1474,#1481,#1482));
#1466 = ORIENTED_EDGE('',*,*,#1467,.T.);
#1467 = EDGE_CURVE('',#790,#1468,#1470,.T.);
#1468 = VERTEX_POINT('',#1469);
#1469 = CARTESIAN_POINT('',(1.9,-1.95,0.85));
#1470 = LINE('',#1471,#1472);
#1471 = CARTESIAN_POINT('',(1.9,-1.95,1.1));
#1472 = VECTOR('',#1473,1.);
#1473 = DIRECTION('',(-0.,-0.,-1.));
#1474 = ORIENTED_EDGE('',*,*,#1475,.T.);
#1475 = EDGE_CURVE('',#1468,#1468,#1476,.T.);
#1476 = CIRCLE('',#1477,0.375);
#1477 = AXIS2_PLACEMENT_3D('',#1478,#1479,#1480);
#1478 = CARTESIAN_POINT('',(1.525,-1.95,0.85));
#1479 = DIRECTION('',(0.,0.,1.));
#1480 = DIRECTION('',(1.,0.,0.));
#1481 = ORIENTED_EDGE('',*,*,#1467,.F.);
#1482 = ORIENTED_EDGE('',*,*,#789,.F.);
#1483 = CYLINDRICAL_SURFACE('',#1484,0.375);
#1484 = AXIS2_PLACEMENT_3D('',#1485,#1486,#1487);
#1485 = CARTESIAN_POINT('',(1.525,-1.95,1.1));
#1486 = DIRECTION('',(0.,0.,1.));
#1487 = DIRECTION('',(1.,0.,0.));
#1488 = ADVANCED_FACE('',(#1489),#1500,.T.);
#1489 = FACE_BOUND('',#1490,.T.);
#1490 = EDGE_LOOP('',(#1491,#1492,#1498,#1499));
#1491 = ORIENTED_EDGE('',*,*,#892,.F.);
#1492 = ORIENTED_EDGE('',*,*,#1493,.T.);
#1493 = EDGE_CURVE('',#893,#807,#1494,.T.);
#1494 = LINE('',#1495,#1496);
#1495 = CARTESIAN_POINT('',(-2.675,-3.05,0.));
#1496 = VECTOR('',#1497,1.);
#1497 = DIRECTION('',(0.,0.,1.));
#1498 = ORIENTED_EDGE('',*,*,#806,.T.);
#1499 = ORIENTED_EDGE('',*,*,#877,.T.);
#1500 = PLANE('',#1501);
#1501 = AXIS2_PLACEMENT_3D('',#1502,#1503,#1504);
#1502 = CARTESIAN_POINT('',(-2.675,-3.05,0.));
#1503 = DIRECTION('',(-1.,0.,0.));
#1504 = DIRECTION('',(0.,1.,0.));
#1505 = ADVANCED_FACE('',(#1506),#1512,.T.);
#1506 = FACE_BOUND('',#1507,.T.);
#1507 = EDGE_LOOP('',(#1508,#1509,#1510,#1511));
#1508 = ORIENTED_EDGE('',*,*,#1329,.F.);
#1509 = ORIENTED_EDGE('',*,*,#871,.T.);
#1510 = ORIENTED_EDGE('',*,*,#816,.T.);
#1511 = ORIENTED_EDGE('',*,*,#840,.T.);
#1512 = PLANE('',#1513);
#1513 = AXIS2_PLACEMENT_3D('',#1514,#1515,#1516);
#1514 = CARTESIAN_POINT('',(1.284237159775E-16,-0.112111046848,0.35));
#1515 = DIRECTION('',(0.,0.,1.));
#1516 = DIRECTION('',(1.,0.,0.));
#1517 = ADVANCED_FACE('',(#1518),#1529,.T.);
#1518 = FACE_BOUND('',#1519,.T.);
#1519 = EDGE_LOOP('',(#1520,#1521,#1522,#1523));
#1520 = ORIENTED_EDGE('',*,*,#1028,.F.);
#1521 = ORIENTED_EDGE('',*,*,#1372,.T.);
#1522 = ORIENTED_EDGE('',*,*,#1386,.T.);
#1523 = ORIENTED_EDGE('',*,*,#1524,.T.);
#1524 = EDGE_CURVE('',#1387,#1021,#1525,.T.);
#1525 = LINE('',#1526,#1527);
#1526 = CARTESIAN_POINT('',(2.175,-3.05,0.));
#1527 = VECTOR('',#1528,1.);
#1528 = DIRECTION('',(-0.,-0.,-1.));
#1529 = PLANE('',#1530);
#1530 = AXIS2_PLACEMENT_3D('',#1531,#1532,#1533);
#1531 = CARTESIAN_POINT('',(2.675,-3.05,0.));
#1532 = DIRECTION('',(0.,-1.,0.));
#1533 = DIRECTION('',(-1.,0.,0.));
#1534 = ADVANCED_FACE('',(#1535),#1562,.F.);
#1535 = FACE_BOUND('',#1536,.F.);
#1536 = EDGE_LOOP('',(#1537,#1547,#1553,#1554,#1555,#1556));
#1537 = ORIENTED_EDGE('',*,*,#1538,.T.);
#1538 = EDGE_CURVE('',#1539,#1541,#1543,.T.);
#1539 = VERTEX_POINT('',#1540);
#1540 = CARTESIAN_POINT('',(1.635,-3.17,0.));
#1541 = VERTEX_POINT('',#1542);
#1542 = CARTESIAN_POINT('',(2.175,-3.17,0.));
#1543 = LINE('',#1544,#1545);
#1544 = CARTESIAN_POINT('',(1.635,-3.17,0.));
#1545 = VECTOR('',#1546,1.);
#1546 = DIRECTION('',(1.,0.,0.));
#1547 = ORIENTED_EDGE('',*,*,#1548,.T.);
#1548 = EDGE_CURVE('',#1541,#1021,#1549,.T.);
#1549 = LINE('',#1550,#1551);
#1550 = CARTESIAN_POINT('',(2.175,-3.17,0.));
#1551 = VECTOR('',#1552,1.);
#1552 = DIRECTION('',(0.,1.,0.));
#1553 = ORIENTED_EDGE('',*,*,#1020,.T.);
#1554 = ORIENTED_EDGE('',*,*,#1012,.T.);
#1555 = ORIENTED_EDGE('',*,*,#1004,.T.);
#1556 = ORIENTED_EDGE('',*,*,#1557,.T.);
#1557 = EDGE_CURVE('',#997,#1539,#1558,.T.);
#1558 = LINE('',#1559,#1560);
#1559 = CARTESIAN_POINT('',(1.635,-2.46,0.));
#1560 = VECTOR('',#1561,1.);
#1561 = DIRECTION('',(0.,-1.,0.));
#1562 = PLANE('',#1563);
#1563 = AXIS2_PLACEMENT_3D('',#1564,#1565,#1566);
#1564 = CARTESIAN_POINT('',(1.284237159775E-16,-0.112111046848,0.));
#1565 = DIRECTION('',(0.,0.,1.));
#1566 = DIRECTION('',(1.,0.,0.));
#1567 = ADVANCED_FACE('',(#1568),#1584,.T.);
#1568 = FACE_BOUND('',#1569,.T.);
#1569 = EDGE_LOOP('',(#1570,#1571,#1577,#1578));
#1570 = ORIENTED_EDGE('',*,*,#996,.F.);
#1571 = ORIENTED_EDGE('',*,*,#1572,.T.);
#1572 = EDGE_CURVE('',#997,#1395,#1573,.T.);
#1573 = LINE('',#1574,#1575);
#1574 = CARTESIAN_POINT('',(1.635,-3.05,0.));
#1575 = VECTOR('',#1576,1.);
#1576 = DIRECTION('',(0.,0.,1.));
#1577 = ORIENTED_EDGE('',*,*,#1402,.T.);
#1578 = ORIENTED_EDGE('',*,*,#1579,.T.);
#1579 = EDGE_CURVE('',#1403,#989,#1580,.T.);
#1580 = LINE('',#1581,#1582);
#1581 = CARTESIAN_POINT('',(0.905,-3.05,0.));
#1582 = VECTOR('',#1583,1.);
#1583 = DIRECTION('',(-0.,-0.,-1.));
#1584 = PLANE('',#1585);
#1585 = AXIS2_PLACEMENT_3D('',#1586,#1587,#1588);
#1586 = CARTESIAN_POINT('',(2.675,-3.05,0.));
#1587 = DIRECTION('',(0.,-1.,0.));
#1588 = DIRECTION('',(-1.,0.,0.));
#1589 = ADVANCED_FACE('',(#1590),#1617,.F.);
#1590 = FACE_BOUND('',#1591,.F.);
#1591 = EDGE_LOOP('',(#1592,#1602,#1608,#1609,#1610,#1611));
#1592 = ORIENTED_EDGE('',*,*,#1593,.T.);
#1593 = EDGE_CURVE('',#1594,#1596,#1598,.T.);
#1594 = VERTEX_POINT('',#1595);
#1595 = CARTESIAN_POINT('',(0.365,-3.17,0.));
#1596 = VERTEX_POINT('',#1597);
#1597 = CARTESIAN_POINT('',(0.905,-3.17,0.));
#1598 = LINE('',#1599,#1600);
#1599 = CARTESIAN_POINT('',(0.365,-3.17,0.));
#1600 = VECTOR('',#1601,1.);
#1601 = DIRECTION('',(1.,0.,0.));
#1602 = ORIENTED_EDGE('',*,*,#1603,.T.);
#1603 = EDGE_CURVE('',#1596,#989,#1604,.T.);
#1604 = LINE('',#1605,#1606);
#1605 = CARTESIAN_POINT('',(0.905,-3.17,0.));
#1606 = VECTOR('',#1607,1.);
#1607 = DIRECTION('',(0.,1.,0.));
#1608 = ORIENTED_EDGE('',*,*,#988,.T.);
#1609 = ORIENTED_EDGE('',*,*,#980,.T.);
#1610 = ORIENTED_EDGE('',*,*,#972,.T.);
#1611 = ORIENTED_EDGE('',*,*,#1612,.T.);
#1612 = EDGE_CURVE('',#965,#1594,#1613,.T.);
#1613 = LINE('',#1614,#1615);
#1614 = CARTESIAN_POINT('',(0.365,-2.46,0.));
#1615 = VECTOR('',#1616,1.);
#1616 = DIRECTION('',(0.,-1.,0.));
#1617 = PLANE('',#1618);
#1618 = AXIS2_PLACEMENT_3D('',#1619,#1620,#1621);
#1619 = CARTESIAN_POINT('',(1.284237159775E-16,-0.112111046848,0.));
#1620 = DIRECTION('',(0.,0.,1.));
#1621 = DIRECTION('',(1.,0.,0.));
#1622 = ADVANCED_FACE('',(#1623),#1639,.T.);
#1623 = FACE_BOUND('',#1624,.T.);
#1624 = EDGE_LOOP('',(#1625,#1626,#1632,#1633));
#1625 = ORIENTED_EDGE('',*,*,#964,.F.);
#1626 = ORIENTED_EDGE('',*,*,#1627,.T.);
#1627 = EDGE_CURVE('',#965,#1411,#1628,.T.);
#1628 = LINE('',#1629,#1630);
#1629 = CARTESIAN_POINT('',(0.365,-3.05,0.));
#1630 = VECTOR('',#1631,1.);
#1631 = DIRECTION('',(0.,0.,1.));
#1632 = ORIENTED_EDGE('',*,*,#1418,.T.);
#1633 = ORIENTED_EDGE('',*,*,#1634,.T.);
#1634 = EDGE_CURVE('',#1419,#957,#1635,.T.);
#1635 = LINE('',#1636,#1637);
#1636 = CARTESIAN_POINT('',(-0.365,-3.05,0.));
#1637 = VECTOR('',#1638,1.);
#1638 = DIRECTION('',(-0.,-0.,-1.));
#1639 = PLANE('',#1640);
#1640 = AXIS2_PLACEMENT_3D('',#1641,#1642,#1643);
#1641 = CARTESIAN_POINT('',(2.675,-3.05,0.));
#1642 = DIRECTION('',(0.,-1.,0.));
#1643 = DIRECTION('',(-1.,0.,0.));
#1644 = ADVANCED_FACE('',(#1645),#1672,.F.);
#1645 = FACE_BOUND('',#1646,.F.);
#1646 = EDGE_LOOP('',(#1647,#1657,#1663,#1664,#1665,#1666));
#1647 = ORIENTED_EDGE('',*,*,#1648,.T.);
#1648 = EDGE_CURVE('',#1649,#1651,#1653,.T.);
#1649 = VERTEX_POINT('',#1650);
#1650 = CARTESIAN_POINT('',(-0.905,-3.17,0.));
#1651 = VERTEX_POINT('',#1652);
#1652 = CARTESIAN_POINT('',(-0.365,-3.17,0.));
#1653 = LINE('',#1654,#1655);
#1654 = CARTESIAN_POINT('',(-0.905,-3.17,0.));
#1655 = VECTOR('',#1656,1.);
#1656 = DIRECTION('',(1.,0.,0.));
#1657 = ORIENTED_EDGE('',*,*,#1658,.T.);
#1658 = EDGE_CURVE('',#1651,#957,#1659,.T.);
#1659 = LINE('',#1660,#1661);
#1660 = CARTESIAN_POINT('',(-0.365,-3.17,0.));
#1661 = VECTOR('',#1662,1.);
#1662 = DIRECTION('',(0.,1.,0.));
#1663 = ORIENTED_EDGE('',*,*,#956,.T.);
#1664 = ORIENTED_EDGE('',*,*,#948,.T.);
#1665 = ORIENTED_EDGE('',*,*,#940,.T.);
#1666 = ORIENTED_EDGE('',*,*,#1667,.T.);
#1667 = EDGE_CURVE('',#933,#1649,#1668,.T.);
#1668 = LINE('',#1669,#1670);
#1669 = CARTESIAN_POINT('',(-0.905,-2.46,0.));
#1670 = VECTOR('',#1671,1.);
#1671 = DIRECTION('',(0.,-1.,0.));
#1672 = PLANE('',#1673);
#1673 = AXIS2_PLACEMENT_3D('',#1674,#1675,#1676);
#1674 = CARTESIAN_POINT('',(1.284237159775E-16,-0.112111046848,0.));
#1675 = DIRECTION('',(0.,0.,1.));
#1676 = DIRECTION('',(1.,0.,0.));
#1677 = ADVANCED_FACE('',(#1678),#1694,.T.);
#1678 = FACE_BOUND('',#1679,.T.);
#1679 = EDGE_LOOP('',(#1680,#1681,#1687,#1688));
#1680 = ORIENTED_EDGE('',*,*,#932,.F.);
#1681 = ORIENTED_EDGE('',*,*,#1682,.T.);
#1682 = EDGE_CURVE('',#933,#1427,#1683,.T.);
#1683 = LINE('',#1684,#1685);
#1684 = CARTESIAN_POINT('',(-0.905,-3.05,0.));
#1685 = VECTOR('',#1686,1.);
#1686 = DIRECTION('',(0.,0.,1.));
#1687 = ORIENTED_EDGE('',*,*,#1434,.T.);
#1688 = ORIENTED_EDGE('',*,*,#1689,.T.);
#1689 = EDGE_CURVE('',#1435,#925,#1690,.T.);
#1690 = LINE('',#1691,#1692);
#1691 = CARTESIAN_POINT('',(-1.635,-3.05,0.));
#1692 = VECTOR('',#1693,1.);
#1693 = DIRECTION('',(-0.,-0.,-1.));
#1694 = PLANE('',#1695);
#1695 = AXIS2_PLACEMENT_3D('',#1696,#1697,#1698);
#1696 = CARTESIAN_POINT('',(2.675,-3.05,0.));
#1697 = DIRECTION('',(0.,-1.,0.));
#1698 = DIRECTION('',(-1.,0.,0.));
#1699 = ADVANCED_FACE('',(#1700),#1727,.F.);
#1700 = FACE_BOUND('',#1701,.F.);
#1701 = EDGE_LOOP('',(#1702,#1712,#1718,#1719,#1720,#1721));
#1702 = ORIENTED_EDGE('',*,*,#1703,.T.);
#1703 = EDGE_CURVE('',#1704,#1706,#1708,.T.);
#1704 = VERTEX_POINT('',#1705);
#1705 = CARTESIAN_POINT('',(-2.175,-3.17,0.));
#1706 = VERTEX_POINT('',#1707);
#1707 = CARTESIAN_POINT('',(-1.635,-3.17,0.));
#1708 = LINE('',#1709,#1710);
#1709 = CARTESIAN_POINT('',(-2.175,-3.17,0.));
#1710 = VECTOR('',#1711,1.);
#1711 = DIRECTION('',(1.,0.,0.));
#1712 = ORIENTED_EDGE('',*,*,#1713,.T.);
#1713 = EDGE_CURVE('',#1706,#925,#1714,.T.);
#1714 = LINE('',#1715,#1716);
#1715 = CARTESIAN_POINT('',(-1.635,-3.17,0.));
#1716 = VECTOR('',#1717,1.);
#1717 = DIRECTION('',(0.,1.,0.));
#1718 = ORIENTED_EDGE('',*,*,#924,.T.);
#1719 = ORIENTED_EDGE('',*,*,#916,.T.);
#1720 = ORIENTED_EDGE('',*,*,#908,.T.);
#1721 = ORIENTED_EDGE('',*,*,#1722,.T.);
#1722 = EDGE_CURVE('',#901,#1704,#1723,.T.);
#1723 = LINE('',#1724,#1725);
#1724 = CARTESIAN_POINT('',(-2.175,-2.46,0.));
#1725 = VECTOR('',#1726,1.);
#1726 = DIRECTION('',(0.,-1.,0.));
#1727 = PLANE('',#1728);
#1728 = AXIS2_PLACEMENT_3D('',#1729,#1730,#1731);
#1729 = CARTESIAN_POINT('',(1.284237159775E-16,-0.112111046848,0.));
#1730 = DIRECTION('',(0.,0.,1.));
#1731 = DIRECTION('',(1.,0.,0.));
#1732 = ADVANCED_FACE('',(#1733),#1744,.T.);
#1733 = FACE_BOUND('',#1734,.T.);
#1734 = EDGE_LOOP('',(#1735,#1736,#1742,#1743));
#1735 = ORIENTED_EDGE('',*,*,#900,.F.);
#1736 = ORIENTED_EDGE('',*,*,#1737,.T.);
#1737 = EDGE_CURVE('',#901,#1443,#1738,.T.);
#1738 = LINE('',#1739,#1740);
#1739 = CARTESIAN_POINT('',(-2.175,-3.05,0.));
#1740 = VECTOR('',#1741,1.);
#1741 = DIRECTION('',(0.,0.,1.));
#1742 = ORIENTED_EDGE('',*,*,#1450,.T.);
#1743 = ORIENTED_EDGE('',*,*,#1493,.F.);
#1744 = PLANE('',#1745);
#1745 = AXIS2_PLACEMENT_3D('',#1746,#1747,#1748);
#1746 = CARTESIAN_POINT('',(2.675,-3.05,0.));
#1747 = DIRECTION('',(0.,-1.,0.));
#1748 = DIRECTION('',(-1.,0.,0.));
#1749 = ADVANCED_FACE('',(#1750),#1775,.T.);
#1750 = FACE_BOUND('',#1751,.T.);
#1751 = EDGE_LOOP('',(#1752,#1760,#1768,#1774));
#1752 = ORIENTED_EDGE('',*,*,#1753,.T.);
#1753 = EDGE_CURVE('',#1395,#1754,#1756,.T.);
#1754 = VERTEX_POINT('',#1755);
#1755 = CARTESIAN_POINT('',(1.635,-3.17,0.35));
#1756 = LINE('',#1757,#1758);
#1757 = CARTESIAN_POINT('',(1.635,-2.46,0.35));
#1758 = VECTOR('',#1759,1.);
#1759 = DIRECTION('',(0.,-1.,0.));
#1760 = ORIENTED_EDGE('',*,*,#1761,.T.);
#1761 = EDGE_CURVE('',#1754,#1762,#1764,.T.);
#1762 = VERTEX_POINT('',#1763);
#1763 = CARTESIAN_POINT('',(2.175,-3.17,0.35));
#1764 = LINE('',#1765,#1766);
#1765 = CARTESIAN_POINT('',(1.635,-3.17,0.35));
#1766 = VECTOR('',#1767,1.);
#1767 = DIRECTION('',(1.,0.,0.));
#1768 = ORIENTED_EDGE('',*,*,#1769,.T.);
#1769 = EDGE_CURVE('',#1762,#1387,#1770,.T.);
#1770 = LINE('',#1771,#1772);
#1771 = CARTESIAN_POINT('',(2.175,-3.17,0.35));
#1772 = VECTOR('',#1773,1.);
#1773 = DIRECTION('',(0.,1.,0.));
#1774 = ORIENTED_EDGE('',*,*,#1394,.T.);
#1775 = PLANE('',#1776);
#1776 = AXIS2_PLACEMENT_3D('',#1777,#1778,#1779);
#1777 = CARTESIAN_POINT('',(1.284237159775E-16,-0.112111046848,0.35));
#1778 = DIRECTION('',(0.,0.,1.));
#1779 = DIRECTION('',(1.,0.,0.));
#1780 = ADVANCED_FACE('',(#1781),#1806,.T.);
#1781 = FACE_BOUND('',#1782,.T.);
#1782 = EDGE_LOOP('',(#1783,#1791,#1799,#1805));
#1783 = ORIENTED_EDGE('',*,*,#1784,.T.);
#1784 = EDGE_CURVE('',#1411,#1785,#1787,.T.);
#1785 = VERTEX_POINT('',#1786);
#1786 = CARTESIAN_POINT('',(0.365,-3.17,0.35));
#1787 = LINE('',#1788,#1789);
#1788 = CARTESIAN_POINT('',(0.365,-2.46,0.35));
#1789 = VECTOR('',#1790,1.);
#1790 = DIRECTION('',(0.,-1.,0.));
#1791 = ORIENTED_EDGE('',*,*,#1792,.T.);
#1792 = EDGE_CURVE('',#1785,#1793,#1795,.T.);
#1793 = VERTEX_POINT('',#1794);
#1794 = CARTESIAN_POINT('',(0.905,-3.17,0.35));
#1795 = LINE('',#1796,#1797);
#1796 = CARTESIAN_POINT('',(0.365,-3.17,0.35));
#1797 = VECTOR('',#1798,1.);
#1798 = DIRECTION('',(1.,0.,0.));
#1799 = ORIENTED_EDGE('',*,*,#1800,.T.);
#1800 = EDGE_CURVE('',#1793,#1403,#1801,.T.);
#1801 = LINE('',#1802,#1803);
#1802 = CARTESIAN_POINT('',(0.905,-3.17,0.35));
#1803 = VECTOR('',#1804,1.);
#1804 = DIRECTION('',(0.,1.,0.));
#1805 = ORIENTED_EDGE('',*,*,#1410,.T.);
#1806 = PLANE('',#1807);
#1807 = AXIS2_PLACEMENT_3D('',#1808,#1809,#1810);
#1808 = CARTESIAN_POINT('',(1.284237159775E-16,-0.112111046848,0.35));
#1809 = DIRECTION('',(0.,0.,1.));
#1810 = DIRECTION('',(1.,0.,0.));
#1811 = ADVANCED_FACE('',(#1812),#1837,.T.);
#1812 = FACE_BOUND('',#1813,.T.);
#1813 = EDGE_LOOP('',(#1814,#1822,#1830,#1836));
#1814 = ORIENTED_EDGE('',*,*,#1815,.T.);
#1815 = EDGE_CURVE('',#1427,#1816,#1818,.T.);
#1816 = VERTEX_POINT('',#1817);
#1817 = CARTESIAN_POINT('',(-0.905,-3.17,0.35));
#1818 = LINE('',#1819,#1820);
#1819 = CARTESIAN_POINT('',(-0.905,-2.46,0.35));
#1820 = VECTOR('',#1821,1.);
#1821 = DIRECTION('',(0.,-1.,0.));
#1822 = ORIENTED_EDGE('',*,*,#1823,.T.);
#1823 = EDGE_CURVE('',#1816,#1824,#1826,.T.);
#1824 = VERTEX_POINT('',#1825);
#1825 = CARTESIAN_POINT('',(-0.365,-3.17,0.35));
#1826 = LINE('',#1827,#1828);
#1827 = CARTESIAN_POINT('',(-0.905,-3.17,0.35));
#1828 = VECTOR('',#1829,1.);
#1829 = DIRECTION('',(1.,0.,0.));
#1830 = ORIENTED_EDGE('',*,*,#1831,.T.);
#1831 = EDGE_CURVE('',#1824,#1419,#1832,.T.);
#1832 = LINE('',#1833,#1834);
#1833 = CARTESIAN_POINT('',(-0.365,-3.17,0.35));
#1834 = VECTOR('',#1835,1.);
#1835 = DIRECTION('',(0.,1.,0.));
#1836 = ORIENTED_EDGE('',*,*,#1426,.T.);
#1837 = PLANE('',#1838);
#1838 = AXIS2_PLACEMENT_3D('',#1839,#1840,#1841);
#1839 = CARTESIAN_POINT('',(1.284237159775E-16,-0.112111046848,0.35));
#1840 = DIRECTION('',(0.,0.,1.));
#1841 = DIRECTION('',(1.,0.,0.));
#1842 = ADVANCED_FACE('',(#1843),#1868,.T.);
#1843 = FACE_BOUND('',#1844,.T.);
#1844 = EDGE_LOOP('',(#1845,#1853,#1861,#1867));
#1845 = ORIENTED_EDGE('',*,*,#1846,.T.);
#1846 = EDGE_CURVE('',#1443,#1847,#1849,.T.);
#1847 = VERTEX_POINT('',#1848);
#1848 = CARTESIAN_POINT('',(-2.175,-3.17,0.35));
#1849 = LINE('',#1850,#1851);
#1850 = CARTESIAN_POINT('',(-2.175,-2.46,0.35));
#1851 = VECTOR('',#1852,1.);
#1852 = DIRECTION('',(0.,-1.,0.));
#1853 = ORIENTED_EDGE('',*,*,#1854,.T.);
#1854 = EDGE_CURVE('',#1847,#1855,#1857,.T.);
#1855 = VERTEX_POINT('',#1856);
#1856 = CARTESIAN_POINT('',(-1.635,-3.17,0.35));
#1857 = LINE('',#1858,#1859);
#1858 = CARTESIAN_POINT('',(-2.175,-3.17,0.35));
#1859 = VECTOR('',#1860,1.);
#1860 = DIRECTION('',(1.,0.,0.));
#1861 = ORIENTED_EDGE('',*,*,#1862,.T.);
#1862 = EDGE_CURVE('',#1855,#1435,#1863,.T.);
#1863 = LINE('',#1864,#1865);
#1864 = CARTESIAN_POINT('',(-1.635,-3.17,0.35));
#1865 = VECTOR('',#1866,1.);
#1866 = DIRECTION('',(0.,1.,0.));
#1867 = ORIENTED_EDGE('',*,*,#1442,.T.);
#1868 = PLANE('',#1869);
#1869 = AXIS2_PLACEMENT_3D('',#1870,#1871,#1872);
#1870 = CARTESIAN_POINT('',(1.284237159775E-16,-0.112111046848,0.35));
#1871 = DIRECTION('',(0.,0.,1.));
#1872 = DIRECTION('',(1.,0.,0.));
#1873 = ADVANCED_FACE('',(#1874),#1877,.T.);
#1874 = FACE_BOUND('',#1875,.T.);
#1875 = EDGE_LOOP('',(#1876));
#1876 = ORIENTED_EDGE('',*,*,#1475,.T.);
#1877 = PLANE('',#1878);
#1878 = AXIS2_PLACEMENT_3D('',#1879,#1880,#1881);
#1879 = CARTESIAN_POINT('',(1.525,-1.95,0.85));
#1880 = DIRECTION('',(0.,0.,1.));
#1881 = DIRECTION('',(1.,0.,0.));
#1882 = ADVANCED_FACE('',(#1883),#1894,.F.);
#1883 = FACE_BOUND('',#1884,.F.);
#1884 = EDGE_LOOP('',(#1885,#1886,#1892,#1893));
#1885 = ORIENTED_EDGE('',*,*,#1548,.F.);
#1886 = ORIENTED_EDGE('',*,*,#1887,.T.);
#1887 = EDGE_CURVE('',#1541,#1762,#1888,.T.);
#1888 = LINE('',#1889,#1890);
#1889 = CARTESIAN_POINT('',(2.175,-3.17,0.));
#1890 = VECTOR('',#1891,1.);
#1891 = DIRECTION('',(0.,0.,1.));
#1892 = ORIENTED_EDGE('',*,*,#1769,.T.);
#1893 = ORIENTED_EDGE('',*,*,#1524,.T.);
#1894 = PLANE('',#1895);
#1895 = AXIS2_PLACEMENT_3D('',#1896,#1897,#1898);
#1896 = CARTESIAN_POINT('',(2.175,-3.17,0.));
#1897 = DIRECTION('',(-1.,0.,0.));
#1898 = DIRECTION('',(0.,1.,0.));
#1899 = ADVANCED_FACE('',(#1900),#1911,.F.);
#1900 = FACE_BOUND('',#1901,.F.);
#1901 = EDGE_LOOP('',(#1902,#1908,#1909,#1910));
#1902 = ORIENTED_EDGE('',*,*,#1903,.T.);
#1903 = EDGE_CURVE('',#1539,#1754,#1904,.T.);
#1904 = LINE('',#1905,#1906);
#1905 = CARTESIAN_POINT('',(1.635,-3.17,0.));
#1906 = VECTOR('',#1907,1.);
#1907 = DIRECTION('',(0.,0.,1.));
#1908 = ORIENTED_EDGE('',*,*,#1761,.T.);
#1909 = ORIENTED_EDGE('',*,*,#1887,.F.);
#1910 = ORIENTED_EDGE('',*,*,#1538,.F.);
#1911 = PLANE('',#1912);
#1912 = AXIS2_PLACEMENT_3D('',#1913,#1914,#1915);
#1913 = CARTESIAN_POINT('',(1.635,-3.17,0.));
#1914 = DIRECTION('',(0.,1.,0.));
#1915 = DIRECTION('',(1.,0.,0.));
#1916 = ADVANCED_FACE('',(#1917),#1923,.F.);
#1917 = FACE_BOUND('',#1918,.F.);
#1918 = EDGE_LOOP('',(#1919,#1920,#1921,#1922));
#1919 = ORIENTED_EDGE('',*,*,#1557,.F.);
#1920 = ORIENTED_EDGE('',*,*,#1572,.T.);
#1921 = ORIENTED_EDGE('',*,*,#1753,.T.);
#1922 = ORIENTED_EDGE('',*,*,#1903,.F.);
#1923 = PLANE('',#1924);
#1924 = AXIS2_PLACEMENT_3D('',#1925,#1926,#1927);
#1925 = CARTESIAN_POINT('',(1.635,-2.46,0.));
#1926 = DIRECTION('',(1.,0.,0.));
#1927 = DIRECTION('',(0.,-1.,0.));
#1928 = ADVANCED_FACE('',(#1929),#1940,.F.);
#1929 = FACE_BOUND('',#1930,.F.);
#1930 = EDGE_LOOP('',(#1931,#1932,#1938,#1939));
#1931 = ORIENTED_EDGE('',*,*,#1603,.F.);
#1932 = ORIENTED_EDGE('',*,*,#1933,.T.);
#1933 = EDGE_CURVE('',#1596,#1793,#1934,.T.);
#1934 = LINE('',#1935,#1936);
#1935 = CARTESIAN_POINT('',(0.905,-3.17,0.));
#1936 = VECTOR('',#1937,1.);
#1937 = DIRECTION('',(0.,0.,1.));
#1938 = ORIENTED_EDGE('',*,*,#1800,.T.);
#1939 = ORIENTED_EDGE('',*,*,#1579,.T.);
#1940 = PLANE('',#1941);
#1941 = AXIS2_PLACEMENT_3D('',#1942,#1943,#1944);
#1942 = CARTESIAN_POINT('',(0.905,-3.17,0.));
#1943 = DIRECTION('',(-1.,0.,0.));
#1944 = DIRECTION('',(0.,1.,0.));
#1945 = ADVANCED_FACE('',(#1946),#1957,.F.);
#1946 = FACE_BOUND('',#1947,.F.);
#1947 = EDGE_LOOP('',(#1948,#1954,#1955,#1956));
#1948 = ORIENTED_EDGE('',*,*,#1949,.T.);
#1949 = EDGE_CURVE('',#1594,#1785,#1950,.T.);
#1950 = LINE('',#1951,#1952);
#1951 = CARTESIAN_POINT('',(0.365,-3.17,0.));
#1952 = VECTOR('',#1953,1.);
#1953 = DIRECTION('',(0.,0.,1.));
#1954 = ORIENTED_EDGE('',*,*,#1792,.T.);
#1955 = ORIENTED_EDGE('',*,*,#1933,.F.);
#1956 = ORIENTED_EDGE('',*,*,#1593,.F.);
#1957 = PLANE('',#1958);
#1958 = AXIS2_PLACEMENT_3D('',#1959,#1960,#1961);
#1959 = CARTESIAN_POINT('',(0.365,-3.17,0.));
#1960 = DIRECTION('',(0.,1.,0.));
#1961 = DIRECTION('',(1.,0.,0.));
#1962 = ADVANCED_FACE('',(#1963),#1969,.F.);
#1963 = FACE_BOUND('',#1964,.F.);
#1964 = EDGE_LOOP('',(#1965,#1966,#1967,#1968));
#1965 = ORIENTED_EDGE('',*,*,#1612,.F.);
#1966 = ORIENTED_EDGE('',*,*,#1627,.T.);
#1967 = ORIENTED_EDGE('',*,*,#1784,.T.);
#1968 = ORIENTED_EDGE('',*,*,#1949,.F.);
#1969 = PLANE('',#1970);
#1970 = AXIS2_PLACEMENT_3D('',#1971,#1972,#1973);
#1971 = CARTESIAN_POINT('',(0.365,-2.46,0.));
#1972 = DIRECTION('',(1.,0.,0.));
#1973 = DIRECTION('',(0.,-1.,0.));
#1974 = ADVANCED_FACE('',(#1975),#1986,.F.);
#1975 = FACE_BOUND('',#1976,.F.);
#1976 = EDGE_LOOP('',(#1977,#1978,#1984,#1985));
#1977 = ORIENTED_EDGE('',*,*,#1658,.F.);
#1978 = ORIENTED_EDGE('',*,*,#1979,.T.);
#1979 = EDGE_CURVE('',#1651,#1824,#1980,.T.);
#1980 = LINE('',#1981,#1982);
#1981 = CARTESIAN_POINT('',(-0.365,-3.17,0.));
#1982 = VECTOR('',#1983,1.);
#1983 = DIRECTION('',(0.,0.,1.));
#1984 = ORIENTED_EDGE('',*,*,#1831,.T.);
#1985 = ORIENTED_EDGE('',*,*,#1634,.T.);
#1986 = PLANE('',#1987);
#1987 = AXIS2_PLACEMENT_3D('',#1988,#1989,#1990);
#1988 = CARTESIAN_POINT('',(-0.365,-3.17,0.));
#1989 = DIRECTION('',(-1.,0.,0.));
#1990 = DIRECTION('',(0.,1.,0.));
#1991 = ADVANCED_FACE('',(#1992),#2003,.F.);
#1992 = FACE_BOUND('',#1993,.F.);
#1993 = EDGE_LOOP('',(#1994,#2000,#2001,#2002));
#1994 = ORIENTED_EDGE('',*,*,#1995,.T.);
#1995 = EDGE_CURVE('',#1649,#1816,#1996,.T.);
#1996 = LINE('',#1997,#1998);
#1997 = CARTESIAN_POINT('',(-0.905,-3.17,0.));
#1998 = VECTOR('',#1999,1.);
#1999 = DIRECTION('',(0.,0.,1.));
#2000 = ORIENTED_EDGE('',*,*,#1823,.T.);
#2001 = ORIENTED_EDGE('',*,*,#1979,.F.);
#2002 = ORIENTED_EDGE('',*,*,#1648,.F.);
#2003 = PLANE('',#2004);
#2004 = AXIS2_PLACEMENT_3D('',#2005,#2006,#2007);
#2005 = CARTESIAN_POINT('',(-0.905,-3.17,0.));
#2006 = DIRECTION('',(0.,1.,0.));
#2007 = DIRECTION('',(1.,0.,0.));
#2008 = ADVANCED_FACE('',(#2009),#2015,.F.);
#2009 = FACE_BOUND('',#2010,.F.);
#2010 = EDGE_LOOP('',(#2011,#2012,#2013,#2014));
#2011 = ORIENTED_EDGE('',*,*,#1667,.F.);
#2012 = ORIENTED_EDGE('',*,*,#1682,.T.);
#2013 = ORIENTED_EDGE('',*,*,#1815,.T.);
#2014 = ORIENTED_EDGE('',*,*,#1995,.F.);
#2015 = PLANE('',#2016);
#2016 = AXIS2_PLACEMENT_3D('',#2017,#2018,#2019);
#2017 = CARTESIAN_POINT('',(-0.905,-2.46,0.));
#2018 = DIRECTION('',(1.,0.,0.));
#2019 = DIRECTION('',(0.,-1.,0.));
#2020 = ADVANCED_FACE('',(#2021),#2032,.F.);
#2021 = FACE_BOUND('',#2022,.F.);
#2022 = EDGE_LOOP('',(#2023,#2024,#2030,#2031));
#2023 = ORIENTED_EDGE('',*,*,#1713,.F.);
#2024 = ORIENTED_EDGE('',*,*,#2025,.T.);
#2025 = EDGE_CURVE('',#1706,#1855,#2026,.T.);
#2026 = LINE('',#2027,#2028);
#2027 = CARTESIAN_POINT('',(-1.635,-3.17,0.));
#2028 = VECTOR('',#2029,1.);
#2029 = DIRECTION('',(0.,0.,1.));
#2030 = ORIENTED_EDGE('',*,*,#1862,.T.);
#2031 = ORIENTED_EDGE('',*,*,#1689,.T.);
#2032 = PLANE('',#2033);
#2033 = AXIS2_PLACEMENT_3D('',#2034,#2035,#2036);
#2034 = CARTESIAN_POINT('',(-1.635,-3.17,0.));
#2035 = DIRECTION('',(-1.,0.,0.));
#2036 = DIRECTION('',(0.,1.,0.));
#2037 = ADVANCED_FACE('',(#2038),#2049,.F.);
#2038 = FACE_BOUND('',#2039,.F.);
#2039 = EDGE_LOOP('',(#2040,#2046,#2047,#2048));
#2040 = ORIENTED_EDGE('',*,*,#2041,.T.);
#2041 = EDGE_CURVE('',#1704,#1847,#2042,.T.);
#2042 = LINE('',#2043,#2044);
#2043 = CARTESIAN_POINT('',(-2.175,-3.17,0.));
#2044 = VECTOR('',#2045,1.);
#2045 = DIRECTION('',(0.,0.,1.));
#2046 = ORIENTED_EDGE('',*,*,#1854,.T.);
#2047 = ORIENTED_EDGE('',*,*,#2025,.F.);
#2048 = ORIENTED_EDGE('',*,*,#1703,.F.);
#2049 = PLANE('',#2050);
#2050 = AXIS2_PLACEMENT_3D('',#2051,#2052,#2053);
#2051 = CARTESIAN_POINT('',(-2.175,-3.17,0.));
#2052 = DIRECTION('',(0.,1.,0.));
#2053 = DIRECTION('',(1.,0.,0.));
#2054 = ADVANCED_FACE('',(#2055),#2061,.F.);
#2055 = FACE_BOUND('',#2056,.F.);
#2056 = EDGE_LOOP('',(#2057,#2058,#2059,#2060));
#2057 = ORIENTED_EDGE('',*,*,#1722,.F.);
#2058 = ORIENTED_EDGE('',*,*,#1737,.T.);
#2059 = ORIENTED_EDGE('',*,*,#1846,.T.);
#2060 = ORIENTED_EDGE('',*,*,#2041,.F.);
#2061 = PLANE('',#2062);
#2062 = AXIS2_PLACEMENT_3D('',#2063,#2064,#2065);
#2063 = CARTESIAN_POINT('',(-2.175,-2.46,0.));
#2064 = DIRECTION('',(1.,0.,0.));
#2065 = DIRECTION('',(0.,-1.,0.));
#2066 = ( GEOMETRIC_REPRESENTATION_CONTEXT(3) 
GLOBAL_UNCERTAINTY_ASSIGNED_CONTEXT((#2070)) 
GLOBAL_UNIT_ASSIGNED_CONTEXT((#2067,#2068,#2069)) REPRESENTATION_CONTEXT
('Context #1','3D Context with UNIT and UNCERTAINTY') );
#2067 = ( LENGTH_UNIT() NAMED_UNIT(*) SI_UNIT(.MILLI.,.METRE.) );
#2068 = ( NAMED_UNIT(*) PLANE_ANGLE_UNIT() SI_UNIT($,.RADIAN.) );
#2069 = ( NAMED_UNIT(*) SI_UNIT($,.STERADIAN.) SOLID_ANGLE_UNIT() );
#2070 = UNCERTAINTY_MEASURE_WITH_UNIT(LENGTH_MEASURE(1.E-07),#2067,
  'distance_accuracy_value','confusion accuracy');
#2071 = PRODUCT_RELATED_PRODUCT_CATEGORY('part',$,(#7));
#2072 = MECHANICAL_DESIGN_GEOMETRIC_PRESENTATION_REPRESENTATION('',(
    #2073,#2084,#2092,#2099,#2106,#2113,#2120,#2128,#2135,#2142,#2149,
    #2156,#2163,#2170,#2177,#2184,#2191,#2198,#2205,#2212,#2219,#2226,
    #2233,#2240,#2247,#2254,#2261,#2268,#2275,#2282,#2289,#2296,#2303,
    #2310,#2317,#2324,#2331,#2338,#2345,#2352,#2359,#2366,#2373,#2380,
    #2387,#2394,#2401,#2408,#2415,#2422,#2429,#2436,#2443,#2450,#2457,
    #2464,#2471,#2478,#2485,#2492,#2499,#2506,#2513,#2520,#2527,#2534,
    #2541,#2548,#2555,#2562,#2569,#2576,#2583),#2066);
#2073 = STYLED_ITEM('color',(#2074),#15);
#2074 = PRESENTATION_STYLE_ASSIGNMENT((#2075,#2081));
#2075 = SURFACE_STYLE_USAGE(.BOTH.,#2076);
#2076 = SURFACE_SIDE_STYLE('',(#2077));
#2077 = SURFACE_STYLE_FILL_AREA(#2078);
#2078 = FILL_AREA_STYLE('',(#2079));
#2079 = FILL_AREA_STYLE_COLOUR('',#2080);
#2080 = COLOUR_RGB('',0.662745111292,0.662745111292,0.662745111292);
#2081 = CURVE_STYLE('',#2082,POSITIVE_LENGTH_MEASURE(0.1),#2083);
#2082 = DRAUGHTING_PRE_DEFINED_CURVE_FONT('continuous');
#2083 = COLOUR_RGB('',9.803921802644E-02,9.803921802644E-02,
  9.803921802644E-02);
#2084 = OVER_RIDING_STYLED_ITEM('overriding color',(#2085),#17,#2073);
#2085 = PRESENTATION_STYLE_ASSIGNMENT((#2086));
#2086 = SURFACE_STYLE_USAGE(.BOTH.,#2087);
#2087 = SURFACE_SIDE_STYLE('',(#2088));
#2088 = SURFACE_STYLE_FILL_AREA(#2089);
#2089 = FILL_AREA_STYLE('',(#2090));
#2090 = FILL_AREA_STYLE_COLOUR('',#2091);
#2091 = COLOUR_RGB('',0.168627456984,0.168627456984,0.168627456984);
#2092 = OVER_RIDING_STYLED_ITEM('overriding color',(#2093),#57,#2073);
#2093 = PRESENTATION_STYLE_ASSIGNMENT((#2094));
#2094 = SURFACE_STYLE_USAGE(.BOTH.,#2095);
#2095 = SURFACE_SIDE_STYLE('',(#2096));
#2096 = SURFACE_STYLE_FILL_AREA(#2097);
#2097 = FILL_AREA_STYLE('',(#2098));
#2098 = FILL_AREA_STYLE_COLOUR('',#2091);
#2099 = OVER_RIDING_STYLED_ITEM('overriding color',(#2100),#88,#2073);
#2100 = PRESENTATION_STYLE_ASSIGNMENT((#2101));
#2101 = SURFACE_STYLE_USAGE(.BOTH.,#2102);
#2102 = SURFACE_SIDE_STYLE('',(#2103));
#2103 = SURFACE_STYLE_FILL_AREA(#2104);
#2104 = FILL_AREA_STYLE('',(#2105));
#2105 = FILL_AREA_STYLE_COLOUR('',#2091);
#2106 = OVER_RIDING_STYLED_ITEM('overriding color',(#2107),#119,#2073);
#2107 = PRESENTATION_STYLE_ASSIGNMENT((#2108));
#2108 = SURFACE_STYLE_USAGE(.BOTH.,#2109);
#2109 = SURFACE_SIDE_STYLE('',(#2110));
#2110 = SURFACE_STYLE_FILL_AREA(#2111);
#2111 = FILL_AREA_STYLE('',(#2112));
#2112 = FILL_AREA_STYLE_COLOUR('',#2091);
#2113 = OVER_RIDING_STYLED_ITEM('overriding color',(#2114),#212,#2073);
#2114 = PRESENTATION_STYLE_ASSIGNMENT((#2115));
#2115 = SURFACE_STYLE_USAGE(.BOTH.,#2116);
#2116 = SURFACE_SIDE_STYLE('',(#2117));
#2117 = SURFACE_STYLE_FILL_AREA(#2118);
#2118 = FILL_AREA_STYLE('',(#2119));
#2119 = FILL_AREA_STYLE_COLOUR('',#2091);
#2120 = OVER_RIDING_STYLED_ITEM('overriding color',(#2121),#236,#2073);
#2121 = PRESENTATION_STYLE_ASSIGNMENT((#2122));
#2122 = SURFACE_STYLE_USAGE(.BOTH.,#2123);
#2123 = SURFACE_SIDE_STYLE('',(#2124));
#2124 = SURFACE_STYLE_FILL_AREA(#2125);
#2125 = FILL_AREA_STYLE('',(#2126));
#2126 = FILL_AREA_STYLE_COLOUR('',#2127);
#2127 = COLOUR_RGB('',0.752941202324,0.752941202324,0.752941202324);
#2128 = OVER_RIDING_STYLED_ITEM('overriding color',(#2129),#477,#2073);
#2129 = PRESENTATION_STYLE_ASSIGNMENT((#2130));
#2130 = SURFACE_STYLE_USAGE(.BOTH.,#2131);
#2131 = SURFACE_SIDE_STYLE('',(#2132));
#2132 = SURFACE_STYLE_FILL_AREA(#2133);
#2133 = FILL_AREA_STYLE('',(#2134));
#2134 = FILL_AREA_STYLE_COLOUR('',#2127);
#2135 = OVER_RIDING_STYLED_ITEM('overriding color',(#2136),#501,#2073);
#2136 = PRESENTATION_STYLE_ASSIGNMENT((#2137));
#2137 = SURFACE_STYLE_USAGE(.BOTH.,#2138);
#2138 = SURFACE_SIDE_STYLE('',(#2139));
#2139 = SURFACE_STYLE_FILL_AREA(#2140);
#2140 = FILL_AREA_STYLE('',(#2141));
#2141 = FILL_AREA_STYLE_COLOUR('',#2127);
#2142 = OVER_RIDING_STYLED_ITEM('overriding color',(#2143),#518,#2073);
#2143 = PRESENTATION_STYLE_ASSIGNMENT((#2144));
#2144 = SURFACE_STYLE_USAGE(.BOTH.,#2145);
#2145 = SURFACE_SIDE_STYLE('',(#2146));
#2146 = SURFACE_STYLE_FILL_AREA(#2147);
#2147 = FILL_AREA_STYLE('',(#2148));
#2148 = FILL_AREA_STYLE_COLOUR('',#2091);
#2149 = OVER_RIDING_STYLED_ITEM('overriding color',(#2150),#545,#2073);
#2150 = PRESENTATION_STYLE_ASSIGNMENT((#2151));
#2151 = SURFACE_STYLE_USAGE(.BOTH.,#2152);
#2152 = SURFACE_SIDE_STYLE('',(#2153));
#2153 = SURFACE_STYLE_FILL_AREA(#2154);
#2154 = FILL_AREA_STYLE('',(#2155));
#2155 = FILL_AREA_STYLE_COLOUR('',#2127);
#2156 = OVER_RIDING_STYLED_ITEM('overriding color',(#2157),#576,#2073);
#2157 = PRESENTATION_STYLE_ASSIGNMENT((#2158));
#2158 = SURFACE_STYLE_USAGE(.BOTH.,#2159);
#2159 = SURFACE_SIDE_STYLE('',(#2160));
#2160 = SURFACE_STYLE_FILL_AREA(#2161);
#2161 = FILL_AREA_STYLE('',(#2162));
#2162 = FILL_AREA_STYLE_COLOUR('',#2091);
#2163 = OVER_RIDING_STYLED_ITEM('overriding color',(#2164),#603,#2073);
#2164 = PRESENTATION_STYLE_ASSIGNMENT((#2165));
#2165 = SURFACE_STYLE_USAGE(.BOTH.,#2166);
#2166 = SURFACE_SIDE_STYLE('',(#2167));
#2167 = SURFACE_STYLE_FILL_AREA(#2168);
#2168 = FILL_AREA_STYLE('',(#2169));
#2169 = FILL_AREA_STYLE_COLOUR('',#2127);
#2170 = OVER_RIDING_STYLED_ITEM('overriding color',(#2171),#634,#2073);
#2171 = PRESENTATION_STYLE_ASSIGNMENT((#2172));
#2172 = SURFACE_STYLE_USAGE(.BOTH.,#2173);
#2173 = SURFACE_SIDE_STYLE('',(#2174));
#2174 = SURFACE_STYLE_FILL_AREA(#2175);
#2175 = FILL_AREA_STYLE('',(#2176));
#2176 = FILL_AREA_STYLE_COLOUR('',#2091);
#2177 = OVER_RIDING_STYLED_ITEM('overriding color',(#2178),#661,#2073);
#2178 = PRESENTATION_STYLE_ASSIGNMENT((#2179));
#2179 = SURFACE_STYLE_USAGE(.BOTH.,#2180);
#2180 = SURFACE_SIDE_STYLE('',(#2181));
#2181 = SURFACE_STYLE_FILL_AREA(#2182);
#2182 = FILL_AREA_STYLE('',(#2183));
#2183 = FILL_AREA_STYLE_COLOUR('',#2127);
#2184 = OVER_RIDING_STYLED_ITEM('overriding color',(#2185),#692,#2073);
#2185 = PRESENTATION_STYLE_ASSIGNMENT((#2186));
#2186 = SURFACE_STYLE_USAGE(.BOTH.,#2187);
#2187 = SURFACE_SIDE_STYLE('',(#2188));
#2188 = SURFACE_STYLE_FILL_AREA(#2189);
#2189 = FILL_AREA_STYLE('',(#2190));
#2190 = FILL_AREA_STYLE_COLOUR('',#2091);
#2191 = OVER_RIDING_STYLED_ITEM('overriding color',(#2192),#721,#2073);
#2192 = PRESENTATION_STYLE_ASSIGNMENT((#2193));
#2193 = SURFACE_STYLE_USAGE(.BOTH.,#2194);
#2194 = SURFACE_SIDE_STYLE('',(#2195));
#2195 = SURFACE_STYLE_FILL_AREA(#2196);
#2196 = FILL_AREA_STYLE('',(#2197));
#2197 = FILL_AREA_STYLE_COLOUR('',#2091);
#2198 = OVER_RIDING_STYLED_ITEM('overriding color',(#2199),#767,#2073);
#2199 = PRESENTATION_STYLE_ASSIGNMENT((#2200));
#2200 = SURFACE_STYLE_USAGE(.BOTH.,#2201);
#2201 = SURFACE_SIDE_STYLE('',(#2202));
#2202 = SURFACE_STYLE_FILL_AREA(#2203);
#2203 = FILL_AREA_STYLE('',(#2204));
#2204 = FILL_AREA_STYLE_COLOUR('',#2091);
#2205 = OVER_RIDING_STYLED_ITEM('overriding color',(#2206),#802,#2073);
#2206 = PRESENTATION_STYLE_ASSIGNMENT((#2207));
#2207 = SURFACE_STYLE_USAGE(.BOTH.,#2208);
#2208 = SURFACE_SIDE_STYLE('',(#2209));
#2209 = SURFACE_STYLE_FILL_AREA(#2210);
#2210 = FILL_AREA_STYLE('',(#2211));
#2211 = FILL_AREA_STYLE_COLOUR('',#2091);
#2212 = OVER_RIDING_STYLED_ITEM('overriding color',(#2213),#834,#2073);
#2213 = PRESENTATION_STYLE_ASSIGNMENT((#2214));
#2214 = SURFACE_STYLE_USAGE(.BOTH.,#2215);
#2215 = SURFACE_SIDE_STYLE('',(#2216));
#2216 = SURFACE_STYLE_FILL_AREA(#2217);
#2217 = FILL_AREA_STYLE('',(#2218));
#2218 = FILL_AREA_STYLE_COLOUR('',#2127);
#2219 = OVER_RIDING_STYLED_ITEM('overriding color',(#2220),#858,#2073);
#2220 = PRESENTATION_STYLE_ASSIGNMENT((#2221));
#2221 = SURFACE_STYLE_USAGE(.BOTH.,#2222);
#2222 = SURFACE_SIDE_STYLE('',(#2223));
#2223 = SURFACE_STYLE_FILL_AREA(#2224);
#2224 = FILL_AREA_STYLE('',(#2225));
#2225 = FILL_AREA_STYLE_COLOUR('',#2127);
#2226 = OVER_RIDING_STYLED_ITEM('overriding color',(#2227),#887,#2073);
#2227 = PRESENTATION_STYLE_ASSIGNMENT((#2228));
#2228 = SURFACE_STYLE_USAGE(.BOTH.,#2229);
#2229 = SURFACE_SIDE_STYLE('',(#2230));
#2230 = SURFACE_STYLE_FILL_AREA(#2231);
#2231 = FILL_AREA_STYLE('',(#2232));
#2232 = FILL_AREA_STYLE_COLOUR('',#2091);
#2233 = OVER_RIDING_STYLED_ITEM('overriding color',(#2234),#1046,#2073);
#2234 = PRESENTATION_STYLE_ASSIGNMENT((#2235));
#2235 = SURFACE_STYLE_USAGE(.BOTH.,#2236);
#2236 = SURFACE_SIDE_STYLE('',(#2237));
#2237 = SURFACE_STYLE_FILL_AREA(#2238);
#2238 = FILL_AREA_STYLE('',(#2239));
#2239 = FILL_AREA_STYLE_COLOUR('',#2127);
#2240 = OVER_RIDING_STYLED_ITEM('overriding color',(#2241),#1075,#2073);
#2241 = PRESENTATION_STYLE_ASSIGNMENT((#2242));
#2242 = SURFACE_STYLE_USAGE(.BOTH.,#2243);
#2243 = SURFACE_SIDE_STYLE('',(#2244));
#2244 = SURFACE_STYLE_FILL_AREA(#2245);
#2245 = FILL_AREA_STYLE('',(#2246));
#2246 = FILL_AREA_STYLE_COLOUR('',#2127);
#2247 = OVER_RIDING_STYLED_ITEM('overriding color',(#2248),#1099,#2073);
#2248 = PRESENTATION_STYLE_ASSIGNMENT((#2249));
#2249 = SURFACE_STYLE_USAGE(.BOTH.,#2250);
#2250 = SURFACE_SIDE_STYLE('',(#2251));
#2251 = SURFACE_STYLE_FILL_AREA(#2252);
#2252 = FILL_AREA_STYLE('',(#2253));
#2253 = FILL_AREA_STYLE_COLOUR('',#2127);
#2254 = OVER_RIDING_STYLED_ITEM('overriding color',(#2255),#1121,#2073);
#2255 = PRESENTATION_STYLE_ASSIGNMENT((#2256));
#2256 = SURFACE_STYLE_USAGE(.BOTH.,#2257);
#2257 = SURFACE_SIDE_STYLE('',(#2258));
#2258 = SURFACE_STYLE_FILL_AREA(#2259);
#2259 = FILL_AREA_STYLE('',(#2260));
#2260 = FILL_AREA_STYLE_COLOUR('',#2091);
#2261 = OVER_RIDING_STYLED_ITEM('overriding color',(#2262),#1138,#2073);
#2262 = PRESENTATION_STYLE_ASSIGNMENT((#2263));
#2263 = SURFACE_STYLE_USAGE(.BOTH.,#2264);
#2264 = SURFACE_SIDE_STYLE('',(#2265));
#2265 = SURFACE_STYLE_FILL_AREA(#2266);
#2266 = FILL_AREA_STYLE('',(#2267));
#2267 = FILL_AREA_STYLE_COLOUR('',#2127);
#2268 = OVER_RIDING_STYLED_ITEM('overriding color',(#2269),#1155,#2073);
#2269 = PRESENTATION_STYLE_ASSIGNMENT((#2270));
#2270 = SURFACE_STYLE_USAGE(.BOTH.,#2271);
#2271 = SURFACE_SIDE_STYLE('',(#2272));
#2272 = SURFACE_STYLE_FILL_AREA(#2273);
#2273 = FILL_AREA_STYLE('',(#2274));
#2274 = FILL_AREA_STYLE_COLOUR('',#2127);
#2275 = OVER_RIDING_STYLED_ITEM('overriding color',(#2276),#1172,#2073);
#2276 = PRESENTATION_STYLE_ASSIGNMENT((#2277));
#2277 = SURFACE_STYLE_USAGE(.BOTH.,#2278);
#2278 = SURFACE_SIDE_STYLE('',(#2279));
#2279 = SURFACE_STYLE_FILL_AREA(#2280);
#2280 = FILL_AREA_STYLE('',(#2281));
#2281 = FILL_AREA_STYLE_COLOUR('',#2091);
#2282 = OVER_RIDING_STYLED_ITEM('overriding color',(#2283),#1184,#2073);
#2283 = PRESENTATION_STYLE_ASSIGNMENT((#2284));
#2284 = SURFACE_STYLE_USAGE(.BOTH.,#2285);
#2285 = SURFACE_SIDE_STYLE('',(#2286));
#2286 = SURFACE_STYLE_FILL_AREA(#2287);
#2287 = FILL_AREA_STYLE('',(#2288));
#2288 = FILL_AREA_STYLE_COLOUR('',#2091);
#2289 = OVER_RIDING_STYLED_ITEM('overriding color',(#2290),#1196,#2073);
#2290 = PRESENTATION_STYLE_ASSIGNMENT((#2291));
#2291 = SURFACE_STYLE_USAGE(.BOTH.,#2292);
#2292 = SURFACE_SIDE_STYLE('',(#2293));
#2293 = SURFACE_STYLE_FILL_AREA(#2294);
#2294 = FILL_AREA_STYLE('',(#2295));
#2295 = FILL_AREA_STYLE_COLOUR('',#2127);
#2296 = OVER_RIDING_STYLED_ITEM('overriding color',(#2297),#1213,#2073);
#2297 = PRESENTATION_STYLE_ASSIGNMENT((#2298));
#2298 = SURFACE_STYLE_USAGE(.BOTH.,#2299);
#2299 = SURFACE_SIDE_STYLE('',(#2300));
#2300 = SURFACE_STYLE_FILL_AREA(#2301);
#2301 = FILL_AREA_STYLE('',(#2302));
#2302 = FILL_AREA_STYLE_COLOUR('',#2127);
#2303 = OVER_RIDING_STYLED_ITEM('overriding color',(#2304),#1230,#2073);
#2304 = PRESENTATION_STYLE_ASSIGNMENT((#2305));
#2305 = SURFACE_STYLE_USAGE(.BOTH.,#2306);
#2306 = SURFACE_SIDE_STYLE('',(#2307));
#2307 = SURFACE_STYLE_FILL_AREA(#2308);
#2308 = FILL_AREA_STYLE('',(#2309));
#2309 = FILL_AREA_STYLE_COLOUR('',#2091);
#2310 = OVER_RIDING_STYLED_ITEM('overriding color',(#2311),#1242,#2073);
#2311 = PRESENTATION_STYLE_ASSIGNMENT((#2312));
#2312 = SURFACE_STYLE_USAGE(.BOTH.,#2313);
#2313 = SURFACE_SIDE_STYLE('',(#2314));
#2314 = SURFACE_STYLE_FILL_AREA(#2315);
#2315 = FILL_AREA_STYLE('',(#2316));
#2316 = FILL_AREA_STYLE_COLOUR('',#2091);
#2317 = OVER_RIDING_STYLED_ITEM('overriding color',(#2318),#1254,#2073);
#2318 = PRESENTATION_STYLE_ASSIGNMENT((#2319));
#2319 = SURFACE_STYLE_USAGE(.BOTH.,#2320);
#2320 = SURFACE_SIDE_STYLE('',(#2321));
#2321 = SURFACE_STYLE_FILL_AREA(#2322);
#2322 = FILL_AREA_STYLE('',(#2323));
#2323 = FILL_AREA_STYLE_COLOUR('',#2127);
#2324 = OVER_RIDING_STYLED_ITEM('overriding color',(#2325),#1271,#2073);
#2325 = PRESENTATION_STYLE_ASSIGNMENT((#2326));
#2326 = SURFACE_STYLE_USAGE(.BOTH.,#2327);
#2327 = SURFACE_SIDE_STYLE('',(#2328));
#2328 = SURFACE_STYLE_FILL_AREA(#2329);
#2329 = FILL_AREA_STYLE('',(#2330));
#2330 = FILL_AREA_STYLE_COLOUR('',#2127);
#2331 = OVER_RIDING_STYLED_ITEM('overriding color',(#2332),#1288,#2073);
#2332 = PRESENTATION_STYLE_ASSIGNMENT((#2333));
#2333 = SURFACE_STYLE_USAGE(.BOTH.,#2334);
#2334 = SURFACE_SIDE_STYLE('',(#2335));
#2335 = SURFACE_STYLE_FILL_AREA(#2336);
#2336 = FILL_AREA_STYLE('',(#2337));
#2337 = FILL_AREA_STYLE_COLOUR('',#2091);
#2338 = OVER_RIDING_STYLED_ITEM('overriding color',(#2339),#1300,#2073);
#2339 = PRESENTATION_STYLE_ASSIGNMENT((#2340));
#2340 = SURFACE_STYLE_USAGE(.BOTH.,#2341);
#2341 = SURFACE_SIDE_STYLE('',(#2342));
#2342 = SURFACE_STYLE_FILL_AREA(#2343);
#2343 = FILL_AREA_STYLE('',(#2344));
#2344 = FILL_AREA_STYLE_COLOUR('',#2091);
#2345 = OVER_RIDING_STYLED_ITEM('overriding color',(#2346),#1312,#2073);
#2346 = PRESENTATION_STYLE_ASSIGNMENT((#2347));
#2347 = SURFACE_STYLE_USAGE(.BOTH.,#2348);
#2348 = SURFACE_SIDE_STYLE('',(#2349));
#2349 = SURFACE_STYLE_FILL_AREA(#2350);
#2350 = FILL_AREA_STYLE('',(#2351));
#2351 = FILL_AREA_STYLE_COLOUR('',#2127);
#2352 = OVER_RIDING_STYLED_ITEM('overriding color',(#2353),#1324,#2073);
#2353 = PRESENTATION_STYLE_ASSIGNMENT((#2354));
#2354 = SURFACE_STYLE_USAGE(.BOTH.,#2355);
#2355 = SURFACE_SIDE_STYLE('',(#2356));
#2356 = SURFACE_STYLE_FILL_AREA(#2357);
#2357 = FILL_AREA_STYLE('',(#2358));
#2358 = FILL_AREA_STYLE_COLOUR('',#2127);
#2359 = OVER_RIDING_STYLED_ITEM('overriding color',(#2360),#1341,#2073);
#2360 = PRESENTATION_STYLE_ASSIGNMENT((#2361));
#2361 = SURFACE_STYLE_USAGE(.BOTH.,#2362);
#2362 = SURFACE_SIDE_STYLE('',(#2363));
#2363 = SURFACE_STYLE_FILL_AREA(#2364);
#2364 = FILL_AREA_STYLE('',(#2365));
#2365 = FILL_AREA_STYLE_COLOUR('',#2091);
#2366 = OVER_RIDING_STYLED_ITEM('overriding color',(#2367),#1353,#2073);
#2367 = PRESENTATION_STYLE_ASSIGNMENT((#2368));
#2368 = SURFACE_STYLE_USAGE(.BOTH.,#2369);
#2369 = SURFACE_SIDE_STYLE('',(#2370));
#2370 = SURFACE_STYLE_FILL_AREA(#2371);
#2371 = FILL_AREA_STYLE('',(#2372));
#2372 = FILL_AREA_STYLE_COLOUR('',#2127);
#2373 = OVER_RIDING_STYLED_ITEM('overriding color',(#2374),#1365,#2073);
#2374 = PRESENTATION_STYLE_ASSIGNMENT((#2375));
#2375 = SURFACE_STYLE_USAGE(.BOTH.,#2376);
#2376 = SURFACE_SIDE_STYLE('',(#2377));
#2377 = SURFACE_STYLE_FILL_AREA(#2378);
#2378 = FILL_AREA_STYLE('',(#2379));
#2379 = FILL_AREA_STYLE_COLOUR('',#2091);
#2380 = OVER_RIDING_STYLED_ITEM('overriding color',(#2381),#1382,#2073);
#2381 = PRESENTATION_STYLE_ASSIGNMENT((#2382));
#2382 = SURFACE_STYLE_USAGE(.BOTH.,#2383);
#2383 = SURFACE_SIDE_STYLE('',(#2384));
#2384 = SURFACE_STYLE_FILL_AREA(#2385);
#2385 = FILL_AREA_STYLE('',(#2386));
#2386 = FILL_AREA_STYLE_COLOUR('',#2091);
#2387 = OVER_RIDING_STYLED_ITEM('overriding color',(#2388),#1463,#2073);
#2388 = PRESENTATION_STYLE_ASSIGNMENT((#2389));
#2389 = SURFACE_STYLE_USAGE(.BOTH.,#2390);
#2390 = SURFACE_SIDE_STYLE('',(#2391));
#2391 = SURFACE_STYLE_FILL_AREA(#2392);
#2392 = FILL_AREA_STYLE('',(#2393));
#2393 = FILL_AREA_STYLE_COLOUR('',#2091);
#2394 = OVER_RIDING_STYLED_ITEM('overriding color',(#2395),#1488,#2073);
#2395 = PRESENTATION_STYLE_ASSIGNMENT((#2396));
#2396 = SURFACE_STYLE_USAGE(.BOTH.,#2397);
#2397 = SURFACE_SIDE_STYLE('',(#2398));
#2398 = SURFACE_STYLE_FILL_AREA(#2399);
#2399 = FILL_AREA_STYLE('',(#2400));
#2400 = FILL_AREA_STYLE_COLOUR('',#2091);
#2401 = OVER_RIDING_STYLED_ITEM('overriding color',(#2402),#1505,#2073);
#2402 = PRESENTATION_STYLE_ASSIGNMENT((#2403));
#2403 = SURFACE_STYLE_USAGE(.BOTH.,#2404);
#2404 = SURFACE_SIDE_STYLE('',(#2405));
#2405 = SURFACE_STYLE_FILL_AREA(#2406);
#2406 = FILL_AREA_STYLE('',(#2407));
#2407 = FILL_AREA_STYLE_COLOUR('',#2127);
#2408 = OVER_RIDING_STYLED_ITEM('overriding color',(#2409),#1517,#2073);
#2409 = PRESENTATION_STYLE_ASSIGNMENT((#2410));
#2410 = SURFACE_STYLE_USAGE(.BOTH.,#2411);
#2411 = SURFACE_SIDE_STYLE('',(#2412));
#2412 = SURFACE_STYLE_FILL_AREA(#2413);
#2413 = FILL_AREA_STYLE('',(#2414));
#2414 = FILL_AREA_STYLE_COLOUR('',#2091);
#2415 = OVER_RIDING_STYLED_ITEM('overriding color',(#2416),#1534,#2073);
#2416 = PRESENTATION_STYLE_ASSIGNMENT((#2417));
#2417 = SURFACE_STYLE_USAGE(.BOTH.,#2418);
#2418 = SURFACE_SIDE_STYLE('',(#2419));
#2419 = SURFACE_STYLE_FILL_AREA(#2420);
#2420 = FILL_AREA_STYLE('',(#2421));
#2421 = FILL_AREA_STYLE_COLOUR('',#2127);
#2422 = OVER_RIDING_STYLED_ITEM('overriding color',(#2423),#1567,#2073);
#2423 = PRESENTATION_STYLE_ASSIGNMENT((#2424));
#2424 = SURFACE_STYLE_USAGE(.BOTH.,#2425);
#2425 = SURFACE_SIDE_STYLE('',(#2426));
#2426 = SURFACE_STYLE_FILL_AREA(#2427);
#2427 = FILL_AREA_STYLE('',(#2428));
#2428 = FILL_AREA_STYLE_COLOUR('',#2091);
#2429 = OVER_RIDING_STYLED_ITEM('overriding color',(#2430),#1589,#2073);
#2430 = PRESENTATION_STYLE_ASSIGNMENT((#2431));
#2431 = SURFACE_STYLE_USAGE(.BOTH.,#2432);
#2432 = SURFACE_SIDE_STYLE('',(#2433));
#2433 = SURFACE_STYLE_FILL_AREA(#2434);
#2434 = FILL_AREA_STYLE('',(#2435));
#2435 = FILL_AREA_STYLE_COLOUR('',#2127);
#2436 = OVER_RIDING_STYLED_ITEM('overriding color',(#2437),#1622,#2073);
#2437 = PRESENTATION_STYLE_ASSIGNMENT((#2438));
#2438 = SURFACE_STYLE_USAGE(.BOTH.,#2439);
#2439 = SURFACE_SIDE_STYLE('',(#2440));
#2440 = SURFACE_STYLE_FILL_AREA(#2441);
#2441 = FILL_AREA_STYLE('',(#2442));
#2442 = FILL_AREA_STYLE_COLOUR('',#2091);
#2443 = OVER_RIDING_STYLED_ITEM('overriding color',(#2444),#1644,#2073);
#2444 = PRESENTATION_STYLE_ASSIGNMENT((#2445));
#2445 = SURFACE_STYLE_USAGE(.BOTH.,#2446);
#2446 = SURFACE_SIDE_STYLE('',(#2447));
#2447 = SURFACE_STYLE_FILL_AREA(#2448);
#2448 = FILL_AREA_STYLE('',(#2449));
#2449 = FILL_AREA_STYLE_COLOUR('',#2127);
#2450 = OVER_RIDING_STYLED_ITEM('overriding color',(#2451),#1677,#2073);
#2451 = PRESENTATION_STYLE_ASSIGNMENT((#2452));
#2452 = SURFACE_STYLE_USAGE(.BOTH.,#2453);
#2453 = SURFACE_SIDE_STYLE('',(#2454));
#2454 = SURFACE_STYLE_FILL_AREA(#2455);
#2455 = FILL_AREA_STYLE('',(#2456));
#2456 = FILL_AREA_STYLE_COLOUR('',#2091);
#2457 = OVER_RIDING_STYLED_ITEM('overriding color',(#2458),#1699,#2073);
#2458 = PRESENTATION_STYLE_ASSIGNMENT((#2459));
#2459 = SURFACE_STYLE_USAGE(.BOTH.,#2460);
#2460 = SURFACE_SIDE_STYLE('',(#2461));
#2461 = SURFACE_STYLE_FILL_AREA(#2462);
#2462 = FILL_AREA_STYLE('',(#2463));
#2463 = FILL_AREA_STYLE_COLOUR('',#2127);
#2464 = OVER_RIDING_STYLED_ITEM('overriding color',(#2465),#1732,#2073);
#2465 = PRESENTATION_STYLE_ASSIGNMENT((#2466));
#2466 = SURFACE_STYLE_USAGE(.BOTH.,#2467);
#2467 = SURFACE_SIDE_STYLE('',(#2468));
#2468 = SURFACE_STYLE_FILL_AREA(#2469);
#2469 = FILL_AREA_STYLE('',(#2470));
#2470 = FILL_AREA_STYLE_COLOUR('',#2091);
#2471 = OVER_RIDING_STYLED_ITEM('overriding color',(#2472),#1749,#2073);
#2472 = PRESENTATION_STYLE_ASSIGNMENT((#2473));
#2473 = SURFACE_STYLE_USAGE(.BOTH.,#2474);
#2474 = SURFACE_SIDE_STYLE('',(#2475));
#2475 = SURFACE_STYLE_FILL_AREA(#2476);
#2476 = FILL_AREA_STYLE('',(#2477));
#2477 = FILL_AREA_STYLE_COLOUR('',#2127);
#2478 = OVER_RIDING_STYLED_ITEM('overriding color',(#2479),#1780,#2073);
#2479 = PRESENTATION_STYLE_ASSIGNMENT((#2480));
#2480 = SURFACE_STYLE_USAGE(.BOTH.,#2481);
#2481 = SURFACE_SIDE_STYLE('',(#2482));
#2482 = SURFACE_STYLE_FILL_AREA(#2483);
#2483 = FILL_AREA_STYLE('',(#2484));
#2484 = FILL_AREA_STYLE_COLOUR('',#2127);
#2485 = OVER_RIDING_STYLED_ITEM('overriding color',(#2486),#1811,#2073);
#2486 = PRESENTATION_STYLE_ASSIGNMENT((#2487));
#2487 = SURFACE_STYLE_USAGE(.BOTH.,#2488);
#2488 = SURFACE_SIDE_STYLE('',(#2489));
#2489 = SURFACE_STYLE_FILL_AREA(#2490);
#2490 = FILL_AREA_STYLE('',(#2491));
#2491 = FILL_AREA_STYLE_COLOUR('',#2127);
#2492 = OVER_RIDING_STYLED_ITEM('overriding color',(#2493),#1842,#2073);
#2493 = PRESENTATION_STYLE_ASSIGNMENT((#2494));
#2494 = SURFACE_STYLE_USAGE(.BOTH.,#2495);
#2495 = SURFACE_SIDE_STYLE('',(#2496));
#2496 = SURFACE_STYLE_FILL_AREA(#2497);
#2497 = FILL_AREA_STYLE('',(#2498));
#2498 = FILL_AREA_STYLE_COLOUR('',#2127);
#2499 = OVER_RIDING_STYLED_ITEM('overriding color',(#2500),#1873,#2073);
#2500 = PRESENTATION_STYLE_ASSIGNMENT((#2501));
#2501 = SURFACE_STYLE_USAGE(.BOTH.,#2502);
#2502 = SURFACE_SIDE_STYLE('',(#2503));
#2503 = SURFACE_STYLE_FILL_AREA(#2504);
#2504 = FILL_AREA_STYLE('',(#2505));
#2505 = FILL_AREA_STYLE_COLOUR('',#2091);
#2506 = OVER_RIDING_STYLED_ITEM('overriding color',(#2507),#1882,#2073);
#2507 = PRESENTATION_STYLE_ASSIGNMENT((#2508));
#2508 = SURFACE_STYLE_USAGE(.BOTH.,#2509);
#2509 = SURFACE_SIDE_STYLE('',(#2510));
#2510 = SURFACE_STYLE_FILL_AREA(#2511);
#2511 = FILL_AREA_STYLE('',(#2512));
#2512 = FILL_AREA_STYLE_COLOUR('',#2127);
#2513 = OVER_RIDING_STYLED_ITEM('overriding color',(#2514),#1899,#2073);
#2514 = PRESENTATION_STYLE_ASSIGNMENT((#2515));
#2515 = SURFACE_STYLE_USAGE(.BOTH.,#2516);
#2516 = SURFACE_SIDE_STYLE('',(#2517));
#2517 = SURFACE_STYLE_FILL_AREA(#2518);
#2518 = FILL_AREA_STYLE('',(#2519));
#2519 = FILL_AREA_STYLE_COLOUR('',#2127);
#2520 = OVER_RIDING_STYLED_ITEM('overriding color',(#2521),#1916,#2073);
#2521 = PRESENTATION_STYLE_ASSIGNMENT((#2522));
#2522 = SURFACE_STYLE_USAGE(.BOTH.,#2523);
#2523 = SURFACE_SIDE_STYLE('',(#2524));
#2524 = SURFACE_STYLE_FILL_AREA(#2525);
#2525 = FILL_AREA_STYLE('',(#2526));
#2526 = FILL_AREA_STYLE_COLOUR('',#2127);
#2527 = OVER_RIDING_STYLED_ITEM('overriding color',(#2528),#1928,#2073);
#2528 = PRESENTATION_STYLE_ASSIGNMENT((#2529));
#2529 = SURFACE_STYLE_USAGE(.BOTH.,#2530);
#2530 = SURFACE_SIDE_STYLE('',(#2531));
#2531 = SURFACE_STYLE_FILL_AREA(#2532);
#2532 = FILL_AREA_STYLE('',(#2533));
#2533 = FILL_AREA_STYLE_COLOUR('',#2127);
#2534 = OVER_RIDING_STYLED_ITEM('overriding color',(#2535),#1945,#2073);
#2535 = PRESENTATION_STYLE_ASSIGNMENT((#2536));
#2536 = SURFACE_STYLE_USAGE(.BOTH.,#2537);
#2537 = SURFACE_SIDE_STYLE('',(#2538));
#2538 = SURFACE_STYLE_FILL_AREA(#2539);
#2539 = FILL_AREA_STYLE('',(#2540));
#2540 = FILL_AREA_STYLE_COLOUR('',#2127);
#2541 = OVER_RIDING_STYLED_ITEM('overriding color',(#2542),#1962,#2073);
#2542 = PRESENTATION_STYLE_ASSIGNMENT((#2543));
#2543 = SURFACE_STYLE_USAGE(.BOTH.,#2544);
#2544 = SURFACE_SIDE_STYLE('',(#2545));
#2545 = SURFACE_STYLE_FILL_AREA(#2546);
#2546 = FILL_AREA_STYLE('',(#2547));
#2547 = FILL_AREA_STYLE_COLOUR('',#2127);
#2548 = OVER_RIDING_STYLED_ITEM('overriding color',(#2549),#1974,#2073);
#2549 = PRESENTATION_STYLE_ASSIGNMENT((#2550));
#2550 = SURFACE_STYLE_USAGE(.BOTH.,#2551);
#2551 = SURFACE_SIDE_STYLE('',(#2552));
#2552 = SURFACE_STYLE_FILL_AREA(#2553);
#2553 = FILL_AREA_STYLE('',(#2554));
#2554 = FILL_AREA_STYLE_COLOUR('',#2127);
#2555 = OVER_RIDING_STYLED_ITEM('overriding color',(#2556),#1991,#2073);
#2556 = PRESENTATION_STYLE_ASSIGNMENT((#2557));
#2557 = SURFACE_STYLE_USAGE(.BOTH.,#2558);
#2558 = SURFACE_SIDE_STYLE('',(#2559));
#2559 = SURFACE_STYLE_FILL_AREA(#2560);
#2560 = FILL_AREA_STYLE('',(#2561));
#2561 = FILL_AREA_STYLE_COLOUR('',#2127);
#2562 = OVER_RIDING_STYLED_ITEM('overriding color',(#2563),#2008,#2073);
#2563 = PRESENTATION_STYLE_ASSIGNMENT((#2564));
#2564 = SURFACE_STYLE_USAGE(.BOTH.,#2565);
#2565 = SURFACE_SIDE_STYLE('',(#2566));
#2566 = SURFACE_STYLE_FILL_AREA(#2567);
#2567 = FILL_AREA_STYLE('',(#2568));
#2568 = FILL_AREA_STYLE_COLOUR('',#2127);
#2569 = OVER_RIDING_STYLED_ITEM('overriding color',(#2570),#2020,#2073);
#2570 = PRESENTATION_STYLE_ASSIGNMENT((#2571));
#2571 = SURFACE_STYLE_USAGE(.BOTH.,#2572);
#2572 = SURFACE_SIDE_STYLE('',(#2573));
#2573 = SURFACE_STYLE_FILL_AREA(#2574);
#2574 = FILL_AREA_STYLE('',(#2575));
#2575 = FILL_AREA_STYLE_COLOUR('',#2127);
#2576 = OVER_RIDING_STYLED_ITEM('overriding color',(#2577),#2037,#2073);
#2577 = PRESENTATION_STYLE_ASSIGNMENT((#2578));
#2578 = SURFACE_STYLE_USAGE(.BOTH.,#2579);
#2579 = SURFACE_SIDE_STYLE('',(#2580));
#2580 = SURFACE_STYLE_FILL_AREA(#2581);
#2581 = FILL_AREA_STYLE('',(#2582));
#2582 = FILL_AREA_STYLE_COLOUR('',#2127);
#2583 = OVER_RIDING_STYLED_ITEM('overriding color',(#2584),#2054,#2073);
#2584 = PRESENTATION_STYLE_ASSIGNMENT((#2585));
#2585 = SURFACE_STYLE_USAGE(.BOTH.,#2586);
#2586 = SURFACE_SIDE_STYLE('',(#2587));
#2587 = SURFACE_STYLE_FILL_AREA(#2588);
#2588 = FILL_AREA_STYLE('',(#2589));
#2589 = FILL_AREA_STYLE_COLOUR('',#2127);
ENDSEC;
END-ISO-10303-21;
