ISO-10303-21;
HEADER;
/* Generated by software containing ST-Developer
 * from STEP Tools, Inc. (www.steptools.com) 
 */
/* OPTION: strings as raw bytes, not using required /X/ escapes */

FILE_DESCRIPTION(
/* description */ ('Unknown'),
/* implementation_level */ '2;1');

FILE_NAME(
/* name */ 'TO-220AB-2',
/* time_stamp */ '2024-03-15T17:56:11+02:00',
/* author */ ('Unknown'),
/* organization */ ('Unknown'),
/* preprocessor_version */ 'ST-DEVELOPER v18.1',
/* originating_system */ 'Solid Edge',
/* authorisation */ 'Unknown');

FILE_SCHEMA (('AUTOMOTIVE_DESIGN {1 0 10303 214 3 1 1}'));
ENDSEC;

DATA;
#10=PROPERTY_DEFINITION_REPRESENTATION(#14,#12);
#11=PROPERTY_DEFINITION_REPRESENTATION(#15,#13);
#12=REPRESENTATION('',(#16),#2850);
#13=REPRESENTATION('',(#17),#2850);
#14=PROPERTY_DEFINITION('pmi validation property','',#2861);
#15=PROPERTY_DEFINITION('pmi validation property','',#2861);
#16=VALUE_REPRESENTATION_ITEM('number of annotations',COUNT_MEASURE(0.));
#17=VALUE_REPRESENTATION_ITEM('number of views',COUNT_MEASURE(0.));
#18=CONTEXT_DEPENDENT_SHAPE_REPRESENTATION(#24,#2863);
#19=CONTEXT_DEPENDENT_SHAPE_REPRESENTATION(#25,#2865);
#20=CONTEXT_DEPENDENT_SHAPE_REPRESENTATION(#26,#2867);
#21=NEXT_ASSEMBLY_USAGE_OCCURRENCE('TO-220-body','TO-220-body',
'TO-220-body',#2868,#2869,'');
#22=NEXT_ASSEMBLY_USAGE_OCCURRENCE('TO-220-HS','TO-220-HS','TO-220-HS',
#2868,#2870,'');
#23=NEXT_ASSEMBLY_USAGE_OCCURRENCE('TO-220AB_2_sraight_pins',
'TO-220AB_2_sraight_pins','TO-220AB_2_sraight_pins',#2868,#2871,'');
#24=(
REPRESENTATION_RELATIONSHIP(' ',' ',#1703,#1704)
REPRESENTATION_RELATIONSHIP_WITH_TRANSFORMATION(#27)
SHAPE_REPRESENTATION_RELATIONSHIP()
);
#25=(
REPRESENTATION_RELATIONSHIP(' ',' ',#1705,#1704)
REPRESENTATION_RELATIONSHIP_WITH_TRANSFORMATION(#28)
SHAPE_REPRESENTATION_RELATIONSHIP()
);
#26=(
REPRESENTATION_RELATIONSHIP(' ',' ',#1706,#1704)
REPRESENTATION_RELATIONSHIP_WITH_TRANSFORMATION(#29)
SHAPE_REPRESENTATION_RELATIONSHIP()
);
#27=ITEM_DEFINED_TRANSFORMATION(' ',' ',#1707,#1790);
#28=ITEM_DEFINED_TRANSFORMATION(' ',' ',#1707,#1818);
#29=ITEM_DEFINED_TRANSFORMATION(' ',' ',#1707,#1847);
#30=SHAPE_REPRESENTATION_RELATIONSHIP('','',#1703,#33);
#31=SHAPE_REPRESENTATION_RELATIONSHIP('','',#1705,#34);
#32=SHAPE_REPRESENTATION_RELATIONSHIP('','',#1706,#35);
#33=ADVANCED_BREP_SHAPE_REPRESENTATION('',(#1695),#2851);
#34=ADVANCED_BREP_SHAPE_REPRESENTATION('',(#1696),#2852);
#35=ADVANCED_BREP_SHAPE_REPRESENTATION('',(#1697,#1698),#2853);
#36=TOROIDAL_SURFACE('',#1763,0.931814438859853,0.0300000000000002);
#37=TOROIDAL_SURFACE('',#1776,0.931814438859853,0.0300000000000002);
#38=(
BOUNDED_SURFACE()
B_SPLINE_SURFACE(3,2,((#2469,#2470,#2471),(#2472,#2473,#2474),(#2475,#2476,
#2477),(#2478,#2479,#2480)),.UNSPECIFIED.,.F.,.F.,.F.)
B_SPLINE_SURFACE_WITH_KNOTS((4,4),(3,3),(2.47892637452946,2.61446411286542),
(0.,1.),.PIECEWISE_BEZIER_KNOTS.)
GEOMETRIC_REPRESENTATION_ITEM()
RATIONAL_B_SPLINE_SURFACE(((1.,0.719512799323465,1.),(1.,0.694178075634402,
1.),(1.,0.665138551462256,1.),(1.,0.63135891433823,1.)))
REPRESENTATION_ITEM('')
SURFACE()
);
#39=(
BOUNDED_SURFACE()
B_SPLINE_SURFACE(3,2,((#2492,#2493,#2494),(#2495,#2496,#2497),(#2498,#2499,
#2500),(#2501,#2502,#2503)),.UNSPECIFIED.,.F.,.F.,.F.)
B_SPLINE_SURFACE_WITH_KNOTS((4,4),(3,3),(3.66872045486108,3.80425893265013),
(0.,1.),.PIECEWISE_BEZIER_KNOTS.)
GEOMETRIC_REPRESENTATION_ITEM()
RATIONAL_B_SPLINE_SURFACE(((1.,0.631358361463227,1.),(1.,0.665138234492696,
1.),(1.,0.694177937416137,1.),(1.,0.719512799323465,1.)))
REPRESENTATION_ITEM('')
SURFACE()
);
#40=(
BOUNDED_SURFACE()
B_SPLINE_SURFACE(3,2,((#2509,#2510,#2511),(#2512,#2513,#2514),(#2515,#2516,
#2517),(#2518,#2519,#2520)),.UNSPECIFIED.,.F.,.F.,.F.)
B_SPLINE_SURFACE_WITH_KNOTS((4,4),(3,3),(3.66872045486109,3.80425893265013),
(0.,1.),.PIECEWISE_BEZIER_KNOTS.)
GEOMETRIC_REPRESENTATION_ITEM()
RATIONAL_B_SPLINE_SURFACE(((1.,0.631358361463231,1.),(1.,0.665138234488452,
1.),(1.,0.694177937415779,1.),(1.,0.719512799323465,1.)))
REPRESENTATION_ITEM('')
SURFACE()
);
#41=(
BOUNDED_SURFACE()
B_SPLINE_SURFACE(3,2,((#2532,#2533,#2534),(#2535,#2536,#2537),(#2538,#2539,
#2540),(#2541,#2542,#2543)),.UNSPECIFIED.,.F.,.F.,.F.)
B_SPLINE_SURFACE_WITH_KNOTS((4,4),(3,3),(2.47892637452945,2.61446411286542),
(0.,1.),.PIECEWISE_BEZIER_KNOTS.)
GEOMETRIC_REPRESENTATION_ITEM()
RATIONAL_B_SPLINE_SURFACE(((1.,0.71951279932346,1.),(1.,0.694178075632833,
1.),(1.,0.665138551467457,1.),(1.,0.631358914338232,1.)))
REPRESENTATION_ITEM('')
SURFACE()
);
#42=SPHERICAL_SURFACE('',#1737,0.0300000000000002);
#43=SPHERICAL_SURFACE('',#1746,0.0300000000000002);
#44=SPHERICAL_SURFACE('',#1749,0.0300000000000002);
#45=SPHERICAL_SURFACE('',#1758,0.0300000000000002);
#46=SPHERICAL_SURFACE('',#1760,0.0300000000000002);
#47=SPHERICAL_SURFACE('',#1768,0.0300000000000002);
#48=SPHERICAL_SURFACE('',#1770,0.0300000000000002);
#49=SPHERICAL_SURFACE('',#1779,0.0300000000000002);
#50=SPHERICAL_SURFACE('',#1781,0.0300000000000002);
#51=SPHERICAL_SURFACE('',#1787,0.0300000000000002);
#52=CYLINDRICAL_SURFACE('',#1735,0.0300000000000002);
#53=CYLINDRICAL_SURFACE('',#1740,0.0300000000000002);
#54=CYLINDRICAL_SURFACE('',#1742,0.0300000000000002);
#55=CYLINDRICAL_SURFACE('',#1744,0.0300000000000002);
#56=CYLINDRICAL_SURFACE('',#1752,0.0300000000000002);
#57=CYLINDRICAL_SURFACE('',#1754,0.0300000000000002);
#58=CYLINDRICAL_SURFACE('',#1756,0.0300000000000002);
#59=CYLINDRICAL_SURFACE('',#1765,0.0300000000000002);
#60=CYLINDRICAL_SURFACE('',#1772,0.0300000000000002);
#61=CYLINDRICAL_SURFACE('',#1774,0.0300000000000002);
#62=CYLINDRICAL_SURFACE('',#1783,0.0300000000000002);
#63=CYLINDRICAL_SURFACE('',#1785,0.0300000000000002);
#64=CYLINDRICAL_SURFACE('',#1789,0.0300000000000002);
#65=CYLINDRICAL_SURFACE('',#1809,1.8669);
#66=CONICAL_SURFACE('',#1729,0.75,0.0698131700797732);
#67=CONICAL_SURFACE('',#1733,0.75,0.0698131700797732);
#68=B_SPLINE_CURVE_WITH_KNOTS('',3,(#2406,#2407,#2408,#2409),
 .UNSPECIFIED.,.F.,.F.,(4,4),(0.,5.30145224475661E-5),.UNSPECIFIED.);
#69=B_SPLINE_CURVE_WITH_KNOTS('',3,(#2413,#2414,#2415,#2416),
 .UNSPECIFIED.,.F.,.F.,(4,4),(0.,5.30150561012783E-5),.UNSPECIFIED.);
#70=B_SPLINE_CURVE_WITH_KNOTS('',3,(#2421,#2422,#2423,#2424),
 .UNSPECIFIED.,.F.,.F.,(4,4),(0.,0.0021862961926512),.UNSPECIFIED.);
#71=B_SPLINE_CURVE_WITH_KNOTS('',3,(#2425,#2426,#2427,#2428),
 .UNSPECIFIED.,.F.,.F.,(4,4),(0.,0.0021863012973015),.UNSPECIFIED.);
#72=B_SPLINE_CURVE_WITH_KNOTS('',3,(#2430,#2431,#2432,#2433),
 .UNSPECIFIED.,.F.,.F.,(4,4),(0.,5.30145224475714E-5),.UNSPECIFIED.);
#73=B_SPLINE_CURVE_WITH_KNOTS('',3,(#2437,#2438,#2439,#2440),
 .UNSPECIFIED.,.F.,.F.,(4,4),(0.,5.30150561012806E-5),.UNSPECIFIED.);
#74=B_SPLINE_CURVE_WITH_KNOTS('',3,(#2442,#2443,#2444,#2445),
 .UNSPECIFIED.,.F.,.F.,(4,4),(0.,0.0021863012973015),.UNSPECIFIED.);
#75=B_SPLINE_CURVE_WITH_KNOTS('',3,(#2449,#2450,#2451,#2452),
 .UNSPECIFIED.,.F.,.F.,(4,4),(0.,0.0021862961926512),.UNSPECIFIED.);
#76=B_SPLINE_CURVE_WITH_KNOTS('',3,(#2719,#2720,#2721,#2722),
 .UNSPECIFIED.,.F.,.F.,(4,4),(0.,1.),.UNSPECIFIED.);
#77=CIRCLE('',#1721,0.931814438859853);
#78=CIRCLE('',#1722,0.931814438859853);
#79=CIRCLE('',#1728,0.75);
#80=CIRCLE('',#1730,0.901887517352058);
#81=CIRCLE('',#1732,0.75);
#82=CIRCLE('',#1734,0.901887517352058);
#83=CIRCLE('',#1736,0.0300000000000002);
#84=CIRCLE('',#1738,0.0300000000000002);
#85=CIRCLE('',#1739,0.0300000000000002);
#86=CIRCLE('',#1741,0.0300000000000002);
#87=CIRCLE('',#1743,0.0300000000000002);
#88=CIRCLE('',#1745,0.0300000000000002);
#89=CIRCLE('',#1747,0.0300000000000002);
#90=CIRCLE('',#1748,0.0300000000000002);
#91=CIRCLE('',#1750,0.0300000000000002);
#92=CIRCLE('',#1751,0.0300000000000002);
#93=CIRCLE('',#1753,0.0300000000000002);
#94=CIRCLE('',#1755,0.0300000000000002);
#95=CIRCLE('',#1757,0.0300000000000002);
#96=CIRCLE('',#1759,0.0300000000000002);
#97=CIRCLE('',#1761,0.0300000000000002);
#98=CIRCLE('',#1762,0.0300000000000002);
#99=CIRCLE('',#1764,0.0300000000000002);
#100=CIRCLE('',#1766,0.0300000000000002);
#101=CIRCLE('',#1767,0.0300000000000002);
#102=CIRCLE('',#1769,0.0300000000000002);
#103=CIRCLE('',#1771,0.0300000000000002);
#104=CIRCLE('',#1773,0.0300000000000002);
#105=CIRCLE('',#1775,0.0300000000000002);
#106=CIRCLE('',#1777,0.0300000000000002);
#107=CIRCLE('',#1778,0.0300000000000002);
#108=CIRCLE('',#1780,0.0300000000000002);
#109=CIRCLE('',#1782,0.0300000000000002);
#110=CIRCLE('',#1784,0.0300000000000002);
#111=CIRCLE('',#1786,0.0300000000000002);
#112=CIRCLE('',#1788,0.0300000000000002);
#113=CIRCLE('',#1793,1.8669);
#114=CIRCLE('',#1795,1.8669);
#115=ELLIPSE('',#1709,28.9038778621737,1.51394188152167);
#116=ELLIPSE('',#1710,28.9038778621737,1.51394188152167);
#117=ELLIPSE('',#1712,28.9038778621738,1.51394188152167);
#118=ELLIPSE('',#1713,28.9038778621738,1.51394188152167);
#119=ELLIPSE('',#1716,0.345516260224431,0.0300000000000002);
#120=ELLIPSE('',#1717,0.345516260224431,0.0300000000000002);
#121=ELLIPSE('',#1725,0.173418038103542,0.0300000000000002);
#122=ELLIPSE('',#1726,0.173418038103542,0.0300000000000002);
#123=ORIENTED_EDGE('',*,*,#583,.F.);
#124=ORIENTED_EDGE('',*,*,#584,.T.);
#125=ORIENTED_EDGE('',*,*,#585,.T.);
#126=ORIENTED_EDGE('',*,*,#586,.T.);
#127=ORIENTED_EDGE('',*,*,#587,.F.);
#128=ORIENTED_EDGE('',*,*,#588,.T.);
#129=ORIENTED_EDGE('',*,*,#589,.T.);
#130=ORIENTED_EDGE('',*,*,#590,.T.);
#131=ORIENTED_EDGE('',*,*,#591,.T.);
#132=ORIENTED_EDGE('',*,*,#592,.T.);
#133=ORIENTED_EDGE('',*,*,#593,.F.);
#134=ORIENTED_EDGE('',*,*,#594,.T.);
#135=ORIENTED_EDGE('',*,*,#595,.T.);
#136=ORIENTED_EDGE('',*,*,#596,.F.);
#137=ORIENTED_EDGE('',*,*,#597,.T.);
#138=ORIENTED_EDGE('',*,*,#598,.T.);
#139=ORIENTED_EDGE('',*,*,#599,.T.);
#140=ORIENTED_EDGE('',*,*,#600,.T.);
#141=ORIENTED_EDGE('',*,*,#601,.T.);
#142=ORIENTED_EDGE('',*,*,#602,.T.);
#143=ORIENTED_EDGE('',*,*,#603,.F.);
#144=ORIENTED_EDGE('',*,*,#604,.T.);
#145=ORIENTED_EDGE('',*,*,#605,.T.);
#146=ORIENTED_EDGE('',*,*,#597,.F.);
#147=ORIENTED_EDGE('',*,*,#606,.F.);
#148=ORIENTED_EDGE('',*,*,#593,.T.);
#149=ORIENTED_EDGE('',*,*,#607,.T.);
#150=ORIENTED_EDGE('',*,*,#608,.T.);
#151=ORIENTED_EDGE('',*,*,#598,.F.);
#152=ORIENTED_EDGE('',*,*,#605,.F.);
#153=ORIENTED_EDGE('',*,*,#592,.F.);
#154=ORIENTED_EDGE('',*,*,#609,.T.);
#155=ORIENTED_EDGE('',*,*,#610,.T.);
#156=ORIENTED_EDGE('',*,*,#611,.T.);
#157=ORIENTED_EDGE('',*,*,#607,.F.);
#158=ORIENTED_EDGE('',*,*,#612,.T.);
#159=ORIENTED_EDGE('',*,*,#613,.T.);
#160=ORIENTED_EDGE('',*,*,#614,.T.);
#161=ORIENTED_EDGE('',*,*,#615,.T.);
#162=ORIENTED_EDGE('',*,*,#616,.T.);
#163=ORIENTED_EDGE('',*,*,#617,.T.);
#164=ORIENTED_EDGE('',*,*,#618,.T.);
#165=ORIENTED_EDGE('',*,*,#619,.T.);
#166=ORIENTED_EDGE('',*,*,#620,.T.);
#167=ORIENTED_EDGE('',*,*,#621,.T.);
#168=ORIENTED_EDGE('',*,*,#622,.T.);
#169=ORIENTED_EDGE('',*,*,#623,.T.);
#170=ORIENTED_EDGE('',*,*,#624,.T.);
#171=ORIENTED_EDGE('',*,*,#625,.T.);
#172=ORIENTED_EDGE('',*,*,#626,.T.);
#173=ORIENTED_EDGE('',*,*,#627,.T.);
#174=ORIENTED_EDGE('',*,*,#628,.T.);
#175=ORIENTED_EDGE('',*,*,#596,.T.);
#176=ORIENTED_EDGE('',*,*,#629,.T.);
#177=ORIENTED_EDGE('',*,*,#625,.F.);
#178=ORIENTED_EDGE('',*,*,#630,.T.);
#179=ORIENTED_EDGE('',*,*,#583,.T.);
#180=ORIENTED_EDGE('',*,*,#606,.T.);
#181=ORIENTED_EDGE('',*,*,#603,.T.);
#182=ORIENTED_EDGE('',*,*,#631,.T.);
#183=ORIENTED_EDGE('',*,*,#632,.F.);
#184=ORIENTED_EDGE('',*,*,#633,.T.);
#185=ORIENTED_EDGE('',*,*,#634,.T.);
#186=ORIENTED_EDGE('',*,*,#635,.T.);
#187=ORIENTED_EDGE('',*,*,#632,.T.);
#188=ORIENTED_EDGE('',*,*,#636,.T.);
#189=ORIENTED_EDGE('',*,*,#587,.T.);
#190=ORIENTED_EDGE('',*,*,#637,.T.);
#191=ORIENTED_EDGE('',*,*,#638,.F.);
#192=ORIENTED_EDGE('',*,*,#639,.T.);
#193=ORIENTED_EDGE('',*,*,#638,.T.);
#194=ORIENTED_EDGE('',*,*,#640,.T.);
#195=ORIENTED_EDGE('',*,*,#641,.T.);
#196=ORIENTED_EDGE('',*,*,#642,.T.);
#197=ORIENTED_EDGE('',*,*,#643,.F.);
#198=ORIENTED_EDGE('',*,*,#612,.F.);
#199=ORIENTED_EDGE('',*,*,#609,.F.);
#200=ORIENTED_EDGE('',*,*,#591,.F.);
#201=ORIENTED_EDGE('',*,*,#644,.F.);
#202=ORIENTED_EDGE('',*,*,#643,.T.);
#203=ORIENTED_EDGE('',*,*,#645,.F.);
#204=ORIENTED_EDGE('',*,*,#645,.T.);
#205=ORIENTED_EDGE('',*,*,#590,.F.);
#206=ORIENTED_EDGE('',*,*,#646,.F.);
#207=ORIENTED_EDGE('',*,*,#616,.F.);
#208=ORIENTED_EDGE('',*,*,#644,.T.);
#209=ORIENTED_EDGE('',*,*,#615,.F.);
#210=ORIENTED_EDGE('',*,*,#647,.F.);
#211=ORIENTED_EDGE('',*,*,#610,.F.);
#212=ORIENTED_EDGE('',*,*,#608,.F.);
#213=ORIENTED_EDGE('',*,*,#611,.F.);
#214=ORIENTED_EDGE('',*,*,#648,.F.);
#215=ORIENTED_EDGE('',*,*,#599,.F.);
#216=ORIENTED_EDGE('',*,*,#649,.F.);
#217=ORIENTED_EDGE('',*,*,#646,.T.);
#218=ORIENTED_EDGE('',*,*,#650,.F.);
#219=ORIENTED_EDGE('',*,*,#648,.T.);
#220=ORIENTED_EDGE('',*,*,#647,.T.);
#221=ORIENTED_EDGE('',*,*,#651,.F.);
#222=ORIENTED_EDGE('',*,*,#639,.F.);
#223=ORIENTED_EDGE('',*,*,#642,.F.);
#224=ORIENTED_EDGE('',*,*,#652,.F.);
#225=ORIENTED_EDGE('',*,*,#588,.F.);
#226=ORIENTED_EDGE('',*,*,#650,.T.);
#227=ORIENTED_EDGE('',*,*,#589,.F.);
#228=ORIENTED_EDGE('',*,*,#653,.F.);
#229=ORIENTED_EDGE('',*,*,#622,.F.);
#230=ORIENTED_EDGE('',*,*,#649,.T.);
#231=ORIENTED_EDGE('',*,*,#621,.F.);
#232=ORIENTED_EDGE('',*,*,#654,.F.);
#233=ORIENTED_EDGE('',*,*,#613,.F.);
#234=ORIENTED_EDGE('',*,*,#651,.T.);
#235=ORIENTED_EDGE('',*,*,#614,.F.);
#236=ORIENTED_EDGE('',*,*,#655,.F.);
#237=ORIENTED_EDGE('',*,*,#600,.F.);
#238=ORIENTED_EDGE('',*,*,#653,.T.);
#239=ORIENTED_EDGE('',*,*,#652,.T.);
#240=ORIENTED_EDGE('',*,*,#656,.F.);
#241=ORIENTED_EDGE('',*,*,#655,.T.);
#242=ORIENTED_EDGE('',*,*,#654,.T.);
#243=ORIENTED_EDGE('',*,*,#657,.F.);
#244=ORIENTED_EDGE('',*,*,#637,.F.);
#245=ORIENTED_EDGE('',*,*,#586,.F.);
#246=ORIENTED_EDGE('',*,*,#658,.F.);
#247=ORIENTED_EDGE('',*,*,#640,.F.);
#248=ORIENTED_EDGE('',*,*,#656,.T.);
#249=ORIENTED_EDGE('',*,*,#641,.F.);
#250=ORIENTED_EDGE('',*,*,#659,.F.);
#251=ORIENTED_EDGE('',*,*,#623,.F.);
#252=ORIENTED_EDGE('',*,*,#657,.T.);
#253=ORIENTED_EDGE('',*,*,#620,.F.);
#254=ORIENTED_EDGE('',*,*,#660,.F.);
#255=ORIENTED_EDGE('',*,*,#601,.F.);
#256=ORIENTED_EDGE('',*,*,#631,.F.);
#257=ORIENTED_EDGE('',*,*,#602,.F.);
#258=ORIENTED_EDGE('',*,*,#661,.F.);
#259=ORIENTED_EDGE('',*,*,#636,.F.);
#260=ORIENTED_EDGE('',*,*,#659,.T.);
#261=ORIENTED_EDGE('',*,*,#658,.T.);
#262=ORIENTED_EDGE('',*,*,#662,.F.);
#263=ORIENTED_EDGE('',*,*,#661,.T.);
#264=ORIENTED_EDGE('',*,*,#660,.T.);
#265=ORIENTED_EDGE('',*,*,#663,.F.);
#266=ORIENTED_EDGE('',*,*,#630,.F.);
#267=ORIENTED_EDGE('',*,*,#628,.F.);
#268=ORIENTED_EDGE('',*,*,#664,.F.);
#269=ORIENTED_EDGE('',*,*,#584,.F.);
#270=ORIENTED_EDGE('',*,*,#662,.T.);
#271=ORIENTED_EDGE('',*,*,#585,.F.);
#272=ORIENTED_EDGE('',*,*,#665,.F.);
#273=ORIENTED_EDGE('',*,*,#624,.F.);
#274=ORIENTED_EDGE('',*,*,#663,.T.);
#275=ORIENTED_EDGE('',*,*,#619,.F.);
#276=ORIENTED_EDGE('',*,*,#666,.F.);
#277=ORIENTED_EDGE('',*,*,#634,.F.);
#278=ORIENTED_EDGE('',*,*,#633,.F.);
#279=ORIENTED_EDGE('',*,*,#635,.F.);
#280=ORIENTED_EDGE('',*,*,#667,.F.);
#281=ORIENTED_EDGE('',*,*,#604,.F.);
#282=ORIENTED_EDGE('',*,*,#665,.T.);
#283=ORIENTED_EDGE('',*,*,#664,.T.);
#284=ORIENTED_EDGE('',*,*,#668,.F.);
#285=ORIENTED_EDGE('',*,*,#667,.T.);
#286=ORIENTED_EDGE('',*,*,#666,.T.);
#287=ORIENTED_EDGE('',*,*,#669,.F.);
#288=ORIENTED_EDGE('',*,*,#668,.T.);
#289=ORIENTED_EDGE('',*,*,#627,.F.);
#290=ORIENTED_EDGE('',*,*,#670,.F.);
#291=ORIENTED_EDGE('',*,*,#617,.F.);
#292=ORIENTED_EDGE('',*,*,#669,.T.);
#293=ORIENTED_EDGE('',*,*,#618,.F.);
#294=ORIENTED_EDGE('',*,*,#671,.F.);
#295=ORIENTED_EDGE('',*,*,#594,.F.);
#296=ORIENTED_EDGE('',*,*,#671,.T.);
#297=ORIENTED_EDGE('',*,*,#670,.T.);
#298=ORIENTED_EDGE('',*,*,#672,.F.);
#299=ORIENTED_EDGE('',*,*,#629,.F.);
#300=ORIENTED_EDGE('',*,*,#595,.F.);
#301=ORIENTED_EDGE('',*,*,#672,.T.);
#302=ORIENTED_EDGE('',*,*,#626,.F.);
#303=ORIENTED_EDGE('',*,*,#673,.F.);
#304=ORIENTED_EDGE('',*,*,#674,.F.);
#305=ORIENTED_EDGE('',*,*,#675,.T.);
#306=ORIENTED_EDGE('',*,*,#676,.T.);
#307=ORIENTED_EDGE('',*,*,#677,.F.);
#308=ORIENTED_EDGE('',*,*,#678,.T.);
#309=ORIENTED_EDGE('',*,*,#679,.T.);
#310=ORIENTED_EDGE('',*,*,#673,.T.);
#311=ORIENTED_EDGE('',*,*,#680,.F.);
#312=ORIENTED_EDGE('',*,*,#681,.T.);
#313=ORIENTED_EDGE('',*,*,#682,.T.);
#314=ORIENTED_EDGE('',*,*,#683,.F.);
#315=ORIENTED_EDGE('',*,*,#684,.F.);
#316=ORIENTED_EDGE('',*,*,#685,.F.);
#317=ORIENTED_EDGE('',*,*,#686,.F.);
#318=ORIENTED_EDGE('',*,*,#687,.F.);
#319=ORIENTED_EDGE('',*,*,#688,.F.);
#320=ORIENTED_EDGE('',*,*,#689,.F.);
#321=ORIENTED_EDGE('',*,*,#690,.F.);
#322=ORIENTED_EDGE('',*,*,#691,.T.);
#323=ORIENTED_EDGE('',*,*,#692,.F.);
#324=ORIENTED_EDGE('',*,*,#693,.F.);
#325=ORIENTED_EDGE('',*,*,#694,.T.);
#326=ORIENTED_EDGE('',*,*,#695,.T.);
#327=ORIENTED_EDGE('',*,*,#696,.T.);
#328=ORIENTED_EDGE('',*,*,#697,.T.);
#329=ORIENTED_EDGE('',*,*,#698,.T.);
#330=ORIENTED_EDGE('',*,*,#699,.T.);
#331=ORIENTED_EDGE('',*,*,#700,.F.);
#332=ORIENTED_EDGE('',*,*,#701,.F.);
#333=ORIENTED_EDGE('',*,*,#702,.F.);
#334=ORIENTED_EDGE('',*,*,#703,.F.);
#335=ORIENTED_EDGE('',*,*,#704,.F.);
#336=ORIENTED_EDGE('',*,*,#705,.F.);
#337=ORIENTED_EDGE('',*,*,#706,.F.);
#338=ORIENTED_EDGE('',*,*,#707,.T.);
#339=ORIENTED_EDGE('',*,*,#708,.T.);
#340=ORIENTED_EDGE('',*,*,#709,.F.);
#341=ORIENTED_EDGE('',*,*,#710,.T.);
#342=ORIENTED_EDGE('',*,*,#711,.T.);
#343=ORIENTED_EDGE('',*,*,#712,.T.);
#344=ORIENTED_EDGE('',*,*,#713,.T.);
#345=ORIENTED_EDGE('',*,*,#714,.T.);
#346=ORIENTED_EDGE('',*,*,#715,.T.);
#347=ORIENTED_EDGE('',*,*,#716,.T.);
#348=ORIENTED_EDGE('',*,*,#717,.T.);
#349=ORIENTED_EDGE('',*,*,#718,.F.);
#350=ORIENTED_EDGE('',*,*,#719,.F.);
#351=ORIENTED_EDGE('',*,*,#720,.T.);
#352=ORIENTED_EDGE('',*,*,#675,.F.);
#353=ORIENTED_EDGE('',*,*,#687,.T.);
#354=ORIENTED_EDGE('',*,*,#721,.T.);
#355=ORIENTED_EDGE('',*,*,#713,.F.);
#356=ORIENTED_EDGE('',*,*,#722,.T.);
#357=ORIENTED_EDGE('',*,*,#723,.T.);
#358=ORIENTED_EDGE('',*,*,#697,.F.);
#359=ORIENTED_EDGE('',*,*,#724,.F.);
#360=ORIENTED_EDGE('',*,*,#703,.T.);
#361=ORIENTED_EDGE('',*,*,#725,.F.);
#362=ORIENTED_EDGE('',*,*,#719,.T.);
#363=ORIENTED_EDGE('',*,*,#726,.T.);
#364=ORIENTED_EDGE('',*,*,#681,.F.);
#365=ORIENTED_EDGE('',*,*,#717,.F.);
#366=ORIENTED_EDGE('',*,*,#727,.T.);
#367=ORIENTED_EDGE('',*,*,#683,.T.);
#368=ORIENTED_EDGE('',*,*,#728,.F.);
#369=ORIENTED_EDGE('',*,*,#729,.T.);
#370=ORIENTED_EDGE('',*,*,#688,.T.);
#371=ORIENTED_EDGE('',*,*,#722,.F.);
#372=ORIENTED_EDGE('',*,*,#712,.F.);
#373=ORIENTED_EDGE('',*,*,#730,.T.);
#374=ORIENTED_EDGE('',*,*,#689,.T.);
#375=ORIENTED_EDGE('',*,*,#729,.F.);
#376=ORIENTED_EDGE('',*,*,#711,.F.);
#377=ORIENTED_EDGE('',*,*,#731,.T.);
#378=ORIENTED_EDGE('',*,*,#690,.T.);
#379=ORIENTED_EDGE('',*,*,#730,.F.);
#380=ORIENTED_EDGE('',*,*,#710,.F.);
#381=ORIENTED_EDGE('',*,*,#732,.T.);
#382=ORIENTED_EDGE('',*,*,#691,.F.);
#383=ORIENTED_EDGE('',*,*,#731,.F.);
#384=ORIENTED_EDGE('',*,*,#709,.T.);
#385=ORIENTED_EDGE('',*,*,#733,.T.);
#386=ORIENTED_EDGE('',*,*,#692,.T.);
#387=ORIENTED_EDGE('',*,*,#732,.F.);
#388=ORIENTED_EDGE('',*,*,#708,.F.);
#389=ORIENTED_EDGE('',*,*,#734,.T.);
#390=ORIENTED_EDGE('',*,*,#693,.T.);
#391=ORIENTED_EDGE('',*,*,#733,.F.);
#392=ORIENTED_EDGE('',*,*,#707,.F.);
#393=ORIENTED_EDGE('',*,*,#735,.T.);
#394=ORIENTED_EDGE('',*,*,#694,.F.);
#395=ORIENTED_EDGE('',*,*,#734,.F.);
#396=ORIENTED_EDGE('',*,*,#706,.T.);
#397=ORIENTED_EDGE('',*,*,#736,.T.);
#398=ORIENTED_EDGE('',*,*,#695,.F.);
#399=ORIENTED_EDGE('',*,*,#735,.F.);
#400=ORIENTED_EDGE('',*,*,#705,.T.);
#401=ORIENTED_EDGE('',*,*,#724,.T.);
#402=ORIENTED_EDGE('',*,*,#696,.F.);
#403=ORIENTED_EDGE('',*,*,#736,.F.);
#404=ORIENTED_EDGE('',*,*,#704,.T.);
#405=ORIENTED_EDGE('',*,*,#677,.T.);
#406=ORIENTED_EDGE('',*,*,#699,.F.);
#407=ORIENTED_EDGE('',*,*,#718,.T.);
#408=ORIENTED_EDGE('',*,*,#728,.T.);
#409=ORIENTED_EDGE('',*,*,#682,.F.);
#410=ORIENTED_EDGE('',*,*,#726,.F.);
#411=ORIENTED_EDGE('',*,*,#725,.T.);
#412=ORIENTED_EDGE('',*,*,#680,.T.);
#413=ORIENTED_EDGE('',*,*,#676,.F.);
#414=ORIENTED_EDGE('',*,*,#720,.F.);
#415=ORIENTED_EDGE('',*,*,#721,.F.);
#416=ORIENTED_EDGE('',*,*,#686,.T.);
#417=ORIENTED_EDGE('',*,*,#737,.F.);
#418=ORIENTED_EDGE('',*,*,#714,.F.);
#419=ORIENTED_EDGE('',*,*,#737,.T.);
#420=ORIENTED_EDGE('',*,*,#685,.T.);
#421=ORIENTED_EDGE('',*,*,#738,.F.);
#422=ORIENTED_EDGE('',*,*,#715,.F.);
#423=ORIENTED_EDGE('',*,*,#738,.T.);
#424=ORIENTED_EDGE('',*,*,#684,.T.);
#425=ORIENTED_EDGE('',*,*,#727,.F.);
#426=ORIENTED_EDGE('',*,*,#716,.F.);
#427=ORIENTED_EDGE('',*,*,#700,.T.);
#428=ORIENTED_EDGE('',*,*,#674,.T.);
#429=ORIENTED_EDGE('',*,*,#679,.F.);
#430=ORIENTED_EDGE('',*,*,#739,.F.);
#431=ORIENTED_EDGE('',*,*,#701,.T.);
#432=ORIENTED_EDGE('',*,*,#739,.T.);
#433=ORIENTED_EDGE('',*,*,#678,.F.);
#434=ORIENTED_EDGE('',*,*,#740,.F.);
#435=ORIENTED_EDGE('',*,*,#702,.T.);
#436=ORIENTED_EDGE('',*,*,#740,.T.);
#437=ORIENTED_EDGE('',*,*,#698,.F.);
#438=ORIENTED_EDGE('',*,*,#723,.F.);
#439=ORIENTED_EDGE('',*,*,#741,.T.);
#440=ORIENTED_EDGE('',*,*,#742,.F.);
#441=ORIENTED_EDGE('',*,*,#743,.F.);
#442=ORIENTED_EDGE('',*,*,#744,.T.);
#443=ORIENTED_EDGE('',*,*,#743,.T.);
#444=ORIENTED_EDGE('',*,*,#745,.F.);
#445=ORIENTED_EDGE('',*,*,#746,.F.);
#446=ORIENTED_EDGE('',*,*,#747,.T.);
#447=ORIENTED_EDGE('',*,*,#746,.T.);
#448=ORIENTED_EDGE('',*,*,#748,.F.);
#449=ORIENTED_EDGE('',*,*,#749,.F.);
#450=ORIENTED_EDGE('',*,*,#750,.T.);
#451=ORIENTED_EDGE('',*,*,#751,.T.);
#452=ORIENTED_EDGE('',*,*,#752,.F.);
#453=ORIENTED_EDGE('',*,*,#753,.F.);
#454=ORIENTED_EDGE('',*,*,#754,.T.);
#455=ORIENTED_EDGE('',*,*,#753,.T.);
#456=ORIENTED_EDGE('',*,*,#755,.F.);
#457=ORIENTED_EDGE('',*,*,#756,.F.);
#458=ORIENTED_EDGE('',*,*,#757,.T.);
#459=ORIENTED_EDGE('',*,*,#756,.T.);
#460=ORIENTED_EDGE('',*,*,#758,.F.);
#461=ORIENTED_EDGE('',*,*,#759,.F.);
#462=ORIENTED_EDGE('',*,*,#760,.T.);
#463=ORIENTED_EDGE('',*,*,#761,.T.);
#464=ORIENTED_EDGE('',*,*,#762,.F.);
#465=ORIENTED_EDGE('',*,*,#749,.T.);
#466=ORIENTED_EDGE('',*,*,#763,.T.);
#467=ORIENTED_EDGE('',*,*,#764,.F.);
#468=ORIENTED_EDGE('',*,*,#751,.F.);
#469=ORIENTED_EDGE('',*,*,#765,.T.);
#470=ORIENTED_EDGE('',*,*,#766,.T.);
#471=ORIENTED_EDGE('',*,*,#767,.F.);
#472=ORIENTED_EDGE('',*,*,#761,.F.);
#473=ORIENTED_EDGE('',*,*,#768,.F.);
#474=ORIENTED_EDGE('',*,*,#766,.F.);
#475=ORIENTED_EDGE('',*,*,#769,.T.);
#476=ORIENTED_EDGE('',*,*,#770,.T.);
#477=ORIENTED_EDGE('',*,*,#771,.T.);
#478=ORIENTED_EDGE('',*,*,#758,.T.);
#479=ORIENTED_EDGE('',*,*,#755,.T.);
#480=ORIENTED_EDGE('',*,*,#752,.T.);
#481=ORIENTED_EDGE('',*,*,#764,.T.);
#482=ORIENTED_EDGE('',*,*,#768,.T.);
#483=ORIENTED_EDGE('',*,*,#763,.F.);
#484=ORIENTED_EDGE('',*,*,#748,.T.);
#485=ORIENTED_EDGE('',*,*,#745,.T.);
#486=ORIENTED_EDGE('',*,*,#742,.T.);
#487=ORIENTED_EDGE('',*,*,#772,.T.);
#488=ORIENTED_EDGE('',*,*,#773,.T.);
#489=ORIENTED_EDGE('',*,*,#769,.F.);
#490=ORIENTED_EDGE('',*,*,#741,.F.);
#491=ORIENTED_EDGE('',*,*,#774,.F.);
#492=ORIENTED_EDGE('',*,*,#775,.T.);
#493=ORIENTED_EDGE('',*,*,#772,.F.);
#494=ORIENTED_EDGE('',*,*,#744,.F.);
#495=ORIENTED_EDGE('',*,*,#747,.F.);
#496=ORIENTED_EDGE('',*,*,#750,.F.);
#497=ORIENTED_EDGE('',*,*,#762,.T.);
#498=ORIENTED_EDGE('',*,*,#767,.T.);
#499=ORIENTED_EDGE('',*,*,#765,.F.);
#500=ORIENTED_EDGE('',*,*,#754,.F.);
#501=ORIENTED_EDGE('',*,*,#757,.F.);
#502=ORIENTED_EDGE('',*,*,#760,.F.);
#503=ORIENTED_EDGE('',*,*,#771,.F.);
#504=ORIENTED_EDGE('',*,*,#776,.T.);
#505=ORIENTED_EDGE('',*,*,#774,.T.);
#506=ORIENTED_EDGE('',*,*,#759,.T.);
#507=ORIENTED_EDGE('',*,*,#776,.F.);
#508=ORIENTED_EDGE('',*,*,#770,.F.);
#509=ORIENTED_EDGE('',*,*,#773,.F.);
#510=ORIENTED_EDGE('',*,*,#775,.F.);
#511=ORIENTED_EDGE('',*,*,#777,.F.);
#512=ORIENTED_EDGE('',*,*,#778,.T.);
#513=ORIENTED_EDGE('',*,*,#779,.T.);
#514=ORIENTED_EDGE('',*,*,#780,.T.);
#515=ORIENTED_EDGE('',*,*,#781,.F.);
#516=ORIENTED_EDGE('',*,*,#782,.F.);
#517=ORIENTED_EDGE('',*,*,#783,.F.);
#518=ORIENTED_EDGE('',*,*,#784,.F.);
#519=ORIENTED_EDGE('',*,*,#785,.F.);
#520=ORIENTED_EDGE('',*,*,#786,.F.);
#521=ORIENTED_EDGE('',*,*,#787,.T.);
#522=ORIENTED_EDGE('',*,*,#784,.T.);
#523=ORIENTED_EDGE('',*,*,#782,.T.);
#524=ORIENTED_EDGE('',*,*,#788,.F.);
#525=ORIENTED_EDGE('',*,*,#789,.T.);
#526=ORIENTED_EDGE('',*,*,#790,.T.);
#527=ORIENTED_EDGE('',*,*,#791,.T.);
#528=ORIENTED_EDGE('',*,*,#777,.T.);
#529=ORIENTED_EDGE('',*,*,#792,.T.);
#530=ORIENTED_EDGE('',*,*,#793,.T.);
#531=ORIENTED_EDGE('',*,*,#794,.T.);
#532=ORIENTED_EDGE('',*,*,#795,.T.);
#533=ORIENTED_EDGE('',*,*,#785,.T.);
#534=ORIENTED_EDGE('',*,*,#783,.T.);
#535=ORIENTED_EDGE('',*,*,#790,.F.);
#536=ORIENTED_EDGE('',*,*,#796,.T.);
#537=ORIENTED_EDGE('',*,*,#797,.T.);
#538=ORIENTED_EDGE('',*,*,#798,.T.);
#539=ORIENTED_EDGE('',*,*,#779,.F.);
#540=ORIENTED_EDGE('',*,*,#799,.F.);
#541=ORIENTED_EDGE('',*,*,#800,.F.);
#542=ORIENTED_EDGE('',*,*,#801,.F.);
#543=ORIENTED_EDGE('',*,*,#802,.F.);
#544=ORIENTED_EDGE('',*,*,#788,.T.);
#545=ORIENTED_EDGE('',*,*,#781,.T.);
#546=ORIENTED_EDGE('',*,*,#787,.F.);
#547=ORIENTED_EDGE('',*,*,#803,.F.);
#548=ORIENTED_EDGE('',*,*,#804,.F.);
#549=ORIENTED_EDGE('',*,*,#805,.F.);
#550=ORIENTED_EDGE('',*,*,#806,.F.);
#551=ORIENTED_EDGE('',*,*,#780,.F.);
#552=ORIENTED_EDGE('',*,*,#806,.T.);
#553=ORIENTED_EDGE('',*,*,#807,.T.);
#554=ORIENTED_EDGE('',*,*,#792,.F.);
#555=ORIENTED_EDGE('',*,*,#808,.T.);
#556=ORIENTED_EDGE('',*,*,#793,.F.);
#557=ORIENTED_EDGE('',*,*,#807,.F.);
#558=ORIENTED_EDGE('',*,*,#805,.T.);
#559=ORIENTED_EDGE('',*,*,#809,.T.);
#560=ORIENTED_EDGE('',*,*,#794,.F.);
#561=ORIENTED_EDGE('',*,*,#808,.F.);
#562=ORIENTED_EDGE('',*,*,#804,.T.);
#563=ORIENTED_EDGE('',*,*,#786,.T.);
#564=ORIENTED_EDGE('',*,*,#795,.F.);
#565=ORIENTED_EDGE('',*,*,#809,.F.);
#566=ORIENTED_EDGE('',*,*,#803,.T.);
#567=ORIENTED_EDGE('',*,*,#810,.T.);
#568=ORIENTED_EDGE('',*,*,#796,.F.);
#569=ORIENTED_EDGE('',*,*,#789,.F.);
#570=ORIENTED_EDGE('',*,*,#802,.T.);
#571=ORIENTED_EDGE('',*,*,#811,.T.);
#572=ORIENTED_EDGE('',*,*,#797,.F.);
#573=ORIENTED_EDGE('',*,*,#810,.F.);
#574=ORIENTED_EDGE('',*,*,#801,.T.);
#575=ORIENTED_EDGE('',*,*,#812,.T.);
#576=ORIENTED_EDGE('',*,*,#798,.F.);
#577=ORIENTED_EDGE('',*,*,#811,.F.);
#578=ORIENTED_EDGE('',*,*,#800,.T.);
#579=ORIENTED_EDGE('',*,*,#778,.F.);
#580=ORIENTED_EDGE('',*,*,#791,.F.);
#581=ORIENTED_EDGE('',*,*,#812,.F.);
#582=ORIENTED_EDGE('',*,*,#799,.T.);
#583=EDGE_CURVE('',#813,#814,#957,.T.);
#584=EDGE_CURVE('',#813,#815,#958,.F.);
#585=EDGE_CURVE('',#815,#816,#959,.F.);
#586=EDGE_CURVE('',#816,#817,#115,.F.);
#587=EDGE_CURVE('',#818,#817,#960,.T.);
#588=EDGE_CURVE('',#818,#819,#116,.F.);
#589=EDGE_CURVE('',#819,#820,#961,.F.);
#590=EDGE_CURVE('',#820,#821,#962,.T.);
#591=EDGE_CURVE('',#821,#822,#963,.T.);
#592=EDGE_CURVE('',#822,#823,#964,.T.);
#593=EDGE_CURVE('',#814,#823,#965,.T.);
#594=EDGE_CURVE('',#824,#825,#966,.T.);
#595=EDGE_CURVE('',#825,#826,#967,.F.);
#596=EDGE_CURVE('',#827,#826,#968,.T.);
#597=EDGE_CURVE('',#827,#828,#969,.T.);
#598=EDGE_CURVE('',#828,#829,#970,.T.);
#599=EDGE_CURVE('',#829,#830,#971,.T.);
#600=EDGE_CURVE('',#830,#831,#972,.T.);
#601=EDGE_CURVE('',#831,#832,#973,.T.);
#602=EDGE_CURVE('',#832,#833,#117,.F.);
#603=EDGE_CURVE('',#834,#833,#974,.T.);
#604=EDGE_CURVE('',#834,#824,#118,.F.);
#605=EDGE_CURVE('',#823,#828,#975,.T.);
#606=EDGE_CURVE('',#814,#827,#976,.T.);
#607=EDGE_CURVE('',#835,#836,#977,.T.);
#608=EDGE_CURVE('',#836,#829,#119,.T.);
#609=EDGE_CURVE('',#822,#835,#120,.T.);
#610=EDGE_CURVE('',#837,#838,#978,.T.);
#611=EDGE_CURVE('',#838,#836,#979,.F.);
#612=EDGE_CURVE('',#835,#837,#980,.F.);
#613=EDGE_CURVE('',#839,#840,#981,.T.);
#614=EDGE_CURVE('',#840,#841,#982,.F.);
#615=EDGE_CURVE('',#841,#842,#983,.F.);
#616=EDGE_CURVE('',#842,#839,#984,.F.);
#617=EDGE_CURVE('',#843,#844,#985,.T.);
#618=EDGE_CURVE('',#844,#845,#986,.F.);
#619=EDGE_CURVE('',#845,#846,#77,.F.);
#620=EDGE_CURVE('',#846,#847,#987,.F.);
#621=EDGE_CURVE('',#847,#848,#988,.F.);
#622=EDGE_CURVE('',#848,#849,#989,.T.);
#623=EDGE_CURVE('',#849,#850,#78,.F.);
#624=EDGE_CURVE('',#850,#843,#990,.T.);
#625=EDGE_CURVE('',#851,#852,#991,.T.);
#626=EDGE_CURVE('',#852,#853,#992,.T.);
#627=EDGE_CURVE('',#853,#854,#993,.F.);
#628=EDGE_CURVE('',#854,#851,#994,.T.);
#629=EDGE_CURVE('',#826,#852,#121,.T.);
#630=EDGE_CURVE('',#851,#813,#122,.T.);
#631=EDGE_CURVE('',#833,#855,#68,.T.);
#632=EDGE_CURVE('',#856,#855,#79,.T.);
#633=EDGE_CURVE('',#856,#834,#69,.T.);
#634=EDGE_CURVE('',#857,#858,#80,.F.);
#635=EDGE_CURVE('',#858,#856,#70,.T.);
#636=EDGE_CURVE('',#855,#857,#71,.T.);
#637=EDGE_CURVE('',#817,#859,#72,.T.);
#638=EDGE_CURVE('',#860,#859,#81,.T.);
#639=EDGE_CURVE('',#860,#818,#73,.T.);
#640=EDGE_CURVE('',#859,#861,#74,.T.);
#641=EDGE_CURVE('',#861,#862,#82,.F.);
#642=EDGE_CURVE('',#862,#860,#75,.T.);
#643=EDGE_CURVE('',#837,#821,#83,.T.);
#644=EDGE_CURVE('',#837,#842,#84,.F.);
#645=EDGE_CURVE('',#842,#821,#85,.F.);
#646=EDGE_CURVE('',#839,#820,#86,.T.);
#647=EDGE_CURVE('',#838,#841,#87,.T.);
#648=EDGE_CURVE('',#830,#838,#88,.T.);
#649=EDGE_CURVE('',#839,#848,#89,.F.);
#650=EDGE_CURVE('',#848,#820,#90,.F.);
#651=EDGE_CURVE('',#830,#841,#91,.F.);
#652=EDGE_CURVE('',#819,#862,#92,.T.);
#653=EDGE_CURVE('',#849,#819,#93,.T.);
#654=EDGE_CURVE('',#840,#847,#94,.T.);
#655=EDGE_CURVE('',#831,#840,#95,.T.);
#656=EDGE_CURVE('',#849,#862,#96,.F.);
#657=EDGE_CURVE('',#831,#847,#97,.F.);
#658=EDGE_CURVE('',#861,#816,#98,.T.);
#659=EDGE_CURVE('',#850,#861,#99,.T.);
#660=EDGE_CURVE('',#832,#846,#100,.T.);
#661=EDGE_CURVE('',#857,#832,#101,.T.);
#662=EDGE_CURVE('',#850,#816,#102,.F.);
#663=EDGE_CURVE('',#857,#846,#103,.F.);
#664=EDGE_CURVE('',#815,#854,#104,.T.);
#665=EDGE_CURVE('',#843,#815,#105,.T.);
#666=EDGE_CURVE('',#858,#845,#106,.T.);
#667=EDGE_CURVE('',#824,#858,#107,.T.);
#668=EDGE_CURVE('',#843,#854,#108,.F.);
#669=EDGE_CURVE('',#824,#845,#109,.F.);
#670=EDGE_CURVE('',#844,#853,#110,.T.);
#671=EDGE_CURVE('',#825,#844,#111,.T.);
#672=EDGE_CURVE('',#825,#853,#112,.F.);
#673=EDGE_CURVE('',#863,#864,#995,.T.);
#674=EDGE_CURVE('',#865,#863,#996,.T.);
#675=EDGE_CURVE('',#865,#866,#997,.T.);
#676=EDGE_CURVE('',#866,#864,#998,.T.);
#677=EDGE_CURVE('',#867,#867,#113,.T.);
#678=EDGE_CURVE('',#868,#869,#999,.T.);
#679=EDGE_CURVE('',#869,#863,#1000,.T.);
#680=EDGE_CURVE('',#870,#864,#1001,.T.);
#681=EDGE_CURVE('',#870,#871,#1002,.T.);
#682=EDGE_CURVE('',#871,#872,#1003,.T.);
#683=EDGE_CURVE('',#873,#872,#1004,.T.);
#684=EDGE_CURVE('',#874,#873,#1005,.T.);
#685=EDGE_CURVE('',#875,#874,#1006,.T.);
#686=EDGE_CURVE('',#876,#875,#1007,.T.);
#687=EDGE_CURVE('',#877,#876,#1008,.T.);
#688=EDGE_CURVE('',#878,#877,#1009,.T.);
#689=EDGE_CURVE('',#879,#878,#1010,.T.);
#690=EDGE_CURVE('',#880,#879,#1011,.T.);
#691=EDGE_CURVE('',#880,#881,#1012,.T.);
#692=EDGE_CURVE('',#882,#881,#1013,.T.);
#693=EDGE_CURVE('',#883,#882,#1014,.T.);
#694=EDGE_CURVE('',#883,#884,#1015,.T.);
#695=EDGE_CURVE('',#884,#885,#1016,.T.);
#696=EDGE_CURVE('',#885,#886,#1017,.T.);
#697=EDGE_CURVE('',#886,#887,#1018,.T.);
#698=EDGE_CURVE('',#887,#868,#1019,.T.);
#699=EDGE_CURVE('',#888,#888,#114,.T.);
#700=EDGE_CURVE('',#889,#865,#1020,.T.);
#701=EDGE_CURVE('',#890,#889,#1021,.T.);
#702=EDGE_CURVE('',#891,#890,#1022,.T.);
#703=EDGE_CURVE('',#892,#891,#1023,.T.);
#704=EDGE_CURVE('',#893,#892,#1024,.T.);
#705=EDGE_CURVE('',#894,#893,#1025,.T.);
#706=EDGE_CURVE('',#895,#894,#1026,.T.);
#707=EDGE_CURVE('',#895,#896,#1027,.T.);
#708=EDGE_CURVE('',#896,#897,#1028,.T.);
#709=EDGE_CURVE('',#898,#897,#1029,.T.);
#710=EDGE_CURVE('',#898,#899,#1030,.T.);
#711=EDGE_CURVE('',#899,#900,#1031,.T.);
#712=EDGE_CURVE('',#900,#901,#1032,.T.);
#713=EDGE_CURVE('',#901,#902,#1033,.T.);
#714=EDGE_CURVE('',#902,#903,#1034,.T.);
#715=EDGE_CURVE('',#903,#904,#1035,.T.);
#716=EDGE_CURVE('',#904,#905,#1036,.T.);
#717=EDGE_CURVE('',#905,#906,#1037,.T.);
#718=EDGE_CURVE('',#907,#906,#1038,.T.);
#719=EDGE_CURVE('',#908,#907,#1039,.T.);
#720=EDGE_CURVE('',#908,#866,#1040,.T.);
#721=EDGE_CURVE('',#876,#902,#1041,.T.);
#722=EDGE_CURVE('',#901,#877,#1042,.T.);
#723=EDGE_CURVE('',#891,#887,#1043,.T.);
#724=EDGE_CURVE('',#892,#886,#1044,.T.);
#725=EDGE_CURVE('',#908,#870,#1045,.T.);
#726=EDGE_CURVE('',#907,#871,#1046,.T.);
#727=EDGE_CURVE('',#905,#873,#1047,.T.);
#728=EDGE_CURVE('',#906,#872,#1048,.T.);
#729=EDGE_CURVE('',#900,#878,#1049,.T.);
#730=EDGE_CURVE('',#899,#879,#1050,.T.);
#731=EDGE_CURVE('',#898,#880,#1051,.T.);
#732=EDGE_CURVE('',#897,#881,#1052,.T.);
#733=EDGE_CURVE('',#896,#882,#1053,.T.);
#734=EDGE_CURVE('',#895,#883,#1054,.T.);
#735=EDGE_CURVE('',#894,#884,#1055,.T.);
#736=EDGE_CURVE('',#893,#885,#1056,.T.);
#737=EDGE_CURVE('',#903,#875,#1057,.T.);
#738=EDGE_CURVE('',#904,#874,#1058,.T.);
#739=EDGE_CURVE('',#889,#869,#1059,.T.);
#740=EDGE_CURVE('',#890,#868,#1060,.T.);
#741=EDGE_CURVE('',#909,#910,#1061,.T.);
#742=EDGE_CURVE('',#911,#910,#1062,.T.);
#743=EDGE_CURVE('',#912,#911,#1063,.T.);
#744=EDGE_CURVE('',#912,#909,#1064,.T.);
#745=EDGE_CURVE('',#913,#911,#1065,.T.);
#746=EDGE_CURVE('',#914,#913,#1066,.T.);
#747=EDGE_CURVE('',#914,#912,#1067,.T.);
#748=EDGE_CURVE('',#915,#913,#1068,.T.);
#749=EDGE_CURVE('',#916,#915,#1069,.T.);
#750=EDGE_CURVE('',#916,#914,#1070,.T.);
#751=EDGE_CURVE('',#917,#918,#76,.T.);
#752=EDGE_CURVE('',#919,#918,#1071,.T.);
#753=EDGE_CURVE('',#920,#919,#1072,.T.);
#754=EDGE_CURVE('',#920,#917,#1073,.T.);
#755=EDGE_CURVE('',#921,#919,#1074,.T.);
#756=EDGE_CURVE('',#922,#921,#1075,.T.);
#757=EDGE_CURVE('',#922,#920,#1076,.T.);
#758=EDGE_CURVE('',#923,#921,#1077,.T.);
#759=EDGE_CURVE('',#924,#923,#1078,.T.);
#760=EDGE_CURVE('',#924,#922,#1079,.T.);
#761=EDGE_CURVE('',#925,#926,#1080,.T.);
#762=EDGE_CURVE('',#916,#926,#1081,.T.);
#763=EDGE_CURVE('',#915,#925,#1082,.T.);
#764=EDGE_CURVE('',#918,#927,#1083,.T.);
#765=EDGE_CURVE('',#917,#928,#1084,.T.);
#766=EDGE_CURVE('',#928,#927,#1085,.T.);
#767=EDGE_CURVE('',#926,#928,#1086,.T.);
#768=EDGE_CURVE('',#927,#925,#1087,.T.);
#769=EDGE_CURVE('',#910,#929,#1088,.T.);
#770=EDGE_CURVE('',#929,#930,#1089,.T.);
#771=EDGE_CURVE('',#930,#923,#1090,.T.);
#772=EDGE_CURVE('',#909,#931,#1091,.T.);
#773=EDGE_CURVE('',#931,#929,#1092,.T.);
#774=EDGE_CURVE('',#932,#924,#1093,.T.);
#775=EDGE_CURVE('',#932,#931,#1094,.T.);
#776=EDGE_CURVE('',#930,#932,#1095,.T.);
#777=EDGE_CURVE('',#933,#934,#1096,.T.);
#778=EDGE_CURVE('',#933,#935,#1097,.T.);
#779=EDGE_CURVE('',#935,#936,#1098,.T.);
#780=EDGE_CURVE('',#936,#934,#1099,.T.);
#781=EDGE_CURVE('',#937,#938,#1100,.T.);
#782=EDGE_CURVE('',#939,#937,#1101,.T.);
#783=EDGE_CURVE('',#940,#939,#1102,.T.);
#784=EDGE_CURVE('',#938,#940,#1103,.T.);
#785=EDGE_CURVE('',#941,#940,#1104,.T.);
#786=EDGE_CURVE('',#942,#941,#1105,.T.);
#787=EDGE_CURVE('',#942,#938,#1106,.T.);
#788=EDGE_CURVE('',#943,#937,#1107,.T.);
#789=EDGE_CURVE('',#943,#944,#1108,.T.);
#790=EDGE_CURVE('',#944,#939,#1109,.T.);
#791=EDGE_CURVE('',#945,#933,#1110,.T.);
#792=EDGE_CURVE('',#934,#946,#1111,.T.);
#793=EDGE_CURVE('',#946,#947,#1112,.T.);
#794=EDGE_CURVE('',#947,#948,#1113,.T.);
#795=EDGE_CURVE('',#948,#941,#1114,.T.);
#796=EDGE_CURVE('',#944,#949,#1115,.T.);
#797=EDGE_CURVE('',#949,#950,#1116,.T.);
#798=EDGE_CURVE('',#950,#945,#1117,.T.);
#799=EDGE_CURVE('',#951,#935,#1118,.T.);
#800=EDGE_CURVE('',#952,#951,#1119,.T.);
#801=EDGE_CURVE('',#953,#952,#1120,.T.);
#802=EDGE_CURVE('',#943,#953,#1121,.T.);
#803=EDGE_CURVE('',#954,#942,#1122,.T.);
#804=EDGE_CURVE('',#955,#954,#1123,.T.);
#805=EDGE_CURVE('',#956,#955,#1124,.T.);
#806=EDGE_CURVE('',#936,#956,#1125,.T.);
#807=EDGE_CURVE('',#956,#946,#1126,.T.);
#808=EDGE_CURVE('',#955,#947,#1127,.T.);
#809=EDGE_CURVE('',#954,#948,#1128,.T.);
#810=EDGE_CURVE('',#953,#949,#1129,.T.);
#811=EDGE_CURVE('',#952,#950,#1130,.T.);
#812=EDGE_CURVE('',#951,#945,#1131,.T.);
#813=VERTEX_POINT('',#2308);
#814=VERTEX_POINT('',#2309);
#815=VERTEX_POINT('',#2311);
#816=VERTEX_POINT('',#2313);
#817=VERTEX_POINT('',#2315);
#818=VERTEX_POINT('',#2317);
#819=VERTEX_POINT('',#2319);
#820=VERTEX_POINT('',#2321);
#821=VERTEX_POINT('',#2323);
#822=VERTEX_POINT('',#2325);
#823=VERTEX_POINT('',#2327);
#824=VERTEX_POINT('',#2331);
#825=VERTEX_POINT('',#2332);
#826=VERTEX_POINT('',#2334);
#827=VERTEX_POINT('',#2336);
#828=VERTEX_POINT('',#2338);
#829=VERTEX_POINT('',#2340);
#830=VERTEX_POINT('',#2342);
#831=VERTEX_POINT('',#2344);
#832=VERTEX_POINT('',#2346);
#833=VERTEX_POINT('',#2348);
#834=VERTEX_POINT('',#2350);
#835=VERTEX_POINT('',#2357);
#836=VERTEX_POINT('',#2358);
#837=VERTEX_POINT('',#2363);
#838=VERTEX_POINT('',#2364);
#839=VERTEX_POINT('',#2369);
#840=VERTEX_POINT('',#2370);
#841=VERTEX_POINT('',#2372);
#842=VERTEX_POINT('',#2374);
#843=VERTEX_POINT('',#2378);
#844=VERTEX_POINT('',#2379);
#845=VERTEX_POINT('',#2381);
#846=VERTEX_POINT('',#2383);
#847=VERTEX_POINT('',#2385);
#848=VERTEX_POINT('',#2387);
#849=VERTEX_POINT('',#2389);
#850=VERTEX_POINT('',#2391);
#851=VERTEX_POINT('',#2395);
#852=VERTEX_POINT('',#2396);
#853=VERTEX_POINT('',#2398);
#854=VERTEX_POINT('',#2400);
#855=VERTEX_POINT('',#2410);
#856=VERTEX_POINT('',#2412);
#857=VERTEX_POINT('',#2419);
#858=VERTEX_POINT('',#2420);
#859=VERTEX_POINT('',#2434);
#860=VERTEX_POINT('',#2436);
#861=VERTEX_POINT('',#2446);
#862=VERTEX_POINT('',#2448);
#863=VERTEX_POINT('',#2559);
#864=VERTEX_POINT('',#2560);
#865=VERTEX_POINT('',#2562);
#866=VERTEX_POINT('',#2564);
#867=VERTEX_POINT('',#2568);
#868=VERTEX_POINT('',#2570);
#869=VERTEX_POINT('',#2571);
#870=VERTEX_POINT('',#2574);
#871=VERTEX_POINT('',#2576);
#872=VERTEX_POINT('',#2578);
#873=VERTEX_POINT('',#2580);
#874=VERTEX_POINT('',#2582);
#875=VERTEX_POINT('',#2584);
#876=VERTEX_POINT('',#2586);
#877=VERTEX_POINT('',#2588);
#878=VERTEX_POINT('',#2590);
#879=VERTEX_POINT('',#2592);
#880=VERTEX_POINT('',#2594);
#881=VERTEX_POINT('',#2596);
#882=VERTEX_POINT('',#2598);
#883=VERTEX_POINT('',#2600);
#884=VERTEX_POINT('',#2602);
#885=VERTEX_POINT('',#2604);
#886=VERTEX_POINT('',#2606);
#887=VERTEX_POINT('',#2608);
#888=VERTEX_POINT('',#2612);
#889=VERTEX_POINT('',#2614);
#890=VERTEX_POINT('',#2616);
#891=VERTEX_POINT('',#2618);
#892=VERTEX_POINT('',#2620);
#893=VERTEX_POINT('',#2622);
#894=VERTEX_POINT('',#2624);
#895=VERTEX_POINT('',#2626);
#896=VERTEX_POINT('',#2628);
#897=VERTEX_POINT('',#2630);
#898=VERTEX_POINT('',#2632);
#899=VERTEX_POINT('',#2634);
#900=VERTEX_POINT('',#2636);
#901=VERTEX_POINT('',#2638);
#902=VERTEX_POINT('',#2640);
#903=VERTEX_POINT('',#2642);
#904=VERTEX_POINT('',#2644);
#905=VERTEX_POINT('',#2646);
#906=VERTEX_POINT('',#2648);
#907=VERTEX_POINT('',#2650);
#908=VERTEX_POINT('',#2652);
#909=VERTEX_POINT('',#2699);
#910=VERTEX_POINT('',#2700);
#911=VERTEX_POINT('',#2702);
#912=VERTEX_POINT('',#2704);
#913=VERTEX_POINT('',#2708);
#914=VERTEX_POINT('',#2710);
#915=VERTEX_POINT('',#2714);
#916=VERTEX_POINT('',#2716);
#917=VERTEX_POINT('',#2723);
#918=VERTEX_POINT('',#2724);
#919=VERTEX_POINT('',#2726);
#920=VERTEX_POINT('',#2728);
#921=VERTEX_POINT('',#2732);
#922=VERTEX_POINT('',#2734);
#923=VERTEX_POINT('',#2738);
#924=VERTEX_POINT('',#2740);
#925=VERTEX_POINT('',#2744);
#926=VERTEX_POINT('',#2745);
#927=VERTEX_POINT('',#2750);
#928=VERTEX_POINT('',#2752);
#929=VERTEX_POINT('',#2759);
#930=VERTEX_POINT('',#2761);
#931=VERTEX_POINT('',#2765);
#932=VERTEX_POINT('',#2769);
#933=VERTEX_POINT('',#2776);
#934=VERTEX_POINT('',#2777);
#935=VERTEX_POINT('',#2779);
#936=VERTEX_POINT('',#2781);
#937=VERTEX_POINT('',#2785);
#938=VERTEX_POINT('',#2786);
#939=VERTEX_POINT('',#2788);
#940=VERTEX_POINT('',#2790);
#941=VERTEX_POINT('',#2794);
#942=VERTEX_POINT('',#2796);
#943=VERTEX_POINT('',#2800);
#944=VERTEX_POINT('',#2802);
#945=VERTEX_POINT('',#2806);
#946=VERTEX_POINT('',#2808);
#947=VERTEX_POINT('',#2810);
#948=VERTEX_POINT('',#2812);
#949=VERTEX_POINT('',#2815);
#950=VERTEX_POINT('',#2817);
#951=VERTEX_POINT('',#2821);
#952=VERTEX_POINT('',#2823);
#953=VERTEX_POINT('',#2825);
#954=VERTEX_POINT('',#2828);
#955=VERTEX_POINT('',#2830);
#956=VERTEX_POINT('',#2832);
#957=LINE('',#2307,#1132);
#958=LINE('',#2310,#1133);
#959=LINE('',#2312,#1134);
#960=LINE('',#2316,#1135);
#961=LINE('',#2320,#1136);
#962=LINE('',#2322,#1137);
#963=LINE('',#2324,#1138);
#964=LINE('',#2326,#1139);
#965=LINE('',#2328,#1140);
#966=LINE('',#2330,#1141);
#967=LINE('',#2333,#1142);
#968=LINE('',#2335,#1143);
#969=LINE('',#2337,#1144);
#970=LINE('',#2339,#1145);
#971=LINE('',#2341,#1146);
#972=LINE('',#2343,#1147);
#973=LINE('',#2345,#1148);
#974=LINE('',#2349,#1149);
#975=LINE('',#2353,#1150);
#976=LINE('',#2354,#1151);
#977=LINE('',#2356,#1152);
#978=LINE('',#2362,#1153);
#979=LINE('',#2365,#1154);
#980=LINE('',#2366,#1155);
#981=LINE('',#2368,#1156);
#982=LINE('',#2371,#1157);
#983=LINE('',#2373,#1158);
#984=LINE('',#2375,#1159);
#985=LINE('',#2377,#1160);
#986=LINE('',#2380,#1161);
#987=LINE('',#2384,#1162);
#988=LINE('',#2386,#1163);
#989=LINE('',#2388,#1164);
#990=LINE('',#2392,#1165);
#991=LINE('',#2394,#1166);
#992=LINE('',#2397,#1167);
#993=LINE('',#2399,#1168);
#994=LINE('',#2401,#1169);
#995=LINE('',#2558,#1170);
#996=LINE('',#2561,#1171);
#997=LINE('',#2563,#1172);
#998=LINE('',#2565,#1173);
#999=LINE('',#2569,#1174);
#1000=LINE('',#2572,#1175);
#1001=LINE('',#2573,#1176);
#1002=LINE('',#2575,#1177);
#1003=LINE('',#2577,#1178);
#1004=LINE('',#2579,#1179);
#1005=LINE('',#2581,#1180);
#1006=LINE('',#2583,#1181);
#1007=LINE('',#2585,#1182);
#1008=LINE('',#2587,#1183);
#1009=LINE('',#2589,#1184);
#1010=LINE('',#2591,#1185);
#1011=LINE('',#2593,#1186);
#1012=LINE('',#2595,#1187);
#1013=LINE('',#2597,#1188);
#1014=LINE('',#2599,#1189);
#1015=LINE('',#2601,#1190);
#1016=LINE('',#2603,#1191);
#1017=LINE('',#2605,#1192);
#1018=LINE('',#2607,#1193);
#1019=LINE('',#2609,#1194);
#1020=LINE('',#2613,#1195);
#1021=LINE('',#2615,#1196);
#1022=LINE('',#2617,#1197);
#1023=LINE('',#2619,#1198);
#1024=LINE('',#2621,#1199);
#1025=LINE('',#2623,#1200);
#1026=LINE('',#2625,#1201);
#1027=LINE('',#2627,#1202);
#1028=LINE('',#2629,#1203);
#1029=LINE('',#2631,#1204);
#1030=LINE('',#2633,#1205);
#1031=LINE('',#2635,#1206);
#1032=LINE('',#2637,#1207);
#1033=LINE('',#2639,#1208);
#1034=LINE('',#2641,#1209);
#1035=LINE('',#2643,#1210);
#1036=LINE('',#2645,#1211);
#1037=LINE('',#2647,#1212);
#1038=LINE('',#2649,#1213);
#1039=LINE('',#2651,#1214);
#1040=LINE('',#2653,#1215);
#1041=LINE('',#2655,#1216);
#1042=LINE('',#2656,#1217);
#1043=LINE('',#2658,#1218);
#1044=LINE('',#2659,#1219);
#1045=LINE('',#2661,#1220);
#1046=LINE('',#2662,#1221);
#1047=LINE('',#2664,#1222);
#1048=LINE('',#2665,#1223);
#1049=LINE('',#2667,#1224);
#1050=LINE('',#2669,#1225);
#1051=LINE('',#2671,#1226);
#1052=LINE('',#2673,#1227);
#1053=LINE('',#2675,#1228);
#1054=LINE('',#2677,#1229);
#1055=LINE('',#2679,#1230);
#1056=LINE('',#2681,#1231);
#1057=LINE('',#2687,#1232);
#1058=LINE('',#2689,#1233);
#1059=LINE('',#2692,#1234);
#1060=LINE('',#2694,#1235);
#1061=LINE('',#2698,#1236);
#1062=LINE('',#2701,#1237);
#1063=LINE('',#2703,#1238);
#1064=LINE('',#2705,#1239);
#1065=LINE('',#2707,#1240);
#1066=LINE('',#2709,#1241);
#1067=LINE('',#2711,#1242);
#1068=LINE('',#2713,#1243);
#1069=LINE('',#2715,#1244);
#1070=LINE('',#2717,#1245);
#1071=LINE('',#2725,#1246);
#1072=LINE('',#2727,#1247);
#1073=LINE('',#2729,#1248);
#1074=LINE('',#2731,#1249);
#1075=LINE('',#2733,#1250);
#1076=LINE('',#2735,#1251);
#1077=LINE('',#2737,#1252);
#1078=LINE('',#2739,#1253);
#1079=LINE('',#2741,#1254);
#1080=LINE('',#2743,#1255);
#1081=LINE('',#2746,#1256);
#1082=LINE('',#2747,#1257);
#1083=LINE('',#2749,#1258);
#1084=LINE('',#2751,#1259);
#1085=LINE('',#2753,#1260);
#1086=LINE('',#2755,#1261);
#1087=LINE('',#2756,#1262);
#1088=LINE('',#2758,#1263);
#1089=LINE('',#2760,#1264);
#1090=LINE('',#2762,#1265);
#1091=LINE('',#2764,#1266);
#1092=LINE('',#2766,#1267);
#1093=LINE('',#2768,#1268);
#1094=LINE('',#2770,#1269);
#1095=LINE('',#2772,#1270);
#1096=LINE('',#2775,#1271);
#1097=LINE('',#2778,#1272);
#1098=LINE('',#2780,#1273);
#1099=LINE('',#2782,#1274);
#1100=LINE('',#2784,#1275);
#1101=LINE('',#2787,#1276);
#1102=LINE('',#2789,#1277);
#1103=LINE('',#2791,#1278);
#1104=LINE('',#2793,#1279);
#1105=LINE('',#2795,#1280);
#1106=LINE('',#2797,#1281);
#1107=LINE('',#2799,#1282);
#1108=LINE('',#2801,#1283);
#1109=LINE('',#2803,#1284);
#1110=LINE('',#2805,#1285);
#1111=LINE('',#2807,#1286);
#1112=LINE('',#2809,#1287);
#1113=LINE('',#2811,#1288);
#1114=LINE('',#2813,#1289);
#1115=LINE('',#2814,#1290);
#1116=LINE('',#2816,#1291);
#1117=LINE('',#2818,#1292);
#1118=LINE('',#2820,#1293);
#1119=LINE('',#2822,#1294);
#1120=LINE('',#2824,#1295);
#1121=LINE('',#2826,#1296);
#1122=LINE('',#2827,#1297);
#1123=LINE('',#2829,#1298);
#1124=LINE('',#2831,#1299);
#1125=LINE('',#2833,#1300);
#1126=LINE('',#2835,#1301);
#1127=LINE('',#2837,#1302);
#1128=LINE('',#2839,#1303);
#1129=LINE('',#2842,#1304);
#1130=LINE('',#2844,#1305);
#1131=LINE('',#2846,#1306);
#1132=VECTOR('',#1852,1000.);
#1133=VECTOR('',#1853,1000.);
#1134=VECTOR('',#1854,1000.);
#1135=VECTOR('',#1857,1000.);
#1136=VECTOR('',#1860,1000.);
#1137=VECTOR('',#1861,1000.);
#1138=VECTOR('',#1862,1000.);
#1139=VECTOR('',#1863,1000.);
#1140=VECTOR('',#1864,1000.);
#1141=VECTOR('',#1867,1000.);
#1142=VECTOR('',#1868,1000.);
#1143=VECTOR('',#1869,1000.);
#1144=VECTOR('',#1870,1000.);
#1145=VECTOR('',#1871,1000.);
#1146=VECTOR('',#1872,1000.);
#1147=VECTOR('',#1873,1000.);
#1148=VECTOR('',#1874,1000.);
#1149=VECTOR('',#1877,1000.);
#1150=VECTOR('',#1882,1000.);
#1151=VECTOR('',#1883,1000.);
#1152=VECTOR('',#1886,1000.);
#1153=VECTOR('',#1893,1000.);
#1154=VECTOR('',#1894,1000.);
#1155=VECTOR('',#1895,1000.);
#1156=VECTOR('',#1898,1000.);
#1157=VECTOR('',#1899,1000.);
#1158=VECTOR('',#1900,1000.);
#1159=VECTOR('',#1901,1000.);
#1160=VECTOR('',#1904,1000.);
#1161=VECTOR('',#1905,1000.);
#1162=VECTOR('',#1908,1000.);
#1163=VECTOR('',#1909,1000.);
#1164=VECTOR('',#1910,1000.);
#1165=VECTOR('',#1913,1000.);
#1166=VECTOR('',#1916,1000.);
#1167=VECTOR('',#1917,1000.);
#1168=VECTOR('',#1918,1000.);
#1169=VECTOR('',#1919,1000.);
#1170=VECTOR('',#2056,1000.);
#1171=VECTOR('',#2057,1000.);
#1172=VECTOR('',#2058,1000.);
#1173=VECTOR('',#2059,1000.);
#1174=VECTOR('',#2064,1000.);
#1175=VECTOR('',#2065,1000.);
#1176=VECTOR('',#2066,1000.);
#1177=VECTOR('',#2067,1000.);
#1178=VECTOR('',#2068,1000.);
#1179=VECTOR('',#2069,1000.);
#1180=VECTOR('',#2070,1000.);
#1181=VECTOR('',#2071,1000.);
#1182=VECTOR('',#2072,1000.);
#1183=VECTOR('',#2073,1000.);
#1184=VECTOR('',#2074,1000.);
#1185=VECTOR('',#2075,1000.);
#1186=VECTOR('',#2076,1000.);
#1187=VECTOR('',#2077,1000.);
#1188=VECTOR('',#2078,1000.);
#1189=VECTOR('',#2079,1000.);
#1190=VECTOR('',#2080,1000.);
#1191=VECTOR('',#2081,1000.);
#1192=VECTOR('',#2082,1000.);
#1193=VECTOR('',#2083,1000.);
#1194=VECTOR('',#2084,1000.);
#1195=VECTOR('',#2089,1000.);
#1196=VECTOR('',#2090,1000.);
#1197=VECTOR('',#2091,1000.);
#1198=VECTOR('',#2092,1000.);
#1199=VECTOR('',#2093,1000.);
#1200=VECTOR('',#2094,1000.);
#1201=VECTOR('',#2095,1000.);
#1202=VECTOR('',#2096,1000.);
#1203=VECTOR('',#2097,1000.);
#1204=VECTOR('',#2098,1000.);
#1205=VECTOR('',#2099,1000.);
#1206=VECTOR('',#2100,1000.);
#1207=VECTOR('',#2101,1000.);
#1208=VECTOR('',#2102,1000.);
#1209=VECTOR('',#2103,1000.);
#1210=VECTOR('',#2104,1000.);
#1211=VECTOR('',#2105,1000.);
#1212=VECTOR('',#2106,1000.);
#1213=VECTOR('',#2107,1000.);
#1214=VECTOR('',#2108,1000.);
#1215=VECTOR('',#2109,1000.);
#1216=VECTOR('',#2112,1000.);
#1217=VECTOR('',#2113,1000.);
#1218=VECTOR('',#2116,1000.);
#1219=VECTOR('',#2117,1000.);
#1220=VECTOR('',#2120,1000.);
#1221=VECTOR('',#2121,1000.);
#1222=VECTOR('',#2124,1000.);
#1223=VECTOR('',#2125,1000.);
#1224=VECTOR('',#2128,1000.);
#1225=VECTOR('',#2131,1000.);
#1226=VECTOR('',#2134,1000.);
#1227=VECTOR('',#2137,1000.);
#1228=VECTOR('',#2140,1000.);
#1229=VECTOR('',#2143,1000.);
#1230=VECTOR('',#2146,1000.);
#1231=VECTOR('',#2149,1000.);
#1232=VECTOR('',#2160,1000.);
#1233=VECTOR('',#2163,1000.);
#1234=VECTOR('',#2168,1000.);
#1235=VECTOR('',#2171,1000.);
#1236=VECTOR('',#2178,1000.);
#1237=VECTOR('',#2179,1000.);
#1238=VECTOR('',#2180,1000.);
#1239=VECTOR('',#2181,1000.);
#1240=VECTOR('',#2184,1000.);
#1241=VECTOR('',#2185,1000.);
#1242=VECTOR('',#2186,1000.);
#1243=VECTOR('',#2189,1000.);
#1244=VECTOR('',#2190,1000.);
#1245=VECTOR('',#2191,1000.);
#1246=VECTOR('',#2194,1000.);
#1247=VECTOR('',#2195,1000.);
#1248=VECTOR('',#2196,1000.);
#1249=VECTOR('',#2199,1000.);
#1250=VECTOR('',#2200,1000.);
#1251=VECTOR('',#2201,1000.);
#1252=VECTOR('',#2204,1000.);
#1253=VECTOR('',#2205,1000.);
#1254=VECTOR('',#2206,1000.);
#1255=VECTOR('',#2209,1000.);
#1256=VECTOR('',#2210,1000.);
#1257=VECTOR('',#2211,1000.);
#1258=VECTOR('',#2214,1000.);
#1259=VECTOR('',#2215,1000.);
#1260=VECTOR('',#2216,1000.);
#1261=VECTOR('',#2219,1000.);
#1262=VECTOR('',#2220,1000.);
#1263=VECTOR('',#2223,1000.);
#1264=VECTOR('',#2224,1000.);
#1265=VECTOR('',#2225,1000.);
#1266=VECTOR('',#2228,1000.);
#1267=VECTOR('',#2229,1000.);
#1268=VECTOR('',#2232,1000.);
#1269=VECTOR('',#2233,1000.);
#1270=VECTOR('',#2236,1000.);
#1271=VECTOR('',#2241,1000.);
#1272=VECTOR('',#2242,1000.);
#1273=VECTOR('',#2243,1000.);
#1274=VECTOR('',#2244,1000.);
#1275=VECTOR('',#2247,1000.);
#1276=VECTOR('',#2248,1000.);
#1277=VECTOR('',#2249,1000.);
#1278=VECTOR('',#2250,1000.);
#1279=VECTOR('',#2253,1000.);
#1280=VECTOR('',#2254,1000.);
#1281=VECTOR('',#2255,1000.);
#1282=VECTOR('',#2258,1000.);
#1283=VECTOR('',#2259,1000.);
#1284=VECTOR('',#2260,1000.);
#1285=VECTOR('',#2263,1000.);
#1286=VECTOR('',#2264,1000.);
#1287=VECTOR('',#2265,1000.);
#1288=VECTOR('',#2266,1000.);
#1289=VECTOR('',#2267,1000.);
#1290=VECTOR('',#2268,1000.);
#1291=VECTOR('',#2269,1000.);
#1292=VECTOR('',#2270,1000.);
#1293=VECTOR('',#2273,1000.);
#1294=VECTOR('',#2274,1000.);
#1295=VECTOR('',#2275,1000.);
#1296=VECTOR('',#2276,1000.);
#1297=VECTOR('',#2277,1000.);
#1298=VECTOR('',#2278,1000.);
#1299=VECTOR('',#2279,1000.);
#1300=VECTOR('',#2280,1000.);
#1301=VECTOR('',#2283,1000.);
#1302=VECTOR('',#2286,1000.);
#1303=VECTOR('',#2289,1000.);
#1304=VECTOR('',#2294,1000.);
#1305=VECTOR('',#2297,1000.);
#1306=VECTOR('',#2300,1000.);
#1307=EDGE_LOOP('',(#123,#124,#125,#126,#127,#128,#129,#130,#131,#132,#133));
#1308=EDGE_LOOP('',(#134,#135,#136,#137,#138,#139,#140,#141,#142,#143,#144));
#1309=EDGE_LOOP('',(#145,#146,#147,#148));
#1310=EDGE_LOOP('',(#149,#150,#151,#152,#153,#154));
#1311=EDGE_LOOP('',(#155,#156,#157,#158));
#1312=EDGE_LOOP('',(#159,#160,#161,#162));
#1313=EDGE_LOOP('',(#163,#164,#165,#166,#167,#168,#169,#170));
#1314=EDGE_LOOP('',(#171,#172,#173,#174));
#1315=EDGE_LOOP('',(#175,#176,#177,#178,#179,#180));
#1316=EDGE_LOOP('',(#181,#182,#183,#184));
#1317=EDGE_LOOP('',(#185,#186,#187,#188));
#1318=EDGE_LOOP('',(#189,#190,#191,#192));
#1319=EDGE_LOOP('',(#193,#194,#195,#196));
#1320=EDGE_LOOP('',(#197,#198,#199,#200));
#1321=EDGE_LOOP('',(#201,#202,#203));
#1322=EDGE_LOOP('',(#204,#205,#206,#207));
#1323=EDGE_LOOP('',(#208,#209,#210,#211));
#1324=EDGE_LOOP('',(#212,#213,#214,#215));
#1325=EDGE_LOOP('',(#216,#217,#218));
#1326=EDGE_LOOP('',(#219,#220,#221));
#1327=EDGE_LOOP('',(#222,#223,#224,#225));
#1328=EDGE_LOOP('',(#226,#227,#228,#229));
#1329=EDGE_LOOP('',(#230,#231,#232,#233));
#1330=EDGE_LOOP('',(#234,#235,#236,#237));
#1331=EDGE_LOOP('',(#238,#239,#240));
#1332=EDGE_LOOP('',(#241,#242,#243));
#1333=EDGE_LOOP('',(#244,#245,#246,#247));
#1334=EDGE_LOOP('',(#248,#249,#250,#251));
#1335=EDGE_LOOP('',(#252,#253,#254,#255));
#1336=EDGE_LOOP('',(#256,#257,#258,#259));
#1337=EDGE_LOOP('',(#260,#261,#262));
#1338=EDGE_LOOP('',(#263,#264,#265));
#1339=EDGE_LOOP('',(#266,#267,#268,#269));
#1340=EDGE_LOOP('',(#270,#271,#272,#273));
#1341=EDGE_LOOP('',(#274,#275,#276,#277));
#1342=EDGE_LOOP('',(#278,#279,#280,#281));
#1343=EDGE_LOOP('',(#282,#283,#284));
#1344=EDGE_LOOP('',(#285,#286,#287));
#1345=EDGE_LOOP('',(#288,#289,#290,#291));
#1346=EDGE_LOOP('',(#292,#293,#294,#295));
#1347=EDGE_LOOP('',(#296,#297,#298));
#1348=EDGE_LOOP('',(#299,#300,#301,#302));
#1349=EDGE_LOOP('',(#303,#304,#305,#306));
#1350=EDGE_LOOP('',(#307));
#1351=EDGE_LOOP('',(#308,#309,#310,#311,#312,#313,#314,#315,#316,#317,#318,
#319,#320,#321,#322,#323,#324,#325,#326,#327,#328,#329));
#1352=EDGE_LOOP('',(#330));
#1353=EDGE_LOOP('',(#331,#332,#333,#334,#335,#336,#337,#338,#339,#340,#341,
#342,#343,#344,#345,#346,#347,#348,#349,#350,#351,#352));
#1354=EDGE_LOOP('',(#353,#354,#355,#356));
#1355=EDGE_LOOP('',(#357,#358,#359,#360));
#1356=EDGE_LOOP('',(#361,#362,#363,#364));
#1357=EDGE_LOOP('',(#365,#366,#367,#368));
#1358=EDGE_LOOP('',(#369,#370,#371,#372));
#1359=EDGE_LOOP('',(#373,#374,#375,#376));
#1360=EDGE_LOOP('',(#377,#378,#379,#380));
#1361=EDGE_LOOP('',(#381,#382,#383,#384));
#1362=EDGE_LOOP('',(#385,#386,#387,#388));
#1363=EDGE_LOOP('',(#389,#390,#391,#392));
#1364=EDGE_LOOP('',(#393,#394,#395,#396));
#1365=EDGE_LOOP('',(#397,#398,#399,#400));
#1366=EDGE_LOOP('',(#401,#402,#403,#404));
#1367=EDGE_LOOP('',(#405));
#1368=EDGE_LOOP('',(#406));
#1369=EDGE_LOOP('',(#407,#408,#409,#410));
#1370=EDGE_LOOP('',(#411,#412,#413,#414));
#1371=EDGE_LOOP('',(#415,#416,#417,#418));
#1372=EDGE_LOOP('',(#419,#420,#421,#422));
#1373=EDGE_LOOP('',(#423,#424,#425,#426));
#1374=EDGE_LOOP('',(#427,#428,#429,#430));
#1375=EDGE_LOOP('',(#431,#432,#433,#434));
#1376=EDGE_LOOP('',(#435,#436,#437,#438));
#1377=EDGE_LOOP('',(#439,#440,#441,#442));
#1378=EDGE_LOOP('',(#443,#444,#445,#446));
#1379=EDGE_LOOP('',(#447,#448,#449,#450));
#1380=EDGE_LOOP('',(#451,#452,#453,#454));
#1381=EDGE_LOOP('',(#455,#456,#457,#458));
#1382=EDGE_LOOP('',(#459,#460,#461,#462));
#1383=EDGE_LOOP('',(#463,#464,#465,#466));
#1384=EDGE_LOOP('',(#467,#468,#469,#470));
#1385=EDGE_LOOP('',(#471,#472,#473,#474));
#1386=EDGE_LOOP('',(#475,#476,#477,#478,#479,#480,#481,#482,#483,#484,#485,
#486));
#1387=EDGE_LOOP('',(#487,#488,#489,#490));
#1388=EDGE_LOOP('',(#491,#492,#493,#494,#495,#496,#497,#498,#499,#500,#501,
#502));
#1389=EDGE_LOOP('',(#503,#504,#505,#506));
#1390=EDGE_LOOP('',(#507,#508,#509,#510));
#1391=EDGE_LOOP('',(#511,#512,#513,#514));
#1392=EDGE_LOOP('',(#515,#516,#517,#518));
#1393=EDGE_LOOP('',(#519,#520,#521,#522));
#1394=EDGE_LOOP('',(#523,#524,#525,#526));
#1395=EDGE_LOOP('',(#527,#528,#529,#530,#531,#532,#533,#534,#535,#536,#537,
#538));
#1396=EDGE_LOOP('',(#539,#540,#541,#542,#543,#544,#545,#546,#547,#548,#549,
#550));
#1397=EDGE_LOOP('',(#551,#552,#553,#554));
#1398=EDGE_LOOP('',(#555,#556,#557,#558));
#1399=EDGE_LOOP('',(#559,#560,#561,#562));
#1400=EDGE_LOOP('',(#563,#564,#565,#566));
#1401=EDGE_LOOP('',(#567,#568,#569,#570));
#1402=EDGE_LOOP('',(#571,#572,#573,#574));
#1403=EDGE_LOOP('',(#575,#576,#577,#578));
#1404=EDGE_LOOP('',(#579,#580,#581,#582));
#1405=FACE_BOUND('',#1307,.T.);
#1406=FACE_BOUND('',#1308,.T.);
#1407=FACE_BOUND('',#1309,.T.);
#1408=FACE_BOUND('',#1310,.T.);
#1409=FACE_BOUND('',#1311,.T.);
#1410=FACE_BOUND('',#1312,.T.);
#1411=FACE_BOUND('',#1313,.T.);
#1412=FACE_BOUND('',#1314,.T.);
#1413=FACE_BOUND('',#1315,.T.);
#1414=FACE_BOUND('',#1316,.T.);
#1415=FACE_BOUND('',#1317,.T.);
#1416=FACE_BOUND('',#1318,.T.);
#1417=FACE_BOUND('',#1319,.T.);
#1418=FACE_BOUND('',#1320,.T.);
#1419=FACE_BOUND('',#1321,.T.);
#1420=FACE_BOUND('',#1322,.T.);
#1421=FACE_BOUND('',#1323,.T.);
#1422=FACE_BOUND('',#1324,.T.);
#1423=FACE_BOUND('',#1325,.T.);
#1424=FACE_BOUND('',#1326,.T.);
#1425=FACE_BOUND('',#1327,.T.);
#1426=FACE_BOUND('',#1328,.T.);
#1427=FACE_BOUND('',#1329,.T.);
#1428=FACE_BOUND('',#1330,.T.);
#1429=FACE_BOUND('',#1331,.T.);
#1430=FACE_BOUND('',#1332,.T.);
#1431=FACE_BOUND('',#1333,.T.);
#1432=FACE_BOUND('',#1334,.T.);
#1433=FACE_BOUND('',#1335,.T.);
#1434=FACE_BOUND('',#1336,.T.);
#1435=FACE_BOUND('',#1337,.T.);
#1436=FACE_BOUND('',#1338,.T.);
#1437=FACE_BOUND('',#1339,.T.);
#1438=FACE_BOUND('',#1340,.T.);
#1439=FACE_BOUND('',#1341,.T.);
#1440=FACE_BOUND('',#1342,.T.);
#1441=FACE_BOUND('',#1343,.T.);
#1442=FACE_BOUND('',#1344,.T.);
#1443=FACE_BOUND('',#1345,.T.);
#1444=FACE_BOUND('',#1346,.T.);
#1445=FACE_BOUND('',#1347,.T.);
#1446=FACE_BOUND('',#1348,.T.);
#1447=FACE_BOUND('',#1349,.T.);
#1448=FACE_BOUND('',#1350,.T.);
#1449=FACE_BOUND('',#1351,.T.);
#1450=FACE_BOUND('',#1352,.T.);
#1451=FACE_BOUND('',#1353,.T.);
#1452=FACE_BOUND('',#1354,.T.);
#1453=FACE_BOUND('',#1355,.T.);
#1454=FACE_BOUND('',#1356,.T.);
#1455=FACE_BOUND('',#1357,.T.);
#1456=FACE_BOUND('',#1358,.T.);
#1457=FACE_BOUND('',#1359,.T.);
#1458=FACE_BOUND('',#1360,.T.);
#1459=FACE_BOUND('',#1361,.T.);
#1460=FACE_BOUND('',#1362,.T.);
#1461=FACE_BOUND('',#1363,.T.);
#1462=FACE_BOUND('',#1364,.T.);
#1463=FACE_BOUND('',#1365,.T.);
#1464=FACE_BOUND('',#1366,.T.);
#1465=FACE_BOUND('',#1367,.T.);
#1466=FACE_BOUND('',#1368,.T.);
#1467=FACE_BOUND('',#1369,.T.);
#1468=FACE_BOUND('',#1370,.T.);
#1469=FACE_BOUND('',#1371,.T.);
#1470=FACE_BOUND('',#1372,.T.);
#1471=FACE_BOUND('',#1373,.T.);
#1472=FACE_BOUND('',#1374,.T.);
#1473=FACE_BOUND('',#1375,.T.);
#1474=FACE_BOUND('',#1376,.T.);
#1475=FACE_BOUND('',#1377,.T.);
#1476=FACE_BOUND('',#1378,.T.);
#1477=FACE_BOUND('',#1379,.T.);
#1478=FACE_BOUND('',#1380,.T.);
#1479=FACE_BOUND('',#1381,.T.);
#1480=FACE_BOUND('',#1382,.T.);
#1481=FACE_BOUND('',#1383,.T.);
#1482=FACE_BOUND('',#1384,.T.);
#1483=FACE_BOUND('',#1385,.T.);
#1484=FACE_BOUND('',#1386,.T.);
#1485=FACE_BOUND('',#1387,.T.);
#1486=FACE_BOUND('',#1388,.T.);
#1487=FACE_BOUND('',#1389,.T.);
#1488=FACE_BOUND('',#1390,.T.);
#1489=FACE_BOUND('',#1391,.T.);
#1490=FACE_BOUND('',#1392,.T.);
#1491=FACE_BOUND('',#1393,.T.);
#1492=FACE_BOUND('',#1394,.T.);
#1493=FACE_BOUND('',#1395,.T.);
#1494=FACE_BOUND('',#1396,.T.);
#1495=FACE_BOUND('',#1397,.T.);
#1496=FACE_BOUND('',#1398,.T.);
#1497=FACE_BOUND('',#1399,.T.);
#1498=FACE_BOUND('',#1400,.T.);
#1499=FACE_BOUND('',#1401,.T.);
#1500=FACE_BOUND('',#1402,.T.);
#1501=FACE_BOUND('',#1403,.T.);
#1502=FACE_BOUND('',#1404,.T.);
#1503=PLANE('',#1708);
#1504=PLANE('',#1711);
#1505=PLANE('',#1714);
#1506=PLANE('',#1715);
#1507=PLANE('',#1718);
#1508=PLANE('',#1719);
#1509=PLANE('',#1720);
#1510=PLANE('',#1723);
#1511=PLANE('',#1724);
#1512=PLANE('',#1727);
#1513=PLANE('',#1731);
#1514=PLANE('',#1791);
#1515=PLANE('',#1792);
#1516=PLANE('',#1794);
#1517=PLANE('',#1796);
#1518=PLANE('',#1797);
#1519=PLANE('',#1798);
#1520=PLANE('',#1799);
#1521=PLANE('',#1800);
#1522=PLANE('',#1801);
#1523=PLANE('',#1802);
#1524=PLANE('',#1803);
#1525=PLANE('',#1804);
#1526=PLANE('',#1805);
#1527=PLANE('',#1806);
#1528=PLANE('',#1807);
#1529=PLANE('',#1808);
#1530=PLANE('',#1810);
#1531=PLANE('',#1811);
#1532=PLANE('',#1812);
#1533=PLANE('',#1813);
#1534=PLANE('',#1814);
#1535=PLANE('',#1815);
#1536=PLANE('',#1816);
#1537=PLANE('',#1817);
#1538=PLANE('',#1819);
#1539=PLANE('',#1820);
#1540=PLANE('',#1821);
#1541=PLANE('',#1822);
#1542=PLANE('',#1823);
#1543=PLANE('',#1824);
#1544=PLANE('',#1825);
#1545=PLANE('',#1826);
#1546=PLANE('',#1827);
#1547=PLANE('',#1828);
#1548=PLANE('',#1829);
#1549=PLANE('',#1830);
#1550=PLANE('',#1831);
#1551=PLANE('',#1832);
#1552=PLANE('',#1833);
#1553=PLANE('',#1834);
#1554=PLANE('',#1835);
#1555=PLANE('',#1836);
#1556=PLANE('',#1837);
#1557=PLANE('',#1838);
#1558=PLANE('',#1839);
#1559=PLANE('',#1840);
#1560=PLANE('',#1841);
#1561=PLANE('',#1842);
#1562=PLANE('',#1843);
#1563=PLANE('',#1844);
#1564=PLANE('',#1845);
#1565=PLANE('',#1846);
#1566=ADVANCED_FACE('',(#1405),#1503,.T.);
#1567=ADVANCED_FACE('',(#1406),#1504,.T.);
#1568=ADVANCED_FACE('',(#1407),#1505,.T.);
#1569=ADVANCED_FACE('',(#1408),#1506,.T.);
#1570=ADVANCED_FACE('',(#1409),#1507,.T.);
#1571=ADVANCED_FACE('',(#1410),#1508,.T.);
#1572=ADVANCED_FACE('',(#1411),#1509,.T.);
#1573=ADVANCED_FACE('',(#1412),#1510,.T.);
#1574=ADVANCED_FACE('',(#1413),#1511,.T.);
#1575=ADVANCED_FACE('',(#1414),#1512,.F.);
#1576=ADVANCED_FACE('',(#1415),#66,.F.);
#1577=ADVANCED_FACE('',(#1416),#1513,.F.);
#1578=ADVANCED_FACE('',(#1417),#67,.F.);
#1579=ADVANCED_FACE('',(#1418),#52,.T.);
#1580=ADVANCED_FACE('',(#1419),#42,.T.);
#1581=ADVANCED_FACE('',(#1420),#53,.T.);
#1582=ADVANCED_FACE('',(#1421),#54,.T.);
#1583=ADVANCED_FACE('',(#1422),#55,.T.);
#1584=ADVANCED_FACE('',(#1423),#43,.T.);
#1585=ADVANCED_FACE('',(#1424),#44,.T.);
#1586=ADVANCED_FACE('',(#1425),#38,.T.);
#1587=ADVANCED_FACE('',(#1426),#56,.T.);
#1588=ADVANCED_FACE('',(#1427),#57,.T.);
#1589=ADVANCED_FACE('',(#1428),#58,.T.);
#1590=ADVANCED_FACE('',(#1429),#45,.T.);
#1591=ADVANCED_FACE('',(#1430),#46,.T.);
#1592=ADVANCED_FACE('',(#1431),#39,.T.);
#1593=ADVANCED_FACE('',(#1432),#36,.T.);
#1594=ADVANCED_FACE('',(#1433),#59,.T.);
#1595=ADVANCED_FACE('',(#1434),#40,.T.);
#1596=ADVANCED_FACE('',(#1435),#47,.T.);
#1597=ADVANCED_FACE('',(#1436),#48,.T.);
#1598=ADVANCED_FACE('',(#1437),#60,.T.);
#1599=ADVANCED_FACE('',(#1438),#61,.T.);
#1600=ADVANCED_FACE('',(#1439),#37,.T.);
#1601=ADVANCED_FACE('',(#1440),#41,.T.);
#1602=ADVANCED_FACE('',(#1441),#49,.T.);
#1603=ADVANCED_FACE('',(#1442),#50,.T.);
#1604=ADVANCED_FACE('',(#1443),#62,.T.);
#1605=ADVANCED_FACE('',(#1444),#63,.T.);
#1606=ADVANCED_FACE('',(#1445),#51,.T.);
#1607=ADVANCED_FACE('',(#1446),#64,.T.);
#1608=ADVANCED_FACE('',(#1447),#1514,.T.);
#1609=ADVANCED_FACE('',(#1448,#1449),#1515,.T.);
#1610=ADVANCED_FACE('',(#1450,#1451),#1516,.F.);
#1611=ADVANCED_FACE('',(#1452),#1517,.F.);
#1612=ADVANCED_FACE('',(#1453),#1518,.T.);
#1613=ADVANCED_FACE('',(#1454),#1519,.T.);
#1614=ADVANCED_FACE('',(#1455),#1520,.F.);
#1615=ADVANCED_FACE('',(#1456),#1521,.T.);
#1616=ADVANCED_FACE('',(#1457),#1522,.F.);
#1617=ADVANCED_FACE('',(#1458),#1523,.T.);
#1618=ADVANCED_FACE('',(#1459),#1524,.T.);
#1619=ADVANCED_FACE('',(#1460),#1525,.F.);
#1620=ADVANCED_FACE('',(#1461),#1526,.F.);
#1621=ADVANCED_FACE('',(#1462),#1527,.T.);
#1622=ADVANCED_FACE('',(#1463),#1528,.T.);
#1623=ADVANCED_FACE('',(#1464),#1529,.T.);
#1624=ADVANCED_FACE('',(#1465,#1466),#65,.F.);
#1625=ADVANCED_FACE('',(#1467),#1530,.T.);
#1626=ADVANCED_FACE('',(#1468),#1531,.F.);
#1627=ADVANCED_FACE('',(#1469),#1532,.F.);
#1628=ADVANCED_FACE('',(#1470),#1533,.F.);
#1629=ADVANCED_FACE('',(#1471),#1534,.F.);
#1630=ADVANCED_FACE('',(#1472),#1535,.T.);
#1631=ADVANCED_FACE('',(#1473),#1536,.T.);
#1632=ADVANCED_FACE('',(#1474),#1537,.T.);
#1633=ADVANCED_FACE('',(#1475),#1538,.T.);
#1634=ADVANCED_FACE('',(#1476),#1539,.T.);
#1635=ADVANCED_FACE('',(#1477),#1540,.T.);
#1636=ADVANCED_FACE('',(#1478),#1541,.T.);
#1637=ADVANCED_FACE('',(#1479),#1542,.T.);
#1638=ADVANCED_FACE('',(#1480),#1543,.T.);
#1639=ADVANCED_FACE('',(#1481),#1544,.F.);
#1640=ADVANCED_FACE('',(#1482),#1545,.F.);
#1641=ADVANCED_FACE('',(#1483),#1546,.F.);
#1642=ADVANCED_FACE('',(#1484),#1547,.F.);
#1643=ADVANCED_FACE('',(#1485),#1548,.T.);
#1644=ADVANCED_FACE('',(#1486),#1549,.T.);
#1645=ADVANCED_FACE('',(#1487),#1550,.T.);
#1646=ADVANCED_FACE('',(#1488),#1551,.T.);
#1647=ADVANCED_FACE('',(#1489),#1552,.T.);
#1648=ADVANCED_FACE('',(#1490),#1553,.F.);
#1649=ADVANCED_FACE('',(#1491),#1554,.F.);
#1650=ADVANCED_FACE('',(#1492),#1555,.F.);
#1651=ADVANCED_FACE('',(#1493),#1556,.F.);
#1652=ADVANCED_FACE('',(#1494),#1557,.T.);
#1653=ADVANCED_FACE('',(#1495),#1558,.T.);
#1654=ADVANCED_FACE('',(#1496),#1559,.T.);
#1655=ADVANCED_FACE('',(#1497),#1560,.T.);
#1656=ADVANCED_FACE('',(#1498),#1561,.T.);
#1657=ADVANCED_FACE('',(#1499),#1562,.T.);
#1658=ADVANCED_FACE('',(#1500),#1563,.T.);
#1659=ADVANCED_FACE('',(#1501),#1564,.T.);
#1660=ADVANCED_FACE('',(#1502),#1565,.T.);
#1661=CLOSED_SHELL('',(#1566,#1567,#1568,#1569,#1570,#1571,#1572,#1573,
#1574,#1575,#1576,#1577,#1578,#1579,#1580,#1581,#1582,#1583,#1584,#1585,
#1586,#1587,#1588,#1589,#1590,#1591,#1592,#1593,#1594,#1595,#1596,#1597,
#1598,#1599,#1600,#1601,#1602,#1603,#1604,#1605,#1606,#1607));
#1662=CLOSED_SHELL('',(#1608,#1609,#1610,#1611,#1612,#1613,#1614,#1615,
#1616,#1617,#1618,#1619,#1620,#1621,#1622,#1623,#1624,#1625,#1626,#1627,
#1628,#1629,#1630,#1631,#1632));
#1663=CLOSED_SHELL('',(#1633,#1634,#1635,#1636,#1637,#1638,#1639,#1640,
#1641,#1642,#1643,#1644,#1645,#1646));
#1664=CLOSED_SHELL('',(#1647,#1648,#1649,#1650,#1651,#1652,#1653,#1654,
#1655,#1656,#1657,#1658,#1659,#1660));
#1665=STYLED_ITEM('',(#1669),#1695);
#1666=STYLED_ITEM('',(#1670),#1696);
#1667=STYLED_ITEM('',(#1671),#1697);
#1668=STYLED_ITEM('',(#1672),#1698);
#1669=PRESENTATION_STYLE_ASSIGNMENT((#1673));
#1670=PRESENTATION_STYLE_ASSIGNMENT((#1674));
#1671=PRESENTATION_STYLE_ASSIGNMENT((#1675));
#1672=PRESENTATION_STYLE_ASSIGNMENT((#1676));
#1673=SURFACE_STYLE_USAGE(.BOTH.,#1677);
#1674=SURFACE_STYLE_USAGE(.BOTH.,#1678);
#1675=SURFACE_STYLE_USAGE(.BOTH.,#1679);
#1676=SURFACE_STYLE_USAGE(.BOTH.,#1680);
#1677=SURFACE_SIDE_STYLE('',(#1681));
#1678=SURFACE_SIDE_STYLE('',(#1682));
#1679=SURFACE_SIDE_STYLE('',(#1683));
#1680=SURFACE_SIDE_STYLE('',(#1684));
#1681=SURFACE_STYLE_FILL_AREA(#1685);
#1682=SURFACE_STYLE_FILL_AREA(#1686);
#1683=SURFACE_STYLE_FILL_AREA(#1687);
#1684=SURFACE_STYLE_FILL_AREA(#1688);
#1685=FILL_AREA_STYLE('',(#1689));
#1686=FILL_AREA_STYLE('',(#1690));
#1687=FILL_AREA_STYLE('',(#1691));
#1688=FILL_AREA_STYLE('',(#1692));
#1689=FILL_AREA_STYLE_COLOUR('',#1693);
#1690=FILL_AREA_STYLE_COLOUR('',#1694);
#1691=FILL_AREA_STYLE_COLOUR('',#1694);
#1692=FILL_AREA_STYLE_COLOUR('',#1694);
#1693=COLOUR_RGB('',0.200000002980232,0.200000002980232,0.200000002980232);
#1694=COLOUR_RGB('',0.699999988079071,0.699999988079071,0.699999988079071);
#1695=MANIFOLD_SOLID_BREP('BODY_Chamfer_Cut',#1661);
#1696=MANIFOLD_SOLID_BREP('BODY_MH_Cut',#1662);
#1697=MANIFOLD_SOLID_BREP('pin_1_mark',#1663);
#1698=MANIFOLD_SOLID_BREP('',#1664);
#1699=SHAPE_DEFINITION_REPRESENTATION(#2862,#1703);
#1700=SHAPE_DEFINITION_REPRESENTATION(#2861,#1704);
#1701=SHAPE_DEFINITION_REPRESENTATION(#2864,#1705);
#1702=SHAPE_DEFINITION_REPRESENTATION(#2866,#1706);
#1703=SHAPE_REPRESENTATION('TO-220-body',(#1707),#2851);
#1704=SHAPE_REPRESENTATION('TO-220AB-2',(#1707,#1790,#1818,#1847),#2850);
#1705=SHAPE_REPRESENTATION('TO-220-HS',(#1707),#2852);
#1706=SHAPE_REPRESENTATION('TO-220AB_2_sraight_pins',(#1707),#2853);
#1707=AXIS2_PLACEMENT_3D('',#2305,#1848,#1849);
#1708=AXIS2_PLACEMENT_3D('',#2306,#1850,#1851);
#1709=AXIS2_PLACEMENT_3D('',#2314,#1855,#1856);
#1710=AXIS2_PLACEMENT_3D('',#2318,#1858,#1859);
#1711=AXIS2_PLACEMENT_3D('',#2329,#1865,#1866);
#1712=AXIS2_PLACEMENT_3D('',#2347,#1875,#1876);
#1713=AXIS2_PLACEMENT_3D('',#2351,#1878,#1879);
#1714=AXIS2_PLACEMENT_3D('',#2352,#1880,#1881);
#1715=AXIS2_PLACEMENT_3D('',#2355,#1884,#1885);
#1716=AXIS2_PLACEMENT_3D('',#2359,#1887,#1888);
#1717=AXIS2_PLACEMENT_3D('',#2360,#1889,#1890);
#1718=AXIS2_PLACEMENT_3D('',#2361,#1891,#1892);
#1719=AXIS2_PLACEMENT_3D('',#2367,#1896,#1897);
#1720=AXIS2_PLACEMENT_3D('',#2376,#1902,#1903);
#1721=AXIS2_PLACEMENT_3D('',#2382,#1906,#1907);
#1722=AXIS2_PLACEMENT_3D('',#2390,#1911,#1912);
#1723=AXIS2_PLACEMENT_3D('',#2393,#1914,#1915);
#1724=AXIS2_PLACEMENT_3D('',#2402,#1920,#1921);
#1725=AXIS2_PLACEMENT_3D('',#2403,#1922,#1923);
#1726=AXIS2_PLACEMENT_3D('',#2404,#1924,#1925);
#1727=AXIS2_PLACEMENT_3D('',#2405,#1926,#1927);
#1728=AXIS2_PLACEMENT_3D('',#2411,#1928,#1929);
#1729=AXIS2_PLACEMENT_3D('',#2417,#1930,#1931);
#1730=AXIS2_PLACEMENT_3D('',#2418,#1932,#1933);
#1731=AXIS2_PLACEMENT_3D('',#2429,#1934,#1935);
#1732=AXIS2_PLACEMENT_3D('',#2435,#1936,#1937);
#1733=AXIS2_PLACEMENT_3D('',#2441,#1938,#1939);
#1734=AXIS2_PLACEMENT_3D('',#2447,#1940,#1941);
#1735=AXIS2_PLACEMENT_3D('',#2453,#1942,#1943);
#1736=AXIS2_PLACEMENT_3D('',#2454,#1944,#1945);
#1737=AXIS2_PLACEMENT_3D('',#2455,#1946,#1947);
#1738=AXIS2_PLACEMENT_3D('',#2456,#1948,#1949);
#1739=AXIS2_PLACEMENT_3D('',#2457,#1950,#1951);
#1740=AXIS2_PLACEMENT_3D('',#2458,#1952,#1953);
#1741=AXIS2_PLACEMENT_3D('',#2459,#1954,#1955);
#1742=AXIS2_PLACEMENT_3D('',#2460,#1956,#1957);
#1743=AXIS2_PLACEMENT_3D('',#2461,#1958,#1959);
#1744=AXIS2_PLACEMENT_3D('',#2462,#1960,#1961);
#1745=AXIS2_PLACEMENT_3D('',#2463,#1962,#1963);
#1746=AXIS2_PLACEMENT_3D('',#2464,#1964,#1965);
#1747=AXIS2_PLACEMENT_3D('',#2465,#1966,#1967);
#1748=AXIS2_PLACEMENT_3D('',#2466,#1968,#1969);
#1749=AXIS2_PLACEMENT_3D('',#2467,#1970,#1971);
#1750=AXIS2_PLACEMENT_3D('',#2468,#1972,#1973);
#1751=AXIS2_PLACEMENT_3D('',#2481,#1974,#1975);
#1752=AXIS2_PLACEMENT_3D('',#2482,#1976,#1977);
#1753=AXIS2_PLACEMENT_3D('',#2483,#1978,#1979);
#1754=AXIS2_PLACEMENT_3D('',#2484,#1980,#1981);
#1755=AXIS2_PLACEMENT_3D('',#2485,#1982,#1983);
#1756=AXIS2_PLACEMENT_3D('',#2486,#1984,#1985);
#1757=AXIS2_PLACEMENT_3D('',#2487,#1986,#1987);
#1758=AXIS2_PLACEMENT_3D('',#2488,#1988,#1989);
#1759=AXIS2_PLACEMENT_3D('',#2489,#1990,#1991);
#1760=AXIS2_PLACEMENT_3D('',#2490,#1992,#1993);
#1761=AXIS2_PLACEMENT_3D('',#2491,#1994,#1995);
#1762=AXIS2_PLACEMENT_3D('',#2504,#1996,#1997);
#1763=AXIS2_PLACEMENT_3D('',#2505,#1998,#1999);
#1764=AXIS2_PLACEMENT_3D('',#2506,#2000,#2001);
#1765=AXIS2_PLACEMENT_3D('',#2507,#2002,#2003);
#1766=AXIS2_PLACEMENT_3D('',#2508,#2004,#2005);
#1767=AXIS2_PLACEMENT_3D('',#2521,#2006,#2007);
#1768=AXIS2_PLACEMENT_3D('',#2522,#2008,#2009);
#1769=AXIS2_PLACEMENT_3D('',#2523,#2010,#2011);
#1770=AXIS2_PLACEMENT_3D('',#2524,#2012,#2013);
#1771=AXIS2_PLACEMENT_3D('',#2525,#2014,#2015);
#1772=AXIS2_PLACEMENT_3D('',#2526,#2016,#2017);
#1773=AXIS2_PLACEMENT_3D('',#2527,#2018,#2019);
#1774=AXIS2_PLACEMENT_3D('',#2528,#2020,#2021);
#1775=AXIS2_PLACEMENT_3D('',#2529,#2022,#2023);
#1776=AXIS2_PLACEMENT_3D('',#2530,#2024,#2025);
#1777=AXIS2_PLACEMENT_3D('',#2531,#2026,#2027);
#1778=AXIS2_PLACEMENT_3D('',#2544,#2028,#2029);
#1779=AXIS2_PLACEMENT_3D('',#2545,#2030,#2031);
#1780=AXIS2_PLACEMENT_3D('',#2546,#2032,#2033);
#1781=AXIS2_PLACEMENT_3D('',#2547,#2034,#2035);
#1782=AXIS2_PLACEMENT_3D('',#2548,#2036,#2037);
#1783=AXIS2_PLACEMENT_3D('',#2549,#2038,#2039);
#1784=AXIS2_PLACEMENT_3D('',#2550,#2040,#2041);
#1785=AXIS2_PLACEMENT_3D('',#2551,#2042,#2043);
#1786=AXIS2_PLACEMENT_3D('',#2552,#2044,#2045);
#1787=AXIS2_PLACEMENT_3D('',#2553,#2046,#2047);
#1788=AXIS2_PLACEMENT_3D('',#2554,#2048,#2049);
#1789=AXIS2_PLACEMENT_3D('',#2555,#2050,#2051);
#1790=AXIS2_PLACEMENT_3D('',#2556,#2052,#2053);
#1791=AXIS2_PLACEMENT_3D('',#2557,#2054,#2055);
#1792=AXIS2_PLACEMENT_3D('',#2566,#2060,#2061);
#1793=AXIS2_PLACEMENT_3D('',#2567,#2062,#2063);
#1794=AXIS2_PLACEMENT_3D('',#2610,#2085,#2086);
#1795=AXIS2_PLACEMENT_3D('',#2611,#2087,#2088);
#1796=AXIS2_PLACEMENT_3D('',#2654,#2110,#2111);
#1797=AXIS2_PLACEMENT_3D('',#2657,#2114,#2115);
#1798=AXIS2_PLACEMENT_3D('',#2660,#2118,#2119);
#1799=AXIS2_PLACEMENT_3D('',#2663,#2122,#2123);
#1800=AXIS2_PLACEMENT_3D('',#2666,#2126,#2127);
#1801=AXIS2_PLACEMENT_3D('',#2668,#2129,#2130);
#1802=AXIS2_PLACEMENT_3D('',#2670,#2132,#2133);
#1803=AXIS2_PLACEMENT_3D('',#2672,#2135,#2136);
#1804=AXIS2_PLACEMENT_3D('',#2674,#2138,#2139);
#1805=AXIS2_PLACEMENT_3D('',#2676,#2141,#2142);
#1806=AXIS2_PLACEMENT_3D('',#2678,#2144,#2145);
#1807=AXIS2_PLACEMENT_3D('',#2680,#2147,#2148);
#1808=AXIS2_PLACEMENT_3D('',#2682,#2150,#2151);
#1809=AXIS2_PLACEMENT_3D('',#2683,#2152,#2153);
#1810=AXIS2_PLACEMENT_3D('',#2684,#2154,#2155);
#1811=AXIS2_PLACEMENT_3D('',#2685,#2156,#2157);
#1812=AXIS2_PLACEMENT_3D('',#2686,#2158,#2159);
#1813=AXIS2_PLACEMENT_3D('',#2688,#2161,#2162);
#1814=AXIS2_PLACEMENT_3D('',#2690,#2164,#2165);
#1815=AXIS2_PLACEMENT_3D('',#2691,#2166,#2167);
#1816=AXIS2_PLACEMENT_3D('',#2693,#2169,#2170);
#1817=AXIS2_PLACEMENT_3D('',#2695,#2172,#2173);
#1818=AXIS2_PLACEMENT_3D('',#2696,#2174,#2175);
#1819=AXIS2_PLACEMENT_3D('',#2697,#2176,#2177);
#1820=AXIS2_PLACEMENT_3D('',#2706,#2182,#2183);
#1821=AXIS2_PLACEMENT_3D('',#2712,#2187,#2188);
#1822=AXIS2_PLACEMENT_3D('',#2718,#2192,#2193);
#1823=AXIS2_PLACEMENT_3D('',#2730,#2197,#2198);
#1824=AXIS2_PLACEMENT_3D('',#2736,#2202,#2203);
#1825=AXIS2_PLACEMENT_3D('',#2742,#2207,#2208);
#1826=AXIS2_PLACEMENT_3D('',#2748,#2212,#2213);
#1827=AXIS2_PLACEMENT_3D('',#2754,#2217,#2218);
#1828=AXIS2_PLACEMENT_3D('',#2757,#2221,#2222);
#1829=AXIS2_PLACEMENT_3D('',#2763,#2226,#2227);
#1830=AXIS2_PLACEMENT_3D('',#2767,#2230,#2231);
#1831=AXIS2_PLACEMENT_3D('',#2771,#2234,#2235);
#1832=AXIS2_PLACEMENT_3D('',#2773,#2237,#2238);
#1833=AXIS2_PLACEMENT_3D('',#2774,#2239,#2240);
#1834=AXIS2_PLACEMENT_3D('',#2783,#2245,#2246);
#1835=AXIS2_PLACEMENT_3D('',#2792,#2251,#2252);
#1836=AXIS2_PLACEMENT_3D('',#2798,#2256,#2257);
#1837=AXIS2_PLACEMENT_3D('',#2804,#2261,#2262);
#1838=AXIS2_PLACEMENT_3D('',#2819,#2271,#2272);
#1839=AXIS2_PLACEMENT_3D('',#2834,#2281,#2282);
#1840=AXIS2_PLACEMENT_3D('',#2836,#2284,#2285);
#1841=AXIS2_PLACEMENT_3D('',#2838,#2287,#2288);
#1842=AXIS2_PLACEMENT_3D('',#2840,#2290,#2291);
#1843=AXIS2_PLACEMENT_3D('',#2841,#2292,#2293);
#1844=AXIS2_PLACEMENT_3D('',#2843,#2295,#2296);
#1845=AXIS2_PLACEMENT_3D('',#2845,#2298,#2299);
#1846=AXIS2_PLACEMENT_3D('',#2847,#2301,#2302);
#1847=AXIS2_PLACEMENT_3D('',#2848,#2303,#2304);
#1848=DIRECTION('',(0.,0.,1.));
#1849=DIRECTION('',(1.,0.,0.));
#1850=DIRECTION('',(-0.996194698091746,-0.0871557427476584,0.));
#1851=DIRECTION('',(0.0871557427476584,-0.996194698091746,0.));
#1852=DIRECTION('',(-0.0868265938642479,0.992432509138967,0.0868265938642478));
#1853=DIRECTION('',(-0.0868265938642479,0.992432509138968,-0.0868265938642408));
#1854=DIRECTION('',(-9.40672762732666E-18,1.07519388778174E-16,-1.));
#1855=DIRECTION('',(-0.996194698091746,-0.0871557427476584,0.));
#1856=DIRECTION('',(0.0871557427476584,-0.996194698091746,0.));
#1857=DIRECTION('',(-9.40672762732666E-18,1.07519388778174E-16,-1.));
#1858=DIRECTION('',(-0.996194698091746,-0.0871557427476584,0.));
#1859=DIRECTION('',(0.0871557427476584,-0.996194698091746,0.));
#1860=DIRECTION('',(-9.40672762732666E-18,1.07519388778174E-16,-1.));
#1861=DIRECTION('',(-0.0617457854184495,0.705757556807954,0.70575755680795));
#1862=DIRECTION('',(-0.0868265938642479,0.992432509138967,0.0868265938642472));
#1863=DIRECTION('',(-0.0871557427476584,0.996194698091746,0.));
#1864=DIRECTION('',(0.,-2.03375269705467E-16,1.));
#1865=DIRECTION('',(0.996194698091746,-0.0871557427476587,0.));
#1866=DIRECTION('',(0.0871557427476587,0.996194698091746,0.));
#1867=DIRECTION('',(9.40672762732669E-18,1.07519388778174E-16,-1.));
#1868=DIRECTION('',(-0.0868265938642482,-0.992432509138968,0.0868265938642408));
#1869=DIRECTION('',(-0.0868265938642481,-0.992432509138967,-0.0868265938642478));
#1870=DIRECTION('',(0.,-2.03375269705467E-16,1.));
#1871=DIRECTION('',(-0.0871557427476587,-0.996194698091746,0.));
#1872=DIRECTION('',(-0.0868265938642481,-0.992432509138967,-0.0868265938642472));
#1873=DIRECTION('',(-0.0617457854184496,-0.705757556807954,-0.70575755680795));
#1874=DIRECTION('',(9.40672762732669E-18,1.07519388778174E-16,-1.));
#1875=DIRECTION('',(0.996194698091746,-0.0871557427476587,0.));
#1876=DIRECTION('',(-0.0871557427476587,-0.996194698091746,0.));
#1877=DIRECTION('',(-9.40672762732669E-18,-1.07519388778174E-16,1.));
#1878=DIRECTION('',(0.996194698091746,-0.0871557427476587,0.));
#1879=DIRECTION('',(-0.0871557427476587,-0.996194698091746,0.));
#1880=DIRECTION('',(0.,1.,2.03375269705467E-16));
#1881=DIRECTION('',(0.,-2.03375269705467E-16,1.));
#1882=DIRECTION('',(1.,0.,0.));
#1883=DIRECTION('',(1.,0.,0.));
#1884=DIRECTION('',(0.,0.,1.));
#1885=DIRECTION('',(0.,-1.,0.));
#1886=DIRECTION('',(1.,0.,0.));
#1887=DIRECTION('',(0.,0.,1.));
#1888=DIRECTION('',(-0.0871557427476587,-0.996194698091745,0.));
#1889=DIRECTION('',(0.,0.,1.));
#1890=DIRECTION('',(-0.0871557427476585,0.996194698091746,0.));
#1891=DIRECTION('',(0.,-0.0871557427476578,0.996194698091746));
#1892=DIRECTION('',(0.,-0.996194698091746,-0.0871557427476578));
#1893=DIRECTION('',(1.,0.,0.));
#1894=DIRECTION('',(-0.0868265938642481,-0.992432509138967,-0.0868265938642472));
#1895=DIRECTION('',(-0.0868265938642479,0.992432509138967,0.0868265938642472));
#1896=DIRECTION('',(0.,-0.707106781186545,0.70710678118655));
#1897=DIRECTION('',(0.,-0.70710678118655,-0.707106781186545));
#1898=DIRECTION('',(1.,0.,0.));
#1899=DIRECTION('',(-0.0617457854184496,-0.705757556807954,-0.70575755680795));
#1900=DIRECTION('',(1.,0.,0.));
#1901=DIRECTION('',(-0.0617457854184495,0.705757556807954,0.70575755680795));
#1902=DIRECTION('',(0.,-1.,-1.07519388778174E-16));
#1903=DIRECTION('',(0.,1.07519388778174E-16,-1.));
#1904=DIRECTION('',(1.,0.,0.));
#1905=DIRECTION('',(9.40672762732669E-18,1.07519388778174E-16,-1.));
#1906=DIRECTION('',(0.,-1.,-1.07519388778174E-16));
#1907=DIRECTION('',(0.,1.07519388778174E-16,-1.));
#1908=DIRECTION('',(9.40672762732669E-18,1.07519388778174E-16,-1.));
#1909=DIRECTION('',(1.,0.,0.));
#1910=DIRECTION('',(-9.40672762732666E-18,1.07519388778174E-16,-1.));
#1911=DIRECTION('',(0.,-1.,-1.07519388778174E-16));
#1912=DIRECTION('',(0.,1.07519388778174E-16,-1.));
#1913=DIRECTION('',(-9.40672762732666E-18,1.07519388778174E-16,-1.));
#1914=DIRECTION('',(0.,-0.0871557427476514,-0.996194698091746));
#1915=DIRECTION('',(0.,0.996194698091746,-0.0871557427476514));
#1916=DIRECTION('',(1.,0.,0.));
#1917=DIRECTION('',(-0.0868265938642482,-0.992432509138968,0.0868265938642408));
#1918=DIRECTION('',(1.,0.,0.));
#1919=DIRECTION('',(-0.0868265938642479,0.992432509138968,-0.0868265938642408));
#1920=DIRECTION('',(0.,0.0871557427476583,-0.996194698091746));
#1921=DIRECTION('',(0.,0.996194698091746,0.0871557427476583));
#1922=DIRECTION('',(0.,0.0871557427476583,-0.996194698091746));
#1923=DIRECTION('',(-0.0881557031318996,-0.992316220384508,-0.0868164199165371));
#1924=DIRECTION('',(0.,0.0871557427476583,-0.996194698091746));
#1925=DIRECTION('',(-0.0881557031318994,0.992316220384508,0.0868164199165371));
#1926=DIRECTION('',(0.,1.,1.07519388778174E-16));
#1927=DIRECTION('',(0.,-1.07519388778174E-16,1.));
#1928=DIRECTION('',(0.,1.,1.07519388778174E-16));
#1929=DIRECTION('',(0.,-1.07519388778174E-16,1.));
#1930=DIRECTION('',(0.,-1.,0.));
#1931=DIRECTION('',(0.,0.,-1.));
#1932=DIRECTION('',(0.,1.,1.07519388778174E-16));
#1933=DIRECTION('',(0.,-1.07519388778174E-16,1.));
#1934=DIRECTION('',(0.,1.,1.07519388778174E-16));
#1935=DIRECTION('',(0.,-1.07519388778174E-16,1.));
#1936=DIRECTION('',(0.,1.,1.07519388778174E-16));
#1937=DIRECTION('',(0.,-1.07519388778174E-16,1.));
#1938=DIRECTION('',(0.,-1.,0.));
#1939=DIRECTION('',(0.,0.,-1.));
#1940=DIRECTION('',(0.,1.,1.07519388778174E-16));
#1941=DIRECTION('',(0.,-1.07519388778174E-16,1.));
#1942=DIRECTION('',(-0.0868265938642479,0.992432509138967,0.0868265938642472));
#1943=DIRECTION('',(-0.996194698091746,-0.0871557427476585,0.));
#1944=DIRECTION('',(0.086826593864258,-0.992432509138966,-0.0868265938642529));
#1945=DIRECTION('',(0.996194698091745,0.0871557427476686,0.));
#1946=DIRECTION('',(-0.996194698091745,-0.0871557427476661,-5.78241158658935E-14));
#1947=DIRECTION('',(0.0871557427476661,-0.996194698091745,0.));
#1948=DIRECTION('',(-1.,3.18050813587011E-14,3.18050813586998E-14));
#1949=DIRECTION('',(-3.18050813587011E-14,-1.,0.));
#1950=DIRECTION('',(-0.0617457854184585,0.705757556807995,0.705757556807908));
#1951=DIRECTION('',(0.,-0.707106781186504,0.707106781186591));
#1952=DIRECTION('',(-0.0617457854184495,0.705757556807954,0.70575755680795));
#1953=DIRECTION('',(0.,-0.707106781186545,0.70710678118655));
#1954=DIRECTION('',(0.0617457854184986,-0.705757556807964,-0.705757556807935));
#1955=DIRECTION('',(0.,0.707106781186533,-0.707106781186562));
#1956=DIRECTION('',(1.,0.,0.));
#1957=DIRECTION('',(0.,0.,-1.));
#1958=DIRECTION('',(1.,4.48080180602249E-14,3.92019361533479E-15));
#1959=DIRECTION('',(-4.48080180602249E-14,1.,0.));
#1960=DIRECTION('',(-0.0868265938642481,-0.992432509138967,-0.0868265938642472));
#1961=DIRECTION('',(0.996194698091746,-0.0871557427476587,0.));
#1962=DIRECTION('',(-0.0868265938642561,-0.992432509138974,-0.0868265938641622));
#1963=DIRECTION('',(0.996194698091745,-0.0871557427476661,0.));
#1964=DIRECTION('',(-0.996194698091745,-0.0871557427476661,-5.78241158658935E-14));
#1965=DIRECTION('',(0.0871557427476661,-0.996194698091745,0.));
#1966=DIRECTION('',(-1.,0.,0.));
#1967=DIRECTION('',(0.,0.,1.));
#1968=DIRECTION('',(-5.0589546166756E-15,5.78241158658927E-14,1.));
#1969=DIRECTION('',(0.,-1.,5.78241158658927E-14));
#1970=DIRECTION('',(0.99619469809174,-0.087155742747726,-5.78241158658948E-14));
#1971=DIRECTION('',(0.087155742747726,0.99619469809174,0.));
#1972=DIRECTION('',(0.0617457854185598,0.705757556807962,0.705757556807933));
#1973=DIRECTION('',(0.,-0.707106781186533,0.707106781186562));
#1974=DIRECTION('',(0.0869600886914053,-0.993958361995437,0.0669680341217448));
#1975=DIRECTION('',(0.996194698091745,0.0871557427476661,0.));
#1976=DIRECTION('',(-9.40672762732666E-18,1.07519388778174E-16,-1.));
#1977=DIRECTION('',(0.,1.,1.07519388778174E-16));
#1978=DIRECTION('',(0.,0.,-1.));
#1979=DIRECTION('',(-1.,0.,0.));
#1980=DIRECTION('',(1.,0.,0.));
#1981=DIRECTION('',(0.,0.,-1.));
#1982=DIRECTION('',(1.,0.,0.));
#1983=DIRECTION('',(0.,0.,-1.));
#1984=DIRECTION('',(-0.0617457854184496,-0.705757556807954,-0.70575755680795));
#1985=DIRECTION('',(0.,0.707106781186545,-0.70710678118655));
#1986=DIRECTION('',(-0.061745785418456,-0.705757556807966,-0.705757556807937));
#1987=DIRECTION('',(0.,0.707106781186533,-0.707106781186562));
#1988=DIRECTION('',(-2.89120579329463E-14,-1.,0.));
#1989=DIRECTION('',(1.,-2.89120579329463E-14,0.));
#1990=DIRECTION('',(-0.999564735655595,2.88994735450047E-14,0.0295015123978493));
#1991=DIRECTION('',(0.0295015123978493,0.,0.999564735655595));
#1992=DIRECTION('',(0.996194698091745,-0.0871557427476661,0.));
#1993=DIRECTION('',(0.0871557427476661,0.996194698091745,0.));
#1994=DIRECTION('',(0.,0.,1.));
#1995=DIRECTION('',(1.,0.,0.));
#1996=DIRECTION('',(0.0869600886913767,-0.993958361995439,-0.0669680341217458));
#1997=DIRECTION('',(0.996194698091747,0.0871557427476374,0.));
#1998=DIRECTION('',(0.,-1.,-1.07519388778174E-16));
#1999=DIRECTION('',(0.,1.07519388778174E-16,-1.));
#2000=DIRECTION('',(-0.999564735655596,0.,-0.0295015123978224));
#2001=DIRECTION('',(-0.0295015123978224,0.,0.999564735655596));
#2002=DIRECTION('',(9.40672762732669E-18,1.07519388778174E-16,-1.));
#2003=DIRECTION('',(0.,1.,1.07519388778174E-16));
#2004=DIRECTION('',(0.,0.,-1.));
#2005=DIRECTION('',(-1.,0.,0.));
#2006=DIRECTION('',(-0.0869600886914053,-0.993958361995437,0.0669680341217448));
#2007=DIRECTION('',(0.996194698091745,-0.0871557427476661,0.));
#2008=DIRECTION('',(0.,-1.,0.));
#2009=DIRECTION('',(0.,0.,-1.));
#2010=DIRECTION('',(0.,0.,1.));
#2011=DIRECTION('',(1.,0.,0.));
#2012=DIRECTION('',(0.,-1.,0.));
#2013=DIRECTION('',(0.,0.,-1.));
#2014=DIRECTION('',(0.999564735655595,0.,0.0295015123978514));
#2015=DIRECTION('',(0.0295015123978514,0.,-0.999564735655595));
#2016=DIRECTION('',(-0.0868265938642479,0.992432509138968,-0.0868265938642408));
#2017=DIRECTION('',(-0.996194698091746,-0.0871557427476585,0.));
#2018=DIRECTION('',(0.0868265938642554,-0.992432509138966,0.0868265938642549));
#2019=DIRECTION('',(0.996194698091745,0.0871557427476661,0.));
#2020=DIRECTION('',(-9.40672762732666E-18,1.07519388778174E-16,-1.));
#2021=DIRECTION('',(0.,1.,1.07519388778174E-16));
#2022=DIRECTION('',(6.8578442920136E-14,1.12937726300571E-16,-1.));
#2023=DIRECTION('',(-1.,0.,-6.8578442920136E-14));
#2024=DIRECTION('',(0.,-1.,-1.07519388778174E-16));
#2025=DIRECTION('',(0.,1.07519388778174E-16,-1.));
#2026=DIRECTION('',(0.999564735655595,0.,-0.0295015123978514));
#2027=DIRECTION('',(-0.0295015123978513,0.,-0.999564735655595));
#2028=DIRECTION('',(-0.0869600886914052,-0.993958361995435,-0.0669680341217735));
#2029=DIRECTION('',(0.996194698091745,-0.0871557427476661,0.));
#2030=DIRECTION('',(-2.89120579329463E-14,-1.,6.92308262222503E-14));
#2031=DIRECTION('',(0.,-6.92308262222503E-14,-1.));
#2032=DIRECTION('',(-1.,0.,0.));
#2033=DIRECTION('',(0.,0.,1.));
#2034=DIRECTION('',(0.,-1.,0.));
#2035=DIRECTION('',(0.,0.,-1.));
#2036=DIRECTION('',(0.,0.,1.));
#2037=DIRECTION('',(1.,0.,0.));
#2038=DIRECTION('',(1.,0.,0.));
#2039=DIRECTION('',(0.,0.,-1.));
#2040=DIRECTION('',(1.,-6.55546971264134E-30,5.80449945945845E-14));
#2041=DIRECTION('',(5.80449945945845E-14,0.,-1.));
#2042=DIRECTION('',(9.40672762732669E-18,1.07519388778174E-16,-1.));
#2043=DIRECTION('',(0.,1.,1.07519388778174E-16));
#2044=DIRECTION('',(-5.99762783656656E-15,-6.85531998644469E-14,-1.));
#2045=DIRECTION('',(0.,1.,-6.85531998644469E-14));
#2046=DIRECTION('',(0.,-1.,6.94284672432763E-14));
#2047=DIRECTION('',(0.,-6.94284672432763E-14,-1.));
#2048=DIRECTION('',(-0.0868265938642605,-0.992432509138966,0.0868265938642549));
#2049=DIRECTION('',(0.996194698091745,-0.0871557427476712,0.));
#2050=DIRECTION('',(-0.0868265938642482,-0.992432509138968,0.0868265938642408));
#2051=DIRECTION('',(0.996194698091746,-0.0871557427476587,0.));
#2052=DIRECTION('',(0.,0.,1.));
#2053=DIRECTION('',(1.,0.,0.));
#2054=DIRECTION('',(0.087155742747658,0.996194698091746,6.12323399573677E-17));
#2055=DIRECTION('',(-0.996194698091746,0.087155742747658,-5.22044370073342E-17));
#2056=DIRECTION('',(2.17673648135168E-16,-8.05102141085619E-17,1.));
#2057=DIRECTION('',(0.996194698091746,-0.087155742747658,-2.20980362359092E-16));
#2058=DIRECTION('',(2.14802715295359E-16,-8.02590400313343E-17,1.));
#2059=DIRECTION('',(0.996194698091745,-0.087155742747658,-1.8546221545399E-16));
#2060=DIRECTION('',(1.,-1.51648027117105E-32,-2.17673648135168E-16));
#2061=DIRECTION('',(-2.17673648135168E-16,-5.55111512312578E-17,-1.));
#2062=DIRECTION('',(1.,-1.51648027117105E-32,-2.17673648135168E-16));
#2063=DIRECTION('',(-1.76788848229989E-16,-5.55111512312578E-17,-1.));
#2064=DIRECTION('',(2.17673648135168E-16,0.,1.));
#2065=DIRECTION('',(0.,1.,0.));
#2066=DIRECTION('',(-1.53624822088376E-16,0.708453436024407,-0.705757556803476));
#2067=DIRECTION('',(-3.08148791101958E-33,-1.,5.55111512312578E-17));
#2068=DIRECTION('',(-1.53624822088376E-16,-0.708453436024406,-0.705757556803477));
#2069=DIRECTION('',(2.17673648135168E-16,-4.24222609882458E-17,1.));
#2070=DIRECTION('',(0.,-1.,0.));
#2071=DIRECTION('',(2.17673648135168E-16,0.,1.));
#2072=DIRECTION('',(0.,1.,0.));
#2073=DIRECTION('',(2.17673648135168E-16,-4.24222609882458E-17,1.));
#2074=DIRECTION('',(-3.08148791101958E-33,-1.,5.55111512312578E-17));
#2075=DIRECTION('',(-5.55111512312578E-17,5.55111512312578E-17,1.));
#2076=DIRECTION('',(3.08148791101958E-33,1.,-5.55111512312578E-17));
#2077=DIRECTION('',(-1.82122201642277E-16,1.02911084017766E-16,-1.));
#2078=DIRECTION('',(-3.08148791101958E-33,-1.,5.55111512312578E-17));
#2079=DIRECTION('',(-1.82122201642277E-16,-2.13933386480281E-16,-1.));
#2080=DIRECTION('',(-3.08148791101958E-33,-1.,5.55111512312578E-17));
#2081=DIRECTION('',(-5.55111512312578E-17,5.55111512312578E-17,1.));
#2082=DIRECTION('',(3.08148791101958E-33,1.,-5.55111512312578E-17));
#2083=DIRECTION('',(2.17673648135168E-16,-8.05102141085619E-17,1.));
#2084=DIRECTION('',(-1.88049595379279E-31,-1.,-8.63906113534268E-16));
#2085=DIRECTION('',(1.,-1.51648027117105E-32,-2.17673648135168E-16));
#2086=DIRECTION('',(-2.17673648135168E-16,-5.55111512312578E-17,-1.));
#2087=DIRECTION('',(1.,0.,5.55111512312578E-17));
#2088=DIRECTION('',(3.08148791101958E-33,1.,-5.55111512312578E-17));
#2089=DIRECTION('',(1.51648027117105E-32,1.,-3.30097792950812E-48));
#2090=DIRECTION('',(2.17673648135168E-16,0.,1.));
#2091=DIRECTION('',(-2.0321439809099E-31,-1.,-8.63906113534268E-16));
#2092=DIRECTION('',(2.14802715295359E-16,-8.02590400313343E-17,1.));
#2093=DIRECTION('',(3.08148791101958E-33,1.,-5.55111512312578E-17));
#2094=DIRECTION('',(-5.55111512312578E-17,5.55111512312578E-17,1.));
#2095=DIRECTION('',(-3.08148791101958E-33,-1.,5.55111512312578E-17));
#2096=DIRECTION('',(-1.82122201642277E-16,-2.13933386480281E-16,-1.));
#2097=DIRECTION('',(-3.08148791101958E-33,-1.,5.55111512312578E-17));
#2098=DIRECTION('',(-1.82122201642277E-16,1.02911084017766E-16,-1.));
#2099=DIRECTION('',(3.08148791101958E-33,1.,-5.55111512312578E-17));
#2100=DIRECTION('',(-5.55111512312578E-17,5.55111512312578E-17,1.));
#2101=DIRECTION('',(-3.08148791101958E-33,-1.,5.55111512312578E-17));
#2102=DIRECTION('',(2.18887953077727E-16,-4.23160230717084E-17,1.));
#2103=DIRECTION('',(1.51648027117105E-32,1.,-3.30097792950812E-48));
#2104=DIRECTION('',(2.17673648135168E-16,0.,1.));
#2105=DIRECTION('',(-1.51648027117105E-32,-1.,3.30097792950812E-48));
#2106=DIRECTION('',(2.18887953077727E-16,-4.23160230717084E-17,1.));
#2107=DIRECTION('',(-1.53624822088376E-16,-0.708453436024406,-0.705757556803477));
#2108=DIRECTION('',(-3.08148791101958E-33,-1.,5.55111512312578E-17));
#2109=DIRECTION('',(-1.53624822088376E-16,0.708453436024407,-0.705757556803476));
#2110=DIRECTION('',(-0.087155742747658,0.996194698091746,6.12323399573677E-17));
#2111=DIRECTION('',(-0.996194698091746,-0.087155742747658,-5.88178654551815E-17));
#2112=DIRECTION('',(-0.996194698091746,-0.087155742747658,2.14366933911245E-16));
#2113=DIRECTION('',(0.996194698091746,0.087155742747658,-1.8404451301047E-16));
#2114=DIRECTION('',(0.087155742747658,0.996194698091746,6.12323399573677E-17));
#2115=DIRECTION('',(-0.996194698091746,0.087155742747658,-5.22044370073342E-17));
#2116=DIRECTION('',(0.996194698091746,-0.087155742747658,-2.20980362359092E-16));
#2117=DIRECTION('',(0.996194698091746,-0.087155742747658,-1.90657941458317E-16));
#2118=DIRECTION('',(1.87351227234394E-16,5.55111512312578E-17,1.));
#2119=DIRECTION('',(1.,-1.34815702193898E-32,-1.87351227234394E-16));
#2120=DIRECTION('',(0.996194698091745,-0.087155742747658,-1.88044606472554E-16));
#2121=DIRECTION('',(0.996194698091746,0.087155742747658,-1.85943828184835E-16));
#2122=DIRECTION('',(-0.087155742747658,0.996194698091746,6.12323399573677E-17));
#2123=DIRECTION('',(-0.996194698091746,-0.087155742747658,-5.88178654551815E-17));
#2124=DIRECTION('',(0.996194698091746,0.087155742747658,-2.14366933911245E-16));
#2125=DIRECTION('',(0.996194698091745,0.087155742747658,-1.83429860483377E-16));
#2126=DIRECTION('',(-1.87351227234394E-16,-5.55111512312578E-17,-1.));
#2127=DIRECTION('',(-1.,1.34815702193898E-32,1.87351227234394E-16));
#2128=DIRECTION('',(1.,-1.34815702193898E-32,-1.87351227234394E-16));
#2129=DIRECTION('',(3.08148791101958E-33,1.,-5.55111512312578E-17));
#2130=DIRECTION('',(-1.,0.,-5.55111512312578E-17));
#2131=DIRECTION('',(1.,-1.34815702193898E-32,-1.87351227234394E-16));
#2132=DIRECTION('',(1.87351227234394E-16,5.55111512312578E-17,1.));
#2133=DIRECTION('',(1.,-1.34815702193898E-32,-1.87351227234394E-16));
#2134=DIRECTION('',(1.,-1.34815702193898E-32,-1.87351227234394E-16));
#2135=DIRECTION('',(-3.276208810614E-32,-1.,-1.02911084017766E-16));
#2136=DIRECTION('',(5.55111512312578E-17,1.02911084017766E-16,-1.));
#2137=DIRECTION('',(1.,-1.34815702193898E-32,-1.87351227234394E-16));
#2138=DIRECTION('',(1.87351227234394E-16,5.55111512312578E-17,1.));
#2139=DIRECTION('',(1.,-1.34815702193898E-32,-1.87351227234394E-16));
#2140=DIRECTION('',(1.,-1.34815702193898E-32,-1.87351227234394E-16));
#2141=DIRECTION('',(2.65991122841008E-32,-1.,2.13933386480281E-16));
#2142=DIRECTION('',(5.55111512312578E-17,-2.13933386480281E-16,-1.));
#2143=DIRECTION('',(1.,-1.34815702193898E-32,-1.87351227234394E-16));
#2144=DIRECTION('',(1.87351227234394E-16,5.55111512312578E-17,1.));
#2145=DIRECTION('',(1.,-1.34815702193898E-32,-1.87351227234394E-16));
#2146=DIRECTION('',(1.,-1.34815702193898E-32,-1.87351227234394E-16));
#2147=DIRECTION('',(3.08148791101958E-33,1.,-5.55111512312578E-17));
#2148=DIRECTION('',(-1.,0.,-5.55111512312578E-17));
#2149=DIRECTION('',(1.,-1.34815702193898E-32,-1.87351227234394E-16));
#2150=DIRECTION('',(-1.87351227234394E-16,-5.55111512312578E-17,-1.));
#2151=DIRECTION('',(-1.,1.34815702193898E-32,1.87351227234394E-16));
#2152=DIRECTION('',(1.,0.,5.55111512312578E-17));
#2153=DIRECTION('',(3.08148791101958E-33,1.,-5.55111512312578E-17));
#2154=DIRECTION('',(0.0616284167158301,-0.704416026398309,0.707106781191014));
#2155=DIRECTION('',(0.,-0.708453436024406,-0.705757556803477));
#2156=DIRECTION('',(-0.06162841671583,-0.704416026398308,-0.707106781191015));
#2157=DIRECTION('',(0.,0.708453436024407,-0.705757556803476));
#2158=DIRECTION('',(-2.17673648135168E-16,0.,-1.));
#2159=DIRECTION('',(-1.,0.,2.17673648135168E-16));
#2160=DIRECTION('',(1.,0.,-2.17673648135168E-16));
#2161=DIRECTION('',(0.,1.,0.));
#2162=DIRECTION('',(0.,0.,1.));
#2163=DIRECTION('',(1.,0.,-2.17673648135168E-16));
#2164=DIRECTION('',(2.17673648135168E-16,0.,1.));
#2165=DIRECTION('',(1.,0.,-2.17673648135168E-16));
#2166=DIRECTION('',(-2.17673648135168E-16,0.,-1.));
#2167=DIRECTION('',(-1.,0.,2.17673648135168E-16));
#2168=DIRECTION('',(1.,0.,-2.17673648135168E-16));
#2169=DIRECTION('',(0.,1.,0.));
#2170=DIRECTION('',(0.,0.,1.));
#2171=DIRECTION('',(1.,0.,-2.17673648135168E-16));
#2172=DIRECTION('',(2.17673648135168E-16,-8.63906113534268E-16,1.));
#2173=DIRECTION('',(0.,-1.,-8.63906113534268E-16));
#2174=DIRECTION('',(0.,0.,1.));
#2175=DIRECTION('',(6.12323399573677E-17,-1.,0.));
#2176=DIRECTION('',(0.,0.,1.));
#2177=DIRECTION('',(0.,-1.,0.));
#2178=DIRECTION('',(0.,-1.,0.));
#2179=DIRECTION('',(-1.,0.,0.));
#2180=DIRECTION('',(0.,-1.,0.));
#2181=DIRECTION('',(-1.,0.,0.));
#2182=DIRECTION('',(1.,0.,2.25033957225777E-16));
#2183=DIRECTION('',(-2.25033957225777E-16,0.,1.));
#2184=DIRECTION('',(-2.25033957225777E-16,0.,1.));
#2185=DIRECTION('',(0.,-1.,0.));
#2186=DIRECTION('',(-2.25033957225777E-16,0.,1.));
#2187=DIRECTION('',(0.866025403784442,0.,-0.499999999999995));
#2188=DIRECTION('',(0.499999999999995,0.,0.866025403784442));
#2189=DIRECTION('',(0.499999999999995,0.,0.866025403784441));
#2190=DIRECTION('',(0.,-1.,0.));
#2191=DIRECTION('',(0.499999999999995,0.,0.866025403784441));
#2192=DIRECTION('',(-0.866025403784441,0.,-0.499999999999995));
#2193=DIRECTION('',(0.499999999999995,0.,-0.866025403784441));
#2194=DIRECTION('',(0.499999999999995,0.,-0.866025403784441));
#2195=DIRECTION('',(0.,-1.,0.));
#2196=DIRECTION('',(0.499999999999995,0.,-0.866025403784441));
#2197=DIRECTION('',(-1.,0.,-7.50113190752588E-17));
#2198=DIRECTION('',(7.50113190752588E-17,0.,-1.));
#2199=DIRECTION('',(7.50113190752588E-17,0.,-1.));
#2200=DIRECTION('',(0.,-1.,0.));
#2201=DIRECTION('',(7.50113190752588E-17,0.,-1.));
#2202=DIRECTION('',(0.,0.,1.));
#2203=DIRECTION('',(0.,-1.,0.));
#2204=DIRECTION('',(-1.,0.,0.));
#2205=DIRECTION('',(0.,-1.,0.));
#2206=DIRECTION('',(-1.,0.,0.));
#2207=DIRECTION('',(-1.,0.,0.));
#2208=DIRECTION('',(0.,-1.,0.));
#2209=DIRECTION('',(0.,1.,0.));
#2210=DIRECTION('',(0.,0.,-1.));
#2211=DIRECTION('',(0.,0.,-1.));
#2212=DIRECTION('',(1.,0.,0.));
#2213=DIRECTION('',(0.,1.,0.));
#2214=DIRECTION('',(0.,0.,-1.));
#2215=DIRECTION('',(0.,0.,-1.));
#2216=DIRECTION('',(0.,-1.,0.));
#2217=DIRECTION('',(0.,0.,1.));
#2218=DIRECTION('',(0.,-1.,0.));
#2219=DIRECTION('',(-1.,0.,0.));
#2220=DIRECTION('',(1.,0.,0.));
#2221=DIRECTION('',(0.,1.,0.));
#2222=DIRECTION('',(-1.,0.,0.));
#2223=DIRECTION('',(-5.51756830781427E-17,0.,1.));
#2224=DIRECTION('',(-1.,0.,-6.12323399573676E-17));
#2225=DIRECTION('',(1.65527049234428E-16,0.,-1.));
#2226=DIRECTION('',(1.,0.,5.51756830781427E-17));
#2227=DIRECTION('',(-5.51756830781427E-17,0.,1.));
#2228=DIRECTION('',(-5.51756830781427E-17,0.,1.));
#2229=DIRECTION('',(1.77646209883047E-31,-1.,-3.21964677141295E-15));
#2230=DIRECTION('',(0.,1.,0.));
#2231=DIRECTION('',(-1.,0.,0.));
#2232=DIRECTION('',(1.65527049234428E-16,0.,-1.));
#2233=DIRECTION('',(1.,0.,6.12323399573676E-17));
#2234=DIRECTION('',(-1.,0.,-1.65527049234428E-16));
#2235=DIRECTION('',(1.65527049234428E-16,0.,-1.));
#2236=DIRECTION('',(-5.3293862964914E-31,1.,3.21964677141295E-15));
#2237=DIRECTION('',(-6.12323399573676E-17,-3.21964677141295E-15,1.));
#2238=DIRECTION('',(-2.67346169903309E-18,-1.,-3.21964677141295E-15));
#2239=DIRECTION('',(-6.12323399573676E-17,-3.21964677141295E-15,1.));
#2240=DIRECTION('',(-2.67346169903309E-18,-1.,-3.21964677141295E-15));
#2241=DIRECTION('',(-1.,0.,-6.12323399573676E-17));
#2242=DIRECTION('',(-1.77646209883047E-31,1.,3.21964677141295E-15));
#2243=DIRECTION('',(-1.,0.,-6.12323399573676E-17));
#2244=DIRECTION('',(5.3293862964914E-31,-1.,-3.21964677141295E-15));
#2245=DIRECTION('',(0.,0.,1.));
#2246=DIRECTION('',(0.,-1.,0.));
#2247=DIRECTION('',(-1.,0.,0.));
#2248=DIRECTION('',(0.,1.,0.));
#2249=DIRECTION('',(1.,0.,0.));
#2250=DIRECTION('',(0.,-1.,0.));
#2251=DIRECTION('',(1.,0.,0.));
#2252=DIRECTION('',(0.,1.,0.));
#2253=DIRECTION('',(0.,0.,-1.));
#2254=DIRECTION('',(0.,-1.,0.));
#2255=DIRECTION('',(0.,0.,-1.));
#2256=DIRECTION('',(-1.,0.,0.));
#2257=DIRECTION('',(0.,-1.,0.));
#2258=DIRECTION('',(0.,0.,-1.));
#2259=DIRECTION('',(0.,-1.,0.));
#2260=DIRECTION('',(0.,0.,-1.));
#2261=DIRECTION('',(0.,1.,0.));
#2262=DIRECTION('',(-1.,0.,0.));
#2263=DIRECTION('',(-5.51756830781427E-17,0.,1.));
#2264=DIRECTION('',(1.65527049234428E-16,0.,-1.));
#2265=DIRECTION('',(-1.,0.,0.));
#2266=DIRECTION('',(7.50113190752588E-17,0.,-1.));
#2267=DIRECTION('',(0.499999999999995,0.,-0.866025403784441));
#2268=DIRECTION('',(0.499999999999995,0.,0.866025403784442));
#2269=DIRECTION('',(-2.25033957225777E-16,0.,1.));
#2270=DIRECTION('',(-1.,0.,0.));
#2271=DIRECTION('',(0.,1.,0.));
#2272=DIRECTION('',(-1.,0.,0.));
#2273=DIRECTION('',(-5.51756830781427E-17,0.,1.));
#2274=DIRECTION('',(-1.,0.,0.));
#2275=DIRECTION('',(-2.25033957225777E-16,0.,1.));
#2276=DIRECTION('',(0.499999999999995,0.,0.866025403784442));
#2277=DIRECTION('',(0.499999999999995,0.,-0.866025403784441));
#2278=DIRECTION('',(7.50113190752588E-17,0.,-1.));
#2279=DIRECTION('',(-1.,0.,0.));
#2280=DIRECTION('',(1.65527049234428E-16,0.,-1.));
#2281=DIRECTION('',(-1.,0.,-1.65527049234428E-16));
#2282=DIRECTION('',(1.65527049234428E-16,0.,-1.));
#2283=DIRECTION('',(0.,-1.,0.));
#2284=DIRECTION('',(0.,0.,1.));
#2285=DIRECTION('',(0.,-1.,0.));
#2286=DIRECTION('',(0.,-1.,0.));
#2287=DIRECTION('',(-1.,0.,-7.50113190752588E-17));
#2288=DIRECTION('',(7.50113190752588E-17,0.,-1.));
#2289=DIRECTION('',(0.,-1.,0.));
#2290=DIRECTION('',(-0.866025403784441,0.,-0.499999999999995));
#2291=DIRECTION('',(0.499999999999995,0.,-0.866025403784441));
#2292=DIRECTION('',(0.866025403784442,0.,-0.499999999999995));
#2293=DIRECTION('',(0.499999999999995,0.,0.866025403784442));
#2294=DIRECTION('',(0.,-1.,0.));
#2295=DIRECTION('',(1.,0.,2.25033957225777E-16));
#2296=DIRECTION('',(-2.25033957225777E-16,0.,1.));
#2297=DIRECTION('',(0.,-1.,0.));
#2298=DIRECTION('',(0.,0.,1.));
#2299=DIRECTION('',(0.,-1.,0.));
#2300=DIRECTION('',(0.,-1.,0.));
#2301=DIRECTION('',(1.,0.,5.51756830781427E-17));
#2302=DIRECTION('',(-5.51756830781427E-17,0.,1.));
#2303=DIRECTION('',(0.,0.,1.));
#2304=DIRECTION('',(1.,0.,0.));
#2305=CARTESIAN_POINT('',(0.,0.,0.));
#2306=CARTESIAN_POINT('',(-5.09725179972955,0.00891592458544441,8.57947512293109));
#2307=CARTESIAN_POINT('',(-5.09548520219431,-0.0112763776402771,0.0470407910194972));
#2308=CARTESIAN_POINT('',(-4.87886245457729,-2.48728571287071,-0.169581956597525));
#2309=CARTESIAN_POINT('',(-5.09725179972955,0.00891592458544441,0.0488073885547375));
#2310=CARTESIAN_POINT('',(-5.02964749987321,-0.763804758664075,-0.320367001893437));
#2311=CARTESIAN_POINT('',(-4.71631612621295,-4.34519874769698,-0.00703562823319393));
#2312=CARTESIAN_POINT('',(-4.71631612621294,-4.34519874769698,8.57947512293109));
#2313=CARTESIAN_POINT('',(-4.71631612621294,-4.34519874769698,3.06757873772811));
#2314=CARTESIAN_POINT('',(-2.73034113863137,-27.0449967277301,3.99898759098712));
#2315=CARTESIAN_POINT('',(-4.90639528024775,-2.17258407541455,3.23623349229229));
#2316=CARTESIAN_POINT('',(-4.90639528024775,-2.17258407541455,8.57947512293109));
#2317=CARTESIAN_POINT('',(-4.90639528024775,-2.17258407541455,4.76174168968195));
#2318=CARTESIAN_POINT('',(-2.73034113863137,-27.0449967277301,3.99898759098712));
#2319=CARTESIAN_POINT('',(-4.71631612621294,-4.34519874769698,4.93039644424614));
#2320=CARTESIAN_POINT('',(-4.71631612621294,-4.34519874769698,8.57947512293109));
#2321=CARTESIAN_POINT('',(-4.71631612621294,-4.34519874769698,8.02007433855677));
#2322=CARTESIAN_POINT('',(-4.93188744785975,-1.88120726629863,10.4840658199551));
#2323=CARTESIAN_POINT('',(-4.74111848243166,-4.06170651888538,8.30356656736837));
#2324=CARTESIAN_POINT('',(-5.09664699669072,0.00200299421867718,8.65909508162743));
#2325=CARTESIAN_POINT('',(-5.01602703799438,-0.919487350326866,8.57847512293109));
#2326=CARTESIAN_POINT('',(-5.09725179972955,0.00891592458544441,8.57847512293109));
#2327=CARTESIAN_POINT('',(-5.09725179972955,0.00891592458544441,8.57847512293109));
#2328=CARTESIAN_POINT('',(-5.09725179972955,0.00891592458544615,0.0488073885547375));
#2329=CARTESIAN_POINT('',(5.12624820027045,0.00891592458544441,8.57947512293109));
#2330=CARTESIAN_POINT('',(4.74531252675384,-4.34519874769698,8.57947512293109));
#2331=CARTESIAN_POINT('',(4.74531252675384,-4.34519874769698,3.06757873772811));
#2332=CARTESIAN_POINT('',(4.74531252675384,-4.34519874769698,-0.00703562823319394));
#2333=CARTESIAN_POINT('',(5.05864390041411,-0.763804758664075,-0.320367001893437));
#2334=CARTESIAN_POINT('',(4.90785885511819,-2.48728571287071,-0.169581956597525));
#2335=CARTESIAN_POINT('',(5.12448160273521,-0.0112763776402771,0.0470407910194972));
#2336=CARTESIAN_POINT('',(5.12624820027045,0.00891592458544615,0.0488073885547375));
#2337=CARTESIAN_POINT('',(5.12624820027045,0.00891592458544615,0.0488073885547375));
#2338=CARTESIAN_POINT('',(5.12624820027045,0.00891592458544441,8.57847512293109));
#2339=CARTESIAN_POINT('',(5.12624820027045,0.00891592458544441,8.57847512293109));
#2340=CARTESIAN_POINT('',(5.04502343853528,-0.919487350326867,8.57847512293109));
#2341=CARTESIAN_POINT('',(5.12564339723161,0.00200299421867717,8.65909508162743));
#2342=CARTESIAN_POINT('',(4.77011488297255,-4.06170651888538,8.30356656736837));
#2343=CARTESIAN_POINT('',(4.96088384840064,-1.88120726629864,10.4840658199551));
#2344=CARTESIAN_POINT('',(4.74531252675384,-4.34519874769698,8.02007433855677));
#2345=CARTESIAN_POINT('',(4.74531252675384,-4.34519874769698,8.57947512293109));
#2346=CARTESIAN_POINT('',(4.74531252675384,-4.34519874769698,4.93039644424614));
#2347=CARTESIAN_POINT('',(2.75933753917226,-27.0449967277301,3.99898759098712));
#2348=CARTESIAN_POINT('',(4.93539168078865,-2.1725840754145,4.76174168968195));
#2349=CARTESIAN_POINT('',(4.93539168078865,-2.17258407541455,8.57947512293109));
#2350=CARTESIAN_POINT('',(4.93539168078865,-2.17258407541455,3.23623349229229));
#2351=CARTESIAN_POINT('',(2.75933753917226,-27.0449967277301,3.99898759098712));
#2352=CARTESIAN_POINT('',(-5.09725179972955,0.00891592458544615,0.0488073885547375));
#2353=CARTESIAN_POINT('',(-5.09725179972955,0.00891592458544441,8.57847512293109));
#2354=CARTESIAN_POINT('',(-5.09725179972955,0.00891592458544615,0.0488073885547375));
#2355=CARTESIAN_POINT('',(-5.09725179972955,-1.26108407541456,8.57847512293109));
#2356=CARTESIAN_POINT('',(-5.09725179972955,-1.26108407541456,8.57847512293109));
#2357=CARTESIAN_POINT('',(-4.95625535610888,-1.26108407541456,8.57847512293109));
#2358=CARTESIAN_POINT('',(4.98525175664977,-1.26108407541456,8.57847512293109));
#2359=CARTESIAN_POINT('',(5.01513759759253,-0.916872678044442,8.57847512293109));
#2360=CARTESIAN_POINT('',(-4.98614119705163,-0.916872678044442,8.57847512293109));
#2361=CARTESIAN_POINT('',(-5.09725179972955,-1.26108407541456,8.57847512293109));
#2362=CARTESIAN_POINT('',(-5.09725179972955,-4.06170651888538,8.33345240831113));
#2363=CARTESIAN_POINT('',(-4.7112326414889,-4.06170651888538,8.33345240831113));
#2364=CARTESIAN_POINT('',(4.7402290420298,-4.06170651888538,8.33345240831113));
#2365=CARTESIAN_POINT('',(4.90924120008239,-2.12988871254168,8.50246456636372));
#2366=CARTESIAN_POINT('',(-4.95731830819153,-1.24893447751448,8.57953807501375));
#2367=CARTESIAN_POINT('',(-5.09725179972955,-4.07258407541455,8.33250074542796));
#2368=CARTESIAN_POINT('',(-5.09725179972955,-4.36379727885015,8.04128754199237));
#2369=CARTESIAN_POINT('',(-4.68643028527019,-4.36379727885015,8.04128754199237));
#2370=CARTESIAN_POINT('',(4.71542668581109,-4.36379727885015,8.04128754199237));
#2371=CARTESIAN_POINT('',(4.70339615536715,-4.5013068710543,7.90377794978821));
#2372=CARTESIAN_POINT('',(4.7402290420298,-4.08030505003854,8.32477977080397));
#2373=CARTESIAN_POINT('',(-5.09725179972955,-4.08030505003854,8.32477977080397));
#2374=CARTESIAN_POINT('',(-4.71123264148891,-4.08030505003854,8.32477977080397));
#2375=CARTESIAN_POINT('',(-4.71337727813645,-4.05579174098664,8.34929307985588));
#2376=CARTESIAN_POINT('',(-5.09725179972955,-4.37258407541455,8.03250074542796));
#2377=CARTESIAN_POINT('',(-5.09725179972955,-4.37258407541455,-0.00703562823319188));
#2378=CARTESIAN_POINT('',(-4.68643028527019,-4.37258407541455,-0.00703562823319189));
#2379=CARTESIAN_POINT('',(4.71542668581109,-4.37258407541455,-0.00703562823319189));
#2380=CARTESIAN_POINT('',(4.71542668581109,-4.37258407541455,8.03250074542796));
#2381=CARTESIAN_POINT('',(4.71542668581109,-4.37258407541455,3.06757873772811));
#2382=CARTESIAN_POINT('',(4.74291662103161,-4.37258407541455,3.99898759098712));
#2383=CARTESIAN_POINT('',(4.71542668581109,-4.37258407541455,4.93039644424614));
#2384=CARTESIAN_POINT('',(4.71542668581109,-4.37258407541455,8.03250074542796));
#2385=CARTESIAN_POINT('',(4.71542668581109,-4.37258407541455,8.02007433855677));
#2386=CARTESIAN_POINT('',(-5.09725179972955,-4.37258407541455,8.02007433855677));
#2387=CARTESIAN_POINT('',(-4.68643028527019,-4.37258407541455,8.02007433855677));
#2388=CARTESIAN_POINT('',(-4.68643028527019,-4.37258407541455,8.03250074542796));
#2389=CARTESIAN_POINT('',(-4.68643028527019,-4.37258407541455,4.93039644424614));
#2390=CARTESIAN_POINT('',(-4.71392022049072,-4.37258407541455,3.99898759098712));
#2391=CARTESIAN_POINT('',(-4.68643028527019,-4.37258407541455,3.06757873772811));
#2392=CARTESIAN_POINT('',(-4.68643028527019,-4.37258407541455,8.03250074542796));
#2393=CARTESIAN_POINT('',(-5.09725179972955,-2.65808407541455,-0.184524877068902));
#2394=CARTESIAN_POINT('',(-5.09725179972955,-2.65808407541455,-0.184524877068902));
#2395=CARTESIAN_POINT('',(-4.83403369316316,-2.65808407541455,-0.184524877068902));
#2396=CARTESIAN_POINT('',(4.86303009370406,-2.65808407541455,-0.184524877068902));
#2397=CARTESIAN_POINT('',(4.78794094882507,-3.51635692875099,-0.109435732189922));
#2398=CARTESIAN_POINT('',(4.71542668581109,-4.34519874769698,-0.0369214691759465));
#2399=CARTESIAN_POINT('',(-5.09725179972955,-4.34519874769698,-0.0369214691759465));
#2400=CARTESIAN_POINT('',(-4.68643028527019,-4.34519874769698,-0.0369214691759465));
#2401=CARTESIAN_POINT('',(-4.83601805693421,-2.63540269372379,-0.186509240839948));
#2402=CARTESIAN_POINT('',(-5.09725179972955,-2.65808407541455,-0.184524877068902));
#2403=CARTESIAN_POINT('',(4.87785863708366,-2.4859783767295,-0.169467579505751));
#2404=CARTESIAN_POINT('',(-4.84886223654276,-2.4859783767295,-0.169467579505751));
#2405=CARTESIAN_POINT('',(4.74291662103161,-2.17258407541455,3.99898759098712));
#2406=CARTESIAN_POINT('',(4.93539168078865,-2.1725840754145,4.76174168968195));
#2407=CARTESIAN_POINT('',(4.93539168078863,-2.1725840754145,4.74381731907452));
#2408=CARTESIAN_POINT('',(4.91675358944879,-2.17258407541455,4.72878343855655));
#2409=CARTESIAN_POINT('',(4.89922314203518,-2.17258407541455,4.73251896147635));
#2410=CARTESIAN_POINT('',(4.89922314203518,-2.17258407541455,4.73251896147632));
#2411=CARTESIAN_POINT('',(4.74291662103161,-2.17258407541455,3.99898759098712));
#2412=CARTESIAN_POINT('',(4.89922314203518,-2.17258407541455,3.26545622049792));
#2413=CARTESIAN_POINT('',(4.89922314203518,-2.17258407541455,3.26545622049792));
#2414=CARTESIAN_POINT('',(4.9167539454246,-2.17258407541455,3.26919181927179));
#2415=CARTESIAN_POINT('',(4.93539168078863,-2.17258407541455,3.25415896974406));
#2416=CARTESIAN_POINT('',(4.93539168078865,-2.17258407541455,3.23623349229229));
#2417=CARTESIAN_POINT('',(4.74291662103161,-2.17258407541455,3.99898759098712));
#2418=CARTESIAN_POINT('',(4.74291662103161,-4.34467676962688,3.99898759098712));
#2419=CARTESIAN_POINT('',(4.71630957525698,-4.34467676962688,4.90048254886021));
#2420=CARTESIAN_POINT('',(4.71630957525698,-4.34467676962688,3.09749263311403));
#2421=CARTESIAN_POINT('',(4.71630957525698,-4.34467676962688,3.09749263311403));
#2422=CARTESIAN_POINT('',(4.77770972027192,-3.62014905670443,3.14636642212176));
#2423=CARTESIAN_POINT('',(4.83876873045841,-2.89596181809248,3.20085497071967));
#2424=CARTESIAN_POINT('',(4.89922314203517,-2.17258407541455,3.26545622049792));
#2425=CARTESIAN_POINT('',(4.89922314203518,-2.17258407541455,4.73251896147632));
#2426=CARTESIAN_POINT('',(4.83876883558947,-2.89596056012863,4.7971200989121));
#2427=CARTESIAN_POINT('',(4.77770965840655,-3.62014978672186,4.85160880909658));
#2428=CARTESIAN_POINT('',(4.71630957525698,-4.34467676962688,4.90048254886021));
#2429=CARTESIAN_POINT('',(-4.71392022049072,-2.17258407541455,3.99898759098712));
#2430=CARTESIAN_POINT('',(-4.90639528024775,-2.17258407541455,3.23623349229229));
#2431=CARTESIAN_POINT('',(-4.90639528024774,-2.17258407541455,3.25415786289972));
#2432=CARTESIAN_POINT('',(-4.8877571889079,-2.17258407541455,3.2691917434177));
#2433=CARTESIAN_POINT('',(-4.87022674149428,-2.17258407541455,3.2654562204979));
#2434=CARTESIAN_POINT('',(-4.87022674149428,-2.17258407541455,3.26545622049792));
#2435=CARTESIAN_POINT('',(-4.71392022049072,-2.17258407541455,3.99898759098712));
#2436=CARTESIAN_POINT('',(-4.87022674149428,-2.17258407541455,4.73251896147632));
#2437=CARTESIAN_POINT('',(-4.87022674149428,-2.17258407541455,4.73251896147632));
#2438=CARTESIAN_POINT('',(-4.8877575448837,-2.17258407541455,4.72878336270245));
#2439=CARTESIAN_POINT('',(-4.90639528024774,-2.17258407541455,4.74381621223018));
#2440=CARTESIAN_POINT('',(-4.90639528024775,-2.17258407541455,4.76174168968195));
#2441=CARTESIAN_POINT('',(-4.71392022049072,-2.17258407541455,3.99898759098712));
#2442=CARTESIAN_POINT('',(-4.87022674149428,-2.17258407541455,3.26545622049792));
#2443=CARTESIAN_POINT('',(-4.80977243504857,-2.89596056012863,3.20085508306214));
#2444=CARTESIAN_POINT('',(-4.74871325786565,-3.62014978672186,3.14636637287766));
#2445=CARTESIAN_POINT('',(-4.68731317471608,-4.34467676962688,3.09749263311403));
#2446=CARTESIAN_POINT('',(-4.68731317471608,-4.34467676962688,3.09749263311403));
#2447=CARTESIAN_POINT('',(-4.71392022049072,-4.34467676962688,3.99898759098712));
#2448=CARTESIAN_POINT('',(-4.68731317471608,-4.34467676962688,4.90048254886021));
#2449=CARTESIAN_POINT('',(-4.68731317471608,-4.34467676962688,4.90048254886021));
#2450=CARTESIAN_POINT('',(-4.74871331973102,-3.62014905670443,4.85160875985248));
#2451=CARTESIAN_POINT('',(-4.80977232991752,-2.89596181809248,4.79712021125457));
#2452=CARTESIAN_POINT('',(-4.87022674149428,-2.17258407541455,4.73251896147633));
#2453=CARTESIAN_POINT('',(-5.06676115574796,0.00461766650110686,8.65909508162743));
#2454=CARTESIAN_POINT('',(-4.7112326414889,-4.05909184660295,8.30356656736837));
#2455=CARTESIAN_POINT('',(-4.71123264148891,-4.05909184660295,8.30356656736837));
#2456=CARTESIAN_POINT('',(-4.71123264148891,-4.05909184660295,8.30356656736837));
#2457=CARTESIAN_POINT('',(-4.71123264148891,-4.05909184660295,8.30356656736837));
#2458=CARTESIAN_POINT('',(-4.902001606917,-1.8785925940162,10.4840658199551));
#2459=CARTESIAN_POINT('',(-4.68643028527019,-4.34258407541455,8.02007433855677));
#2460=CARTESIAN_POINT('',(-5.09725179972955,-4.05909184660295,8.30356656736837));
#2461=CARTESIAN_POINT('',(4.7402290420298,-4.05909184660295,8.30356656736837));
#2462=CARTESIAN_POINT('',(5.09575755628886,0.00461766650110686,8.65909508162743));
#2463=CARTESIAN_POINT('',(4.7402290420298,-4.05909184660295,8.30356656736837));
#2464=CARTESIAN_POINT('',(-4.68643028527019,-4.34258407541455,8.02007433855677));
#2465=CARTESIAN_POINT('',(-4.68643028527019,-4.34258407541455,8.02007433855677));
#2466=CARTESIAN_POINT('',(-4.68643028527019,-4.34258407541455,8.02007433855677));
#2467=CARTESIAN_POINT('',(4.7402290420298,-4.05909184660295,8.30356656736837));
#2468=CARTESIAN_POINT('',(4.7402290420298,-4.05909184660295,8.30356656736837));
#2469=CARTESIAN_POINT('',(-4.71631612621295,-4.34519874769698,4.93039644424616));
#2470=CARTESIAN_POINT('',(-4.7161471188911,-4.34713051022516,4.90150522121198));
#2471=CARTESIAN_POINT('',(-4.68731317471608,-4.34467676962687,4.90048254886023));
#2472=CARTESIAN_POINT('',(-4.78633615100237,-3.54486620211318,4.87647396693691));
#2473=CARTESIAN_POINT('',(-4.788693561318,-3.51792087891359,4.84344108426693));
#2474=CARTESIAN_POINT('',(-4.75513740487608,-3.54434422404197,4.84649526407967));
#2475=CARTESIAN_POINT('',(-4.85026593879755,-2.81414538390983,4.81969569750375));
#2476=CARTESIAN_POINT('',(-4.85293826420688,-2.78360056469389,4.78306338426779));
#2477=CARTESIAN_POINT('',(-4.81665964383289,-2.81362340584175,4.78988489888838));
#2478=CARTESIAN_POINT('',(-4.90751989332009,-2.15972968917733,4.76058172437099));
#2479=CARTESIAN_POINT('',(-4.90723205611193,-2.16301968352125,4.72388137016233));
#2480=CARTESIAN_POINT('',(-4.87134457341548,-2.15920771110723,4.73132316860824));
#2481=CARTESIAN_POINT('',(-4.68643028527019,-4.34258407541455,4.93039644424614));
#2482=CARTESIAN_POINT('',(-4.68643028527019,-4.34258407541455,8.03250074542796));
#2483=CARTESIAN_POINT('',(-4.68643028527019,-4.34258407541455,4.93039644424614));
#2484=CARTESIAN_POINT('',(-5.09725179972955,-4.34258407541455,8.02007433855677));
#2485=CARTESIAN_POINT('',(4.71542668581109,-4.34258407541455,8.02007433855677));
#2486=CARTESIAN_POINT('',(4.93099800745789,-1.8785925940162,10.4840658199551));
#2487=CARTESIAN_POINT('',(4.71542668581109,-4.34258407541455,8.02007433855677));
#2488=CARTESIAN_POINT('',(-4.68643028527019,-4.34258407541455,4.93039644424614));
#2489=CARTESIAN_POINT('',(-4.68643028527019,-4.34258407541455,4.93039644424614));
#2490=CARTESIAN_POINT('',(4.71542668581109,-4.34258407541455,8.02007433855677));
#2491=CARTESIAN_POINT('',(4.71542668581109,-4.34258407541455,8.02007433855677));
#2492=CARTESIAN_POINT('',(-4.90752083040049,-2.1597189782993,3.23739442512757));
#2493=CARTESIAN_POINT('',(-4.90723299228759,-2.16300898298455,3.27409483227501));
#2494=CARTESIAN_POINT('',(-4.87134546844839,-2.1591970002292,3.26665297185167));
#2495=CARTESIAN_POINT('',(-4.85026663625302,-2.81413741195735,3.17828010404316));
#2496=CARTESIAN_POINT('',(-4.85293899510394,-2.78359221051777,3.21491248660225));
#2497=CARTESIAN_POINT('',(-4.81666031493343,-2.81361543388935,3.2080909008559));
#2498=CARTESIAN_POINT('',(-4.78633653301103,-3.54486183573428,3.1215015092223));
#2499=CARTESIAN_POINT('',(-4.78869397155323,-3.51791618988386,3.15453442604886));
#2500=CARTESIAN_POINT('',(-4.75513777490468,-3.54433985766309,3.15148021243333));
#2501=CARTESIAN_POINT('',(-4.71631612621295,-4.34519874769697,3.06757873772809));
#2502=CARTESIAN_POINT('',(-4.71614711889111,-4.34713051022515,3.09646996076227));
#2503=CARTESIAN_POINT('',(-4.68731317471609,-4.34467676962686,3.09749263311401));
#2504=CARTESIAN_POINT('',(-4.68643028527019,-4.34258407541455,3.06757873772811));
#2505=CARTESIAN_POINT('',(-4.71392022049072,-4.34258407541455,3.99898759098712));
#2506=CARTESIAN_POINT('',(-4.68643028527019,-4.34258407541455,3.06757873772811));
#2507=CARTESIAN_POINT('',(4.71542668581109,-4.34258407541455,8.57947512293109));
#2508=CARTESIAN_POINT('',(4.71542668581109,-4.34258407541455,4.93039644424614));
#2509=CARTESIAN_POINT('',(4.93651723094139,-2.15971897829931,4.76058075684669));
#2510=CARTESIAN_POINT('',(4.93622939282848,-2.16300898298456,4.72388034969925));
#2511=CARTESIAN_POINT('',(4.90034186898929,-2.1591970002292,4.73132221012258));
#2512=CARTESIAN_POINT('',(4.87926303679383,-2.81413741195839,4.81969507793123));
#2513=CARTESIAN_POINT('',(4.88193539564542,-2.78359221052329,4.78306269537097));
#2514=CARTESIAN_POINT('',(4.84565671547458,-2.8136154338905,4.78988428111838));
#2515=CARTESIAN_POINT('',(4.81533293355157,-3.54486183573834,4.87647367275177));
#2516=CARTESIAN_POINT('',(4.81769037209602,-3.51791618988821,4.84344075592495));
#2517=CARTESIAN_POINT('',(4.78413417544694,-3.54433985766723,4.84649496954125));
#2518=CARTESIAN_POINT('',(4.74531252675384,-4.34519874769699,4.93039644424616));
#2519=CARTESIAN_POINT('',(4.745143519432,-4.34713051022517,4.90150522121198));
#2520=CARTESIAN_POINT('',(4.71630957525698,-4.34467676962688,4.90048254886024));
#2521=CARTESIAN_POINT('',(4.71542668581109,-4.34258407541455,4.93039644424614));
#2522=CARTESIAN_POINT('',(-4.68643028527019,-4.34258407541455,3.06757873772811));
#2523=CARTESIAN_POINT('',(-4.68643028527019,-4.34258407541455,3.06757873772811));
#2524=CARTESIAN_POINT('',(4.71542668581109,-4.34258407541455,4.93039644424614));
#2525=CARTESIAN_POINT('',(4.71542668581109,-4.34258407541455,4.93039644424614));
#2526=CARTESIAN_POINT('',(-4.83601805693421,-2.63278802144136,-0.156623399897195));
#2527=CARTESIAN_POINT('',(-4.68643028527019,-4.34258407541455,-0.00703562823319393));
#2528=CARTESIAN_POINT('',(-4.68643028527019,-4.34258407541455,8.03250074542796));
#2529=CARTESIAN_POINT('',(-4.68643028527019,-4.34258407541455,-0.00703562823319188));
#2530=CARTESIAN_POINT('',(4.74291662103161,-4.34258407541455,3.99898759098712));
#2531=CARTESIAN_POINT('',(4.71542668581109,-4.34258407541455,3.06757873772811));
#2532=CARTESIAN_POINT('',(4.74531252675384,-4.34519874769698,3.06757873772808));
#2533=CARTESIAN_POINT('',(4.745143519432,-4.34713051022516,3.09646996076226));
#2534=CARTESIAN_POINT('',(4.71630957525698,-4.34467676962687,3.09749263311401));
#2535=CARTESIAN_POINT('',(4.81533255154376,-3.54486620210761,3.1215012150375));
#2536=CARTESIAN_POINT('',(4.81768996185913,-3.51792087890542,3.15453409770705));
#2537=CARTESIAN_POINT('',(4.78413380541735,-3.54434422403645,3.15147991789494));
#2538=CARTESIAN_POINT('',(4.87926233933846,-2.81414538390969,3.17827948446991));
#2539=CARTESIAN_POINT('',(4.8819346647502,-2.78360056468893,3.21491179770641));
#2540=CARTESIAN_POINT('',(4.84565604437531,-2.81362340584184,3.20809028308618));
#2541=CARTESIAN_POINT('',(4.93651629386098,-2.15972968917736,3.23739345760324));
#2542=CARTESIAN_POINT('',(4.93622845665283,-2.16301968352128,3.27409381181191));
#2543=CARTESIAN_POINT('',(4.90034097395638,-2.15920771110726,3.266652013366));
#2544=CARTESIAN_POINT('',(4.71542668581109,-4.34258407541455,3.06757873772811));
#2545=CARTESIAN_POINT('',(-4.68643028527019,-4.34258407541455,-0.00703562823319396));
#2546=CARTESIAN_POINT('',(-4.68643028527019,-4.34258407541455,-0.00703562823319395));
#2547=CARTESIAN_POINT('',(4.71542668581109,-4.34258407541455,3.06757873772811));
#2548=CARTESIAN_POINT('',(4.71542668581109,-4.34258407541455,3.06757873772811));
#2549=CARTESIAN_POINT('',(-5.09725179972955,-4.34258407541455,-0.00703562823319188));
#2550=CARTESIAN_POINT('',(4.71542668581109,-4.34258407541455,-0.00703562823319188));
#2551=CARTESIAN_POINT('',(4.71542668581109,-4.34258407541455,8.57947512293109));
#2552=CARTESIAN_POINT('',(4.71542668581109,-4.34258407541455,-0.00703562823319394));
#2553=CARTESIAN_POINT('',(4.71542668581109,-4.34258407541455,-0.00703562823319397));
#2554=CARTESIAN_POINT('',(4.71542668581109,-4.34258407541455,-0.00703562823319396));
#2555=CARTESIAN_POINT('',(4.78794094882507,-3.51374225646856,-0.079549891247169));
#2556=CARTESIAN_POINT('',(0.,3.062,6.));
#2557=CARTESIAN_POINT('',(-0.0110000000000008,5.11375,6.2709));
#2558=CARTESIAN_POINT('',(1.279,5.00088962405156,-3.49209999999999));
#2559=CARTESIAN_POINT('',(1.279,5.00088962405156,8.27127510294119));
#2560=CARTESIAN_POINT('',(1.279,5.00088962405156,11.4209000000152));
#2561=CARTESIAN_POINT('',(-0.0209619469809178,5.11462155742748,8.27127510294119));
#2562=CARTESIAN_POINT('',(-0.0110000000000004,5.11375,8.27127510294119));
#2563=CARTESIAN_POINT('',(-0.0110000000000008,5.11375,6.2709));
#2564=CARTESIAN_POINT('',(-0.0109999999999997,5.11375,11.4209000000152));
#2565=CARTESIAN_POINT('',(-0.0109999999999998,5.11375,11.4209000000152));
#2566=CARTESIAN_POINT('',(1.279,-3.808,-3.49209999999999));
#2567=CARTESIAN_POINT('',(1.279,0.00199999999999853,9.69990000000001));
#2568=CARTESIAN_POINT('',(1.279,0.00199999999999843,7.833));
#2569=CARTESIAN_POINT('',(1.279,4.10975,7.27067315441389));
#2570=CARTESIAN_POINT('',(1.279,4.10975,7.27067315441389));
#2571=CARTESIAN_POINT('',(1.279,4.10975,8.27127510294119));
#2572=CARTESIAN_POINT('',(1.279,4.10975,8.27127510294119));
#2573=CARTESIAN_POINT('',(1.279,8.03609848898252,8.39724102120808));
#2574=CARTESIAN_POINT('',(1.279,3.79630581899954,12.6209));
#2575=CARTESIAN_POINT('',(1.279,5.11375,12.6209));
#2576=CARTESIAN_POINT('',(1.279,-3.79230581899954,12.6209));
#2577=CARTESIAN_POINT('',(1.279,-11.8566242741152,4.58726871139184));
#2578=CARTESIAN_POINT('',(1.279,-4.99688962405156,11.4209000000152));
#2579=CARTESIAN_POINT('',(1.279,-4.99688962405156,-3.49209999999999));
#2580=CARTESIAN_POINT('',(1.279,-4.99688962405156,8.2709));
#2581=CARTESIAN_POINT('',(1.279,-4.10975,8.2709));
#2582=CARTESIAN_POINT('',(1.279,-4.10975,8.2709));
#2583=CARTESIAN_POINT('',(1.279,-4.10975,7.2709));
#2584=CARTESIAN_POINT('',(1.279,-4.10975,7.2709));
#2585=CARTESIAN_POINT('',(1.279,-5.10975,7.2709));
#2586=CARTESIAN_POINT('',(1.279,-4.99688962405156,7.2709));
#2587=CARTESIAN_POINT('',(1.279,-4.99688962405156,-3.49209999999999));
#2588=CARTESIAN_POINT('',(1.279,-4.99688962405156,6.2709));
#2589=CARTESIAN_POINT('',(1.279,2.627,6.2709));
#2590=CARTESIAN_POINT('',(1.279,-2.623,6.2709));
#2591=CARTESIAN_POINT('',(1.279,-2.623,5.4709));
#2592=CARTESIAN_POINT('',(1.279,-2.623,5.4709));
#2593=CARTESIAN_POINT('',(1.279,3.9395,5.4709));
#2594=CARTESIAN_POINT('',(1.279,-3.9355,5.4709));
#2595=CARTESIAN_POINT('',(1.279,-3.9355,5.4709));
#2596=CARTESIAN_POINT('',(1.279,-3.9355,-0.00409999999999473));
#2597=CARTESIAN_POINT('',(1.279,3.9395,-0.00409999999999473));
#2598=CARTESIAN_POINT('',(1.279,3.9395,-0.00409999999999473));
#2599=CARTESIAN_POINT('',(1.279,3.9395,5.4709));
#2600=CARTESIAN_POINT('',(1.279,3.9395,5.4709));
#2601=CARTESIAN_POINT('',(1.279,3.9395,5.4709));
#2602=CARTESIAN_POINT('',(1.279,2.627,5.4709));
#2603=CARTESIAN_POINT('',(1.279,2.627,5.4709));
#2604=CARTESIAN_POINT('',(1.279,2.627,6.2709));
#2605=CARTESIAN_POINT('',(1.279,2.627,6.2709));
#2606=CARTESIAN_POINT('',(1.279,5.00088962405156,6.2709));
#2607=CARTESIAN_POINT('',(1.279,5.00088962405156,-3.49209999999999));
#2608=CARTESIAN_POINT('',(1.279,5.00088962405156,7.27067315441389));
#2609=CARTESIAN_POINT('',(1.279,5.11375,7.27067315441389));
#2610=CARTESIAN_POINT('',(-0.011000000000003,-3.808,-3.49209999999999));
#2611=CARTESIAN_POINT('',(-0.0110000000000025,0.00199999999999853,9.69990000000001));
#2612=CARTESIAN_POINT('',(-0.0110000000000025,1.8689,9.69990000000001));
#2613=CARTESIAN_POINT('',(-0.0110000000000004,-3.808,8.27127510294119));
#2614=CARTESIAN_POINT('',(-0.0110000000000005,4.10975,8.27127510294119));
#2615=CARTESIAN_POINT('',(-0.011000000000003,4.10975,-3.49209999999999));
#2616=CARTESIAN_POINT('',(-0.0110000000000006,4.10975,7.27067315441389));
#2617=CARTESIAN_POINT('',(-0.0110000000000006,-3.80800000000001,7.27067315441389));
#2618=CARTESIAN_POINT('',(-0.0110000000000006,5.11375,7.27067315441389));
#2619=CARTESIAN_POINT('',(-0.0110000000000008,5.11375,6.2709));
#2620=CARTESIAN_POINT('',(-0.0110000000000008,5.11375,6.2709));
#2621=CARTESIAN_POINT('',(-0.0110000000000008,2.627,6.2709));
#2622=CARTESIAN_POINT('',(-0.0110000000000008,2.627,6.2709));
#2623=CARTESIAN_POINT('',(-0.0110000000000008,2.627,5.4709));
#2624=CARTESIAN_POINT('',(-0.0110000000000008,2.627,5.4709));
#2625=CARTESIAN_POINT('',(-0.0110000000000008,3.9395,5.4709));
#2626=CARTESIAN_POINT('',(-0.0110000000000008,3.9395,5.4709));
#2627=CARTESIAN_POINT('',(-0.0110000000000008,3.9395,5.4709));
#2628=CARTESIAN_POINT('',(-0.0110000000000017,3.9395,-0.00409999999999473));
#2629=CARTESIAN_POINT('',(-0.0110000000000017,3.9395,-0.00409999999999473));
#2630=CARTESIAN_POINT('',(-0.0110000000000017,-3.9355,-0.00409999999999473));
#2631=CARTESIAN_POINT('',(-0.0110000000000008,-3.9355,5.4709));
#2632=CARTESIAN_POINT('',(-0.0110000000000004,-3.9355,5.4709));
#2633=CARTESIAN_POINT('',(-0.0110000000000008,-3.808,5.4709));
#2634=CARTESIAN_POINT('',(-0.0110000000000004,-2.623,5.4709));
#2635=CARTESIAN_POINT('',(-0.0110000000000008,-2.623,5.4709));
#2636=CARTESIAN_POINT('',(-0.0110000000000004,-2.623,6.2709));
#2637=CARTESIAN_POINT('',(-0.0110000000000008,-3.808,6.2709));
#2638=CARTESIAN_POINT('',(-0.0110000000000004,-5.10975,6.2709));
#2639=CARTESIAN_POINT('',(-0.0110000000000008,-5.10975,6.2709));
#2640=CARTESIAN_POINT('',(-0.0110000000000006,-5.10975,7.27090000000001));
#2641=CARTESIAN_POINT('',(-0.0110000000000006,-3.808,7.27090000000001));
#2642=CARTESIAN_POINT('',(-0.0110000000000005,-4.10975,7.2709));
#2643=CARTESIAN_POINT('',(-0.011000000000003,-4.10975,-3.49209999999999));
#2644=CARTESIAN_POINT('',(-0.0110000000000004,-4.10975,8.2709));
#2645=CARTESIAN_POINT('',(-0.0110000000000004,-3.808,8.2709));
#2646=CARTESIAN_POINT('',(-0.0110000000000008,-5.10975,8.2709));
#2647=CARTESIAN_POINT('',(-0.0110000000000008,-5.10975,6.2709));
#2648=CARTESIAN_POINT('',(-0.0109999999999997,-5.10975,11.4209000000152));
#2649=CARTESIAN_POINT('',(-0.0110000000000012,-11.912839319626,4.64369848924473));
#2650=CARTESIAN_POINT('',(-0.0109999999999995,-3.90516619494799,12.6209));
#2651=CARTESIAN_POINT('',(-0.0109999999999995,5.11375,12.6209));
#2652=CARTESIAN_POINT('',(-0.0109999999999995,3.90916619494798,12.6209));
#2653=CARTESIAN_POINT('',(-0.0110000000000004,8.09231353449336,8.45367079906097));
#2654=CARTESIAN_POINT('',(-0.0110000000000008,-5.10975,6.2709));
#2655=CARTESIAN_POINT('',(-0.0110000000000006,-5.10975,7.2709));
#2656=CARTESIAN_POINT('',(-0.0110000000000008,-5.10975,6.2709));
#2657=CARTESIAN_POINT('',(-0.0110000000000008,5.11375,6.2709));
#2658=CARTESIAN_POINT('',(-0.0209619469809181,5.11462155742748,7.27067315441389));
#2659=CARTESIAN_POINT('',(-0.0110000000000008,5.11375,6.2709));
#2660=CARTESIAN_POINT('',(-0.0109999999999995,5.11375,12.6209));
#2661=CARTESIAN_POINT('',(-0.115586891297189,3.9183163622899,12.6209));
#2662=CARTESIAN_POINT('',(0.772059180891741,-3.83665739375006,12.6209));
#2663=CARTESIAN_POINT('',(-0.0110000000000008,-5.10975,6.2709));
#2664=CARTESIAN_POINT('',(-0.0110000000000004,-5.10975,8.2709));
#2665=CARTESIAN_POINT('',(-0.0109999999999998,-5.10975,11.4209000000152));
#2666=CARTESIAN_POINT('',(-0.0110000000000008,2.627,6.2709));
#2667=CARTESIAN_POINT('',(-0.0110000000000008,-2.623,6.2709));
#2668=CARTESIAN_POINT('',(-0.0110000000000008,-2.623,5.4709));
#2669=CARTESIAN_POINT('',(-0.0110000000000008,-2.623,5.4709));
#2670=CARTESIAN_POINT('',(-0.0110000000000008,3.9395,5.4709));
#2671=CARTESIAN_POINT('',(-0.0110000000000008,-3.9355,5.4709));
#2672=CARTESIAN_POINT('',(-0.0110000000000008,-3.9355,5.4709));
#2673=CARTESIAN_POINT('',(-0.0110000000000017,-3.9355,-0.00409999999999473));
#2674=CARTESIAN_POINT('',(-0.0110000000000017,3.9395,-0.00409999999999473));
#2675=CARTESIAN_POINT('',(-0.0110000000000017,3.9395,-0.00409999999999473));
#2676=CARTESIAN_POINT('',(-0.0110000000000008,3.9395,5.4709));
#2677=CARTESIAN_POINT('',(-0.0110000000000008,3.9395,5.4709));
#2678=CARTESIAN_POINT('',(-0.0110000000000008,3.9395,5.4709));
#2679=CARTESIAN_POINT('',(-0.0110000000000008,2.627,5.4709));
#2680=CARTESIAN_POINT('',(-0.0110000000000008,2.627,5.4709));
#2681=CARTESIAN_POINT('',(-0.0110000000000008,2.627,6.2709));
#2682=CARTESIAN_POINT('',(-0.0110000000000008,2.627,6.2709));
#2683=CARTESIAN_POINT('',(-0.0110000000000025,0.00199999999999853,9.69990000000001));
#2684=CARTESIAN_POINT('',(0.772059180891741,-3.83665739375006,12.6209));
#2685=CARTESIAN_POINT('',(-0.115586891297189,3.9183163622899,12.6209));
#2686=CARTESIAN_POINT('',(-0.0210000000000006,-5.10975,7.2709));
#2687=CARTESIAN_POINT('',(-0.0210000000000006,-4.10975,7.2709));
#2688=CARTESIAN_POINT('',(-0.0210000000000006,-4.10975,7.2709));
#2689=CARTESIAN_POINT('',(-0.0210000000000004,-4.10975,8.2709));
#2690=CARTESIAN_POINT('',(-0.0210000000000004,-4.10975,8.2709));
#2691=CARTESIAN_POINT('',(-0.0210000000000004,4.10975,8.27127510294119));
#2692=CARTESIAN_POINT('',(-0.0210000000000004,4.10975,8.27127510294119));
#2693=CARTESIAN_POINT('',(-0.0210000000000006,4.10975,7.27067315441389));
#2694=CARTESIAN_POINT('',(-0.0210000000000006,4.10975,7.27067315441389));
#2695=CARTESIAN_POINT('',(-0.0210000000000006,5.11375,7.27067315441389));
#2696=CARTESIAN_POINT('',(0.,3.065,8.3));
#2697=CARTESIAN_POINT('',(-1.76573390611931,0.299059954371861,3.97));
#2698=CARTESIAN_POINT('',(-1.95948390611931,0.299059954371861,3.97));
#2699=CARTESIAN_POINT('',(-1.95948390611931,0.299059954371861,3.97));
#2700=CARTESIAN_POINT('',(-1.95948390611931,-0.350940045628139,3.97));
#2701=CARTESIAN_POINT('',(-1.76573390611931,-0.350940045628139,3.97));
#2702=CARTESIAN_POINT('',(-1.76573390611931,-0.350940045628139,3.97));
#2703=CARTESIAN_POINT('',(-1.76573390611931,0.299059954371861,3.97));
#2704=CARTESIAN_POINT('',(-1.76573390611931,0.299059954371861,3.97));
#2705=CARTESIAN_POINT('',(-1.76573390611931,0.299059954371861,3.97));
#2706=CARTESIAN_POINT('',(-1.76573390611931,0.299059954371861,2.52461524227067));
#2707=CARTESIAN_POINT('',(-1.76573390611931,-0.350940045628139,2.52461524227067));
#2708=CARTESIAN_POINT('',(-1.76573390611931,-0.350940045628139,2.52461524227067));
#2709=CARTESIAN_POINT('',(-1.76573390611931,0.299059954371861,2.52461524227067));
#2710=CARTESIAN_POINT('',(-1.76573390611931,0.299059954371861,2.52461524227067));
#2711=CARTESIAN_POINT('',(-1.76573390611931,0.299059954371861,2.52461524227067));
#2712=CARTESIAN_POINT('',(-2.06573390611931,0.299059954371861,2.005));
#2713=CARTESIAN_POINT('',(-2.06573390611931,-0.350940045628139,2.005));
#2714=CARTESIAN_POINT('',(-2.06573390611931,-0.350940045628139,2.005));
#2715=CARTESIAN_POINT('',(-2.06573390611931,0.299059954371861,2.005));
#2716=CARTESIAN_POINT('',(-2.06573390611931,0.299059954371861,2.005));
#2717=CARTESIAN_POINT('',(-2.06573390611931,0.299059954371861,2.005));
#2718=CARTESIAN_POINT('',(-3.01573390611931,0.299059954371861,2.005));
#2719=CARTESIAN_POINT('',(-3.01573390611931,0.299059954371861,2.005));
#2720=CARTESIAN_POINT('',(-3.01573390611931,0.082393287705194,2.005));
#2721=CARTESIAN_POINT('',(-3.01573390611931,-0.134273378961473,2.005));
#2722=CARTESIAN_POINT('',(-3.01573390611931,-0.350940045628139,2.005));
#2723=CARTESIAN_POINT('',(-3.01573390611931,0.299059954371861,2.005));
#2724=CARTESIAN_POINT('',(-3.01573390611931,-0.350940045628139,2.005));
#2725=CARTESIAN_POINT('',(-3.01573390611931,-0.350940045628139,2.005));
#2726=CARTESIAN_POINT('',(-3.31573390611931,-0.350940045628139,2.52461524227067));
#2727=CARTESIAN_POINT('',(-3.31573390611931,0.299059954371861,2.52461524227067));
#2728=CARTESIAN_POINT('',(-3.31573390611931,0.299059954371861,2.52461524227067));
#2729=CARTESIAN_POINT('',(-3.01573390611931,0.299059954371861,2.005));
#2730=CARTESIAN_POINT('',(-3.31573390611931,0.299059954371861,2.52461524227067));
#2731=CARTESIAN_POINT('',(-3.31573390611931,-0.350940045628139,2.52461524227067));
#2732=CARTESIAN_POINT('',(-3.31573390611931,-0.350940045628139,3.97));
#2733=CARTESIAN_POINT('',(-3.31573390611931,0.299059954371861,3.97));
#2734=CARTESIAN_POINT('',(-3.31573390611931,0.299059954371861,3.97));
#2735=CARTESIAN_POINT('',(-3.31573390611931,0.299059954371861,2.52461524227067));
#2736=CARTESIAN_POINT('',(-1.76573390611931,0.299059954371861,3.97));
#2737=CARTESIAN_POINT('',(-2.54073390611931,-0.350940045628139,3.97));
#2738=CARTESIAN_POINT('',(-3.12198390611931,-0.350940045628139,3.97));
#2739=CARTESIAN_POINT('',(-3.12198390611931,0.299059954371861,3.97));
#2740=CARTESIAN_POINT('',(-3.12198390611931,0.299059954371861,3.97));
#2741=CARTESIAN_POINT('',(-1.76573390611931,0.299059954371861,3.97));
#2742=CARTESIAN_POINT('',(-2.06573390611931,-0.350940045628139,2.005));
#2743=CARTESIAN_POINT('',(-2.06573390611931,-0.350940045628139,-3.095));
#2744=CARTESIAN_POINT('',(-2.06573390611931,-0.350940045628139,-3.095));
#2745=CARTESIAN_POINT('',(-2.06573390611931,0.299059954371861,-3.095));
#2746=CARTESIAN_POINT('',(-2.06573390611931,0.299059954371861,2.005));
#2747=CARTESIAN_POINT('',(-2.06573390611931,-0.350940045628139,2.005));
#2748=CARTESIAN_POINT('',(-3.00796282178196,-1.6309400456281,7.9639047491665));
#2749=CARTESIAN_POINT('',(-3.00796282178196,-0.350940045628139,1.005));
#2750=CARTESIAN_POINT('',(-3.00796282178196,-0.350940045628139,-3.095));
#2751=CARTESIAN_POINT('',(-3.00796282178196,0.299059954371861,1.005));
#2752=CARTESIAN_POINT('',(-3.00796282178196,0.299059954371861,-3.095));
#2753=CARTESIAN_POINT('',(-3.00796282178196,-1.6309400456281,-3.095));
#2754=CARTESIAN_POINT('',(-2.54073390611931,-0.0259400456281389,-3.095));
#2755=CARTESIAN_POINT('',(-2.06573390611931,0.299059954371861,-3.095));
#2756=CARTESIAN_POINT('',(-3.01573390611931,-0.350940045628139,-3.095));
#2757=CARTESIAN_POINT('',(-2.54073390611931,-0.350940045628139,1.005));
#2758=CARTESIAN_POINT('',(-1.95948390611931,-0.350940045628139,3.97));
#2759=CARTESIAN_POINT('',(-1.95948390611931,-0.350940045628139,6.16995303606244));
#2760=CARTESIAN_POINT('',(-5.08073390611931,-0.350940045628139,6.16995303606244));
#2761=CARTESIAN_POINT('',(-3.12198390611931,-0.350940045628139,6.16995303606244));
#2762=CARTESIAN_POINT('',(-3.12198390611931,-0.350940045628139,3.97));
#2763=CARTESIAN_POINT('',(-1.95948390611931,0.299059954371861,3.97));
#2764=CARTESIAN_POINT('',(-1.95948390611931,0.299059954371861,3.97));
#2765=CARTESIAN_POINT('',(-1.95948390611931,0.299059954371861,6.16995303606244));
#2766=CARTESIAN_POINT('',(-1.95948390611931,0.299059954371856,6.16995303606244));
#2767=CARTESIAN_POINT('',(-2.54073390611931,0.299059954371861,1.005));
#2768=CARTESIAN_POINT('',(-3.12198390611931,0.299059954371861,3.97));
#2769=CARTESIAN_POINT('',(-3.12198390611931,0.299059954371861,6.16995303606244));
#2770=CARTESIAN_POINT('',(-2.54073390611932,0.299059954371861,6.16995303606244));
#2771=CARTESIAN_POINT('',(-3.12198390611931,0.299059954371861,3.97));
#2772=CARTESIAN_POINT('',(-3.12198390611931,0.299059954371856,6.16995303606244));
#2773=CARTESIAN_POINT('',(-5.08073390611931,0.519059954371856,6.16995303606244));
#2774=CARTESIAN_POINT('',(-5.08073390611931,0.519059954371856,6.16995303606244));
#2775=CARTESIAN_POINT('',(-5.08073390611931,-0.350940045628139,6.16995303606244));
#2776=CARTESIAN_POINT('',(3.12051609388069,-0.350940045628139,6.16995303606244));
#2777=CARTESIAN_POINT('',(1.95801609388069,-0.350940045628139,6.16995303606244));
#2778=CARTESIAN_POINT('',(3.12051609388069,0.519059954371856,6.16995303606244));
#2779=CARTESIAN_POINT('',(3.12051609388069,0.299059954371861,6.16995303606244));
#2780=CARTESIAN_POINT('',(-5.08073390611931,0.299059954371861,6.16995303606244));
#2781=CARTESIAN_POINT('',(1.95801609388069,0.299059954371861,6.16995303606244));
#2782=CARTESIAN_POINT('',(1.95801609388069,0.519059954371856,6.16995303606244));
#2783=CARTESIAN_POINT('',(-2.54073390611931,-0.0259400456281389,-3.095));
#2784=CARTESIAN_POINT('',(-2.54073390611931,0.299059954371861,-3.095));
#2785=CARTESIAN_POINT('',(3.01426609388069,0.299059954371861,-3.095));
#2786=CARTESIAN_POINT('',(2.06426609388069,0.299059954371861,-3.095));
#2787=CARTESIAN_POINT('',(3.01426609388069,-0.350940045628139,-3.095));
#2788=CARTESIAN_POINT('',(3.01426609388069,-0.350940045628139,-3.095));
#2789=CARTESIAN_POINT('',(-2.54073390611931,-0.350940045628139,-3.095));
#2790=CARTESIAN_POINT('',(2.06426609388069,-0.350940045628139,-3.095));
#2791=CARTESIAN_POINT('',(2.06426609388069,0.299059954371861,-3.095));
#2792=CARTESIAN_POINT('',(2.06426609388069,0.299059954371861,2.005));
#2793=CARTESIAN_POINT('',(2.06426609388069,-0.350940045628139,1.005));
#2794=CARTESIAN_POINT('',(2.06426609388069,-0.350940045628139,2.005));
#2795=CARTESIAN_POINT('',(2.06426609388069,0.299059954371861,2.005));
#2796=CARTESIAN_POINT('',(2.06426609388069,0.299059954371861,2.005));
#2797=CARTESIAN_POINT('',(2.06426609388069,0.299059954371861,2.005));
#2798=CARTESIAN_POINT('',(3.01426609388069,-0.350940045628139,2.005));
#2799=CARTESIAN_POINT('',(3.01426609388069,0.299059954371861,1.005));
#2800=CARTESIAN_POINT('',(3.01426609388069,0.299059954371861,2.005));
#2801=CARTESIAN_POINT('',(3.01426609388069,0.299059954371861,2.005));
#2802=CARTESIAN_POINT('',(3.01426609388069,-0.350940045628139,2.005));
#2803=CARTESIAN_POINT('',(3.01426609388069,-0.350940045628139,2.005));
#2804=CARTESIAN_POINT('',(-2.54073390611931,-0.350940045628139,1.005));
#2805=CARTESIAN_POINT('',(3.12051609388069,-0.350940045628139,1.005));
#2806=CARTESIAN_POINT('',(3.12051609388069,-0.350940045628139,3.97));
#2807=CARTESIAN_POINT('',(1.95801609388069,-0.350940045628139,1.005));
#2808=CARTESIAN_POINT('',(1.95801609388069,-0.350940045628139,3.97));
#2809=CARTESIAN_POINT('',(-2.54073390611931,-0.350940045628139,3.97));
#2810=CARTESIAN_POINT('',(1.76426609388069,-0.350940045628139,3.97));
#2811=CARTESIAN_POINT('',(1.76426609388069,-0.350940045628139,1.005));
#2812=CARTESIAN_POINT('',(1.76426609388069,-0.350940045628139,2.52461524227067));
#2813=CARTESIAN_POINT('',(1.34602879577292,-0.350940045628139,3.24902349221365));
#2814=CARTESIAN_POINT('',(1.1925033919885,-0.350940045628139,-1.15038555901127));
#2815=CARTESIAN_POINT('',(3.31426609388069,-0.350940045628139,2.52461524227067));
#2816=CARTESIAN_POINT('',(3.31426609388069,-0.350940045628139,1.005));
#2817=CARTESIAN_POINT('',(3.31426609388069,-0.350940045628139,3.97));
#2818=CARTESIAN_POINT('',(-2.54073390611931,-0.350940045628139,3.97));
#2819=CARTESIAN_POINT('',(-2.54073390611931,0.299059954371861,1.005));
#2820=CARTESIAN_POINT('',(3.12051609388069,0.299059954371861,3.97));
#2821=CARTESIAN_POINT('',(3.12051609388069,0.299059954371861,3.97));
#2822=CARTESIAN_POINT('',(-1.76573390611931,0.299059954371861,3.97));
#2823=CARTESIAN_POINT('',(3.31426609388069,0.299059954371861,3.97));
#2824=CARTESIAN_POINT('',(3.31426609388069,0.299059954371861,2.52461524227067));
#2825=CARTESIAN_POINT('',(3.31426609388069,0.299059954371861,2.52461524227067));
#2826=CARTESIAN_POINT('',(3.01426609388069,0.299059954371861,2.005));
#2827=CARTESIAN_POINT('',(2.06426609388069,0.299059954371861,2.005));
#2828=CARTESIAN_POINT('',(1.76426609388069,0.299059954371861,2.52461524227067));
#2829=CARTESIAN_POINT('',(1.76426609388069,0.299059954371861,2.52461524227067));
#2830=CARTESIAN_POINT('',(1.76426609388069,0.299059954371861,3.97));
#2831=CARTESIAN_POINT('',(-1.76573390611931,0.299059954371861,3.97));
#2832=CARTESIAN_POINT('',(1.95801609388069,0.299059954371861,3.97));
#2833=CARTESIAN_POINT('',(1.95801609388069,0.299059954371861,3.97));
#2834=CARTESIAN_POINT('',(1.95801609388069,0.299059954371861,3.97));
#2835=CARTESIAN_POINT('',(1.95801609388069,0.299059954371861,3.97));
#2836=CARTESIAN_POINT('',(-1.76573390611931,0.299059954371861,3.97));
#2837=CARTESIAN_POINT('',(1.76426609388069,0.299059954371861,3.97));
#2838=CARTESIAN_POINT('',(1.76426609388069,0.299059954371861,2.52461524227067));
#2839=CARTESIAN_POINT('',(1.76426609388069,0.299059954371861,2.52461524227067));
#2840=CARTESIAN_POINT('',(2.06426609388069,0.299059954371861,2.005));
#2841=CARTESIAN_POINT('',(3.01426609388069,0.299059954371861,2.005));
#2842=CARTESIAN_POINT('',(3.31426609388069,0.299059954371861,2.52461524227067));
#2843=CARTESIAN_POINT('',(3.31426609388069,0.299059954371861,2.52461524227067));
#2844=CARTESIAN_POINT('',(3.31426609388069,0.299059954371861,3.97));
#2845=CARTESIAN_POINT('',(-1.76573390611931,0.299059954371861,3.97));
#2846=CARTESIAN_POINT('',(3.12051609388069,0.299059954371861,3.97));
#2847=CARTESIAN_POINT('',(3.12051609388069,0.299059954371861,3.97));
#2848=CARTESIAN_POINT('',(0.,0.,0.));
#2849=MECHANICAL_DESIGN_GEOMETRIC_PRESENTATION_REPRESENTATION('',(#1665,
#1666,#1667,#1668),#2850);
#2850=(
GEOMETRIC_REPRESENTATION_CONTEXT(3)
GLOBAL_UNCERTAINTY_ASSIGNED_CONTEXT((#2854))
GLOBAL_UNIT_ASSIGNED_CONTEXT((#2860,#2859,#2858))
REPRESENTATION_CONTEXT('TO-220AB-2','TOP_LEVEL_ASSEMBLY_PART')
);
#2851=(
GEOMETRIC_REPRESENTATION_CONTEXT(3)
GLOBAL_UNCERTAINTY_ASSIGNED_CONTEXT((#2855))
GLOBAL_UNIT_ASSIGNED_CONTEXT((#2860,#2859,#2858))
REPRESENTATION_CONTEXT('TO-220-body','COMPONENT_PART')
);
#2852=(
GEOMETRIC_REPRESENTATION_CONTEXT(3)
GLOBAL_UNCERTAINTY_ASSIGNED_CONTEXT((#2856))
GLOBAL_UNIT_ASSIGNED_CONTEXT((#2860,#2859,#2858))
REPRESENTATION_CONTEXT('TO-220-HS','COMPONENT_PART')
);
#2853=(
GEOMETRIC_REPRESENTATION_CONTEXT(3)
GLOBAL_UNCERTAINTY_ASSIGNED_CONTEXT((#2857))
GLOBAL_UNIT_ASSIGNED_CONTEXT((#2860,#2859,#2858))
REPRESENTATION_CONTEXT('TO-220AB_2_sraight_pins','COMPONENT_PART')
);
#2854=UNCERTAINTY_MEASURE_WITH_UNIT(LENGTH_MEASURE(0.005),#2860,
'DISTANCE_ACCURACY_VALUE','Maximum Tolerance applied to model');
#2855=UNCERTAINTY_MEASURE_WITH_UNIT(LENGTH_MEASURE(0.005),#2860,
'DISTANCE_ACCURACY_VALUE','Maximum Tolerance applied to model');
#2856=UNCERTAINTY_MEASURE_WITH_UNIT(LENGTH_MEASURE(0.005),#2860,
'DISTANCE_ACCURACY_VALUE','Maximum Tolerance applied to model');
#2857=UNCERTAINTY_MEASURE_WITH_UNIT(LENGTH_MEASURE(0.005),#2860,
'DISTANCE_ACCURACY_VALUE','Maximum Tolerance applied to model');
#2858=(
NAMED_UNIT(*)
SI_UNIT($,.STERADIAN.)
SOLID_ANGLE_UNIT()
);
#2859=(
NAMED_UNIT(*)
PLANE_ANGLE_UNIT()
SI_UNIT($,.RADIAN.)
);
#2860=(
LENGTH_UNIT()
NAMED_UNIT(*)
SI_UNIT(.MILLI.,.METRE.)
);
#2861=PRODUCT_DEFINITION_SHAPE('','',#2868);
#2862=PRODUCT_DEFINITION_SHAPE('','',#2869);
#2863=PRODUCT_DEFINITION_SHAPE(' ','NAUO PRDDFN',#21);
#2864=PRODUCT_DEFINITION_SHAPE('','',#2870);
#2865=PRODUCT_DEFINITION_SHAPE(' ','NAUO PRDDFN',#22);
#2866=PRODUCT_DEFINITION_SHAPE('','',#2871);
#2867=PRODUCT_DEFINITION_SHAPE(' ','NAUO PRDDFN',#23);
#2868=PRODUCT_DEFINITION('','',#2876,#2872);
#2869=PRODUCT_DEFINITION('','',#2877,#2873);
#2870=PRODUCT_DEFINITION('','',#2878,#2874);
#2871=PRODUCT_DEFINITION('','',#2879,#2875);
#2872=PRODUCT_DEFINITION_CONTEXT('',#2897,'design');
#2873=PRODUCT_DEFINITION_CONTEXT('',#2897,'design');
#2874=PRODUCT_DEFINITION_CONTEXT('',#2897,'design');
#2875=PRODUCT_DEFINITION_CONTEXT('',#2897,'design');
#2876=PRODUCT_DEFINITION_FORMATION_WITH_SPECIFIED_SOURCE('','',#2884,
 .NOT_KNOWN.);
#2877=PRODUCT_DEFINITION_FORMATION_WITH_SPECIFIED_SOURCE('','',#2885,
 .NOT_KNOWN.);
#2878=PRODUCT_DEFINITION_FORMATION_WITH_SPECIFIED_SOURCE('','',#2886,
 .NOT_KNOWN.);
#2879=PRODUCT_DEFINITION_FORMATION_WITH_SPECIFIED_SOURCE('','',#2887,
 .NOT_KNOWN.);
#2880=PRODUCT_RELATED_PRODUCT_CATEGORY('','',(#2884));
#2881=PRODUCT_RELATED_PRODUCT_CATEGORY('','',(#2885));
#2882=PRODUCT_RELATED_PRODUCT_CATEGORY('','',(#2886));
#2883=PRODUCT_RELATED_PRODUCT_CATEGORY('','',(#2887));
#2884=PRODUCT('TO-220AB-2','TO-220AB-2','TO-220AB-2',(#2892));
#2885=PRODUCT('TO-220-body','TO-220-body','TO-220-body',(#2893));
#2886=PRODUCT('TO-220-HS','TO-220-HS','TO-220-HS',(#2894));
#2887=PRODUCT('TO-220AB_2_sraight_pins','TO-220AB_2_sraight_pins',
'TO-220AB_2_sraight_pins',(#2895));
#2888=PRODUCT_CATEGORY('','');
#2889=PRODUCT_CATEGORY('','');
#2890=PRODUCT_CATEGORY('','');
#2891=PRODUCT_CATEGORY('','');
#2892=PRODUCT_CONTEXT('',#2897,'mechanical');
#2893=PRODUCT_CONTEXT('',#2897,'mechanical');
#2894=PRODUCT_CONTEXT('',#2897,'mechanical');
#2895=PRODUCT_CONTEXT('',#2897,'mechanical');
#2896=APPLICATION_PROTOCOL_DEFINITION('international standard',
'automotive_design',2010,#2897);
#2897=APPLICATION_CONTEXT(
'core data for automotive mechanical design processes');
ENDSEC;
END-ISO-10303-21;
