2026-05-02 00:33:58,579 [INFO] Activator:176 - 


2026-05-02 00:33:58,583 [INFO] Activator:177 - !SESSION log4j initialized
2026-05-02 00:34:03,152 [INFO] LogOutputStream:77 - [STDOUT_REDIRECT] 
2026-05-02 00:34:04,428 [ERROR] LogOutputStream:75 - [STDERR_REDIRECT] 
2026-05-02 00:34:06,672 [INFO] LogOutputStream:77 - [STDOUT_REDIRECT] 
2026-05-02 00:34:08,431 [INFO] ApplicationProperties:184 - Using Application install path: /Applications/STM32CubeIDE.app/Contents/Eclipse/plugins/com.st.stm32cube.common.mx_6.15.0.202507011659
2026-05-02 00:34:08,445 [INFO] DbMcusXml:78 - Set database path to: /Applications/STM32CubeIDE.app/Contents/Eclipse/plugins/com.st.stm32cube.common.mx_6.15.0.202507011659//db//mcu/
2026-05-02 00:34:08,445 [INFO] ApiDb:274 - Set plugin database path to: /Applications/STM32CubeIDE.app/Contents/Eclipse/plugins/com.st.stm32cube.common.mx_6.15.0.202507011659//db//plugins/boardmanager/
2026-05-02 00:34:08,446 [WARN] ApiDb:259 - Overriding images path with different value:  => /Applications/STM32CubeIDE.app/Contents/Eclipse/plugins/com.st.stm32cube.common.mx_6.15.0.202507011659//db//plugins/mcufinder/images/
2026-05-02 00:34:08,452 [INFO] ApiDb:250 - Set database path to: /Users/cristianpetramale/.stmcufinder/plugins/mcufinder//mcu/
2026-05-02 00:34:08,453 [INFO] DbMcusAds:125 - Set database path to: /Users/cristianpetramale/.stmcufinder/plugins/mcufinder//mcu/
2026-05-02 00:34:08,455 [INFO] CrossReferenceDbSqlite:203 - Set database path to: /Users/cristianpetramale/.stmcufinder/plugins/mcufinder//mcu/cs/
2026-05-02 00:34:08,585 [INFO] RulesReader:64 - Compatibility file has been processed (317 Rules)
2026-05-02 00:34:08,638 [INFO] DbMcusXml:78 - Set database path to: /Applications/STM32CubeIDE.app/Contents/Eclipse/plugins/com.st.stm32cube.common.mx_6.15.0.202507011659//db//mcu/
2026-05-02 00:34:08,638 [INFO] ApiDb:274 - Set plugin database path to: /Applications/STM32CubeIDE.app/Contents/Eclipse/plugins/com.st.stm32cube.common.mx_6.15.0.202507011659//db//plugins/boardmanager/
2026-05-02 00:34:08,638 [INFO] ApiDb:261 - Set plugin images path to: /Applications/STM32CubeIDE.app/Contents/Eclipse/plugins/com.st.stm32cube.common.mx_6.15.0.202507011659//db//plugins/mcufinder/images/
2026-05-02 00:34:08,639 [WARN] DbFile:41 - Overriding database path with different value: /Users/cristianpetramale/.stmcufinder/plugins/mcufinder/ => /Users/cristianpetramale/.stmcufinder/plugins/mcufinder
2026-05-02 00:34:08,639 [INFO] ApiDb:250 - Set database path to: /Users/cristianpetramale/.stmcufinder/plugins/mcufinder//mcu/
2026-05-02 00:34:08,639 [WARN] DbFile:41 - Overriding database path with different value: /Users/cristianpetramale/.stmcufinder/plugins/mcufinder/ => /Users/cristianpetramale/.stmcufinder/plugins/mcufinder
2026-05-02 00:34:08,639 [INFO] DbMcusAds:125 - Set database path to: /Users/cristianpetramale/.stmcufinder/plugins/mcufinder//mcu/
2026-05-02 00:34:08,639 [WARN] DbFile:41 - Overriding database path with different value: /Users/cristianpetramale/.stmcufinder/plugins/mcufinder/ => /Users/cristianpetramale/.stmcufinder/plugins/mcufinder
2026-05-02 00:34:08,639 [WARN] DbFile:41 - Overriding database path with different value: /Users/cristianpetramale/.stmcufinder/plugins/mcufinder/ => /Users/cristianpetramale/.stmcufinder/plugins/mcufinder
2026-05-02 00:34:08,639 [INFO] CrossReferenceDbSqlite:203 - Set database path to: /Users/cristianpetramale/.stmcufinder/plugins/mcufinder//mcu/cs/
2026-05-02 00:34:08,706 [INFO] MainPanel:274 - HeapMemory: 268435456
2026-05-02 00:34:09,095 [INFO] DbMcusXml:78 - Set database path to: /Applications/STM32CubeIDE.app/Contents/Eclipse/plugins/com.st.stm32cube.common.mx_6.15.0.202507011659//db//mcu/
2026-05-02 00:34:09,096 [INFO] ApiDb:274 - Set plugin database path to: /Applications/STM32CubeIDE.app/Contents/Eclipse/plugins/com.st.stm32cube.common.mx_6.15.0.202507011659//db//plugins/boardmanager/
2026-05-02 00:34:09,096 [INFO] ApiDb:261 - Set plugin images path to: /Applications/STM32CubeIDE.app/Contents/Eclipse/plugins/com.st.stm32cube.common.mx_6.15.0.202507011659//db//plugins/mcufinder/images/
2026-05-02 00:34:09,096 [WARN] DbFile:41 - Overriding database path with different value: /Users/cristianpetramale/.stmcufinder/plugins/mcufinder/ => /Users/cristianpetramale/.stmcufinder/plugins/mcufinder
2026-05-02 00:34:09,096 [INFO] ApiDb:250 - Set database path to: /Users/cristianpetramale/.stmcufinder/plugins/mcufinder//mcu/
2026-05-02 00:34:09,096 [WARN] DbFile:41 - Overriding database path with different value: /Users/cristianpetramale/.stmcufinder/plugins/mcufinder/ => /Users/cristianpetramale/.stmcufinder/plugins/mcufinder
2026-05-02 00:34:09,096 [INFO] DbMcusAds:125 - Set database path to: /Users/cristianpetramale/.stmcufinder/plugins/mcufinder//mcu/
2026-05-02 00:34:09,096 [WARN] DbFile:41 - Overriding database path with different value: /Users/cristianpetramale/.stmcufinder/plugins/mcufinder/ => /Users/cristianpetramale/.stmcufinder/plugins/mcufinder
2026-05-02 00:34:09,096 [WARN] DbFile:41 - Overriding database path with different value: /Users/cristianpetramale/.stmcufinder/plugins/mcufinder/ => /Users/cristianpetramale/.stmcufinder/plugins/mcufinder
2026-05-02 00:34:09,096 [INFO] CrossReferenceDbSqlite:203 - Set database path to: /Users/cristianpetramale/.stmcufinder/plugins/mcufinder//mcu/cs/
2026-05-02 00:34:09,113 [INFO] ApplicationProperties:184 - Using Application install path: /Applications/STM32CubeIDE.app/Contents/Eclipse/plugins/com.st.stm32cube.common.mx_6.15.0.202507011659
2026-05-02 00:34:09,114 [INFO] PluginManage:196 - Search for loadable plugins [exclusion list=, ]
2026-05-02 00:34:09,115 [INFO] PluginManage:310 - Check plugin analytics
2026-05-02 00:34:09,313 [INFO] AnalyticsPlugin:253 - Accepted Software Licenses: 
2026-05-02 00:34:09,314 [INFO] AnalyticsPlugin:255 - Accepted CMSIS Pack Licenses: 
2026-05-02 00:34:09,314 [INFO] AnalyticsPlugin:257 - Accepted Firmware Licenses: FW.L4.1.18.0
2026-05-02 00:34:09,320 [INFO] PluginManage:359 - Loaded plugin analytics (category:tool,tabindex:-1)
2026-05-02 00:34:09,322 [INFO] PluginManage:310 - Check plugin cadmodel
2026-05-02 00:34:09,337 [INFO] CADModel:105 - Init CAD model plugin
2026-05-02 00:34:09,338 [INFO] PluginManage:359 - Loaded plugin cadmodel (category:power,tabindex:5)
2026-05-02 00:34:09,338 [INFO] PluginManage:310 - Check plugin clock
2026-05-02 00:34:09,349 [INFO] PluginManage:359 - Loaded plugin clock (category:base,tabindex:2)
2026-05-02 00:34:09,349 [INFO] PluginManage:310 - Check plugin ddr
2026-05-02 00:34:09,351 [INFO] PluginManage:359 - Loaded plugin ddr (category:tool,tabindex:6)
2026-05-02 00:34:09,352 [INFO] PluginManage:310 - Check plugin filemanager
2026-05-02 00:34:09,517 [INFO] PluginManage:359 - Loaded plugin filemanager (category:base,tabindex:10)
2026-05-02 00:34:09,517 [INFO] PluginManage:310 - Check plugin ipmanager
2026-05-02 00:34:09,524 [INFO] PluginManage:359 - Loaded plugin ipmanager (category:base,tabindex:5)
2026-05-02 00:34:09,525 [INFO] PluginManage:310 - Check plugin lpbam
2026-05-02 00:34:09,532 [INFO] PluginManage:359 - Loaded plugin lpbam (category:base,tabindex:0)
2026-05-02 00:34:09,532 [INFO] PluginManage:310 - Check plugin memorymap
2026-05-02 00:34:09,543 [INFO] PluginManage:359 - Loaded plugin memorymap (category:base,tabindex:4)
2026-05-02 00:34:09,544 [INFO] PluginManage:310 - Check plugin pinoutandconfiguration
2026-05-02 00:34:09,551 [INFO] PluginManage:359 - Loaded plugin pinoutandconfiguration (category:base,tabindex:1)
2026-05-02 00:34:09,552 [INFO] PluginManage:310 - Check plugin pinoutconfig
2026-05-02 00:34:09,632 [WARN] SupportedApi:132 - Cannot load RTOS API schema: s4s-elt-must-match.1: The content of 'definitions' must match (annotation?, (simpleType | complexType)?, (unique | key | keyref)*)). A problem was found starting at: attribute.
2026-05-02 00:34:09,878 [INFO] PluginManage:359 - Loaded plugin pinoutconfig (category:base,tabindex:0)
2026-05-02 00:34:09,878 [INFO] PluginManage:310 - Check plugin power
2026-05-02 00:34:09,892 [INFO] PluginManage:359 - Loaded plugin power (category:power,tabindex:4)
2026-05-02 00:34:09,893 [INFO] PluginManage:310 - Check plugin projectmanager
2026-05-02 00:34:09,933 [INFO] PluginManage:359 - Loaded plugin projectmanager (category:projectmanager,tabindex:4)
2026-05-02 00:34:09,933 [INFO] PluginManage:310 - Check plugin rif
2026-05-02 00:34:09,945 [INFO] PluginManage:359 - Loaded plugin rif (category:base,tabindex:3)
2026-05-02 00:34:09,945 [INFO] PluginManage:310 - Check plugin thirdparty
2026-05-02 00:34:10,199 [INFO] PluginManage:359 - Loaded plugin thirdparty (category:base,tabindex:-1)
2026-05-02 00:34:10,201 [INFO] PluginManage:310 - Check plugin tools
2026-05-02 00:34:10,199 [WARN] IntegrityCheckThread:84 - waiting for thirdparty lock release [integrity check]
2026-05-02 00:34:10,201 [INFO] IntegrityCheckThread:86 - entering critical section [integrity check]
2026-05-02 00:34:10,202 [INFO] ThirdPartyUpdaterWithRetryManager:70 - Updater plugin not ready yet. [1/15]
2026-05-02 00:34:10,208 [INFO] PluginManage:359 - Loaded plugin tools (category:base,tabindex:7)
2026-05-02 00:34:10,208 [INFO] PluginManage:310 - Check plugin tutovideos
2026-05-02 00:34:10,441 [INFO] PluginManage:359 - Loaded plugin tutovideos (category:base,tabindex:-1)
2026-05-02 00:34:10,441 [INFO] PluginManage:310 - Check plugin updater
2026-05-02 00:34:10,479 [INFO] PluginManage:359 - Loaded plugin updater (category:base,tabindex:12)
2026-05-02 00:34:10,479 [INFO] PluginManage:310 - Check plugin userauth
2026-05-02 00:34:10,485 [INFO] UserAuth:118 - Init User Auth plugin
2026-05-02 00:34:10,486 [INFO] PluginManage:359 - Loaded plugin userauth (category:base,tabindex:14)
2026-05-02 00:34:10,487 [INFO] PluginManage:283 - PluginManage : Loaded plugins [18]
2026-05-02 00:34:10,753 [INFO] PinOutPanel:1589 - setPackage(No Configuration,No Configuration)
2026-05-02 00:34:10,822 [INFO] CADModel:165 - CPN selected for project level
2026-05-02 00:34:10,822 [INFO] CADModel:114 - Register for checkConnection events
2026-05-02 00:34:10,833 [INFO] IPUIPlugin:80 - create IPUIPlugin
2026-05-02 00:34:10,833 [INFO] PluginManager:220 - loadIPPluginJar : add mdma
2026-05-02 00:34:10,839 [INFO] IPUIPlugin:80 - create IPUIPlugin
2026-05-02 00:34:10,840 [INFO] PluginManager:220 - loadIPPluginJar : add freertos
2026-05-02 00:34:10,844 [INFO] IPUIPlugin:80 - create IPUIPlugin
2026-05-02 00:34:10,844 [INFO] PluginManager:220 - loadIPPluginJar : add gic
2026-05-02 00:34:10,851 [INFO] IPUIPlugin:80 - create IPUIPlugin
2026-05-02 00:34:10,852 [INFO] PluginManager:220 - loadIPPluginJar : add adc
2026-05-02 00:34:10,853 [INFO] IPUIPlugin:80 - create IPUIPlugin
2026-05-02 00:34:10,853 [INFO] PluginManager:220 - loadIPPluginJar : add gtzc
2026-05-02 00:34:10,854 [INFO] IPUIPlugin:80 - create IPUIPlugin
2026-05-02 00:34:10,854 [INFO] PluginManager:220 - loadIPPluginJar : add quadspi
2026-05-02 00:34:10,855 [INFO] IPUIPlugin:80 - create IPUIPlugin
2026-05-02 00:34:10,855 [INFO] PluginManager:220 - loadIPPluginJar : add aes
2026-05-02 00:34:10,857 [INFO] IPUIPlugin:80 - create IPUIPlugin
2026-05-02 00:34:10,857 [INFO] PluginManager:220 - loadIPPluginJar : add pdm2pcm
2026-05-02 00:34:10,858 [INFO] IPUIPlugin:80 - create IPUIPlugin
2026-05-02 00:34:10,858 [INFO] PluginManager:220 - loadIPPluginJar : add hash
2026-05-02 00:34:10,859 [INFO] IPUIPlugin:80 - create IPUIPlugin
2026-05-02 00:34:10,859 [INFO] PluginManager:220 - loadIPPluginJar : add tim
2026-05-02 00:34:10,860 [INFO] IPUIPlugin:80 - create IPUIPlugin
2026-05-02 00:34:10,860 [INFO] PluginManager:220 - loadIPPluginJar : add tsc
2026-05-02 00:34:10,862 [INFO] IPUIPlugin:80 - create IPUIPlugin
2026-05-02 00:34:10,862 [INFO] PluginManager:220 - loadIPPluginJar : add extmemmanager
2026-05-02 00:34:10,864 [INFO] IPUIPlugin:80 - create IPUIPlugin
2026-05-02 00:34:10,864 [INFO] PluginManager:220 - loadIPPluginJar : add ts
2026-05-02 00:34:10,864 [INFO] IPUIPlugin:80 - create IPUIPlugin
2026-05-02 00:34:10,865 [INFO] PluginManager:220 - loadIPPluginJar : add radio
2026-05-02 00:34:10,866 [INFO] IPUIPlugin:80 - create IPUIPlugin
2026-05-02 00:34:10,866 [INFO] PluginManager:220 - loadIPPluginJar : add can
2026-05-02 00:34:10,867 [INFO] IPUIPlugin:80 - create IPUIPlugin
2026-05-02 00:34:10,867 [INFO] PluginManager:220 - loadIPPluginJar : add dma3
2026-05-02 00:34:10,868 [INFO] IPUIPlugin:80 - create IPUIPlugin
2026-05-02 00:34:10,868 [INFO] PluginManager:220 - loadIPPluginJar : add dfsdm
2026-05-02 00:34:10,869 [INFO] IPUIPlugin:80 - create IPUIPlugin
2026-05-02 00:34:10,869 [INFO] PluginManager:220 - loadIPPluginJar : add spi
2026-05-02 00:34:10,871 [INFO] IPUIPlugin:80 - create IPUIPlugin
2026-05-02 00:34:10,871 [INFO] PluginManager:220 - loadIPPluginJar : add gfxmmu
2026-05-02 00:34:10,873 [INFO] IPUIPlugin:80 - create IPUIPlugin
2026-05-02 00:34:10,873 [INFO] PluginManager:220 - loadIPPluginJar : add genericplugin
2026-05-02 00:34:10,874 [INFO] IPUIPlugin:80 - create IPUIPlugin
2026-05-02 00:34:10,874 [INFO] PluginManager:220 - loadIPPluginJar : add cryp
2026-05-02 00:34:10,876 [INFO] IPUIPlugin:80 - create IPUIPlugin
2026-05-02 00:34:10,877 [INFO] PluginManager:220 - loadIPPluginJar : add gpio
2026-05-02 00:34:10,879 [INFO] IPUIPlugin:80 - create IPUIPlugin
2026-05-02 00:34:10,879 [INFO] PluginManager:220 - loadIPPluginJar : add ddr_ctrl_phy
2026-05-02 00:34:10,880 [INFO] IPUIPlugin:80 - create IPUIPlugin
2026-05-02 00:34:10,881 [INFO] PluginManager:220 - loadIPPluginJar : add comp
2026-05-02 00:34:10,883 [INFO] IPUIPlugin:80 - create IPUIPlugin
2026-05-02 00:34:10,884 [INFO] PluginManager:220 - loadIPPluginJar : add tracer_emb
2026-05-02 00:34:10,886 [INFO] IPUIPlugin:80 - create IPUIPlugin
2026-05-02 00:34:10,886 [INFO] PluginManager:220 - loadIPPluginJar : add openamp
2026-05-02 00:34:10,890 [INFO] IPUIPlugin:80 - create IPUIPlugin
2026-05-02 00:34:10,890 [INFO] PluginManager:220 - loadIPPluginJar : add stm32_wpan
2026-05-02 00:34:10,893 [INFO] IPUIPlugin:80 - create IPUIPlugin
2026-05-02 00:34:10,895 [INFO] PluginManager:220 - loadIPPluginJar : add plateformsettings
2026-05-02 00:34:10,898 [INFO] IPUIPlugin:80 - create IPUIPlugin
2026-05-02 00:34:10,898 [INFO] PluginManager:220 - loadIPPluginJar : add ipddr
2026-05-02 00:34:10,900 [INFO] IPUIPlugin:80 - create IPUIPlugin
2026-05-02 00:34:10,900 [INFO] PluginManager:220 - loadIPPluginJar : add usart
2026-05-02 00:34:10,901 [INFO] IPUIPlugin:80 - create IPUIPlugin
2026-05-02 00:34:10,901 [INFO] PluginManager:220 - loadIPPluginJar : add ltdc
2026-05-02 00:34:10,904 [INFO] IPUIPlugin:80 - create IPUIPlugin
2026-05-02 00:34:10,904 [INFO] PluginManager:220 - loadIPPluginJar : add nvic
2026-05-02 00:34:10,905 [INFO] IPUIPlugin:80 - create IPUIPlugin
2026-05-02 00:34:10,905 [INFO] PluginManager:220 - loadIPPluginJar : add fatfs
2026-05-02 00:34:10,910 [INFO] IPUIPlugin:80 - create IPUIPlugin
2026-05-02 00:34:10,910 [INFO] PluginManager:220 - loadIPPluginJar : add linkedlist
2026-05-02 00:34:10,914 [INFO] IPUIPlugin:80 - create IPUIPlugin
2026-05-02 00:34:10,914 [INFO] PluginManager:220 - loadIPPluginJar : add dma
2026-05-02 00:34:10,917 [INFO] IPUIPlugin:80 - create IPUIPlugin
2026-05-02 00:34:10,917 [INFO] PluginManager:220 - loadIPPluginJar : add fmc
2026-05-02 00:34:10,919 [INFO] IPUIPlugin:80 - create IPUIPlugin
2026-05-02 00:34:10,919 [INFO] PluginManager:220 - loadIPPluginJar : add i2s
2026-05-02 00:34:10,920 [INFO] IPUIPlugin:80 - create IPUIPlugin
2026-05-02 00:34:10,920 [INFO] PluginManager:220 - loadIPPluginJar : add ucpd
2026-05-02 00:34:10,922 [INFO] IPUIPlugin:80 - create IPUIPlugin
2026-05-02 00:34:10,922 [INFO] PluginManager:220 - loadIPPluginJar : add lorawan
2026-05-02 00:34:10,924 [INFO] IPUIPlugin:80 - create IPUIPlugin
2026-05-02 00:34:10,925 [INFO] PluginManager:220 - loadIPPluginJar : add opamp
2026-05-02 00:34:10,926 [INFO] IPUIPlugin:80 - create IPUIPlugin
2026-05-02 00:34:10,926 [INFO] PluginManager:220 - loadIPPluginJar : add i3c
2026-05-02 00:34:10,927 [INFO] IPUIPlugin:80 - create IPUIPlugin
2026-05-02 00:34:10,927 [INFO] PluginManager:220 - loadIPPluginJar : add touchsensing
2026-05-02 00:34:10,929 [INFO] IPUIPlugin:80 - create IPUIPlugin
2026-05-02 00:34:10,930 [INFO] PluginManager:220 - loadIPPluginJar : add i2c
2026-05-02 00:34:10,932 [INFO] IPUIPlugin:80 - create IPUIPlugin
2026-05-02 00:34:10,932 [INFO] PluginManager:220 - loadIPPluginJar : add resmgrutility
2026-05-02 00:34:10,934 [INFO] IPUIPlugin:80 - create IPUIPlugin
2026-05-02 00:34:10,934 [INFO] PluginManager:220 - loadIPPluginJar : add sai
2026-05-02 00:34:10,936 [INFO] IPUIPlugin:80 - create IPUIPlugin
2026-05-02 00:34:10,936 [INFO] PluginManager:220 - loadIPPluginJar : add usbx
2026-05-02 00:34:11,051 [FATAL] Updater:351 - Updater called before beeing initialized
2026-05-02 00:34:11,095 [INFO] RulesReader:64 - Compatibility file has been processed (317 Rules)
2026-05-02 00:34:11,105 [INFO] RulesReader:64 - Compatibility file has been processed (317 Rules)
2026-05-02 00:34:11,113 [INFO] CADModel:165 - CPN selected for project level
2026-05-02 00:34:11,113 [INFO] CADModel:114 - Register for checkConnection events
2026-05-02 00:34:11,113 [FATAL] Updater:351 - Updater called before beeing initialized
2026-05-02 00:34:11,113 [ERROR] CADModel:125 - Updater not yet initialized, retry later 
2026-05-02 00:34:11,337 [FATAL] Updater:351 - Updater called before beeing initialized
2026-05-02 00:34:11,339 [INFO] CADModel:165 - CPN selected for project level
2026-05-02 00:34:11,339 [INFO] CADModel:114 - Register for checkConnection events
2026-05-02 00:34:11,339 [FATAL] Updater:351 - Updater called before beeing initialized
2026-05-02 00:34:11,339 [ERROR] CADModel:125 - Updater not yet initialized, retry later 
2026-05-02 00:34:11,342 [FATAL] Updater:351 - Updater called before beeing initialized
2026-05-02 00:34:11,495 [FATAL] Updater:351 - Updater called before beeing initialized
2026-05-02 00:34:11,500 [INFO] DbMcusAds:53 - JSON generation date=Mon Apr 27 10:14:29 CEST 2026 (1777277669683)
2026-05-02 00:34:11,500 [FATAL] Updater:351 - Updater called before beeing initialized
2026-05-02 00:34:11,548 [WARN] DetailPanel:346 - Failed to get advertising image, set to default
2026-05-02 00:34:11,612 [FATAL] Updater:351 - Updater called before beeing initialized
2026-05-02 00:34:11,615 [FATAL] Updater:351 - Updater called before beeing initialized
2026-05-02 00:34:11,615 [FATAL] Updater:351 - Updater called before beeing initialized
2026-05-02 00:34:11,616 [WARN] DetailPanel:346 - Failed to get advertising image, set to default
2026-05-02 00:34:11,619 [FATAL] Updater:351 - Updater called before beeing initialized
2026-05-02 00:34:11,667 [ERROR] Updater:1198 - MainUpdater not yet initialized. External WinMGr cannot be set.
2026-05-02 00:34:11,669 [INFO] Updater:1134 - Updater Version found : 6.15.0
2026-05-02 00:34:11,683 [INFO] ApplicationProperties:184 - Using Application install path: /Applications/STM32CubeIDE.app/Contents/Eclipse/plugins/com.st.stm32cube.common.mx_6.15.0.202507011659
2026-05-02 00:34:11,964 [INFO] MainUpdater:2872 - connection check result : 10
2026-05-02 00:34:11,964 [INFO] MainUpdater:289 - Updater Check For Update Now.
2026-05-02 00:34:11,964 [INFO] MicroXplorer:498 - Change Database Version : DB.6.0.150
2026-05-02 00:34:11,969 [INFO] McuFinderGlobals:63 - Set McuFinder mode to 2 (CubeIDE integrated)
2026-05-02 00:34:11,972 [INFO] UserAuth:487 - Internet connection configuration mode: 1
2026-05-02 00:34:11,989 [INFO] JxBrowserEngine:152 - Initiate JxBrowser Engine with user profile folder
2026-05-02 00:34:12,193 [INFO] CheckServerUpdateThread:120 - End of CheckServer Thread
2026-05-02 00:34:12,578 [INFO] McuFinderGlobals:63 - Set McuFinder mode to 2 (CubeIDE integrated)
2026-05-02 00:34:12,584 [INFO] MainUpdater:2872 - connection check result : 10
2026-05-02 00:34:12,584 [INFO] MainUpdater:2872 - connection check result : 10
2026-05-02 00:34:13,381 [INFO] MicroXplorer:468 - Change Database Path : 
2026-05-02 00:34:13,383 [INFO] MicroXplorer:498 - Change Database Version : DB.6.0.150
2026-05-02 00:34:13,393 [WARN] ThirdParty:871 - waiting for thirdparty lock release [close project]
2026-05-02 00:34:13,449 [WARN] PackLoader:240 - Cannot read IP mode file for STMicroelectronics.X-CUBE-AZRTOS-H7.3.5.0
2026-05-02 00:34:13,492 [WARN] PackLoader:240 - Cannot read IP mode file for STMicroelectronics.FP-ATR-ASTRA1.2.0.2
2026-05-02 00:34:13,509 [WARN] PackLoader:240 - Cannot read IP mode file for STMicroelectronics.X-CUBE-SMBUS.2.1.0
2026-05-02 00:34:13,548 [WARN] PackLoader:240 - Cannot read IP mode file for STMicroelectronics.X-CUBE-AZRTOS-F7.1.1.0
2026-05-02 00:34:13,585 [WARN] PackLoader:240 - Cannot read IP mode file for WES.I-CUBE-Cesium.1.4.0
2026-05-02 00:34:13,609 [WARN] PackLoader:240 - Cannot read IP mode file for STMicroelectronics.X-CUBE-DISPLAY.3.0.0
2026-05-02 00:34:13,635 [WARN] PackLoader:240 - Cannot read IP mode file for STMicroelectronics.X-CUBE-GNSS1.7.1.1
2026-05-02 00:34:13,655 [WARN] PackLoader:240 - Cannot read IP mode file for STMicroelectronics.X-CUBE-NFC10.1.0.0
2026-05-02 00:34:13,669 [WARN] PackLoader:240 - Cannot read IP mode file for STMicroelectronics.X-CUBE-ST60.1.1.0
2026-05-02 00:34:13,681 [WARN] PackLoader:240 - Cannot read IP mode file for emotas.I-CUBE-CANOPEN.1.3.0
2026-05-02 00:34:13,694 [WARN] PackLoader:240 - Cannot read IP mode file for STMicroelectronics.X-CUBE-GNSS1.7.1.0
2026-05-02 00:34:13,708 [WARN] PackLoader:240 - Cannot read IP mode file for STMicroelectronics.FP-SNS-SMARTAG2.1.2.0
2026-05-02 00:34:13,719 [WARN] PackLoader:240 - Cannot read IP mode file for STMicroelectronics.FP-SNS-FLIGHT1.5.1.0
2026-05-02 00:34:13,735 [INFO] LogOutputStream:77 - [STDOUT_REDIRECT] 1 : Invalid condition id : UX_CORESTACK_Condition cause : null
2026-05-02 00:34:13,736 [INFO] LogOutputStream:77 - [STDOUT_REDIRECT] 1 : Invalid condition id : UX_CORESTACK_Condition cause : null
2026-05-02 00:34:13,737 [INFO] LogOutputStream:77 - [STDOUT_REDIRECT] 1 : Invalid condition id : UX_CORESTACK_Condition cause : null
2026-05-02 00:34:13,737 [INFO] LogOutputStream:77 - [STDOUT_REDIRECT] 1 : Invalid condition id : UX_CORESTACK_Condition cause : null
2026-05-02 00:34:13,737 [INFO] LogOutputStream:77 - [STDOUT_REDIRECT] 1 : Invalid condition id : UX_CORESTACK_Condition cause : null
2026-05-02 00:34:13,747 [WARN] PackLoader:240 - Cannot read IP mode file for STMicroelectronics.X-CUBE-AZRTOS-WL.2.0.0
2026-05-02 00:34:13,778 [WARN] PackLoader:240 - Cannot read IP mode file for STMicroelectronics.X-CUBE-AZRTOS-H7RS.1.2.0
2026-05-02 00:34:13,791 [WARN] PackLoader:240 - Cannot read IP mode file for STMicroelectronics.X-CUBE-BLE2.3.3.0
2026-05-02 00:34:14,007 [WARN] PackLoader:240 - Cannot read IP mode file for Infineon.AIROC-Wi-Fi-Bluetooth-STM32.1.8.0
2026-05-02 00:34:14,148 [WARN] PackLoader:240 - Cannot read IP mode file for STMicroelectronics.X-CUBE-NFC9.1.0.0
2026-05-02 00:34:14,180 [WARN] PackLoader:240 - Cannot read IP mode file for STMicroelectronics.X-CUBE-BLE1.7.1.0
2026-05-02 00:34:14,187 [WARN] PackLoader:240 - Cannot read IP mode file for wolfSSL.I-CUBE-wolfMQTT.1.19.2
2026-05-02 00:34:14,198 [WARN] PackLoader:240 - Cannot read IP mode file for wolfSSL.I-CUBE-wolfSSL.5.8.4
2026-05-02 00:34:14,202 [WARN] PackLoader:240 - Cannot read IP mode file for Cesanta.I-CUBE-Mongoose.7.20.0
2026-05-02 00:34:14,221 [WARN] PackLoader:240 - Cannot read IP mode file for STMicroelectronics.FP-SNS-STAIOTCFT.1.1.0
2026-05-02 00:34:14,288 [WARN] PackLoader:240 - Cannot read IP mode file for STMicroelectronics.X-CUBE-MEMS1.12.0.0
2026-05-02 00:34:14,363 [WARN] PackLoader:240 - Cannot read IP mode file for STMicroelectronics.X-CUBE-AZRTOS-G0.1.1.0
2026-05-02 00:34:14,372 [WARN] PackLoader:240 - Cannot read IP mode file for STMicroelectronics.X-CUBE-NFC4.3.0.0
2026-05-02 00:34:14,390 [WARN] PackLoader:240 - Cannot read IP mode file for EmbeddedOffice.I-CUBE-FS-RTOS.1.0.1
2026-05-02 00:34:14,398 [WARN] PackLoader:240 - Cannot read IP mode file for wolfSSL.I-CUBE-wolfTPM.3.8.0
2026-05-02 00:34:14,404 [WARN] PackLoader:240 - Cannot read IP mode file for STMicroelectronics.X-CUBE-TCPP.4.2.0
2026-05-02 00:34:14,409 [WARN] PackLoader:240 - Cannot read IP mode file for RealThread.X-CUBE-RT-Thread_Nano.4.1.1
2026-05-02 00:34:14,434 [WARN] PackLoader:240 - Cannot read IP mode file for STMicroelectronics.FP-ATR-SIGFOX1.3.2.0
2026-05-02 00:34:14,442 [WARN] PackLoader:240 - Cannot read IP mode file for ITTIA_DB.I-CUBE-ITTIADB.8.9.0
2026-05-02 00:34:14,504 [WARN] PackLoader:240 - Cannot read IP mode file for STMicroelectronics.X-CUBE-MEMS1.12.1.0
2026-05-02 00:34:14,604 [WARN] PackLoader:240 - Cannot read IP mode file for SEGGER.I-CUBE-embOS.1.3.1
2026-05-02 00:34:14,644 [WARN] PackLoader:240 - Cannot read IP mode file for STMicroelectronics.X-CUBE-ALGOBUILD.1.4.0
2026-05-02 00:34:14,647 [WARN] PackLoader:240 - Cannot read IP mode file for STMicroelectronics.X-CUBE-PM33A1.1.0.0
2026-05-02 00:34:14,666 [WARN] PackLoader:240 - Cannot read IP mode file for STMicroelectronics.X-CUBE-AZRTOS-F4.1.1.0
2026-05-02 00:34:14,673 [WARN] PackLoader:240 - Cannot read IP mode file for STMicroelectronics.X-CUBE-ISPU.2.1.0
2026-05-02 00:34:14,676 [WARN] PackLoader:240 - Cannot read IP mode file for STMicroelectronics.eDS-WB_DPC_TT-BIDIR.2.1.1
2026-05-02 00:34:14,692 [WARN] PackLoader:240 - Cannot read IP mode file for STMicroelectronics.X-CUBE-AZRTOS-L5.2.0.0
2026-05-02 00:34:14,698 [WARN] PackLoader:240 - Cannot read IP mode file for STMicroelectronics.eDS-WB_DPC_VIENNA.1.2.0
2026-05-02 00:34:14,700 [WARN] PackLoader:240 - Cannot read IP mode file for STMicroelectronics.eDS-WB_DPC_3PH2L-BIDIR.1.1.1
2026-05-02 00:34:14,725 [ERROR] Engine:466 - /Users/cristianpetramale/.stm32cubemx/thirdparties/pdsc/STMicroelectronics.X-CUBE-ST67W61.1.3.0.pdsc: PDSC version is not supported
2026-05-02 00:34:14,733 [WARN] PackLoader:240 - Cannot read IP mode file for STMicroelectronics.X-CUBE-TOUCHGFX.4.26.1
2026-05-02 00:34:14,740 [WARN] PackLoader:240 - Cannot read IP mode file for STMicroelectronics.FP-SNS-STAIOTCFT.1.0.0
2026-05-02 00:34:14,751 [WARN] PackLoader:240 - Cannot read IP mode file for STMicroelectronics.X-CUBE-DPower.1.3.0
2026-05-02 00:34:14,772 [WARN] ConditionMgr:438 - getConditionDescription Invalid condition id : LAN8742 Phy interface Condition cause : null
2026-05-02 00:34:14,774 [WARN] PackLoader:240 - Cannot read IP mode file for STMicroelectronics.X-CUBE-AZRTOS-L4.2.0.0
2026-05-02 00:34:14,778 [WARN] ConditionMgr:1044 - genDependencies : Invalid condition id : LAN8742 Phy interface Condition cause : null
2026-05-02 00:34:14,778 [WARN] ConditionMgr:1044 - genDependencies : Invalid condition id : LAN8742 Phy interface Condition cause : null
2026-05-02 00:34:14,779 [WARN] ConditionMgr:1044 - genDependencies : Invalid condition id : LAN8742 Phy interface Condition cause : null
2026-05-02 00:34:14,788 [WARN] PackLoader:240 - Cannot read IP mode file for STMicroelectronics.X-CUBE-SFXS2LP1.4.0.0
2026-05-02 00:34:14,798 [WARN] PackLoader:240 - Cannot read IP mode file for STMicroelectronics.X-CUBE-WB05N.2.1.0
2026-05-02 00:34:14,806 [WARN] PackLoader:240 - Cannot read IP mode file for STMicroelectronics.X-CUBE-ST67W61.1.2.0
2026-05-02 00:34:14,818 [WARN] ConditionMgr:438 - getConditionDescription Invalid condition id : UX DEVICE CLASS RTOS Condition cause : null
2026-05-02 00:34:14,818 [WARN] ConditionMgr:438 - getConditionDescription Invalid condition id : UX DEVICE CLASS RTOS Condition cause : null
2026-05-02 00:34:14,822 [WARN] PackLoader:240 - Cannot read IP mode file for STMicroelectronics.X-CUBE-AZRTOS-WB.2.0.0
2026-05-02 00:34:14,823 [WARN] ConditionMgr:1044 - genDependencies : Invalid condition id : UX DEVICE CLASS RTOS Condition cause : null
2026-05-02 00:34:14,823 [WARN] ConditionMgr:1044 - genDependencies : Invalid condition id : UX DEVICE CLASS RTOS Condition cause : null
2026-05-02 00:34:14,823 [WARN] ConditionMgr:1044 - genDependencies : Invalid condition id : UX DEVICE CLASS RTOS Condition cause : null
2026-05-02 00:34:14,824 [WARN] ConditionMgr:1044 - genDependencies : Invalid condition id : UX DEVICE CLASS RTOS Condition cause : null
2026-05-02 00:34:14,824 [WARN] ConditionMgr:1044 - genDependencies : Invalid condition id : UX DEVICE CLASS RTOS Condition cause : null
2026-05-02 00:34:14,828 [WARN] ConditionMgr:438 - getConditionDescription Invalid condition id : Cortex-A Device cause : null
2026-05-02 00:34:14,857 [WARN] ConditionMgr:1044 - genDependencies : Invalid condition id : Cortex-A Device cause : null
2026-05-02 00:34:14,857 [WARN] ConditionMgr:1044 - genDependencies : Invalid condition id : Cortex-A Device cause : null
2026-05-02 00:34:14,857 [WARN] ConditionMgr:1044 - genDependencies : Invalid condition id : Cortex-A Device cause : null
2026-05-02 00:34:14,864 [WARN] PackLoader:240 - Cannot read IP mode file for STMicroelectronics.X-CUBE-STSE01.2.0.0
2026-05-02 00:34:14,879 [WARN] PackLoader:240 - Cannot read IP mode file for STMicroelectronics.X-CUBE-SUBG2.5.0.0
2026-05-02 00:34:14,897 [WARN] PackLoader:240 - Cannot read IP mode file for STMicroelectronics.X-CUBE-AZRTOS-G4.2.0.0
2026-05-02 00:34:14,902 [WARN] PackLoader:240 - Cannot read IP mode file for wolfSSL.I-CUBE-wolfSSH.1.4.20
2026-05-02 00:34:14,905 [WARN] PackLoader:240 - Cannot read IP mode file for STMicroelectronics.X-CUBE-NFC7.2.0.0
2026-05-02 00:34:14,916 [WARN] PackLoader:240 - Cannot read IP mode file for STMicroelectronics.X-CUBE-ALS.1.0.2
2026-05-02 00:34:14,928 [WARN] PackLoader:240 - Cannot read IP mode file for STMicroelectronics.X-CUBE-TOF1.3.4.3
2026-05-02 00:34:15,036 [INFO] ThirdParty:978 - Integrity check success = true
2026-05-02 00:34:15,045 [INFO] IntegrityCheckThread:100 - exiting critical section [integrity check]
2026-05-02 00:34:15,047 [INFO] IntegrityCheckThread:103 - End integrity checks thread
2026-05-02 00:34:15,047 [INFO] ThirdParty:873 - entering critical section [close project]
2026-05-02 00:34:15,073 [INFO] ThirdParty:883 - exiting critical section [close project]
2026-05-02 00:34:15,108 [INFO] PinOutPanel:1589 - setPackage(No Configuration,No Configuration)
2026-05-02 00:34:15,125 [INFO] UtilMem:75 - Begin LoadConfig() Used Memory: 158255952 Bytes (275775488)
2026-05-02 00:34:15,138 [INFO] MicroXplorer:468 - Change Database Path : 
2026-05-02 00:34:15,138 [INFO] MicroXplorer:498 - Change Database Version : DB.6.0.150
2026-05-02 00:34:15,139 [INFO] OpenFileManager:355 - Change cursor
2026-05-02 00:34:15,345 [INFO] Mcu:2029 - Initializing MCU STM32L432K(B-C)Ux STM32L432KCUx STM32L432KCU3
2026-05-02 00:34:16,764 [INFO] WebApp:169 - Instantiating new browser for Auth
2026-05-02 00:34:17,067 [INFO] Context:786 - Trying to add GPIOservice into a context  which must be forbidden
2026-05-02 00:34:18,100 [INFO] ImportTextPane:234 - (OptionalMessage_ERROR) Pin9 (VP_RIF_VS_RIF1) cannot be retrieved for this MCU
2026-05-02 00:34:18,378 [INFO] RtosManager:558 - Registered RTOS mode: class=CMSIS, group=RTOS, mode=CMSIS_V1, owner=FREERTOS
2026-05-02 00:34:18,381 [INFO] RtosManager:558 - Registered RTOS mode: class=CMSIS, group=RTOS2, mode=CMSIS_V2, owner=FREERTOS
2026-05-02 00:34:18,385 [INFO] RtosManager:558 - Registered RTOS mode: class=RTOS, group=Core, mode=CMSIS_V1, owner=FREERTOS
2026-05-02 00:34:18,385 [INFO] RtosManager:558 - Registered RTOS mode: class=RTOS, group=Core, mode=CMSIS_V2, owner=FREERTOS
2026-05-02 00:34:18,385 [WARN] ModelIntegratedComponent:184 - Missing modes for component STMicroelectronics:FreeRTOS:0.0.1:STMicroelectronics:RTOS:FreeRTOS:Core:::10.2.0:
2026-05-02 00:34:18,410 [WARN] ModelIntegratedComponent:63 - No mode defined for component null
2026-05-02 00:34:18,410 [WARN] ModelIntegratedComponent:63 - No mode defined for component null
2026-05-02 00:34:18,410 [WARN] ModelIntegratedComponent:63 - No mode defined for component null
2026-05-02 00:34:18,410 [WARN] ModelIntegratedComponent:63 - No mode defined for component null
2026-05-02 00:34:18,410 [WARN] ModelIntegratedComponent:63 - No mode defined for component null
2026-05-02 00:34:18,410 [WARN] ModelIntegratedComponent:63 - No mode defined for component null
2026-05-02 00:34:18,410 [WARN] ModelIntegratedComponent:63 - No mode defined for component null
2026-05-02 00:34:18,410 [WARN] ModelIntegratedComponent:63 - No mode defined for component null
2026-05-02 00:34:18,410 [WARN] ModelIntegratedComponent:63 - No mode defined for component null
2026-05-02 00:34:18,410 [WARN] ModelIntegratedComponent:63 - No mode defined for component null
2026-05-02 00:34:18,410 [WARN] ModelIntegratedComponent:63 - No mode defined for component null
2026-05-02 00:34:18,410 [WARN] ModelIntegratedComponent:63 - No mode defined for component null
2026-05-02 00:34:18,410 [WARN] ModelIntegratedComponent:63 - No mode defined for component null
2026-05-02 00:34:18,410 [WARN] ModelIntegratedComponent:63 - No mode defined for component null
2026-05-02 00:34:18,410 [WARN] ModelIntegratedComponent:63 - No mode defined for component null
2026-05-02 00:34:18,410 [WARN] ModelIntegratedComponent:63 - No mode defined for component null
2026-05-02 00:34:18,410 [WARN] ModelIntegratedComponent:63 - No mode defined for component null
2026-05-02 00:34:18,410 [WARN] ModelIntegratedComponent:63 - No mode defined for component null
2026-05-02 00:34:18,410 [WARN] ModelIntegratedComponent:63 - No mode defined for component null
2026-05-02 00:34:18,410 [WARN] ModelIntegratedComponent:63 - No mode defined for component null
2026-05-02 00:34:18,410 [WARN] ModelIntegratedComponent:63 - No mode defined for component null
2026-05-02 00:34:18,410 [WARN] ModelIntegratedComponent:63 - No mode defined for component null
2026-05-02 00:34:18,410 [WARN] ModelIntegratedComponent:63 - No mode defined for component null
2026-05-02 00:34:18,410 [WARN] ModelIntegratedComponent:63 - No mode defined for component null
2026-05-02 00:34:18,410 [WARN] ModelIntegratedComponent:63 - No mode defined for component null
2026-05-02 00:34:18,410 [WARN] ModelIntegratedComponent:63 - No mode defined for component null
2026-05-02 00:34:18,411 [WARN] ModelIntegratedComponent:63 - No mode defined for component null
2026-05-02 00:34:18,411 [WARN] ModelIntegratedComponent:63 - No mode defined for component null
2026-05-02 00:34:18,411 [WARN] ModelIntegratedComponent:63 - No mode defined for component null
2026-05-02 00:34:18,411 [WARN] ModelIntegratedComponent:63 - No mode defined for component null
2026-05-02 00:34:18,411 [WARN] ModelIntegratedComponent:63 - No mode defined for component null
2026-05-02 00:34:18,411 [WARN] ModelIntegratedComponent:63 - No mode defined for component null
2026-05-02 00:34:18,411 [WARN] ModelIntegratedComponent:63 - No mode defined for component null
2026-05-02 00:34:18,411 [WARN] ModelIntegratedComponent:63 - No mode defined for component null
2026-05-02 00:34:18,411 [WARN] ModelIntegratedComponent:63 - No mode defined for component null
2026-05-02 00:34:18,411 [WARN] ModelPack:524 - Component already loaded: STMicroelectronics:HAL Drivers:0.0.0:STMicroelectronics:Device:STMicro_Driver:XSPI:HAL::0.0.1:HAL_XSPI
2026-05-02 00:34:18,480 [INFO] ThirdPartyModel:298 - Start build external matchings
2026-05-02 00:34:18,495 [INFO] WebApp:463 - Apply proxy settings
2026-05-02 00:34:18,509 [INFO] WebApp:508 - Chromium authenticates against Manually configured proxy
2026-05-02 00:34:18,522 [INFO] WebApp:516 - Username used for proxy authentication: 
2026-05-02 00:34:18,565 [INFO] WebApp:900 - Register for checkConnection events
2026-05-02 00:34:18,565 [INFO] WebApp:463 - Apply proxy settings
2026-05-02 00:34:18,569 [INFO] WebApp:508 - Chromium authenticates against Manually configured proxy
2026-05-02 00:34:18,570 [INFO] WebApp:516 - Username used for proxy authentication: 
2026-05-02 00:34:18,791 [INFO] ThirdPartyModel:316 - End build external matchings
2026-05-02 00:34:19,072 [INFO] WebApp:225 - Starting web application
2026-05-02 00:34:19,076 [INFO] WebApp:593 - Web application path used /Applications/STM32CubeIDE.app/Contents/Eclipse/plugins/com.st.stm32cube.common.mx_6.15.0.202507011659/db/plugins/mcufinder/reactClient1/index.html
2026-05-02 00:34:19,063 [INFO] WebApp:191 - Connection restablished
2026-05-02 00:34:19,923 [INFO] UserAuth:487 - Internet connection configuration mode: 1
2026-05-02 00:34:20,113 [INFO] ApiDb:581 - Connected to CubeFinder SQLite database (/Users/cristianpetramale/.stmcufinder/plugins/mcufinder/mcu/cube-finder-db.db)
2026-05-02 00:34:20,211 [INFO] ApiDb:668 - CubeFinder database Data Model version=2.1
2026-05-02 00:34:20,211 [INFO] ApiDb:669 - CubeFinder database Configuration version=3.0.42
2026-05-02 00:34:20,213 [INFO] ApiDb:670 - CubeFinder database generation date=2026-03-11 (1773229989)
2026-05-02 00:34:20,214 [INFO] ApiDb:671 - CubeFinder database FW Pack versions=[FP-ATR-ASTRA1_V2.0.0, FP-SNS-FLIGHT1_V5.1.0, FP-SNS-MOTENV1_V5.1.0, FP-SNS-MOTENVWB1_V1.5.0, FP-SNS-SMARTAG2_V1.2.0, FP-SNS-STBOX1_V2.1.0, STM32Cube_FW_C0_V1.4.0, STM32Cube_FW_F4_V1.28.3, STM32Cube_FW_F7_V1.17.4, STM32Cube_FW_G0_V1.6.3, STM32Cube_FW_G4_V1.6.2, STM32Cube_FW_H5_V1.6.0, STM32Cube_FW_H7RS_V1.3.0, STM32Cube_FW_H7_V1.13.0, STM32Cube_FW_L0_V1.12.2, STM32Cube_FW_L4_V1.18.2, STM32Cube_FW_L5_V1.6.0, STM32Cube_FW_N6_V1.3.0, STM32Cube_FW_U0_V1.3.0, STM32Cube_FW_U3_V1.3.0, STM32Cube_FW_U5_V1.8.0, STM32Cube_FW_WB0_V1.4.0, STM32Cube_FW_WBA_V1.9.0, STM32Cube_FW_WB_V1.24.0, STM32Cube_FW_WL3_V1.4.0, STM32Cube_FW_WL_V1.5.0, X-CUBE-ALGOBUILD_V1.4.0, X-CUBE-ALS_V1.0.2, X-CUBE-AZRTOS-F4_V1.1.0, X-CUBE-AZRTOS-F7_V1.1.0, X-CUBE-AZRTOS-G0_V1.1.0, X-CUBE-AZRTOS-G4_V2.0.0, X-CUBE-AZRTOS-H7RS_V1.1.0, X-CUBE-AZRTOS-H7_V3.4.0, X-CUBE-AZRTOS-L4_V2.0.0, X-CUBE-AZRTOS-L5_V2.0.0, X-CUBE-AZRTOS-WB_V2.0.0, X-CUBE-AZRTOS-WL_V2.0.0, X-CUBE-BLE1_V7.1.0, X-CUBE-BLE2_V3.3.0, X-CUBE-BLEMGR_V4.1.0, X-CUBE-EEPRMA1_V5.2.0, X-CUBE-FREERTOS_V1.5.0, X-CUBE-GNSS1_V6.0.0, X-CUBE-MEMS1_V12.0.0, X-CUBE-NFC4_V3.0.0, X-CUBE-NFC7_V2.0.0, X-CUBE-SFXS2LP1_V4.0.0, X-CUBE-ST67W61_V1.2.0, X-CUBE-SUBG2_V5.0.0, X-CUBE-TOF1_V3.4.3]
2026-05-02 00:34:20,306 [INFO] DbBoardsSqlite:226 - include board P-NUCLEO-WB55-NUCLEO as a kit item of type 'Nucleo-64'
2026-05-02 00:34:20,307 [INFO] DbBoardsSqlite:226 - include board P-NUCLEO-WB55-USBDONGLE as a kit item of type 'Nucleo USB Dongle'
2026-05-02 00:34:20,308 [INFO] DbBoardsSqlite:226 - include board STEVAL-IDP005V1 as a kit item of type 'Evaluation Board'
2026-05-02 00:34:20,308 [INFO] DbBoardsSqlite:226 - include board STEVAL-IDP005V2 as a kit item of type 'Evaluation Board'
2026-05-02 00:34:20,419 [INFO] ApiDb:240 - Found 880 in-development CPN: [B-G473E-ZEST1S, B-WB1M-WPAN1, B-WBA5M-WPAN, B-WL5M-SUBG1, NUCLEO-C031C6, NUCLEO-C051C8, NUCLEO-C071RB, NUCLEO-C092RC, NUCLEO-H503RB, NUCLEO-H533RE, NUCLEO-H563ZI, NUCLEO-H7S3L8, NUCLEO-N657X0-Q, NUCLEO-U031R8, NUCLEO-U083RC, NUCLEO-U385RG-Q, NUCLEO-U545RE-Q, NUCLEO-U5A5ZJ-Q, NUCLEO-WB05KZ, NUCLEO-WB07CC, NUCLEO-WB09KE, NUCLEO-WBA52CG, NUCLEO-WBA55CG, NUCLEO-WL33CC1, NUCLEO-WL33CC2, STEVAL-PROTEUS1, STEVAL-SMARTAG2, STEVAL-STWINBX1, STM320518-EVAL, STM32C0116-DK, STM32C011D6Y3TR, STM32C011D6Y6TR, STM32C011F4P3, STM32C011F4P6, STM32C011F4U3, STM32C011F4U6TR, STM32C011F6P3, STM32C011F6P6, STM32C011F6U3, STM32C011F6U6TR, STM32C011J4M3, STM32C011J4M6, STM32C011J6M3, STM32C011J6M6, STM32C0316-DK, STM32C031C4T3, STM32C031C4T6, STM32C031C4U3, STM32C031C4U6, STM32C031C6T3, STM32C031C6T6, STM32C031C6U3, STM32C031C6U6, STM32C031F4P3, STM32C031F4P6, STM32C031F6P3, STM32C031F6P6, STM32C031G4U3, STM32C031G4U6, STM32C031G6U3, STM32C031G6U6, STM32C031K4T3, STM32C031K4T6, STM32C031K4U3, STM32C031K4U6, STM32C031K6T3, STM32C031K6T6, STM32C031K6U3, STM32C031K6U6, STM32C051C6T6, STM32C051C6U6, STM32C051C8T6, STM32C051C8U6, STM32C051D8Y6TR, STM32C051F6P6, STM32C051F8P6, STM32C051G6U6, STM32C051G8U6, STM32C051K6T6, STM32C051K6U6, STM32C051K8T6, STM32C071C8T6, STM32C071C8T6N, STM32C071C8U6, STM32C071C8U6N, STM32C071CBT6, STM32C071CBT6N, STM32C071CBU6, STM32C071CBU6N, STM32C071F8P6, STM32C071F8P6N, STM32C071FBP6, STM32C071FBP6N, STM32C071FBY6TR, STM32C071G8U6, STM32C071G8U6N, STM32C071GBU6, STM32C071GBU6N, STM32C071K8T6, STM32C071K8T6N, STM32C071K8U6, STM32C071K8U6N, STM32C071KBT6, STM32C071KBT6N, STM32C071KBU6, STM32C071KBU6N, STM32C071R8T6, STM32C071R8T6N, STM32C071RBI6N, STM32C071RBT6, STM32C071RBT6N, STM32C091CBT6, STM32C091CBU6, STM32C091CCT6, STM32C091CCU6, STM32C091ECY6TR, STM32C091FBP6, STM32C091FCP6, STM32C091GBU6, STM32C091GCU6, STM32C091KBT6, STM32C091KBU6, STM32C091KCT6, STM32C091KCU6, STM32C091RBT6, STM32C091RCI6, STM32C091RCT6, STM32C092CBT6, STM32C092CBU6, STM32C092CCT6, STM32C092CCU6, STM32C092ECY6TR, STM32C092FBP6, STM32C092FCP6, STM32C092GBU6, STM32C092GCU6, STM32C092KBT6, STM32C092KBU6, STM32C092KCT6, STM32C092KCU6, STM32C092RBT6, STM32C092RCI6, STM32C092RCT6, STM32G071K8TXN, STM32G071K8UXN, STM32G081GBU6N, STM32G081KBT6N, STM32G081KBUXN, STM32G0B1CCT6N, STM32G0B1KCT6, STM32G0B1NEY6TR, STM32G0B1RCT6N, STM32G0C1CCT6, STM32G0C1CCT6N, STM32G0C1CCU6N, STM32G0C1CET6N, STM32G0C1CEU6N, STM32G0C1KCT6, STM32G0C1NEY6TR, STM32G0C1RCI6N, STM32G0C1RCT6N, STM32G0C1REI6N, STM32G0C1RET6N, STM32G0C1VCI6, STM32G0C1VEI6, STM32G411C6T3, STM32G411C6T6, STM32G411C6U3, STM32G411C6U6, STM32G411C8T3, STM32G411C8T6, STM32G411C8U3, STM32G411C8U6, STM32G411CBT3, STM32G411CBT6, STM32G411CBU3, STM32G411CBU6, STM32G411K6T3, STM32G411K6T6, STM32G411K6U3, STM32G411K6U6, STM32G411K8T3, STM32G411K8T6, STM32G411K8U3, STM32G411K8U6, STM32G411KBT3, STM32G411KBT6, STM32G411KBU3, STM32G411KBU6, STM32G411M6T3, STM32G411M6T6, STM32G411M8T3, STM32G411M8T6, STM32G411MBT3, STM32G411MBT6, STM32G411R6T3, STM32G411R6T6, STM32G411R8T3, STM32G411R8T6, STM32G411RBT3, STM32G411RBT6, STM32G414CBT3, STM32G414CBT6, STM32G414CBU3, STM32G414CBU6, STM32G414CCT3, STM32G414CCT6, STM32G414CCU3, STM32G414CCU6, STM32G414MBT3, STM32G414MBT6, STM32G414MCT3, STM32G414MCT6, STM32G414RBT3, STM32G414RBT6, STM32G414RCT3, STM32G414RCT6, STM32G414VBT3, STM32G414VBT6, STM32G414VCT3, STM32G414VCT6, STM32G431CBT3Z, STM32G431RBT3Z, STM32G471CCT6, STM32G471CCU6, STM32G471CET3, STM32G471CET6, STM32G471CEU3, STM32G471CEU6, STM32G471MCT6, STM32G471MET3, STM32G471MET6, STM32G471MEY6TR, STM32G471QCT6, STM32G471QET3, STM32G471RCT6, STM32G471RET3, STM32G471RET6, STM32G471VCH6, STM32G471VCI6, STM32G471VCT6, STM32G471VEH3, STM32G471VEH6, STM32G471VEI3, STM32G471VEI6, STM32G471VET3, STM32G471VET6, STM32G473QET3Z, STM32G473RET3Z, STM32G474CCT6, STM32G491RET3Z, STM32H503CBT6, STM32H503CBU6, STM32H503EBY6TR, STM32H503KBU6, STM32H503RBT6, STM32H523CCT6, STM32H523CCU6, STM32H523CET6, STM32H523CEU6, STM32H523HEY6TR, STM32H523RCT6, STM32H523RET6, STM32H523VCI6, STM32H523VCT6, STM32H523VEI6, STM32H523VET6, STM32H523ZCJ6, STM32H523ZCT6, STM32H523ZEJ6, STM32H523ZET6, STM32H533CET6, STM32H533CEU6, STM32H533HEY6TR, STM32H533RET6, STM32H533VEI6, STM32H533VET6, STM32H533ZEJ6, STM32H533ZET6, STM32H562AGI6, STM32H562AII6, STM32H562IGK6, STM32H562IGT6, STM32H562IIK6, STM32H562IIT6, STM32H562RGT6, STM32H562RGV6, STM32H562RIT6, STM32H562RIV6, STM32H562VGT6, STM32H562VIT6, STM32H562ZGT6, STM32H562ZIT6, STM32H563AGI6, STM32H563AII3Q, STM32H563AII6, STM32H563IGK6, STM32H563IGT6, STM32H563IIK3Q, STM32H563IIK6, STM32H563IIT3Q, STM32H563IIT6, STM32H563MIY3QTR, STM32H563RGT6, STM32H563RGV6, STM32H563RIT6, STM32H563RIV6, STM32H563VGT6, STM32H563VIT3Q, STM32H563VIT6, STM32H563ZGT6, STM32H563ZIT3Q, STM32H563ZIT6, STM32H573AII3Q, STM32H573AII6, STM32H573I-DK, STM32H573IIK3Q, STM32H573IIK6, STM32H573IIT3Q, STM32H573IIT6, STM32H573MIY3QTR, STM32H573RIT6, STM32H573RIV6, STM32H573VIT3Q, STM32H573VIT6, STM32H573ZIT3Q, STM32H573ZIT6, STM32H7R3A8I6, STM32H7R3I8K6, STM32H7R3I8T6, STM32H7R3L8H6, STM32H7R3L8H6H, STM32H7R3R8V6, STM32H7R3V8H6, STM32H7R3V8T6, STM32H7R3V8Y6TR, STM32H7R3Z8J6, STM32H7R3Z8T6, STM32H7R7A8I6, STM32H7R7I8K6, STM32H7R7I8T6, STM32H7R7L8H6, STM32H7R7L8H6H, STM32H7R7Z8J6, STM32H7S3A8I6, STM32H7S3I8K6, STM32H7S3I8T6, STM32H7S3L8H6, STM32H7S3L8H6H, STM32H7S3R8V6, STM32H7S3V8H6, STM32H7S3V8T6, STM32H7S3V8Y6TR, STM32H7S3Z8J6, STM32H7S3Z8T6, STM32H7S78-DK, STM32H7S7A8I6, STM32H7S7I8K6, STM32H7S7I8T6, STM32H7S7L8H6, STM32H7S7L8H6H, STM32H7S7Z8J6, STM32L4R5QGI6STR, STM32MP131AAE3, STM32MP131AAF3, STM32MP131AAG3, STM32MP131CAE3, STM32MP131CAF3, STM32MP131CAG3, STM32MP131DAE7, STM32MP131DAF7, STM32MP131DAG7, STM32MP131FAE7, STM32MP131FAF7, STM32MP131FAG7, STM32MP133AAE3, STM32MP133AAF3, STM32MP133AAG3, STM32MP133CAE3, STM32MP133CAF3, STM32MP133CAG3, STM32MP133DAE7, STM32MP133DAF7, STM32MP133DAG7, STM32MP133FAE7, STM32MP133FAF7, STM32MP133FAG7, STM32MP135AAE3, STM32MP135AAF3, STM32MP135AAG3, STM32MP135CAE3, STM32MP135CAF3, STM32MP135CAG3, STM32MP135DAE7, STM32MP135DAF7, STM32MP135DAG7, STM32MP135F-DK, STM32MP135FAE7, STM32MP135FAF7, STM32MP135FAF7T, STM32MP135FAF7U, STM32MP135FAG7, STM32MP211AAL3, STM32MP211AAM3, STM32MP211AAN3, STM32MP211AAO3, STM32MP211CAL3, STM32MP211CAM3, STM32MP211CAN3, STM32MP211CAO3, STM32MP211DAL3, STM32MP211DAM3, STM32MP211DAN3, STM32MP211DAO3, STM32MP211FAL3, STM32MP211FAM3, STM32MP211FAN3, STM32MP211FAO3, STM32MP213AAL3, STM32MP213AAM3, STM32MP213AAN3, STM32MP213AAO3, STM32MP213CAL3, STM32MP213CAM3, STM32MP213CAN3, STM32MP213CAO3, STM32MP213DAL3, STM32MP213DAM3, STM32MP213DAN3, STM32MP213DAO3, STM32MP213FAL3, STM32MP213FAM3, STM32MP213FAN3, STM32MP213FAO3, STM32MP215AAL3, STM32MP215AAM3, STM32MP215AAN3, STM32MP215AAO3, STM32MP215CAL3, STM32MP215CAM3, STM32MP215CAN3, STM32MP215CAO3, STM32MP215DAL3, STM32MP215DAM3, STM32MP215DAN3, STM32MP215DAO3, STM32MP215F-DK, STM32MP215FAL3, STM32MP215FAM3, STM32MP215FAN3, STM32MP215FAO3, STM32MP231AAJ3, STM32MP231AAK3, STM32MP231AAL3, STM32MP231CAJ3, STM32MP231CAK3, STM32MP231CAL3, STM32MP231DAJ3, STM32MP231DAK3, STM32MP231DAL3, STM32MP231FAJ3, STM32MP231FAK3, STM32MP231FAL3, STM32MP233AAJ3, STM32MP233AAK3, STM32MP233AAL3, STM32MP233CAJ3, STM32MP233CAK3, STM32MP233CAL3, STM32MP233DAJ3, STM32MP233DAK3, STM32MP233DAL3, STM32MP233FAJ3, STM32MP233FAK3, STM32MP233FAL3, STM32MP235AAJ3, STM32MP235AAK3, STM32MP235AAL3, STM32MP235CAJ3, STM32MP235CAK3, STM32MP235CAL3, STM32MP235DAJ3, STM32MP235DAK3, STM32MP235DAL3, STM32MP235FAJ3, STM32MP235FAK3, STM32MP235FAL3, STM32MP251AAI3, STM32MP251AAK3, STM32MP251AAL3, STM32MP251CAI3, STM32MP251CAK3, STM32MP251CAL3, STM32MP251DAI3, STM32MP251DAK3, STM32MP251DAL3, STM32MP251FAI3, STM32MP251FAK3, STM32MP251FAL3, STM32MP253AAI3, STM32MP253AAK3, STM32MP253AAL3, STM32MP253CAI3, STM32MP253CAK3, STM32MP253CAL3, STM32MP253DAI3, STM32MP253DAK3, STM32MP253DAL3, STM32MP253FAI3, STM32MP253FAK3, STM32MP253FAL3, STM32MP255AAI3, STM32MP255AAK3, STM32MP255AAL3, STM32MP255CAI3, STM32MP255CAK3, STM32MP255CAL3, STM32MP255DAI3, STM32MP255DAK3, STM32MP255DAL3, STM32MP255FAI3, STM32MP255FAK3, STM32MP255FAL3, STM32MP257AAI3, STM32MP257AAK3, STM32MP257AAL3, STM32MP257CAI3, STM32MP257CAK3, STM32MP257CAL3, STM32MP257DAI3, STM32MP257DAK3, STM32MP257DAL3, STM32MP257F-DK, STM32MP257F-EV1, STM32MP257FAI3, STM32MP257FAK3, STM32MP257FAL3, STM32N645A0H3Q, STM32N645B0H3Q, STM32N645I0H3Q, STM32N645L0H3Q, STM32N645X0H3Q, STM32N645Z0H3Q, STM32N647A0H3Q, STM32N647B0H3Q, STM32N647I0H3Q, STM32N647L0H3Q, STM32N647X0H3Q, STM32N647Z0H3Q, STM32N655A0H3Q, STM32N655B0H3Q, STM32N655I0H3Q, STM32N655L0H3Q, STM32N655X0H3Q, STM32N655Z0H3Q, STM32N6570-DK, STM32N657A0H3Q, STM32N657B0H3Q, STM32N657I0H3Q, STM32N657L0H3Q, STM32N657X0H3Q, STM32N657Z0H3Q, STM32U031C6T6, STM32U031C6U6, STM32U031C8T6, STM32U031C8U6, STM32U031F4P6, STM32U031F6P6, STM32U031F8P6, STM32U031G6Y6TR, STM32U031G8Y6TR, STM32U031K4U6, STM32U031K6U6, STM32U031K8U6, STM32U031R6I6, STM32U031R6T6, STM32U031R8I6, STM32U031R8T6, STM32U073C8T6, STM32U073C8U6, STM32U073CBT6, STM32U073CBU6, STM32U073CCT6, STM32U073CCU6, STM32U073H8Y6TR, STM32U073HBY6TR, STM32U073HCY6TR, STM32U073K8U6, STM32U073KBU6, STM32U073KCU6, STM32U073M8I6, STM32U073M8T6, STM32U073MBI6, STM32U073MBT6, STM32U073MCI6, STM32U073MCT6, STM32U073R8I6, STM32U073R8T6, STM32U073RBI6, STM32U073RBT6, STM32U073RCI6, STM32U073RCT6, STM32U083C-DK, STM32U083CCT6, STM32U083CCU6, STM32U083HCY6TR, STM32U083KCU6, STM32U083MCI6, STM32U083MCT6, STM32U083RCI6, STM32U083RCT6, STM32U375CET6, STM32U375CET6Q, STM32U375CEU6, STM32U375CEU6Q, STM32U375CEY6QTR, STM32U375CGT6, STM32U375CGT6Q, STM32U375CGU6, STM32U375CGU6Q, STM32U375CGY6QTR, STM32U375KEU6, STM32U375KGU6, STM32U375REI6, STM32U375REI6Q, STM32U375RET6, STM32U375RET6Q, STM32U375REY6GTR, STM32U375REY6QTR, STM32U375RGI6, STM32U375RGI6Q, STM32U375RGT6, STM32U375RGT6Q, STM32U375RGY6GTR, STM32U375RGY6QTR, STM32U375VEI6, STM32U375VEI6Q, STM32U375VET6, STM32U375VET6Q, STM32U375VGI6, STM32U375VGI6Q, STM32U375VGT6, STM32U375VGT6Q, STM32U385CGT6, STM32U385CGT6Q, STM32U385CGU6, STM32U385CGU6Q, STM32U385CGY6QTR, STM32U385KGU6, STM32U385RGI6, STM32U385RGI6Q, STM32U385RGT6, STM32U385RGT6Q, STM32U385RGY6GTR, STM32U385RGY6QTR, STM32U385VGI6, STM32U385VGI6Q, STM32U385VGT6, STM32U385VGT6Q, STM32U535CBT6, STM32U535CBT6Q, STM32U535CBU6, STM32U535CBU6Q, STM32U535CCT6, STM32U535CCT6Q, STM32U535CCU6, STM32U535CCU6Q, STM32U535CET6, STM32U535CET6Q, STM32U535CEU6, STM32U535CEU6Q, STM32U535JEY6QTR, STM32U535NCY6QTR, STM32U535NEY6QTR, STM32U535RBI6, STM32U535RBI6Q, STM32U535RBT6, STM32U535RBT6Q, STM32U535RCI6, STM32U535RCI6Q, STM32U535RCT6, STM32U535RCT6Q, STM32U535REI6, STM32U535REI6Q, STM32U535RET6, STM32U535RET6Q, STM32U535VCI6, STM32U535VCI6Q, STM32U535VCT6, STM32U535VCT6Q, STM32U535VEI6, STM32U535VEI6Q, STM32U535VET6, STM32U535VET6Q, STM32U545CET6, STM32U545CET6Q, STM32U545CEU6, STM32U545CEU6Q, STM32U545JEY6QTR, STM32U545NEY6QTR, STM32U545REI6, STM32U545REI6Q, STM32U545RET6, STM32U545RET6Q, STM32U545VEI6, STM32U545VEI6Q, STM32U545VET6, STM32U545VET6Q, STM32U595AIH6, STM32U595AIH6Q, STM32U595AJH6, STM32U595AJH6Q, STM32U595QII6, STM32U595QII6Q, STM32U595QJI6, STM32U595QJI6Q, STM32U595RIT6, STM32U595RIT6Q, STM32U595RJT6, STM32U595RJT6Q, STM32U595VIT6, STM32U595VIT6Q, STM32U595VJT6, STM32U595VJT6Q, STM32U595ZIT6, STM32U595ZIT6Q, STM32U595ZIY6QTR, STM32U595ZJT6, STM32U595ZJT6Q, STM32U595ZJY6QTR, STM32U599BJY6QTR, STM32U599NIH6Q, STM32U599NJH6Q, STM32U599VIT6Q, STM32U599VJT6, STM32U599VJT6Q, STM32U599ZIT6Q, STM32U599ZIY6QTR, STM32U599ZJT6Q, STM32U599ZJY6QTR, STM32U5A5AJH6, STM32U5A5AJH6Q, STM32U5A5QII3Q , STM32U5A5QJI6, STM32U5A5QJI6Q, STM32U5A5RJT6, STM32U5A5RJT6Q, STM32U5A5VJT6, STM32U5A5VJT6Q, STM32U5A5ZJT6, STM32U5A5ZJT6Q, STM32U5A5ZJY6QTR, STM32U5A9BJY6QTR, STM32U5A9J-DK, STM32U5A9NJH6Q, STM32U5A9VJT6Q, STM32U5A9ZJT6Q, STM32U5A9ZJY6QTR, STM32U5F7VIT6, STM32U5F7VIT6Q, STM32U5F7VJT6, STM32U5F7VJT6Q, STM32U5F9BJY6QTR, STM32U5F9NJH6Q, STM32U5F9VIT6Q, STM32U5F9VJT6Q, STM32U5F9ZIJ6QTR, STM32U5F9ZIT6Q, STM32U5F9ZJJ6QTR, STM32U5F9ZJT6Q, STM32U5G7VJT6, STM32U5G7VJT6Q, STM32U5G9BJY6QTR, STM32U5G9J-DK1, STM32U5G9J-DK2, STM32U5G9NJH6Q, STM32U5G9VJT6Q, STM32U5G9ZJJ6QTR, STM32U5G9ZJT6Q, STM32WB05KZV6TR, STM32WB05KZV7TR, STM32WB05TZF6TR, STM32WB05TZF7TR, STM32WB06CCF6TR, STM32WB06CCF7TR, STM32WB06CCV6TR, STM32WB06CCV7TR, STM32WB06KCV6TR, STM32WB06KCV7TR, STM32WB07CCF6TR, STM32WB07CCF7TR, STM32WB07CCV6TR, STM32WB07CCV7TR, STM32WB07KCV6TR, STM32WB07KCV7TR, STM32WB09KEV6TR, STM32WB09KEV7TR, STM32WB09TEF6TR, STM32WB09TEF7TR, STM32WB1MMCH6, STM32WBA50KGU6, STM32WBA50KGU6TR, STM32WBA52CEU6, STM32WBA52CEU6TR, STM32WBA52CEU7, STM32WBA52CEU7TR, STM32WBA52CGU6, STM32WBA52CGU6TR, STM32WBA52CGU6U, STM32WBA52CGU7, STM32WBA52CGU7TR, STM32WBA52KEU6, STM32WBA52KEU6TR, STM32WBA52KGU6, STM32WBA52KGU6TR, STM32WBA54CEU6, STM32WBA54CEU6TR, STM32WBA54CEU7, STM32WBA54CEU7TR, STM32WBA54CGU6, STM32WBA54CGU6TR, STM32WBA54CGU7, STM32WBA54CGU7TR, STM32WBA54KEU6, STM32WBA54KEU6TR, STM32WBA54KEU7, STM32WBA54KEU7TR, STM32WBA54KGU6, STM32WBA54KGU6TR, STM32WBA54KGU7, STM32WBA54KGU7TR, STM32WBA55CEU6, STM32WBA55CEU6TR, STM32WBA55CEU7, STM32WBA55CEU7TR, STM32WBA55CGU6, STM32WBA55CGU6TR, STM32WBA55CGU6U, STM32WBA55CGU7, STM32WBA55CGU7TR, STM32WBA55G-DK1, STM32WBA55HEF6, STM32WBA55HEF7, STM32WBA55HGF6, STM32WBA55HGF7, STM32WBA55UEI6, STM32WBA55UEI6TR, STM32WBA55UEI7, STM32WBA55UEI7TR, STM32WBA55UGI6, STM32WBA55UGI6TR, STM32WBA55UGI7, STM32WBA55UGI7TR, STM32WBA5MMGH6TR, STM32WBA62MGF6, STM32WBA62MIF6, STM32WBA65MGF7, STM32WBA65MIF6, STM32WBA65MIF7, STM32WL30K8V6, STM32WL30KBV6, STM32WL31C8V6, STM32WL31CBV6, STM32WL31K8V6, STM32WL31KBV6, STM32WL33C8V6, STM32WL33C8V6X, STM32WL33CBV6, STM32WL33CBV6X, STM32WL33CCV6, STM32WL33CCV6A, STM32WL33CCV6X, STM32WL33K8V7, STM32WL33K8V7X, STM32WL33KBV7 , STM32WL33KBV7X, STM32WL33KCV7, STM32WL33KCV7X, STM32WL5MOCH6, STM32WL5MOCH6TR]
2026-05-02 00:34:20,425 [INFO] ApiDb:668 - CubeFinder database Data Model version=2.1
2026-05-02 00:34:20,425 [INFO] ApiDb:669 - CubeFinder database Configuration version=3.0.42
2026-05-02 00:34:20,425 [INFO] ApiDb:670 - CubeFinder database generation date=2026-03-11 (1773229989)
2026-05-02 00:34:20,426 [INFO] ApiDb:671 - CubeFinder database FW Pack versions=[FP-ATR-ASTRA1_V2.0.0, FP-SNS-FLIGHT1_V5.1.0, FP-SNS-MOTENV1_V5.1.0, FP-SNS-MOTENVWB1_V1.5.0, FP-SNS-SMARTAG2_V1.2.0, FP-SNS-STBOX1_V2.1.0, STM32Cube_FW_C0_V1.4.0, STM32Cube_FW_F4_V1.28.3, STM32Cube_FW_F7_V1.17.4, STM32Cube_FW_G0_V1.6.3, STM32Cube_FW_G4_V1.6.2, STM32Cube_FW_H5_V1.6.0, STM32Cube_FW_H7RS_V1.3.0, STM32Cube_FW_H7_V1.13.0, STM32Cube_FW_L0_V1.12.2, STM32Cube_FW_L4_V1.18.2, STM32Cube_FW_L5_V1.6.0, STM32Cube_FW_N6_V1.3.0, STM32Cube_FW_U0_V1.3.0, STM32Cube_FW_U3_V1.3.0, STM32Cube_FW_U5_V1.8.0, STM32Cube_FW_WB0_V1.4.0, STM32Cube_FW_WBA_V1.9.0, STM32Cube_FW_WB_V1.24.0, STM32Cube_FW_WL3_V1.4.0, STM32Cube_FW_WL_V1.5.0, X-CUBE-ALGOBUILD_V1.4.0, X-CUBE-ALS_V1.0.2, X-CUBE-AZRTOS-F4_V1.1.0, X-CUBE-AZRTOS-F7_V1.1.0, X-CUBE-AZRTOS-G0_V1.1.0, X-CUBE-AZRTOS-G4_V2.0.0, X-CUBE-AZRTOS-H7RS_V1.1.0, X-CUBE-AZRTOS-H7_V3.4.0, X-CUBE-AZRTOS-L4_V2.0.0, X-CUBE-AZRTOS-L5_V2.0.0, X-CUBE-AZRTOS-WB_V2.0.0, X-CUBE-AZRTOS-WL_V2.0.0, X-CUBE-BLE1_V7.1.0, X-CUBE-BLE2_V3.3.0, X-CUBE-BLEMGR_V4.1.0, X-CUBE-EEPRMA1_V5.2.0, X-CUBE-FREERTOS_V1.5.0, X-CUBE-GNSS1_V6.0.0, X-CUBE-MEMS1_V12.0.0, X-CUBE-NFC4_V3.0.0, X-CUBE-NFC7_V2.0.0, X-CUBE-SFXS2LP1_V4.0.0, X-CUBE-ST67W61_V1.2.0, X-CUBE-SUBG2_V5.0.0, X-CUBE-TOF1_V3.4.3]
2026-05-02 00:34:21,926 [INFO] ApiDb:240 - Found 880 in-development CPN: [B-G473E-ZEST1S, B-WB1M-WPAN1, B-WBA5M-WPAN, B-WL5M-SUBG1, NUCLEO-C031C6, NUCLEO-C051C8, NUCLEO-C071RB, NUCLEO-C092RC, NUCLEO-H503RB, NUCLEO-H533RE, NUCLEO-H563ZI, NUCLEO-H7S3L8, NUCLEO-N657X0-Q, NUCLEO-U031R8, NUCLEO-U083RC, NUCLEO-U385RG-Q, NUCLEO-U545RE-Q, NUCLEO-U5A5ZJ-Q, NUCLEO-WB05KZ, NUCLEO-WB07CC, NUCLEO-WB09KE, NUCLEO-WBA52CG, NUCLEO-WBA55CG, NUCLEO-WL33CC1, NUCLEO-WL33CC2, STEVAL-PROTEUS1, STEVAL-SMARTAG2, STEVAL-STWINBX1, STM320518-EVAL, STM32C0116-DK, STM32C011D6Y3TR, STM32C011D6Y6TR, STM32C011F4P3, STM32C011F4P6, STM32C011F4U3, STM32C011F4U6TR, STM32C011F6P3, STM32C011F6P6, STM32C011F6U3, STM32C011F6U6TR, STM32C011J4M3, STM32C011J4M6, STM32C011J6M3, STM32C011J6M6, STM32C0316-DK, STM32C031C4T3, STM32C031C4T6, STM32C031C4U3, STM32C031C4U6, STM32C031C6T3, STM32C031C6T6, STM32C031C6U3, STM32C031C6U6, STM32C031F4P3, STM32C031F4P6, STM32C031F6P3, STM32C031F6P6, STM32C031G4U3, STM32C031G4U6, STM32C031G6U3, STM32C031G6U6, STM32C031K4T3, STM32C031K4T6, STM32C031K4U3, STM32C031K4U6, STM32C031K6T3, STM32C031K6T6, STM32C031K6U3, STM32C031K6U6, STM32C051C6T6, STM32C051C6U6, STM32C051C8T6, STM32C051C8U6, STM32C051D8Y6TR, STM32C051F6P6, STM32C051F8P6, STM32C051G6U6, STM32C051G8U6, STM32C051K6T6, STM32C051K6U6, STM32C051K8T6, STM32C071C8T6, STM32C071C8T6N, STM32C071C8U6, STM32C071C8U6N, STM32C071CBT6, STM32C071CBT6N, STM32C071CBU6, STM32C071CBU6N, STM32C071F8P6, STM32C071F8P6N, STM32C071FBP6, STM32C071FBP6N, STM32C071FBY6TR, STM32C071G8U6, STM32C071G8U6N, STM32C071GBU6, STM32C071GBU6N, STM32C071K8T6, STM32C071K8T6N, STM32C071K8U6, STM32C071K8U6N, STM32C071KBT6, STM32C071KBT6N, STM32C071KBU6, STM32C071KBU6N, STM32C071R8T6, STM32C071R8T6N, STM32C071RBI6N, STM32C071RBT6, STM32C071RBT6N, STM32C091CBT6, STM32C091CBU6, STM32C091CCT6, STM32C091CCU6, STM32C091ECY6TR, STM32C091FBP6, STM32C091FCP6, STM32C091GBU6, STM32C091GCU6, STM32C091KBT6, STM32C091KBU6, STM32C091KCT6, STM32C091KCU6, STM32C091RBT6, STM32C091RCI6, STM32C091RCT6, STM32C092CBT6, STM32C092CBU6, STM32C092CCT6, STM32C092CCU6, STM32C092ECY6TR, STM32C092FBP6, STM32C092FCP6, STM32C092GBU6, STM32C092GCU6, STM32C092KBT6, STM32C092KBU6, STM32C092KCT6, STM32C092KCU6, STM32C092RBT6, STM32C092RCI6, STM32C092RCT6, STM32G071K8TXN, STM32G071K8UXN, STM32G081GBU6N, STM32G081KBT6N, STM32G081KBUXN, STM32G0B1CCT6N, STM32G0B1KCT6, STM32G0B1NEY6TR, STM32G0B1RCT6N, STM32G0C1CCT6, STM32G0C1CCT6N, STM32G0C1CCU6N, STM32G0C1CET6N, STM32G0C1CEU6N, STM32G0C1KCT6, STM32G0C1NEY6TR, STM32G0C1RCI6N, STM32G0C1RCT6N, STM32G0C1REI6N, STM32G0C1RET6N, STM32G0C1VCI6, STM32G0C1VEI6, STM32G411C6T3, STM32G411C6T6, STM32G411C6U3, STM32G411C6U6, STM32G411C8T3, STM32G411C8T6, STM32G411C8U3, STM32G411C8U6, STM32G411CBT3, STM32G411CBT6, STM32G411CBU3, STM32G411CBU6, STM32G411K6T3, STM32G411K6T6, STM32G411K6U3, STM32G411K6U6, STM32G411K8T3, STM32G411K8T6, STM32G411K8U3, STM32G411K8U6, STM32G411KBT3, STM32G411KBT6, STM32G411KBU3, STM32G411KBU6, STM32G411M6T3, STM32G411M6T6, STM32G411M8T3, STM32G411M8T6, STM32G411MBT3, STM32G411MBT6, STM32G411R6T3, STM32G411R6T6, STM32G411R8T3, STM32G411R8T6, STM32G411RBT3, STM32G411RBT6, STM32G414CBT3, STM32G414CBT6, STM32G414CBU3, STM32G414CBU6, STM32G414CCT3, STM32G414CCT6, STM32G414CCU3, STM32G414CCU6, STM32G414MBT3, STM32G414MBT6, STM32G414MCT3, STM32G414MCT6, STM32G414RBT3, STM32G414RBT6, STM32G414RCT3, STM32G414RCT6, STM32G414VBT3, STM32G414VBT6, STM32G414VCT3, STM32G414VCT6, STM32G431CBT3Z, STM32G431RBT3Z, STM32G471CCT6, STM32G471CCU6, STM32G471CET3, STM32G471CET6, STM32G471CEU3, STM32G471CEU6, STM32G471MCT6, STM32G471MET3, STM32G471MET6, STM32G471MEY6TR, STM32G471QCT6, STM32G471QET3, STM32G471RCT6, STM32G471RET3, STM32G471RET6, STM32G471VCH6, STM32G471VCI6, STM32G471VCT6, STM32G471VEH3, STM32G471VEH6, STM32G471VEI3, STM32G471VEI6, STM32G471VET3, STM32G471VET6, STM32G473QET3Z, STM32G473RET3Z, STM32G474CCT6, STM32G491RET3Z, STM32H503CBT6, STM32H503CBU6, STM32H503EBY6TR, STM32H503KBU6, STM32H503RBT6, STM32H523CCT6, STM32H523CCU6, STM32H523CET6, STM32H523CEU6, STM32H523HEY6TR, STM32H523RCT6, STM32H523RET6, STM32H523VCI6, STM32H523VCT6, STM32H523VEI6, STM32H523VET6, STM32H523ZCJ6, STM32H523ZCT6, STM32H523ZEJ6, STM32H523ZET6, STM32H533CET6, STM32H533CEU6, STM32H533HEY6TR, STM32H533RET6, STM32H533VEI6, STM32H533VET6, STM32H533ZEJ6, STM32H533ZET6, STM32H562AGI6, STM32H562AII6, STM32H562IGK6, STM32H562IGT6, STM32H562IIK6, STM32H562IIT6, STM32H562RGT6, STM32H562RGV6, STM32H562RIT6, STM32H562RIV6, STM32H562VGT6, STM32H562VIT6, STM32H562ZGT6, STM32H562ZIT6, STM32H563AGI6, STM32H563AII3Q, STM32H563AII6, STM32H563IGK6, STM32H563IGT6, STM32H563IIK3Q, STM32H563IIK6, STM32H563IIT3Q, STM32H563IIT6, STM32H563MIY3QTR, STM32H563RGT6, STM32H563RGV6, STM32H563RIT6, STM32H563RIV6, STM32H563VGT6, STM32H563VIT3Q, STM32H563VIT6, STM32H563ZGT6, STM32H563ZIT3Q, STM32H563ZIT6, STM32H573AII3Q, STM32H573AII6, STM32H573I-DK, STM32H573IIK3Q, STM32H573IIK6, STM32H573IIT3Q, STM32H573IIT6, STM32H573MIY3QTR, STM32H573RIT6, STM32H573RIV6, STM32H573VIT3Q, STM32H573VIT6, STM32H573ZIT3Q, STM32H573ZIT6, STM32H7R3A8I6, STM32H7R3I8K6, STM32H7R3I8T6, STM32H7R3L8H6, STM32H7R3L8H6H, STM32H7R3R8V6, STM32H7R3V8H6, STM32H7R3V8T6, STM32H7R3V8Y6TR, STM32H7R3Z8J6, STM32H7R3Z8T6, STM32H7R7A8I6, STM32H7R7I8K6, STM32H7R7I8T6, STM32H7R7L8H6, STM32H7R7L8H6H, STM32H7R7Z8J6, STM32H7S3A8I6, STM32H7S3I8K6, STM32H7S3I8T6, STM32H7S3L8H6, STM32H7S3L8H6H, STM32H7S3R8V6, STM32H7S3V8H6, STM32H7S3V8T6, STM32H7S3V8Y6TR, STM32H7S3Z8J6, STM32H7S3Z8T6, STM32H7S78-DK, STM32H7S7A8I6, STM32H7S7I8K6, STM32H7S7I8T6, STM32H7S7L8H6, STM32H7S7L8H6H, STM32H7S7Z8J6, STM32L4R5QGI6STR, STM32MP131AAE3, STM32MP131AAF3, STM32MP131AAG3, STM32MP131CAE3, STM32MP131CAF3, STM32MP131CAG3, STM32MP131DAE7, STM32MP131DAF7, STM32MP131DAG7, STM32MP131FAE7, STM32MP131FAF7, STM32MP131FAG7, STM32MP133AAE3, STM32MP133AAF3, STM32MP133AAG3, STM32MP133CAE3, STM32MP133CAF3, STM32MP133CAG3, STM32MP133DAE7, STM32MP133DAF7, STM32MP133DAG7, STM32MP133FAE7, STM32MP133FAF7, STM32MP133FAG7, STM32MP135AAE3, STM32MP135AAF3, STM32MP135AAG3, STM32MP135CAE3, STM32MP135CAF3, STM32MP135CAG3, STM32MP135DAE7, STM32MP135DAF7, STM32MP135DAG7, STM32MP135F-DK, STM32MP135FAE7, STM32MP135FAF7, STM32MP135FAF7T, STM32MP135FAF7U, STM32MP135FAG7, STM32MP211AAL3, STM32MP211AAM3, STM32MP211AAN3, STM32MP211AAO3, STM32MP211CAL3, STM32MP211CAM3, STM32MP211CAN3, STM32MP211CAO3, STM32MP211DAL3, STM32MP211DAM3, STM32MP211DAN3, STM32MP211DAO3, STM32MP211FAL3, STM32MP211FAM3, STM32MP211FAN3, STM32MP211FAO3, STM32MP213AAL3, STM32MP213AAM3, STM32MP213AAN3, STM32MP213AAO3, STM32MP213CAL3, STM32MP213CAM3, STM32MP213CAN3, STM32MP213CAO3, STM32MP213DAL3, STM32MP213DAM3, STM32MP213DAN3, STM32MP213DAO3, STM32MP213FAL3, STM32MP213FAM3, STM32MP213FAN3, STM32MP213FAO3, STM32MP215AAL3, STM32MP215AAM3, STM32MP215AAN3, STM32MP215AAO3, STM32MP215CAL3, STM32MP215CAM3, STM32MP215CAN3, STM32MP215CAO3, STM32MP215DAL3, STM32MP215DAM3, STM32MP215DAN3, STM32MP215DAO3, STM32MP215F-DK, STM32MP215FAL3, STM32MP215FAM3, STM32MP215FAN3, STM32MP215FAO3, STM32MP231AAJ3, STM32MP231AAK3, STM32MP231AAL3, STM32MP231CAJ3, STM32MP231CAK3, STM32MP231CAL3, STM32MP231DAJ3, STM32MP231DAK3, STM32MP231DAL3, STM32MP231FAJ3, STM32MP231FAK3, STM32MP231FAL3, STM32MP233AAJ3, STM32MP233AAK3, STM32MP233AAL3, STM32MP233CAJ3, STM32MP233CAK3, STM32MP233CAL3, STM32MP233DAJ3, STM32MP233DAK3, STM32MP233DAL3, STM32MP233FAJ3, STM32MP233FAK3, STM32MP233FAL3, STM32MP235AAJ3, STM32MP235AAK3, STM32MP235AAL3, STM32MP235CAJ3, STM32MP235CAK3, STM32MP235CAL3, STM32MP235DAJ3, STM32MP235DAK3, STM32MP235DAL3, STM32MP235FAJ3, STM32MP235FAK3, STM32MP235FAL3, STM32MP251AAI3, STM32MP251AAK3, STM32MP251AAL3, STM32MP251CAI3, STM32MP251CAK3, STM32MP251CAL3, STM32MP251DAI3, STM32MP251DAK3, STM32MP251DAL3, STM32MP251FAI3, STM32MP251FAK3, STM32MP251FAL3, STM32MP253AAI3, STM32MP253AAK3, STM32MP253AAL3, STM32MP253CAI3, STM32MP253CAK3, STM32MP253CAL3, STM32MP253DAI3, STM32MP253DAK3, STM32MP253DAL3, STM32MP253FAI3, STM32MP253FAK3, STM32MP253FAL3, STM32MP255AAI3, STM32MP255AAK3, STM32MP255AAL3, STM32MP255CAI3, STM32MP255CAK3, STM32MP255CAL3, STM32MP255DAI3, STM32MP255DAK3, STM32MP255DAL3, STM32MP255FAI3, STM32MP255FAK3, STM32MP255FAL3, STM32MP257AAI3, STM32MP257AAK3, STM32MP257AAL3, STM32MP257CAI3, STM32MP257CAK3, STM32MP257CAL3, STM32MP257DAI3, STM32MP257DAK3, STM32MP257DAL3, STM32MP257F-DK, STM32MP257F-EV1, STM32MP257FAI3, STM32MP257FAK3, STM32MP257FAL3, STM32N645A0H3Q, STM32N645B0H3Q, STM32N645I0H3Q, STM32N645L0H3Q, STM32N645X0H3Q, STM32N645Z0H3Q, STM32N647A0H3Q, STM32N647B0H3Q, STM32N647I0H3Q, STM32N647L0H3Q, STM32N647X0H3Q, STM32N647Z0H3Q, STM32N655A0H3Q, STM32N655B0H3Q, STM32N655I0H3Q, STM32N655L0H3Q, STM32N655X0H3Q, STM32N655Z0H3Q, STM32N6570-DK, STM32N657A0H3Q, STM32N657B0H3Q, STM32N657I0H3Q, STM32N657L0H3Q, STM32N657X0H3Q, STM32N657Z0H3Q, STM32U031C6T6, STM32U031C6U6, STM32U031C8T6, STM32U031C8U6, STM32U031F4P6, STM32U031F6P6, STM32U031F8P6, STM32U031G6Y6TR, STM32U031G8Y6TR, STM32U031K4U6, STM32U031K6U6, STM32U031K8U6, STM32U031R6I6, STM32U031R6T6, STM32U031R8I6, STM32U031R8T6, STM32U073C8T6, STM32U073C8U6, STM32U073CBT6, STM32U073CBU6, STM32U073CCT6, STM32U073CCU6, STM32U073H8Y6TR, STM32U073HBY6TR, STM32U073HCY6TR, STM32U073K8U6, STM32U073KBU6, STM32U073KCU6, STM32U073M8I6, STM32U073M8T6, STM32U073MBI6, STM32U073MBT6, STM32U073MCI6, STM32U073MCT6, STM32U073R8I6, STM32U073R8T6, STM32U073RBI6, STM32U073RBT6, STM32U073RCI6, STM32U073RCT6, STM32U083C-DK, STM32U083CCT6, STM32U083CCU6, STM32U083HCY6TR, STM32U083KCU6, STM32U083MCI6, STM32U083MCT6, STM32U083RCI6, STM32U083RCT6, STM32U375CET6, STM32U375CET6Q, STM32U375CEU6, STM32U375CEU6Q, STM32U375CEY6QTR, STM32U375CGT6, STM32U375CGT6Q, STM32U375CGU6, STM32U375CGU6Q, STM32U375CGY6QTR, STM32U375KEU6, STM32U375KGU6, STM32U375REI6, STM32U375REI6Q, STM32U375RET6, STM32U375RET6Q, STM32U375REY6GTR, STM32U375REY6QTR, STM32U375RGI6, STM32U375RGI6Q, STM32U375RGT6, STM32U375RGT6Q, STM32U375RGY6GTR, STM32U375RGY6QTR, STM32U375VEI6, STM32U375VEI6Q, STM32U375VET6, STM32U375VET6Q, STM32U375VGI6, STM32U375VGI6Q, STM32U375VGT6, STM32U375VGT6Q, STM32U385CGT6, STM32U385CGT6Q, STM32U385CGU6, STM32U385CGU6Q, STM32U385CGY6QTR, STM32U385KGU6, STM32U385RGI6, STM32U385RGI6Q, STM32U385RGT6, STM32U385RGT6Q, STM32U385RGY6GTR, STM32U385RGY6QTR, STM32U385VGI6, STM32U385VGI6Q, STM32U385VGT6, STM32U385VGT6Q, STM32U535CBT6, STM32U535CBT6Q, STM32U535CBU6, STM32U535CBU6Q, STM32U535CCT6, STM32U535CCT6Q, STM32U535CCU6, STM32U535CCU6Q, STM32U535CET6, STM32U535CET6Q, STM32U535CEU6, STM32U535CEU6Q, STM32U535JEY6QTR, STM32U535NCY6QTR, STM32U535NEY6QTR, STM32U535RBI6, STM32U535RBI6Q, STM32U535RBT6, STM32U535RBT6Q, STM32U535RCI6, STM32U535RCI6Q, STM32U535RCT6, STM32U535RCT6Q, STM32U535REI6, STM32U535REI6Q, STM32U535RET6, STM32U535RET6Q, STM32U535VCI6, STM32U535VCI6Q, STM32U535VCT6, STM32U535VCT6Q, STM32U535VEI6, STM32U535VEI6Q, STM32U535VET6, STM32U535VET6Q, STM32U545CET6, STM32U545CET6Q, STM32U545CEU6, STM32U545CEU6Q, STM32U545JEY6QTR, STM32U545NEY6QTR, STM32U545REI6, STM32U545REI6Q, STM32U545RET6, STM32U545RET6Q, STM32U545VEI6, STM32U545VEI6Q, STM32U545VET6, STM32U545VET6Q, STM32U595AIH6, STM32U595AIH6Q, STM32U595AJH6, STM32U595AJH6Q, STM32U595QII6, STM32U595QII6Q, STM32U595QJI6, STM32U595QJI6Q, STM32U595RIT6, STM32U595RIT6Q, STM32U595RJT6, STM32U595RJT6Q, STM32U595VIT6, STM32U595VIT6Q, STM32U595VJT6, STM32U595VJT6Q, STM32U595ZIT6, STM32U595ZIT6Q, STM32U595ZIY6QTR, STM32U595ZJT6, STM32U595ZJT6Q, STM32U595ZJY6QTR, STM32U599BJY6QTR, STM32U599NIH6Q, STM32U599NJH6Q, STM32U599VIT6Q, STM32U599VJT6, STM32U599VJT6Q, STM32U599ZIT6Q, STM32U599ZIY6QTR, STM32U599ZJT6Q, STM32U599ZJY6QTR, STM32U5A5AJH6, STM32U5A5AJH6Q, STM32U5A5QII3Q , STM32U5A5QJI6, STM32U5A5QJI6Q, STM32U5A5RJT6, STM32U5A5RJT6Q, STM32U5A5VJT6, STM32U5A5VJT6Q, STM32U5A5ZJT6, STM32U5A5ZJT6Q, STM32U5A5ZJY6QTR, STM32U5A9BJY6QTR, STM32U5A9J-DK, STM32U5A9NJH6Q, STM32U5A9VJT6Q, STM32U5A9ZJT6Q, STM32U5A9ZJY6QTR, STM32U5F7VIT6, STM32U5F7VIT6Q, STM32U5F7VJT6, STM32U5F7VJT6Q, STM32U5F9BJY6QTR, STM32U5F9NJH6Q, STM32U5F9VIT6Q, STM32U5F9VJT6Q, STM32U5F9ZIJ6QTR, STM32U5F9ZIT6Q, STM32U5F9ZJJ6QTR, STM32U5F9ZJT6Q, STM32U5G7VJT6, STM32U5G7VJT6Q, STM32U5G9BJY6QTR, STM32U5G9J-DK1, STM32U5G9J-DK2, STM32U5G9NJH6Q, STM32U5G9VJT6Q, STM32U5G9ZJJ6QTR, STM32U5G9ZJT6Q, STM32WB05KZV6TR, STM32WB05KZV7TR, STM32WB05TZF6TR, STM32WB05TZF7TR, STM32WB06CCF6TR, STM32WB06CCF7TR, STM32WB06CCV6TR, STM32WB06CCV7TR, STM32WB06KCV6TR, STM32WB06KCV7TR, STM32WB07CCF6TR, STM32WB07CCF7TR, STM32WB07CCV6TR, STM32WB07CCV7TR, STM32WB07KCV6TR, STM32WB07KCV7TR, STM32WB09KEV6TR, STM32WB09KEV7TR, STM32WB09TEF6TR, STM32WB09TEF7TR, STM32WB1MMCH6, STM32WBA50KGU6, STM32WBA50KGU6TR, STM32WBA52CEU6, STM32WBA52CEU6TR, STM32WBA52CEU7, STM32WBA52CEU7TR, STM32WBA52CGU6, STM32WBA52CGU6TR, STM32WBA52CGU6U, STM32WBA52CGU7, STM32WBA52CGU7TR, STM32WBA52KEU6, STM32WBA52KEU6TR, STM32WBA52KGU6, STM32WBA52KGU6TR, STM32WBA54CEU6, STM32WBA54CEU6TR, STM32WBA54CEU7, STM32WBA54CEU7TR, STM32WBA54CGU6, STM32WBA54CGU6TR, STM32WBA54CGU7, STM32WBA54CGU7TR, STM32WBA54KEU6, STM32WBA54KEU6TR, STM32WBA54KEU7, STM32WBA54KEU7TR, STM32WBA54KGU6, STM32WBA54KGU6TR, STM32WBA54KGU7, STM32WBA54KGU7TR, STM32WBA55CEU6, STM32WBA55CEU6TR, STM32WBA55CEU7, STM32WBA55CEU7TR, STM32WBA55CGU6, STM32WBA55CGU6TR, STM32WBA55CGU6U, STM32WBA55CGU7, STM32WBA55CGU7TR, STM32WBA55G-DK1, STM32WBA55HEF6, STM32WBA55HEF7, STM32WBA55HGF6, STM32WBA55HGF7, STM32WBA55UEI6, STM32WBA55UEI6TR, STM32WBA55UEI7, STM32WBA55UEI7TR, STM32WBA55UGI6, STM32WBA55UGI6TR, STM32WBA55UGI7, STM32WBA55UGI7TR, STM32WBA5MMGH6TR, STM32WBA62MGF6, STM32WBA62MIF6, STM32WBA65MGF7, STM32WBA65MIF6, STM32WBA65MIF7, STM32WL30K8V6, STM32WL30KBV6, STM32WL31C8V6, STM32WL31CBV6, STM32WL31K8V6, STM32WL31KBV6, STM32WL33C8V6, STM32WL33C8V6X, STM32WL33CBV6, STM32WL33CBV6X, STM32WL33CCV6, STM32WL33CCV6A, STM32WL33CCV6X, STM32WL33K8V7, STM32WL33K8V7X, STM32WL33KBV7 , STM32WL33KBV7X, STM32WL33KCV7, STM32WL33KCV7X, STM32WL5MOCH6, STM32WL5MOCH6TR]
2026-05-02 00:34:21,932 [INFO] DbMcus:218 - Found 5055 MCUs, 4968 are supported
2026-05-02 00:34:21,934 [INFO] ApiDb:423 - Load user favorites file /Users/cristianpetramale/.stm32cubeide/favorites.mcus.txt: 0 item(s)
2026-05-02 00:34:21,934 [INFO] ApiDb:427 - User favorites MCUs=[]
2026-05-02 00:34:21,934 [INFO] DbMcus:224 - Set 0 / 0 favorites MCUs
2026-05-02 00:34:22,450 [INFO] BoardInfo:889 - No configuration file found for board NUCLEO-H5E5ZJ
2026-05-02 00:34:22,472 [INFO] DbBoards:161 - Board is not supported: NUCLEO-H5E5ZJ
2026-05-02 00:34:22,515 [INFO] BoardInfo:889 - No configuration file found for board NUCLEO-U3C5ZI-Q
2026-05-02 00:34:22,515 [INFO] DbBoards:161 - Board is not supported: NUCLEO-U3C5ZI-Q
2026-05-02 00:34:22,526 [INFO] BoardInfo:889 - No configuration file found for board NUCLEO-WBA25CE1
2026-05-02 00:34:22,527 [INFO] DbBoards:161 - Board is not supported: NUCLEO-WBA25CE1
2026-05-02 00:34:22,538 [INFO] BoardInfo:889 - No configuration file found for board NUCLEO-WL3RKB1
2026-05-02 00:34:22,539 [INFO] DbBoards:161 - Board is not supported: NUCLEO-WL3RKB1
2026-05-02 00:34:22,539 [INFO] BoardInfo:889 - No configuration file found for board NUCLEO-WL3RKB2
2026-05-02 00:34:22,540 [INFO] DbBoards:161 - Board is not supported: NUCLEO-WL3RKB2
2026-05-02 00:34:22,545 [INFO] BoardInfo:889 - No configuration file found for board P-NUCLEO-WB55
2026-05-02 00:34:22,545 [INFO] DbBoards:161 - Kit is not supported: P-NUCLEO-WB55
2026-05-02 00:34:22,549 [INFO] BoardInfo:889 - No configuration file found for board STEVAL-BFA001V1B
2026-05-02 00:34:22,550 [INFO] DbBoards:161 - Kit is not supported: STEVAL-BFA001V1B
2026-05-02 00:34:22,551 [INFO] BoardInfo:889 - No configuration file found for board STEVAL-BFA001V2B
2026-05-02 00:34:22,553 [INFO] DbBoards:161 - Kit is not supported: STEVAL-BFA001V2B
2026-05-02 00:34:22,620 [INFO] BoardInfo:889 - No configuration file found for board STM32H5F5J-DK
2026-05-02 00:34:22,621 [INFO] DbBoards:161 - Board is not supported: STM32H5F5J-DK
2026-05-02 00:34:22,671 [INFO] DbBoards:168 - Found 218 boards, 209 are supported
2026-05-02 00:34:22,672 [INFO] DbBoards:169 - Found 218 boards, 43 of them is supported for  Bsp
2026-05-02 00:34:22,684 [INFO] ApiDb:423 - Load user favorites file /Users/cristianpetramale/.stm32cubeide/favorites.boards.txt: 0 item(s)
2026-05-02 00:34:22,686 [INFO] ApiDb:427 - User favorites Boards=[]
2026-05-02 00:34:22,686 [INFO] DbBoards:198 - Set 0 / 0 favorites Boards
2026-05-02 00:34:22,939 [INFO] UtilMem:75 - End LoadConfig() Used Memory: 314023040 Bytes (355467264)
2026-05-02 00:34:23,169 [WARN] ThirdParty:833 - waiting for thirdparty lock release [change project]
2026-05-02 00:34:23,181 [INFO] ThirdParty:835 - entering critical section [change project]
2026-05-02 00:34:23,184 [INFO] ThirdParty:1030 - CMSIS Pack Vendor :STMicroelectronics X-CUBE-AZRTOS-H7 3.5.0
2026-05-02 00:34:23,185 [INFO] ThirdParty:1030 - CMSIS Pack Vendor :STMicroelectronics X-CUBE-PM33A1 1.0.0
2026-05-02 00:34:23,185 [INFO] ThirdParty:1030 - CMSIS Pack Vendor :STMicroelectronics USBPD 4.1
2026-05-02 00:34:23,186 [INFO] ThirdParty:1030 - CMSIS Pack Vendor :STMicroelectronics X-CUBE-NFC9 1.0.0
2026-05-02 00:34:23,186 [INFO] ThirdParty:1030 - CMSIS Pack Vendor :STMicroelectronics USB_HOST 2.0.0
2026-05-02 00:34:23,186 [INFO] ThirdParty:1030 - CMSIS Pack Vendor :STMicroelectronics X-CUBE-AZRTOS-F4 1.1.0
2026-05-02 00:34:23,186 [INFO] ThirdParty:1030 - CMSIS Pack Vendor :STMicroelectronics LIBJPEG 8.0.0
2026-05-02 00:34:23,186 [INFO] ThirdParty:1030 - CMSIS Pack Vendor :STMicroelectronics FP-ATR-ASTRA1 2.0.2
2026-05-02 00:34:23,186 [INFO] ThirdParty:1030 - CMSIS Pack Vendor :STMicroelectronics X-CUBE-BLE1 7.1.0
2026-05-02 00:34:23,186 [INFO] ThirdParty:1030 - CMSIS Pack Vendor :STMicroelectronics X-CUBE-SMBUS 2.1.0
2026-05-02 00:34:23,186 [INFO] ThirdParty:1030 - CMSIS Pack Vendor :wolfSSL I-CUBE-wolfMQTT 1.19.2
2026-05-02 00:34:23,186 [INFO] ThirdParty:1030 - CMSIS Pack Vendor :STMicroelectronics USB_DEVICE 3.0.0
2026-05-02 00:34:23,186 [INFO] ThirdParty:1030 - CMSIS Pack Vendor :STMicroelectronics X-CUBE-ISPU 2.1.0
2026-05-02 00:34:23,186 [INFO] ThirdParty:1030 - CMSIS Pack Vendor :STMicroelectronics eDS-WB_DPC_TT-BIDIR 2.1.1
2026-05-02 00:34:23,186 [INFO] ThirdParty:1030 - CMSIS Pack Vendor :STMicroelectronics X-CUBE-AZRTOS-WB 2.0.0
2026-05-02 00:34:23,186 [INFO] ThirdParty:1030 - CMSIS Pack Vendor :wolfSSL I-CUBE-wolfSSL 5.8.4
2026-05-02 00:34:23,186 [INFO] ThirdParty:1030 - CMSIS Pack Vendor :Cesanta I-CUBE-Mongoose 7.20.0
2026-05-02 00:34:23,186 [INFO] ThirdParty:1030 - CMSIS Pack Vendor :STMicroelectronics X-CUBE-AZRTOS-F7 1.1.0
2026-05-02 00:34:23,186 [INFO] ThirdParty:1030 - CMSIS Pack Vendor :STMicroelectronics X-CUBE-AZRTOS-L5 2.0.0
2026-05-02 00:34:23,186 [INFO] ThirdParty:1030 - CMSIS Pack Vendor :STMicroelectronics USB_DEVICE 2.0.0
2026-05-02 00:34:23,186 [INFO] ThirdParty:1030 - CMSIS Pack Vendor :STMicroelectronics FP-SNS-STAIOTCFT 1.1.0
2026-05-02 00:34:23,186 [INFO] ThirdParty:1030 - CMSIS Pack Vendor :quantropi X-CUBE-qispace-sdk-base 2.1.0
2026-05-02 00:34:23,186 [INFO] ThirdParty:1030 - CMSIS Pack Vendor :STMicroelectronics X-CUBE-MEMS1 12.0.0
2026-05-02 00:34:23,186 [INFO] ThirdParty:1030 - CMSIS Pack Vendor :STMicroelectronics X-CUBE-STSE01 2.0.0
2026-05-02 00:34:23,186 [INFO] ThirdParty:1030 - CMSIS Pack Vendor :STMicroelectronics FreeRTOS 0.0.1
2026-05-02 00:34:23,186 [INFO] ThirdParty:1030 - CMSIS Pack Vendor :STMicroelectronics X-CUBE-AZRTOS-G0 1.1.0
2026-05-02 00:34:23,186 [INFO] ThirdParty:1030 - CMSIS Pack Vendor :STMicroelectronics X-CUBE-NFC4 3.0.0
2026-05-02 00:34:23,186 [INFO] ThirdParty:1030 - CMSIS Pack Vendor :STMicroelectronics X-CUBE-SUBG2 5.0.0
2026-05-02 00:34:23,186 [INFO] ThirdParty:1030 - CMSIS Pack Vendor :STMicroelectronics STM32_WPAN 1.0.0
2026-05-02 00:34:23,186 [INFO] ThirdParty:1030 - CMSIS Pack Vendor :STMicroelectronics eDS-WB_DPC_VIENNA 1.2.0
2026-05-02 00:34:23,186 [INFO] ThirdParty:1030 - CMSIS Pack Vendor :EmbeddedOffice I-CUBE-FS-RTOS 1.0.1
2026-05-02 00:34:23,186 [INFO] ThirdParty:1030 - CMSIS Pack Vendor :STMicroelectronics lwIP 2.0.3
2026-05-02 00:34:23,186 [INFO] ThirdParty:1030 - CMSIS Pack Vendor :WES I-CUBE-Cesium 1.4.0
2026-05-02 00:34:23,186 [INFO] ThirdParty:1030 - CMSIS Pack Vendor :STMicroelectronics eDS-WB_DPC_3PH2L-BIDIR 1.1.1
2026-05-02 00:34:23,186 [INFO] ThirdParty:1030 - CMSIS Pack Vendor :STMicroelectronics USB_HOST 1.0.0
2026-05-02 00:34:23,186 [INFO] ThirdParty:1030 - CMSIS Pack Vendor :STMicroelectronics X-CUBE-AZRTOS-G4 2.0.0
2026-05-02 00:34:23,186 [INFO] ThirdParty:1030 - CMSIS Pack Vendor :STMicroelectronics PDM2PCM 3.1.0
2026-05-02 00:34:23,187 [INFO] ThirdParty:1030 - CMSIS Pack Vendor :STMicroelectronics PDM2PCM 3.3.0
2026-05-02 00:34:23,187 [INFO] ThirdParty:1030 - CMSIS Pack Vendor :wolfSSL I-CUBE-wolfTPM 3.8.0
2026-05-02 00:34:23,187 [INFO] ThirdParty:1030 - CMSIS Pack Vendor :STMicroelectronics X-CUBE-DISPLAY 3.0.0
2026-05-02 00:34:23,187 [INFO] ThirdParty:1030 - CMSIS Pack Vendor :wolfSSL I-CUBE-wolfSSH 1.4.20
2026-05-02 00:34:23,187 [INFO] ThirdParty:1030 - CMSIS Pack Vendor :STMicroelectronics X-CUBE-NFC7 2.0.0
2026-05-02 00:34:23,187 [INFO] ThirdParty:1030 - CMSIS Pack Vendor :STMicroelectronics X-CUBE-GNSS1 7.1.1
2026-05-02 00:34:23,187 [INFO] ThirdParty:1030 - CMSIS Pack Vendor :STMicroelectronics X-CUBE-TCPP 4.2.0
2026-05-02 00:34:23,187 [INFO] ThirdParty:1030 - CMSIS Pack Vendor :RealThread X-CUBE-RT-Thread_Nano 4.1.1
2026-05-02 00:34:23,187 [INFO] ThirdParty:1030 - CMSIS Pack Vendor :STMicroelectronics FP-ATR-SIGFOX1 3.2.0
2026-05-02 00:34:23,187 [INFO] ThirdParty:1030 - CMSIS Pack Vendor :STMicroelectronics X-CUBE-NFC10 1.0.0
2026-05-02 00:34:23,187 [INFO] ThirdParty:1030 - CMSIS Pack Vendor :STMicroelectronics HAL Drivers 0.0.0
2026-05-02 00:34:23,187 [INFO] ThirdParty:1030 - CMSIS Pack Vendor :STMicroelectronics MBEDTLS 2.16.2
2026-05-02 00:34:23,187 [INFO] ThirdParty:1030 - CMSIS Pack Vendor :STMicroelectronics X-CUBE-ST60 1.1.0
2026-05-02 00:34:23,187 [INFO] ThirdParty:1030 - CMSIS Pack Vendor :STMicroelectronics X-CUBE-ALS 1.0.2
2026-05-02 00:34:23,187 [INFO] ThirdParty:1030 - CMSIS Pack Vendor :emotas I-CUBE-CANOPEN 1.3.0
2026-05-02 00:34:23,187 [INFO] ThirdParty:1030 - CMSIS Pack Vendor :STMicroelectronics MBEDTLS 2.14.1
2026-05-02 00:34:23,187 [INFO] ThirdParty:1030 - CMSIS Pack Vendor :STMicroelectronics X-CUBE-GNSS1 7.1.0
2026-05-02 00:34:23,187 [INFO] ThirdParty:1030 - CMSIS Pack Vendor :ITTIA_DB I-CUBE-ITTIADB 8.9.0
2026-05-02 00:34:23,187 [INFO] ThirdParty:1030 - CMSIS Pack Vendor :STMicroelectronics X-CUBE-TOUCHGFX 4.26.1
2026-05-02 00:34:23,187 [INFO] ThirdParty:1030 - CMSIS Pack Vendor :STMicroelectronics FP-SNS-STAIOTCFT 1.0.0
2026-05-02 00:34:23,187 [INFO] ThirdParty:1030 - CMSIS Pack Vendor :STMicroelectronics ThreadX 1.0.0
2026-05-02 00:34:23,187 [INFO] ThirdParty:1030 - CMSIS Pack Vendor :STMicroelectronics FP-SNS-SMARTAG2 1.2.0
2026-05-02 00:34:23,187 [INFO] ThirdParty:1030 - CMSIS Pack Vendor :STMicroelectronics X-CUBE-MEMS1 12.1.0
2026-05-02 00:34:23,187 [INFO] ThirdParty:1030 - CMSIS Pack Vendor :STMicroelectronics FP-SNS-FLIGHT1 5.1.0
2026-05-02 00:34:23,187 [INFO] ThirdParty:1030 - CMSIS Pack Vendor :STMicroelectronics X-CUBE-AZRTOS-WL 2.0.0
2026-05-02 00:34:23,187 [INFO] ThirdParty:1030 - CMSIS Pack Vendor :SEGGER I-CUBE-embOS 1.3.1
2026-05-02 00:34:23,187 [INFO] ThirdParty:1030 - CMSIS Pack Vendor :STMicroelectronics X-CUBE-ALGOBUILD 1.4.0
2026-05-02 00:34:23,187 [INFO] ThirdParty:1030 - CMSIS Pack Vendor :STMicroelectronics X-CUBE-DPower 1.3.0
2026-05-02 00:34:23,187 [INFO] ThirdParty:1030 - CMSIS Pack Vendor :STMicroelectronics USB_DEVICE 1.0.0
2026-05-02 00:34:23,187 [INFO] ThirdParty:1030 - CMSIS Pack Vendor :STMicroelectronics X-CUBE-AZRTOS-H7RS 1.2.0
2026-05-02 00:34:23,187 [INFO] ThirdParty:1030 - CMSIS Pack Vendor :STMicroelectronics X-CUBE-AZRTOS-L4 2.0.0
2026-05-02 00:34:23,187 [INFO] ThirdParty:1030 - CMSIS Pack Vendor :STMicroelectronics ThreadX 0.0.2
2026-05-02 00:34:23,187 [INFO] ThirdParty:1030 - CMSIS Pack Vendor :STMicroelectronics lwIP 2.1.2
2026-05-02 00:34:23,187 [INFO] ThirdParty:1030 - CMSIS Pack Vendor :STMicroelectronics X-CUBE-SFXS2LP1 4.0.0
2026-05-02 00:34:23,187 [INFO] ThirdParty:1030 - CMSIS Pack Vendor :STMicroelectronics X-CUBE-BLE2 3.3.0
2026-05-02 00:34:23,187 [INFO] ThirdParty:1030 - CMSIS Pack Vendor :Avnet-IOTCONNECT X-CUBE-iotc-st67-sdk 1.0.0
2026-05-02 00:34:23,187 [INFO] ThirdParty:1030 - CMSIS Pack Vendor :STMicroelectronics X-CUBE-TOF1 3.4.3
2026-05-02 00:34:23,187 [INFO] ThirdParty:1030 - CMSIS Pack Vendor :Infineon AIROC-Wi-Fi-Bluetooth-STM32 1.8.0
2026-05-02 00:34:23,187 [INFO] ThirdParty:1030 - CMSIS Pack Vendor :STMicroelectronics PDM2PCM 3.2.0
2026-05-02 00:34:23,187 [INFO] ThirdParty:1030 - CMSIS Pack Vendor :STMicroelectronics X-CUBE-WB05N 2.1.0
2026-05-02 00:34:23,187 [INFO] ThirdParty:1030 - CMSIS Pack Vendor :STMicroelectronics X-CUBE-ST67W61 1.2.0
2026-05-02 00:34:23,195 [INFO] ThirdParty:841 - exiting critical section [change project]
2026-05-02 00:34:24,105 [INFO] PinOutPanel:1589 - setPackage(No Configuration,No Configuration)
2026-05-02 00:34:24,117 [INFO] PinOutPanel:1589 - setPackage(STM32L432KCUx,UFQFPN32)
2026-05-02 00:34:25,240 [INFO] UtilMem:75 - Before build in PCC Used Memory: 201067720 Bytes (355467264)
2026-05-02 00:34:27,225 [INFO] UtilMem:75 - After build in PCC Used Memory: 260757216 Bytes (355467264)
2026-05-02 00:34:27,356 [INFO] IPUIPlugin:80 - create IPUIPlugin
2026-05-02 00:34:27,360 [INFO] IPUIPlugin:80 - create IPUIPlugin
2026-05-02 00:34:27,360 [INFO] IPUIPlugin:80 - create IPUIPlugin
2026-05-02 00:34:27,361 [INFO] IPUIPlugin:80 - create IPUIPlugin
2026-05-02 00:34:27,361 [INFO] IPUIPlugin:80 - create IPUIPlugin
2026-05-02 00:34:27,362 [INFO] IPUIPlugin:80 - create IPUIPlugin
2026-05-02 00:34:27,362 [INFO] IPUIPlugin:80 - create IPUIPlugin
2026-05-02 00:34:27,362 [INFO] IPUIPlugin:80 - create IPUIPlugin
2026-05-02 00:34:27,362 [INFO] IPUIPlugin:80 - create IPUIPlugin
2026-05-02 00:34:27,362 [INFO] IPUIPlugin:80 - create IPUIPlugin
2026-05-02 00:34:27,363 [INFO] IPUIPlugin:80 - create IPUIPlugin
2026-05-02 00:34:27,363 [INFO] IPUIPlugin:80 - create IPUIPlugin
2026-05-02 00:34:27,363 [INFO] IPUIPlugin:80 - create IPUIPlugin
2026-05-02 00:34:27,363 [INFO] IPUIPlugin:80 - create IPUIPlugin
2026-05-02 00:34:27,363 [INFO] IPUIPlugin:80 - create IPUIPlugin
2026-05-02 00:34:27,363 [INFO] IPUIPlugin:80 - create IPUIPlugin
2026-05-02 00:34:27,363 [INFO] IPUIPlugin:80 - create IPUIPlugin
2026-05-02 00:34:27,367 [INFO] IPUIPlugin:80 - create IPUIPlugin
2026-05-02 00:34:27,367 [INFO] IPUIPlugin:80 - create IPUIPlugin
2026-05-02 00:34:27,367 [INFO] IPUIPlugin:80 - create IPUIPlugin
2026-05-02 00:34:27,367 [INFO] IPUIPlugin:80 - create IPUIPlugin
2026-05-02 00:34:27,368 [INFO] IPUIPlugin:80 - create IPUIPlugin
2026-05-02 00:34:27,368 [INFO] IPUIPlugin:80 - create IPUIPlugin
2026-05-02 00:34:27,368 [INFO] IPUIPlugin:80 - create IPUIPlugin
2026-05-02 00:34:27,369 [INFO] IPUIPlugin:80 - create IPUIPlugin
2026-05-02 00:34:27,369 [INFO] IPUIPlugin:80 - create IPUIPlugin
2026-05-02 00:34:27,369 [INFO] IPUIPlugin:80 - create IPUIPlugin
2026-05-02 00:34:27,369 [INFO] IPUIPlugin:80 - create IPUIPlugin
2026-05-02 00:34:27,369 [INFO] IPUIPlugin:80 - create IPUIPlugin
2026-05-02 00:34:27,369 [INFO] IPUIPlugin:80 - create IPUIPlugin
2026-05-02 00:34:27,369 [INFO] IPUIPlugin:80 - create IPUIPlugin
2026-05-02 00:34:27,369 [INFO] IPUIPlugin:80 - create IPUIPlugin
2026-05-02 00:34:27,369 [INFO] IPUIPlugin:80 - create IPUIPlugin
2026-05-02 00:34:27,369 [INFO] IPUIPlugin:80 - create IPUIPlugin
2026-05-02 00:34:27,370 [INFO] IPUIPlugin:80 - create IPUIPlugin
2026-05-02 00:34:27,374 [INFO] IPUIPlugin:80 - create IPUIPlugin
2026-05-02 00:34:27,375 [INFO] IPUIPlugin:80 - create IPUIPlugin
2026-05-02 00:34:27,376 [INFO] IPUIPlugin:80 - create IPUIPlugin
2026-05-02 00:34:27,376 [INFO] IPUIPlugin:80 - create IPUIPlugin
2026-05-02 00:34:27,376 [INFO] IPUIPlugin:80 - create IPUIPlugin
2026-05-02 00:34:27,376 [INFO] IPUIPlugin:80 - create IPUIPlugin
2026-05-02 00:34:29,082 [INFO] CADModel:165 - CPN selected for project levelSTM32L432KCU3
2026-05-02 00:34:29,284 [INFO] CADModel:114 - Register for checkConnection events
2026-05-02 00:34:29,616 [INFO] OpenFileManager:386 - Restore cursor
2026-05-02 00:35:25,908 [INFO] NvicIntPanel:101 - NVIC parent = com.st.microxplorer.plugins.ip.nvic.MultiNvicIntPanel[,0,0,0x0,invalid,layout=javax.swing.BoxLayout,alignmentX=0.0,alignmentY=0.0,border=,flags=9,maximumSize=,minimumSize=,preferredSize=]
2026-05-02 00:35:34,280 [INFO] NvicIntPanel:101 - NVIC parent = com.st.microxplorer.plugins.ip.nvic.MultiNvicIntPanel[,0,0,0x0,invalid,layout=javax.swing.BoxLayout,alignmentX=0.0,alignmentY=0.0,border=,flags=9,maximumSize=,minimumSize=,preferredSize=]
2026-05-02 00:35:40,043 [INFO] UtilMem:75 - End SaveConfig() Used Memory: 830914680 Bytes (1073741824)
2026-05-02 00:35:43,126 [INFO] UtilMem:75 - End SaveConfig() Used Memory: 926599696 Bytes (1073741824)
2026-05-02 00:35:44,475 [INFO] BlockDiagram:2775 - set Specific Code input for plugin: NVIC
2026-05-02 00:35:44,482 [INFO] BlockDiagram:2775 - set Specific Code input for plugin: USART
2026-05-02 00:35:44,483 [INFO] BlockDiagram:2775 - set Specific Code input for plugin: USART
2026-05-02 00:35:44,483 [INFO] BlockDiagram:2775 - set Specific Code input for plugin: TIM1_8L4
2026-05-02 00:35:44,483 [INFO] BlockDiagram:2775 - set Specific Code input for plugin: SYS
2026-05-02 00:35:44,484 [INFO] BlockDiagram:2775 - set Specific Code input for plugin: GPIO
2026-05-02 00:35:44,484 [INFO] BlockDiagram:2775 - set Specific Code input for plugin: RCC
2026-05-02 00:35:44,484 [INFO] BlockDiagram:2775 - set Specific Code input for plugin: I2C
2026-05-02 00:35:44,484 [INFO] CodeGenerator:892 - code generatio: config db path: /Applications/STM32CubeIDE.app/Contents/Eclipse/plugins/com.st.stm32cube.common.mx_6.15.0.202507011659//db/
2026-05-02 00:35:44,677 [INFO] CodeEngine:265 - oldGeneratedFile, /Users/cristianpetramale/Biomed_projects/STMWorkSpace/Lettore di Pressione/MXTmpFiles/license.tmp_save
2026-05-02 00:35:45,187 [INFO] CodeEngine:289 - Generated code: /Users/cristianpetramale/Biomed_projects/STMWorkSpace/Lettore di Pressione/MXTmpFiles/license.tmp
2026-05-02 00:35:45,353 [INFO] CodeEngine:265 - oldGeneratedFile, /Users/cristianpetramale/Biomed_projects/STMWorkSpace/Lettore di Pressione/MXTmpFiles/gpio.tmp_save
2026-05-02 00:35:45,498 [INFO] CodeEngine:289 - Generated code: /Users/cristianpetramale/Biomed_projects/STMWorkSpace/Lettore di Pressione/MXTmpFiles/gpio.tmp
2026-05-02 00:35:45,814 [INFO] CodeEngine:265 - oldGeneratedFile, /Users/cristianpetramale/Biomed_projects/STMWorkSpace/Lettore di Pressione/Core/Src/stm32l4xx_it.c_save
2026-05-02 00:35:46,010 [INFO] CodeEngine:289 - Generated code: /Users/cristianpetramale/Biomed_projects/STMWorkSpace/Lettore di Pressione/Core/Src/stm32l4xx_it.c
2026-05-02 00:35:46,011 [INFO] CodeEngine:265 - oldGeneratedFile, /Users/cristianpetramale/Biomed_projects/STMWorkSpace/Lettore di Pressione/Core/Inc/stm32l4xx_it.h_save
2026-05-02 00:35:46,080 [INFO] CodeEngine:289 - Generated code: /Users/cristianpetramale/Biomed_projects/STMWorkSpace/Lettore di Pressione/Core/Inc/stm32l4xx_it.h
2026-05-02 00:35:46,090 [INFO] CodeEngine:265 - oldGeneratedFile, /Users/cristianpetramale/Biomed_projects/STMWorkSpace/Lettore di Pressione/Core/Src/stm32l4xx_hal_msp.c_save
2026-05-02 00:35:46,309 [INFO] CodeEngine:289 - Generated code: /Users/cristianpetramale/Biomed_projects/STMWorkSpace/Lettore di Pressione/Core/Src/stm32l4xx_hal_msp.c
2026-05-02 00:35:46,311 [INFO] CodeEngine:265 - oldGeneratedFile, /Users/cristianpetramale/Biomed_projects/STMWorkSpace/Lettore di Pressione/MXTmpFiles/system.tmp_save
2026-05-02 00:35:46,411 [INFO] CodeEngine:289 - Generated code: /Users/cristianpetramale/Biomed_projects/STMWorkSpace/Lettore di Pressione/MXTmpFiles/system.tmp
2026-05-02 00:35:46,419 [INFO] CodeEngine:321 - oldGeneratedFile, /Users/cristianpetramale/Biomed_projects/STMWorkSpace/Lettore di Pressione/Core/Inc/stm32l4xx_hal_conf.h_save
2026-05-02 00:35:46,490 [INFO] CodeEngine:345 - Generated code: /Users/cristianpetramale/Biomed_projects/STMWorkSpace/Lettore di Pressione/Core/Inc/stm32l4xx_hal_conf.h
2026-05-02 00:35:46,564 [INFO] ApiDbMcu:532 - Load IP Config File for I2C1
2026-05-02 00:35:46,588 [INFO] ApiDbMcu:532 - Load IP Config File for TIM2
2026-05-02 00:35:46,600 [INFO] ApiDbMcu:532 - Load IP Config File for USART1
2026-05-02 00:35:46,606 [INFO] ApiDbMcu:532 - Load IP Config File for USART2
2026-05-02 00:35:46,608 [INFO] ApiDbMcu:532 - Load IP Config File for RCC
2026-05-02 00:35:46,611 [WARN] IPConfigManager:3811 - IP not found : TIM
2026-05-02 00:35:46,612 [WARN] CodeGenerator:4259 - IP not found : null
2026-05-02 00:35:46,615 [INFO] CodeEngine:265 - oldGeneratedFile, /Users/cristianpetramale/Biomed_projects/STMWorkSpace/Lettore di Pressione/Core/Inc/main.h_save
2026-05-02 00:35:46,697 [INFO] CodeEngine:289 - Generated code: /Users/cristianpetramale/Biomed_projects/STMWorkSpace/Lettore di Pressione/Core/Inc/main.h
2026-05-02 00:35:46,699 [INFO] CodeEngine:265 - oldGeneratedFile, /Users/cristianpetramale/Biomed_projects/STMWorkSpace/Lettore di Pressione/Core/Src/main.c_save
2026-05-02 00:35:46,911 [INFO] CodeEngine:289 - Generated code: /Users/cristianpetramale/Biomed_projects/STMWorkSpace/Lettore di Pressione/Core/Src/main.c
2026-05-02 00:35:47,118 [INFO] ProjectBuilder:3606 - Time for Copy HAL[1] : 70mS.
2026-05-02 00:35:47,128 [INFO] ProjectBuilder:5216 - Project Generator version: 4.7.0-B52
2026-05-02 00:35:47,213 [INFO] ConfigFileManager:1595 - The Die is : DIE435
2026-05-02 00:35:47,224 [INFO] ApiDbMcu:532 - Load IP Config File for FATFS
2026-05-02 00:35:47,233 [INFO] ApiDbMcu:532 - Load IP Config File for FREERTOS
2026-05-02 00:35:47,242 [INFO] ApiDbMcu:532 - Load IP Config File for TOUCHSENSING
2026-05-02 00:35:47,251 [INFO] ApiDbMcu:532 - Load IP Config File for USB_DEVICE
2026-05-02 00:35:47,681 [INFO] LogOutputStream:77 - [STDOUT_REDIRECT] 
2026-05-02 00:35:50,455 [INFO] ProjectBuilder:5496 - Time for Generating toolchain IDE Files: 3319mS.
2026-05-02 00:35:50,462 [INFO] ProjectBuilder:3463 - Time for Copy CMSIS : 1mS.
2026-05-02 00:35:50,465 [INFO] ProjectBuilder:3463 - Time for Copy CMSIS : 0mS.
2026-05-02 00:48:41,243 [INFO] NvicIntPanel:101 - NVIC parent = com.st.microxplorer.plugins.ip.nvic.MultiNvicIntPanel[,0,0,0x0,invalid,layout=javax.swing.BoxLayout,alignmentX=0.0,alignmentY=0.0,border=,flags=9,maximumSize=,minimumSize=,preferredSize=]
2026-05-02 00:48:42,740 [INFO] UtilMem:75 - End SaveConfig() Used Memory: 783230688 Bytes (1073741824)
2026-05-02 00:48:45,282 [INFO] UtilMem:75 - End SaveConfig() Used Memory: 832366280 Bytes (1073741824)
2026-05-02 00:48:45,701 [INFO] BlockDiagram:2775 - set Specific Code input for plugin: NVIC
2026-05-02 00:48:45,702 [INFO] BlockDiagram:2775 - set Specific Code input for plugin: USART
2026-05-02 00:48:45,702 [INFO] BlockDiagram:2775 - set Specific Code input for plugin: USART
2026-05-02 00:48:45,702 [INFO] BlockDiagram:2775 - set Specific Code input for plugin: TIM1_8L4
2026-05-02 00:48:45,703 [INFO] BlockDiagram:2775 - set Specific Code input for plugin: SYS
2026-05-02 00:48:45,703 [INFO] BlockDiagram:2775 - set Specific Code input for plugin: GPIO
2026-05-02 00:48:45,703 [INFO] BlockDiagram:2775 - set Specific Code input for plugin: RCC
2026-05-02 00:48:45,703 [INFO] BlockDiagram:2775 - set Specific Code input for plugin: I2C
2026-05-02 00:48:45,704 [INFO] CodeGenerator:892 - code generatio: config db path: /Applications/STM32CubeIDE.app/Contents/Eclipse/plugins/com.st.stm32cube.common.mx_6.15.0.202507011659//db/
2026-05-02 00:48:45,822 [INFO] CodeEngine:265 - oldGeneratedFile, /Users/cristianpetramale/Biomed_projects/STMWorkSpace/Lettore di Pressione/MXTmpFiles/license.tmp_save
2026-05-02 00:48:46,176 [INFO] CodeEngine:289 - Generated code: /Users/cristianpetramale/Biomed_projects/STMWorkSpace/Lettore di Pressione/MXTmpFiles/license.tmp
2026-05-02 00:48:46,289 [INFO] CodeEngine:265 - oldGeneratedFile, /Users/cristianpetramale/Biomed_projects/STMWorkSpace/Lettore di Pressione/MXTmpFiles/gpio.tmp_save
2026-05-02 00:48:46,432 [INFO] CodeEngine:289 - Generated code: /Users/cristianpetramale/Biomed_projects/STMWorkSpace/Lettore di Pressione/MXTmpFiles/gpio.tmp
2026-05-02 00:48:47,228 [INFO] CodeEngine:265 - oldGeneratedFile, /Users/cristianpetramale/Biomed_projects/STMWorkSpace/Lettore di Pressione/Core/Src/stm32l4xx_it.c_save
2026-05-02 00:48:47,451 [INFO] CodeEngine:289 - Generated code: /Users/cristianpetramale/Biomed_projects/STMWorkSpace/Lettore di Pressione/Core/Src/stm32l4xx_it.c
2026-05-02 00:48:47,455 [INFO] CodeEngine:265 - oldGeneratedFile, /Users/cristianpetramale/Biomed_projects/STMWorkSpace/Lettore di Pressione/Core/Inc/stm32l4xx_it.h_save
2026-05-02 00:48:47,557 [INFO] CodeEngine:289 - Generated code: /Users/cristianpetramale/Biomed_projects/STMWorkSpace/Lettore di Pressione/Core/Inc/stm32l4xx_it.h
2026-05-02 00:48:47,565 [INFO] CodeEngine:265 - oldGeneratedFile, /Users/cristianpetramale/Biomed_projects/STMWorkSpace/Lettore di Pressione/Core/Src/stm32l4xx_hal_msp.c_save
2026-05-02 00:48:47,728 [INFO] CodeEngine:289 - Generated code: /Users/cristianpetramale/Biomed_projects/STMWorkSpace/Lettore di Pressione/Core/Src/stm32l4xx_hal_msp.c
2026-05-02 00:48:47,733 [INFO] CodeEngine:265 - oldGeneratedFile, /Users/cristianpetramale/Biomed_projects/STMWorkSpace/Lettore di Pressione/MXTmpFiles/system.tmp_save
2026-05-02 00:48:47,794 [INFO] CodeEngine:289 - Generated code: /Users/cristianpetramale/Biomed_projects/STMWorkSpace/Lettore di Pressione/MXTmpFiles/system.tmp
2026-05-02 00:48:47,800 [INFO] CodeEngine:321 - oldGeneratedFile, /Users/cristianpetramale/Biomed_projects/STMWorkSpace/Lettore di Pressione/Core/Inc/stm32l4xx_hal_conf.h_save
2026-05-02 00:48:47,863 [INFO] CodeEngine:345 - Generated code: /Users/cristianpetramale/Biomed_projects/STMWorkSpace/Lettore di Pressione/Core/Inc/stm32l4xx_hal_conf.h
2026-05-02 00:48:47,998 [WARN] IPConfigManager:3811 - IP not found : TIM
2026-05-02 00:48:47,999 [WARN] CodeGenerator:4259 - IP not found : null
2026-05-02 00:48:48,003 [INFO] CodeEngine:265 - oldGeneratedFile, /Users/cristianpetramale/Biomed_projects/STMWorkSpace/Lettore di Pressione/Core/Inc/main.h_save
2026-05-02 00:48:48,103 [INFO] CodeEngine:289 - Generated code: /Users/cristianpetramale/Biomed_projects/STMWorkSpace/Lettore di Pressione/Core/Inc/main.h
2026-05-02 00:48:48,106 [INFO] CodeEngine:265 - oldGeneratedFile, /Users/cristianpetramale/Biomed_projects/STMWorkSpace/Lettore di Pressione/Core/Src/main.c_save
2026-05-02 00:48:48,211 [INFO] CodeEngine:289 - Generated code: /Users/cristianpetramale/Biomed_projects/STMWorkSpace/Lettore di Pressione/Core/Src/main.c
2026-05-02 00:48:48,850 [INFO] ProjectBuilder:3606 - Time for Copy HAL[1] : 94mS.
2026-05-02 00:48:48,867 [INFO] ProjectBuilder:5216 - Project Generator version: 4.7.0-B52
2026-05-02 00:48:49,003 [INFO] ConfigFileManager:1595 - The Die is : DIE435
2026-05-02 00:48:50,944 [INFO] ProjectBuilder:5496 - Time for Generating toolchain IDE Files: 2077mS.
2026-05-02 00:48:50,945 [INFO] ProjectBuilder:3463 - Time for Copy CMSIS : 1mS.
2026-05-02 00:48:50,946 [INFO] ProjectBuilder:3463 - Time for Copy CMSIS : 0mS.
2026-05-02 00:59:48,180 [INFO] UtilMem:75 - End SaveConfig() Used Memory: 855467200 Bytes (1073741824)
2026-05-02 00:59:49,121 [INFO] BlockDiagram:2775 - set Specific Code input for plugin: NVIC
2026-05-02 00:59:49,123 [INFO] BlockDiagram:2775 - set Specific Code input for plugin: USART
2026-05-02 00:59:49,124 [INFO] BlockDiagram:2775 - set Specific Code input for plugin: USART
2026-05-02 00:59:49,124 [INFO] BlockDiagram:2775 - set Specific Code input for plugin: TIM1_8L4
2026-05-02 00:59:49,124 [INFO] BlockDiagram:2775 - set Specific Code input for plugin: SYS
2026-05-02 00:59:49,124 [INFO] BlockDiagram:2775 - set Specific Code input for plugin: GPIO
2026-05-02 00:59:49,125 [INFO] BlockDiagram:2775 - set Specific Code input for plugin: RCC
2026-05-02 00:59:49,125 [INFO] BlockDiagram:2775 - set Specific Code input for plugin: I2C
2026-05-02 00:59:49,126 [INFO] CodeGenerator:892 - code generatio: config db path: /Applications/STM32CubeIDE.app/Contents/Eclipse/plugins/com.st.stm32cube.common.mx_6.15.0.202507011659//db/
2026-05-02 00:59:49,334 [INFO] CodeEngine:265 - oldGeneratedFile, /Users/cristianpetramale/Biomed_projects/STMWorkSpace/Lettore di Pressione/MXTmpFiles/license.tmp_save
2026-05-02 00:59:49,575 [INFO] CodeEngine:289 - Generated code: /Users/cristianpetramale/Biomed_projects/STMWorkSpace/Lettore di Pressione/MXTmpFiles/license.tmp
2026-05-02 00:59:49,684 [INFO] CodeEngine:265 - oldGeneratedFile, /Users/cristianpetramale/Biomed_projects/STMWorkSpace/Lettore di Pressione/MXTmpFiles/gpio.tmp_save
2026-05-02 00:59:49,773 [INFO] CodeEngine:289 - Generated code: /Users/cristianpetramale/Biomed_projects/STMWorkSpace/Lettore di Pressione/MXTmpFiles/gpio.tmp
2026-05-02 00:59:50,055 [INFO] CodeEngine:265 - oldGeneratedFile, /Users/cristianpetramale/Biomed_projects/STMWorkSpace/Lettore di Pressione/Core/Src/stm32l4xx_it.c_save
2026-05-02 00:59:50,198 [INFO] CodeEngine:289 - Generated code: /Users/cristianpetramale/Biomed_projects/STMWorkSpace/Lettore di Pressione/Core/Src/stm32l4xx_it.c
2026-05-02 00:59:50,200 [INFO] CodeEngine:265 - oldGeneratedFile, /Users/cristianpetramale/Biomed_projects/STMWorkSpace/Lettore di Pressione/Core/Inc/stm32l4xx_it.h_save
2026-05-02 00:59:50,245 [INFO] CodeEngine:289 - Generated code: /Users/cristianpetramale/Biomed_projects/STMWorkSpace/Lettore di Pressione/Core/Inc/stm32l4xx_it.h
2026-05-02 00:59:50,254 [INFO] CodeEngine:265 - oldGeneratedFile, /Users/cristianpetramale/Biomed_projects/STMWorkSpace/Lettore di Pressione/Core/Src/stm32l4xx_hal_msp.c_save
2026-05-02 00:59:50,384 [INFO] CodeEngine:289 - Generated code: /Users/cristianpetramale/Biomed_projects/STMWorkSpace/Lettore di Pressione/Core/Src/stm32l4xx_hal_msp.c
2026-05-02 00:59:50,387 [INFO] CodeEngine:265 - oldGeneratedFile, /Users/cristianpetramale/Biomed_projects/STMWorkSpace/Lettore di Pressione/MXTmpFiles/system.tmp_save
2026-05-02 00:59:50,435 [INFO] CodeEngine:289 - Generated code: /Users/cristianpetramale/Biomed_projects/STMWorkSpace/Lettore di Pressione/MXTmpFiles/system.tmp
2026-05-02 00:59:50,445 [INFO] CodeEngine:321 - oldGeneratedFile, /Users/cristianpetramale/Biomed_projects/STMWorkSpace/Lettore di Pressione/Core/Inc/stm32l4xx_hal_conf.h_save
2026-05-02 00:59:50,498 [INFO] CodeEngine:345 - Generated code: /Users/cristianpetramale/Biomed_projects/STMWorkSpace/Lettore di Pressione/Core/Inc/stm32l4xx_hal_conf.h
2026-05-02 00:59:50,541 [WARN] IPConfigManager:3811 - IP not found : TIM
2026-05-02 00:59:50,542 [WARN] CodeGenerator:4259 - IP not found : null
2026-05-02 00:59:50,546 [INFO] CodeEngine:265 - oldGeneratedFile, /Users/cristianpetramale/Biomed_projects/STMWorkSpace/Lettore di Pressione/Core/Inc/main.h_save
2026-05-02 00:59:50,612 [INFO] CodeEngine:289 - Generated code: /Users/cristianpetramale/Biomed_projects/STMWorkSpace/Lettore di Pressione/Core/Inc/main.h
2026-05-02 00:59:50,614 [INFO] CodeEngine:265 - oldGeneratedFile, /Users/cristianpetramale/Biomed_projects/STMWorkSpace/Lettore di Pressione/Core/Src/main.c_save
2026-05-02 00:59:50,713 [INFO] CodeEngine:289 - Generated code: /Users/cristianpetramale/Biomed_projects/STMWorkSpace/Lettore di Pressione/Core/Src/main.c
2026-05-02 00:59:50,901 [INFO] ProjectBuilder:3606 - Time for Copy HAL[1] : 77mS.
2026-05-02 00:59:50,907 [INFO] ProjectBuilder:5216 - Project Generator version: 4.7.0-B52
2026-05-02 00:59:50,964 [INFO] ConfigFileManager:1595 - The Die is : DIE435
2026-05-02 00:59:53,683 [INFO] ProjectBuilder:5496 - Time for Generating toolchain IDE Files: 2769mS.
2026-05-02 00:59:53,693 [INFO] ProjectBuilder:3463 - Time for Copy CMSIS : 1mS.
2026-05-02 00:59:53,698 [INFO] ProjectBuilder:3463 - Time for Copy CMSIS : 0mS.
2026-05-02 01:01:09,948 [INFO] MainUpdater:2872 - connection check result : 10
2026-05-02 01:01:09,953 [INFO] MainUpdater:2872 - connection check result : 10
2026-05-02 01:01:10,102 [INFO] I2cTimingTraitement:330 - 0x00100D14
2026-05-02 01:01:10,111 [INFO] MicroXplorer:468 - Change Database Path : 
2026-05-02 01:01:10,111 [INFO] MicroXplorer:498 - Change Database Version : DB.6.0.150
2026-05-02 01:01:10,183 [ERROR] ProjectManagerView:395 - 
java.lang.NullPointerException: Cannot invoke "javax.swing.JTextField.getText()" because the return value of "java.util.List.get(int)" is null
	at com.st.microxplorer.plugins.projectmanager.gui.ProjectChoiceTab$9.caretUpdate(ProjectChoiceTab.java:2706) ~[filemanager.jar:?]
	at javax.swing.text.JTextComponent.fireCaretUpdate(JTextComponent.java:408) ~[?:?]
	at javax.swing.text.JTextComponent$MutableCaretEvent.fire(JTextComponent.java:4484) ~[?:?]
	at javax.swing.text.JTextComponent$MutableCaretEvent.stateChanged(JTextComponent.java:4506) ~[?:?]
	at javax.swing.text.DefaultCaret.fireStateChanged(DefaultCaret.java:857) ~[?:?]
	at javax.swing.text.DefaultCaret.changeCaretPosition(DefaultCaret.java:1343) ~[?:?]
	at javax.swing.text.DefaultCaret.handleSetDot(DefaultCaret.java:1242) ~[?:?]
	at javax.swing.text.DefaultCaret.setDot(DefaultCaret.java:1223) ~[?:?]
	at javax.swing.text.DefaultCaret$Handler.insertUpdate(DefaultCaret.java:1819) ~[?:?]
	at javax.swing.text.AbstractDocument.fireInsertUpdate(AbstractDocument.java:227) ~[?:?]
	at javax.swing.text.AbstractDocument.handleInsertString(AbstractDocument.java:781) ~[?:?]
	at javax.swing.text.AbstractDocument.insertString(AbstractDocument.java:740) ~[?:?]
	at javax.swing.text.PlainDocument.insertString(PlainDocument.java:131) ~[?:?]
	at javax.swing.text.AbstractDocument.replace(AbstractDocument.java:699) ~[?:?]
	at javax.swing.text.JTextComponent.setText(JTextComponent.java:1725) ~[?:?]
	at com.st.microxplorer.plugins.projectmanager.gui.ProjectChoiceTab.createHeapStackFields(ProjectChoiceTab.java:993) ~[filemanager.jar:?]
	at com.st.microxplorer.plugins.projectmanager.gui.ProjectChoiceTab.buildLinkSettingsPanel(ProjectChoiceTab.java:3813) ~[filemanager.jar:?]
	at com.st.microxplorer.plugins.projectmanager.gui.ProjectChoiceTab.defineWindowsFields(ProjectChoiceTab.java:1987) ~[filemanager.jar:?]
	at com.st.microxplorer.plugins.projectmanager.gui.ProjectChoiceTab.updateSettings(ProjectChoiceTab.java:558) ~[filemanager.jar:?]
	at com.st.microxplorer.plugins.projectmanager.gui.ProjectSettingsPanel.UpdateDialog(ProjectSettingsPanel.java:247) ~[filemanager.jar:?]
	at com.st.microxplorer.plugins.projectmanager.ProjectManagerView.propertyChange(ProjectManagerView.java:392) ~[filemanager.jar:?]
	at java.beans.PropertyChangeSupport.fire(PropertyChangeSupport.java:343) ~[?:?]
	at java.beans.PropertyChangeSupport.firePropertyChange(PropertyChangeSupport.java:335) ~[?:?]
	at java.beans.PropertyChangeSupport.firePropertyChange(PropertyChangeSupport.java:268) ~[?:?]
	at com.st.microxplorer.util.MXPropertyChangeSupport.firePropertyChange(MXPropertyChangeSupport.java:54) ~[STM32CubeMX.jar:?]
	at com.st.microxplorer.mxsystem.MxSystem.closeConfig(MxSystem.java:899) ~[STM32CubeMX.jar:?]
	at com.st.microxplorer.maingui.MainPanel.closeConfig(MainPanel.java:792) ~[STM32CubeMX.jar:?]
	at com.st.microxplorer.plugins.filemanager.engine.OpenFileManager.loadConfigurationFile(OpenFileManager.java:288) ~[filemanager.jar:?]
	at com.st.microxplorer.plugins.filemanager.engine.MainFileManager.userLoadConfig(MainFileManager.java:364) ~[filemanager.jar:?]
	at com.st.microxplorer.plugins.filemanager.engine.MainFileManager.userLoadConfig(MainFileManager.java:342) ~[filemanager.jar:?]
	at com.st.microxplorer.plugins.filemanager.FileManagerView.getSpecificTask(FileManagerView.java:264) ~[filemanager.jar:?]
	at com.st.stm32cube.common.mx.editor.CubeMxEditor.getMxTabbedPaneInstance(CubeMxEditor.java:1198) ~[com.st.stm32cube.common.mx_6.15.0.202507011659/:?]
	at com.st.stm32cube.common.mx.editor.CubeMxEditor$12$1.createSwingComponent(CubeMxEditor.java:1068) ~[com.st.stm32cube.common.mx_6.15.0.202507011659/:?]
	at com.st.stm32cube.common.mx.oss.core.awtswtbridge.EmbeddedSwingComposite.doComponentCreation(EmbeddedSwingComposite.java:492) ~[com.st.stm32cube.common.mx.oss_6.15.0.202507011659/:?]
	at com.st.stm32cube.common.mx.oss.core.awtswtbridge.EmbeddedSwingComposite$4.run(EmbeddedSwingComposite.java:291) ~[com.st.stm32cube.common.mx.oss_6.15.0.202507011659/:?]
	at com.st.stm32cube.common.mx.oss.core.awtswtbridge.AwtEnvironment$2.run(AwtEnvironment.java:166) ~[com.st.stm32cube.common.mx.oss_6.15.0.202507011659/:?]
	at java.awt.event.InvocationEvent.dispatch(InvocationEvent.java:318) ~[?:?]
	at java.awt.EventQueue.dispatchEventImpl(EventQueue.java:773) ~[?:?]
	at java.awt.EventQueue$4.run(EventQueue.java:720) ~[?:?]
	at java.awt.EventQueue$4.run(EventQueue.java:714) ~[?:?]
	at java.security.AccessController.doPrivileged(AccessController.java:400) ~[?:?]
	at java.security.ProtectionDomain$JavaSecurityAccessImpl.doIntersectionPrivilege(ProtectionDomain.java:87) ~[?:?]
	at java.awt.EventQueue.dispatchEvent(EventQueue.java:742) ~[?:?]
	at java.awt.EventDispatchThread.pumpOneEventForFilters(EventDispatchThread.java:203) ~[?:?]
	at java.awt.EventDispatchThread.pumpEventsForFilter(EventDispatchThread.java:124) ~[?:?]
	at java.awt.EventDispatchThread.pumpEventsForHierarchy(EventDispatchThread.java:113) ~[?:?]
	at java.awt.EventDispatchThread.pumpEvents(EventDispatchThread.java:109) ~[?:?]
	at java.awt.EventDispatchThread.pumpEvents(EventDispatchThread.java:101) ~[?:?]
	at java.awt.EventDispatchThread.run(EventDispatchThread.java:90) ~[?:?]
2026-05-02 01:01:10,192 [WARN] ThirdParty:871 - waiting for thirdparty lock release [close project]
2026-05-02 01:01:10,192 [INFO] ThirdParty:873 - entering critical section [close project]
2026-05-02 01:01:10,192 [INFO] ThirdParty:883 - exiting critical section [close project]
2026-05-02 01:01:10,195 [INFO] PinOutPanel:1589 - setPackage(No Configuration,No Configuration)
2026-05-02 01:01:10,209 [INFO] UtilMem:75 - Begin LoadConfig() Used Memory: 908647480 Bytes (1073741824)
2026-05-02 01:01:10,211 [INFO] MicroXplorer:468 - Change Database Path : 
2026-05-02 01:01:10,211 [INFO] MicroXplorer:498 - Change Database Version : DB.6.0.150
2026-05-02 01:01:10,212 [INFO] OpenFileManager:355 - Change cursor
2026-05-02 01:01:10,251 [INFO] RulesReader:64 - Compatibility file has been processed (317 Rules)
2026-05-02 01:01:10,270 [INFO] Mcu:2029 - Initializing MCU STM32L432K(B-C)Ux STM32L432KCUx STM32L432KCU3
2026-05-02 01:01:11,423 [INFO] Context:786 - Trying to add GPIOservice into a context  which must be forbidden
2026-05-02 01:01:11,970 [INFO] ImportTextPane:234 - (OptionalMessage_ERROR) Pin10 (VP_RIF_VS_RIF1) cannot be retrieved for this MCU
2026-05-02 01:01:12,105 [INFO] RtosManager:558 - Registered RTOS mode: class=CMSIS, group=RTOS, mode=CMSIS_V1, owner=FREERTOS
2026-05-02 01:01:12,105 [INFO] RtosManager:558 - Registered RTOS mode: class=CMSIS, group=RTOS2, mode=CMSIS_V2, owner=FREERTOS
2026-05-02 01:01:12,105 [INFO] RtosManager:558 - Registered RTOS mode: class=RTOS, group=Core, mode=CMSIS_V1, owner=FREERTOS
2026-05-02 01:01:12,105 [INFO] RtosManager:558 - Registered RTOS mode: class=RTOS, group=Core, mode=CMSIS_V2, owner=FREERTOS
2026-05-02 01:01:12,105 [WARN] ModelIntegratedComponent:184 - Missing modes for component STMicroelectronics:FreeRTOS:0.0.1:STMicroelectronics:RTOS:FreeRTOS:Core:::10.2.0:
2026-05-02 01:01:12,114 [WARN] ModelIntegratedComponent:63 - No mode defined for component null
2026-05-02 01:01:12,114 [WARN] ModelIntegratedComponent:63 - No mode defined for component null
2026-05-02 01:01:12,114 [WARN] ModelIntegratedComponent:63 - No mode defined for component null
2026-05-02 01:01:12,114 [WARN] ModelIntegratedComponent:63 - No mode defined for component null
2026-05-02 01:01:12,114 [WARN] ModelIntegratedComponent:63 - No mode defined for component null
2026-05-02 01:01:12,114 [WARN] ModelIntegratedComponent:63 - No mode defined for component null
2026-05-02 01:01:12,114 [WARN] ModelIntegratedComponent:63 - No mode defined for component null
2026-05-02 01:01:12,114 [WARN] ModelIntegratedComponent:63 - No mode defined for component null
2026-05-02 01:01:12,114 [WARN] ModelIntegratedComponent:63 - No mode defined for component null
2026-05-02 01:01:12,114 [WARN] ModelIntegratedComponent:63 - No mode defined for component null
2026-05-02 01:01:12,114 [WARN] ModelIntegratedComponent:63 - No mode defined for component null
2026-05-02 01:01:12,114 [WARN] ModelIntegratedComponent:63 - No mode defined for component null
2026-05-02 01:01:12,114 [WARN] ModelIntegratedComponent:63 - No mode defined for component null
2026-05-02 01:01:12,114 [WARN] ModelIntegratedComponent:63 - No mode defined for component null
2026-05-02 01:01:12,114 [WARN] ModelIntegratedComponent:63 - No mode defined for component null
2026-05-02 01:01:12,114 [WARN] ModelIntegratedComponent:63 - No mode defined for component null
2026-05-02 01:01:12,114 [WARN] ModelIntegratedComponent:63 - No mode defined for component null
2026-05-02 01:01:12,114 [WARN] ModelIntegratedComponent:63 - No mode defined for component null
2026-05-02 01:01:12,114 [WARN] ModelIntegratedComponent:63 - No mode defined for component null
2026-05-02 01:01:12,114 [WARN] ModelIntegratedComponent:63 - No mode defined for component null
2026-05-02 01:01:12,114 [WARN] ModelIntegratedComponent:63 - No mode defined for component null
2026-05-02 01:01:12,114 [WARN] ModelIntegratedComponent:63 - No mode defined for component null
2026-05-02 01:01:12,114 [WARN] ModelIntegratedComponent:63 - No mode defined for component null
2026-05-02 01:01:12,115 [WARN] ModelIntegratedComponent:63 - No mode defined for component null
2026-05-02 01:01:12,115 [WARN] ModelIntegratedComponent:63 - No mode defined for component null
2026-05-02 01:01:12,115 [WARN] ModelIntegratedComponent:63 - No mode defined for component null
2026-05-02 01:01:12,115 [WARN] ModelIntegratedComponent:63 - No mode defined for component null
2026-05-02 01:01:12,115 [WARN] ModelIntegratedComponent:63 - No mode defined for component null
2026-05-02 01:01:12,115 [WARN] ModelIntegratedComponent:63 - No mode defined for component null
2026-05-02 01:01:12,115 [WARN] ModelIntegratedComponent:63 - No mode defined for component null
2026-05-02 01:01:12,115 [WARN] ModelIntegratedComponent:63 - No mode defined for component null
2026-05-02 01:01:12,115 [WARN] ModelIntegratedComponent:63 - No mode defined for component null
2026-05-02 01:01:12,115 [WARN] ModelIntegratedComponent:63 - No mode defined for component null
2026-05-02 01:01:12,115 [WARN] ModelIntegratedComponent:63 - No mode defined for component null
2026-05-02 01:01:12,115 [WARN] ModelIntegratedComponent:63 - No mode defined for component null
2026-05-02 01:01:12,116 [WARN] ModelPack:524 - Component already loaded: STMicroelectronics:HAL Drivers:0.0.0:STMicroelectronics:Device:STMicro_Driver:XSPI:HAL::0.0.1:HAL_XSPI
2026-05-02 01:01:12,175 [INFO] ThirdPartyModel:298 - Start build external matchings
2026-05-02 01:01:12,353 [INFO] ThirdPartyModel:316 - End build external matchings
2026-05-02 01:01:12,389 [INFO] ImportTextPane:234 - (OptionalMessage_ERROR) IP (RCC) : Invalid parameter (48CLKFreq_Value)
2026-05-02 01:01:12,390 [INFO] ImportTextPane:234 - (OptionalMessage_ERROR) IP (RCC) : Invalid parameter (FamilyName)
2026-05-02 01:01:12,392 [INFO] ImportTextPane:234 - (OptionalMessage_ERROR) IP (RCC) : Invalid parameter (HSI16_VALUE)
2026-05-02 01:01:12,392 [INFO] ImportTextPane:234 - (OptionalMessage_ERROR) IP (RCC) : Invalid parameter (LPTIMFreq_Value)
2026-05-02 01:01:12,392 [INFO] ImportTextPane:234 - (OptionalMessage_ERROR) IP (RCC) : Invalid parameter (LPUARTFreq_Value)
2026-05-02 01:01:12,392 [INFO] ImportTextPane:234 - (OptionalMessage_ERROR) IP (RCC) : Invalid parameter (MCOPinFreq_Value)
2026-05-02 01:01:12,393 [INFO] ImportTextPane:234 - (OptionalMessage_ERROR) IP (RCC) : Invalid parameter (PLLCLKFreq_Value)
2026-05-02 01:01:12,393 [INFO] ImportTextPane:234 - (OptionalMessage_ERROR) IP (RCC) : Invalid parameter (PLLMUL)
2026-05-02 01:01:12,394 [INFO] ImportTextPane:234 - (OptionalMessage_ERROR) IP (RCC) : Invalid parameter (RTCHSEDivFreq_Value)
2026-05-02 01:01:12,394 [INFO] ImportTextPane:234 - (OptionalMessage_ERROR) IP (RCC) : Invalid parameter (TIMFreq_Value)
2026-05-02 01:01:12,394 [INFO] ImportTextPane:234 - (OptionalMessage_ERROR) IP (RCC) : Invalid parameter (TimerFreq_Value)
2026-05-02 01:01:12,532 [INFO] UtilMem:75 - End LoadConfig() Used Memory: 920599328 Bytes (1073741824)
2026-05-02 01:01:12,639 [WARN] ThirdParty:833 - waiting for thirdparty lock release [change project]
2026-05-02 01:01:12,650 [INFO] ThirdParty:835 - entering critical section [change project]
2026-05-02 01:01:12,652 [INFO] ThirdParty:1030 - CMSIS Pack Vendor :STMicroelectronics X-CUBE-AZRTOS-H7 3.5.0
2026-05-02 01:01:12,652 [INFO] ThirdParty:1030 - CMSIS Pack Vendor :STMicroelectronics X-CUBE-PM33A1 1.0.0
2026-05-02 01:01:12,652 [INFO] ThirdParty:1030 - CMSIS Pack Vendor :STMicroelectronics USBPD 4.1
2026-05-02 01:01:12,652 [INFO] ThirdParty:1030 - CMSIS Pack Vendor :STMicroelectronics X-CUBE-NFC9 1.0.0
2026-05-02 01:01:12,652 [INFO] ThirdParty:1030 - CMSIS Pack Vendor :STMicroelectronics USB_HOST 2.0.0
2026-05-02 01:01:12,652 [INFO] ThirdParty:1030 - CMSIS Pack Vendor :STMicroelectronics X-CUBE-AZRTOS-F4 1.1.0
2026-05-02 01:01:12,652 [INFO] ThirdParty:1030 - CMSIS Pack Vendor :STMicroelectronics LIBJPEG 8.0.0
2026-05-02 01:01:12,652 [INFO] ThirdParty:1030 - CMSIS Pack Vendor :STMicroelectronics FP-ATR-ASTRA1 2.0.2
2026-05-02 01:01:12,652 [INFO] ThirdParty:1030 - CMSIS Pack Vendor :STMicroelectronics X-CUBE-BLE1 7.1.0
2026-05-02 01:01:12,652 [INFO] ThirdParty:1030 - CMSIS Pack Vendor :STMicroelectronics X-CUBE-SMBUS 2.1.0
2026-05-02 01:01:12,652 [INFO] ThirdParty:1030 - CMSIS Pack Vendor :wolfSSL I-CUBE-wolfMQTT 1.19.2
2026-05-02 01:01:12,652 [INFO] ThirdParty:1030 - CMSIS Pack Vendor :STMicroelectronics USB_DEVICE 3.0.0
2026-05-02 01:01:12,653 [INFO] ThirdParty:1030 - CMSIS Pack Vendor :STMicroelectronics X-CUBE-ISPU 2.1.0
2026-05-02 01:01:12,653 [INFO] ThirdParty:1030 - CMSIS Pack Vendor :STMicroelectronics eDS-WB_DPC_TT-BIDIR 2.1.1
2026-05-02 01:01:12,653 [INFO] ThirdParty:1030 - CMSIS Pack Vendor :STMicroelectronics X-CUBE-AZRTOS-WB 2.0.0
2026-05-02 01:01:12,653 [INFO] ThirdParty:1030 - CMSIS Pack Vendor :wolfSSL I-CUBE-wolfSSL 5.8.4
2026-05-02 01:01:12,653 [INFO] ThirdParty:1030 - CMSIS Pack Vendor :Cesanta I-CUBE-Mongoose 7.20.0
2026-05-02 01:01:12,653 [INFO] ThirdParty:1030 - CMSIS Pack Vendor :STMicroelectronics X-CUBE-AZRTOS-F7 1.1.0
2026-05-02 01:01:12,653 [INFO] ThirdParty:1030 - CMSIS Pack Vendor :STMicroelectronics X-CUBE-AZRTOS-L5 2.0.0
2026-05-02 01:01:12,654 [INFO] ThirdParty:1030 - CMSIS Pack Vendor :STMicroelectronics USB_DEVICE 2.0.0
2026-05-02 01:01:12,654 [INFO] ThirdParty:1030 - CMSIS Pack Vendor :STMicroelectronics FP-SNS-STAIOTCFT 1.1.0
2026-05-02 01:01:12,654 [INFO] ThirdParty:1030 - CMSIS Pack Vendor :quantropi X-CUBE-qispace-sdk-base 2.1.0
2026-05-02 01:01:12,654 [INFO] ThirdParty:1030 - CMSIS Pack Vendor :STMicroelectronics X-CUBE-MEMS1 12.0.0
2026-05-02 01:01:12,654 [INFO] ThirdParty:1030 - CMSIS Pack Vendor :STMicroelectronics X-CUBE-STSE01 2.0.0
2026-05-02 01:01:12,654 [INFO] ThirdParty:1030 - CMSIS Pack Vendor :STMicroelectronics FreeRTOS 0.0.1
2026-05-02 01:01:12,654 [INFO] ThirdParty:1030 - CMSIS Pack Vendor :STMicroelectronics X-CUBE-AZRTOS-G0 1.1.0
2026-05-02 01:01:12,654 [INFO] ThirdParty:1030 - CMSIS Pack Vendor :STMicroelectronics X-CUBE-NFC4 3.0.0
2026-05-02 01:01:12,654 [INFO] ThirdParty:1030 - CMSIS Pack Vendor :STMicroelectronics X-CUBE-SUBG2 5.0.0
2026-05-02 01:01:12,654 [INFO] ThirdParty:1030 - CMSIS Pack Vendor :STMicroelectronics STM32_WPAN 1.0.0
2026-05-02 01:01:12,654 [INFO] ThirdParty:1030 - CMSIS Pack Vendor :STMicroelectronics eDS-WB_DPC_VIENNA 1.2.0
2026-05-02 01:01:12,654 [INFO] ThirdParty:1030 - CMSIS Pack Vendor :EmbeddedOffice I-CUBE-FS-RTOS 1.0.1
2026-05-02 01:01:12,654 [INFO] ThirdParty:1030 - CMSIS Pack Vendor :STMicroelectronics lwIP 2.0.3
2026-05-02 01:01:12,654 [INFO] ThirdParty:1030 - CMSIS Pack Vendor :WES I-CUBE-Cesium 1.4.0
2026-05-02 01:01:12,654 [INFO] ThirdParty:1030 - CMSIS Pack Vendor :STMicroelectronics eDS-WB_DPC_3PH2L-BIDIR 1.1.1
2026-05-02 01:01:12,654 [INFO] ThirdParty:1030 - CMSIS Pack Vendor :STMicroelectronics USB_HOST 1.0.0
2026-05-02 01:01:12,654 [INFO] ThirdParty:1030 - CMSIS Pack Vendor :STMicroelectronics X-CUBE-AZRTOS-G4 2.0.0
2026-05-02 01:01:12,654 [INFO] ThirdParty:1030 - CMSIS Pack Vendor :STMicroelectronics PDM2PCM 3.1.0
2026-05-02 01:01:12,654 [INFO] ThirdParty:1030 - CMSIS Pack Vendor :STMicroelectronics PDM2PCM 3.3.0
2026-05-02 01:01:12,654 [INFO] ThirdParty:1030 - CMSIS Pack Vendor :wolfSSL I-CUBE-wolfTPM 3.8.0
2026-05-02 01:01:12,654 [INFO] ThirdParty:1030 - CMSIS Pack Vendor :STMicroelectronics X-CUBE-DISPLAY 3.0.0
2026-05-02 01:01:12,654 [INFO] ThirdParty:1030 - CMSIS Pack Vendor :wolfSSL I-CUBE-wolfSSH 1.4.20
2026-05-02 01:01:12,654 [INFO] ThirdParty:1030 - CMSIS Pack Vendor :STMicroelectronics X-CUBE-NFC7 2.0.0
2026-05-02 01:01:12,654 [INFO] ThirdParty:1030 - CMSIS Pack Vendor :STMicroelectronics X-CUBE-GNSS1 7.1.1
2026-05-02 01:01:12,654 [INFO] ThirdParty:1030 - CMSIS Pack Vendor :STMicroelectronics X-CUBE-TCPP 4.2.0
2026-05-02 01:01:12,654 [INFO] ThirdParty:1030 - CMSIS Pack Vendor :RealThread X-CUBE-RT-Thread_Nano 4.1.1
2026-05-02 01:01:12,654 [INFO] ThirdParty:1030 - CMSIS Pack Vendor :STMicroelectronics FP-ATR-SIGFOX1 3.2.0
2026-05-02 01:01:12,654 [INFO] ThirdParty:1030 - CMSIS Pack Vendor :STMicroelectronics X-CUBE-NFC10 1.0.0
2026-05-02 01:01:12,655 [INFO] ThirdParty:1030 - CMSIS Pack Vendor :STMicroelectronics HAL Drivers 0.0.0
2026-05-02 01:01:12,655 [INFO] ThirdParty:1030 - CMSIS Pack Vendor :STMicroelectronics MBEDTLS 2.16.2
2026-05-02 01:01:12,655 [INFO] ThirdParty:1030 - CMSIS Pack Vendor :STMicroelectronics X-CUBE-ST60 1.1.0
2026-05-02 01:01:12,655 [INFO] ThirdParty:1030 - CMSIS Pack Vendor :STMicroelectronics X-CUBE-ALS 1.0.2
2026-05-02 01:01:12,655 [INFO] ThirdParty:1030 - CMSIS Pack Vendor :emotas I-CUBE-CANOPEN 1.3.0
2026-05-02 01:01:12,656 [INFO] ThirdParty:1030 - CMSIS Pack Vendor :STMicroelectronics MBEDTLS 2.14.1
2026-05-02 01:01:12,658 [INFO] ThirdParty:1030 - CMSIS Pack Vendor :STMicroelectronics X-CUBE-GNSS1 7.1.0
2026-05-02 01:01:12,662 [INFO] ThirdParty:1030 - CMSIS Pack Vendor :ITTIA_DB I-CUBE-ITTIADB 8.9.0
2026-05-02 01:01:12,664 [INFO] ThirdParty:1030 - CMSIS Pack Vendor :STMicroelectronics X-CUBE-TOUCHGFX 4.26.1
2026-05-02 01:01:12,664 [INFO] ThirdParty:1030 - CMSIS Pack Vendor :STMicroelectronics FP-SNS-STAIOTCFT 1.0.0
2026-05-02 01:01:12,665 [INFO] ThirdParty:1030 - CMSIS Pack Vendor :STMicroelectronics ThreadX 1.0.0
2026-05-02 01:01:12,665 [INFO] ThirdParty:1030 - CMSIS Pack Vendor :STMicroelectronics FP-SNS-SMARTAG2 1.2.0
2026-05-02 01:01:12,665 [INFO] ThirdParty:1030 - CMSIS Pack Vendor :STMicroelectronics X-CUBE-MEMS1 12.1.0
2026-05-02 01:01:12,665 [INFO] ThirdParty:1030 - CMSIS Pack Vendor :STMicroelectronics FP-SNS-FLIGHT1 5.1.0
2026-05-02 01:01:12,665 [INFO] ThirdParty:1030 - CMSIS Pack Vendor :STMicroelectronics X-CUBE-AZRTOS-WL 2.0.0
2026-05-02 01:01:12,665 [INFO] ThirdParty:1030 - CMSIS Pack Vendor :SEGGER I-CUBE-embOS 1.3.1
2026-05-02 01:01:12,665 [INFO] ThirdParty:1030 - CMSIS Pack Vendor :STMicroelectronics X-CUBE-ALGOBUILD 1.4.0
2026-05-02 01:01:12,665 [INFO] ThirdParty:1030 - CMSIS Pack Vendor :STMicroelectronics X-CUBE-DPower 1.3.0
2026-05-02 01:01:12,665 [INFO] ThirdParty:1030 - CMSIS Pack Vendor :STMicroelectronics USB_DEVICE 1.0.0
2026-05-02 01:01:12,665 [INFO] ThirdParty:1030 - CMSIS Pack Vendor :STMicroelectronics X-CUBE-AZRTOS-H7RS 1.2.0
2026-05-02 01:01:12,665 [INFO] ThirdParty:1030 - CMSIS Pack Vendor :STMicroelectronics X-CUBE-AZRTOS-L4 2.0.0
2026-05-02 01:01:12,665 [INFO] ThirdParty:1030 - CMSIS Pack Vendor :STMicroelectronics ThreadX 0.0.2
2026-05-02 01:01:12,665 [INFO] ThirdParty:1030 - CMSIS Pack Vendor :STMicroelectronics lwIP 2.1.2
2026-05-02 01:01:12,665 [INFO] ThirdParty:1030 - CMSIS Pack Vendor :STMicroelectronics X-CUBE-SFXS2LP1 4.0.0
2026-05-02 01:01:12,665 [INFO] ThirdParty:1030 - CMSIS Pack Vendor :STMicroelectronics X-CUBE-BLE2 3.3.0
2026-05-02 01:01:12,665 [INFO] ThirdParty:1030 - CMSIS Pack Vendor :Avnet-IOTCONNECT X-CUBE-iotc-st67-sdk 1.0.0
2026-05-02 01:01:12,665 [INFO] ThirdParty:1030 - CMSIS Pack Vendor :STMicroelectronics X-CUBE-TOF1 3.4.3
2026-05-02 01:01:12,665 [INFO] ThirdParty:1030 - CMSIS Pack Vendor :Infineon AIROC-Wi-Fi-Bluetooth-STM32 1.8.0
2026-05-02 01:01:12,665 [INFO] ThirdParty:1030 - CMSIS Pack Vendor :STMicroelectronics PDM2PCM 3.2.0
2026-05-02 01:01:12,665 [INFO] ThirdParty:1030 - CMSIS Pack Vendor :STMicroelectronics X-CUBE-WB05N 2.1.0
2026-05-02 01:01:12,665 [INFO] ThirdParty:1030 - CMSIS Pack Vendor :STMicroelectronics X-CUBE-ST67W61 1.2.0
2026-05-02 01:01:12,668 [INFO] ThirdParty:841 - exiting critical section [change project]
2026-05-02 01:01:13,143 [INFO] PinOutPanel:1589 - setPackage(No Configuration,No Configuration)
2026-05-02 01:01:13,145 [INFO] PinOutPanel:1589 - setPackage(STM32L432KCUx,UFQFPN32)
2026-05-02 01:01:14,101 [INFO] UtilMem:75 - Before build in PCC Used Memory: 770739360 Bytes (1073741824)
2026-05-02 01:01:14,681 [INFO] UtilMem:75 - After build in PCC Used Memory: 865633440 Bytes (1073741824)
2026-05-02 01:01:14,734 [INFO] IPUIPlugin:80 - create IPUIPlugin
2026-05-02 01:01:14,734 [INFO] IPUIPlugin:80 - create IPUIPlugin
2026-05-02 01:01:14,735 [INFO] IPUIPlugin:80 - create IPUIPlugin
2026-05-02 01:01:14,735 [INFO] IPUIPlugin:80 - create IPUIPlugin
2026-05-02 01:01:14,735 [INFO] IPUIPlugin:80 - create IPUIPlugin
2026-05-02 01:01:14,735 [INFO] IPUIPlugin:80 - create IPUIPlugin
2026-05-02 01:01:14,735 [INFO] IPUIPlugin:80 - create IPUIPlugin
2026-05-02 01:01:14,735 [INFO] IPUIPlugin:80 - create IPUIPlugin
2026-05-02 01:01:14,736 [INFO] IPUIPlugin:80 - create IPUIPlugin
2026-05-02 01:01:14,736 [INFO] IPUIPlugin:80 - create IPUIPlugin
2026-05-02 01:01:14,737 [INFO] IPUIPlugin:80 - create IPUIPlugin
2026-05-02 01:01:14,737 [INFO] IPUIPlugin:80 - create IPUIPlugin
2026-05-02 01:01:14,738 [INFO] IPUIPlugin:80 - create IPUIPlugin
2026-05-02 01:01:14,738 [INFO] IPUIPlugin:80 - create IPUIPlugin
2026-05-02 01:01:14,738 [INFO] IPUIPlugin:80 - create IPUIPlugin
2026-05-02 01:01:14,738 [INFO] IPUIPlugin:80 - create IPUIPlugin
2026-05-02 01:01:14,738 [INFO] IPUIPlugin:80 - create IPUIPlugin
2026-05-02 01:01:14,738 [INFO] IPUIPlugin:80 - create IPUIPlugin
2026-05-02 01:01:14,738 [INFO] IPUIPlugin:80 - create IPUIPlugin
2026-05-02 01:01:14,738 [INFO] IPUIPlugin:80 - create IPUIPlugin
2026-05-02 01:01:14,738 [INFO] IPUIPlugin:80 - create IPUIPlugin
2026-05-02 01:01:14,738 [INFO] IPUIPlugin:80 - create IPUIPlugin
2026-05-02 01:01:14,739 [INFO] IPUIPlugin:80 - create IPUIPlugin
2026-05-02 01:01:14,739 [INFO] IPUIPlugin:80 - create IPUIPlugin
2026-05-02 01:01:14,739 [INFO] IPUIPlugin:80 - create IPUIPlugin
2026-05-02 01:01:14,739 [INFO] IPUIPlugin:80 - create IPUIPlugin
2026-05-02 01:01:14,739 [INFO] IPUIPlugin:80 - create IPUIPlugin
2026-05-02 01:01:14,739 [INFO] IPUIPlugin:80 - create IPUIPlugin
2026-05-02 01:01:14,739 [INFO] IPUIPlugin:80 - create IPUIPlugin
2026-05-02 01:01:14,739 [INFO] IPUIPlugin:80 - create IPUIPlugin
2026-05-02 01:01:14,739 [INFO] IPUIPlugin:80 - create IPUIPlugin
2026-05-02 01:01:14,739 [INFO] IPUIPlugin:80 - create IPUIPlugin
2026-05-02 01:01:14,739 [INFO] IPUIPlugin:80 - create IPUIPlugin
2026-05-02 01:01:14,739 [INFO] IPUIPlugin:80 - create IPUIPlugin
2026-05-02 01:01:14,739 [INFO] IPUIPlugin:80 - create IPUIPlugin
2026-05-02 01:01:14,740 [INFO] IPUIPlugin:80 - create IPUIPlugin
2026-05-02 01:01:14,740 [INFO] IPUIPlugin:80 - create IPUIPlugin
2026-05-02 01:01:14,740 [INFO] IPUIPlugin:80 - create IPUIPlugin
2026-05-02 01:01:14,740 [INFO] IPUIPlugin:80 - create IPUIPlugin
2026-05-02 01:01:14,740 [INFO] IPUIPlugin:80 - create IPUIPlugin
2026-05-02 01:01:14,740 [INFO] IPUIPlugin:80 - create IPUIPlugin
2026-05-02 01:01:14,852 [INFO] CADModel:165 - CPN selected for project levelSTM32L432KCU3
2026-05-02 01:01:14,852 [INFO] CADModel:114 - Register for checkConnection events
2026-05-02 01:01:14,901 [INFO] OpenFileManager:386 - Restore cursor
2026-05-02 01:01:21,782 [INFO] MainUpdater:2872 - connection check result : 10
2026-05-02 01:01:21,783 [INFO] MainUpdater:2872 - connection check result : 10
2026-05-02 01:01:22,392 [INFO] MicroXplorer:468 - Change Database Path : 
2026-05-02 01:01:22,394 [INFO] MicroXplorer:498 - Change Database Version : DB.6.0.150
2026-05-02 01:01:22,413 [ERROR] ProjectManagerView:395 - 
java.lang.NullPointerException: Cannot invoke "javax.swing.JTextField.getText()" because the return value of "java.util.List.get(int)" is null
	at com.st.microxplorer.plugins.projectmanager.gui.ProjectChoiceTab$9.caretUpdate(ProjectChoiceTab.java:2706) ~[filemanager.jar:?]
	at javax.swing.text.JTextComponent.fireCaretUpdate(JTextComponent.java:408) ~[?:?]
	at javax.swing.text.JTextComponent$MutableCaretEvent.fire(JTextComponent.java:4484) ~[?:?]
	at javax.swing.text.JTextComponent$MutableCaretEvent.stateChanged(JTextComponent.java:4506) ~[?:?]
	at javax.swing.text.DefaultCaret.fireStateChanged(DefaultCaret.java:857) ~[?:?]
	at javax.swing.text.DefaultCaret.changeCaretPosition(DefaultCaret.java:1343) ~[?:?]
	at javax.swing.text.DefaultCaret.handleSetDot(DefaultCaret.java:1242) ~[?:?]
	at javax.swing.text.DefaultCaret.setDot(DefaultCaret.java:1223) ~[?:?]
	at javax.swing.text.DefaultCaret$Handler.insertUpdate(DefaultCaret.java:1819) ~[?:?]
	at javax.swing.text.AbstractDocument.fireInsertUpdate(AbstractDocument.java:227) ~[?:?]
	at javax.swing.text.AbstractDocument.handleInsertString(AbstractDocument.java:781) ~[?:?]
	at javax.swing.text.AbstractDocument.insertString(AbstractDocument.java:740) ~[?:?]
	at javax.swing.text.PlainDocument.insertString(PlainDocument.java:131) ~[?:?]
	at javax.swing.text.AbstractDocument.replace(AbstractDocument.java:699) ~[?:?]
	at javax.swing.text.JTextComponent.setText(JTextComponent.java:1725) ~[?:?]
	at com.st.microxplorer.plugins.projectmanager.gui.ProjectChoiceTab.createHeapStackFields(ProjectChoiceTab.java:993) ~[filemanager.jar:?]
	at com.st.microxplorer.plugins.projectmanager.gui.ProjectChoiceTab.buildLinkSettingsPanel(ProjectChoiceTab.java:3813) ~[filemanager.jar:?]
	at com.st.microxplorer.plugins.projectmanager.gui.ProjectChoiceTab.defineWindowsFields(ProjectChoiceTab.java:1987) ~[filemanager.jar:?]
	at com.st.microxplorer.plugins.projectmanager.gui.ProjectChoiceTab.updateSettings(ProjectChoiceTab.java:558) ~[filemanager.jar:?]
	at com.st.microxplorer.plugins.projectmanager.gui.ProjectSettingsPanel.UpdateDialog(ProjectSettingsPanel.java:247) ~[filemanager.jar:?]
	at com.st.microxplorer.plugins.projectmanager.ProjectManagerView.propertyChange(ProjectManagerView.java:392) ~[filemanager.jar:?]
	at java.beans.PropertyChangeSupport.fire(PropertyChangeSupport.java:343) ~[?:?]
	at java.beans.PropertyChangeSupport.firePropertyChange(PropertyChangeSupport.java:335) ~[?:?]
	at java.beans.PropertyChangeSupport.firePropertyChange(PropertyChangeSupport.java:268) ~[?:?]
	at com.st.microxplorer.util.MXPropertyChangeSupport.firePropertyChange(MXPropertyChangeSupport.java:54) ~[STM32CubeMX.jar:?]
	at com.st.microxplorer.mxsystem.MxSystem.closeConfig(MxSystem.java:899) ~[STM32CubeMX.jar:?]
	at com.st.microxplorer.maingui.MainPanel.closeConfig(MainPanel.java:792) ~[STM32CubeMX.jar:?]
	at com.st.microxplorer.plugins.filemanager.engine.OpenFileManager.loadConfigurationFile(OpenFileManager.java:288) ~[filemanager.jar:?]
	at com.st.microxplorer.plugins.filemanager.engine.MainFileManager.userLoadConfig(MainFileManager.java:364) ~[filemanager.jar:?]
	at com.st.microxplorer.plugins.filemanager.engine.MainFileManager.userLoadConfig(MainFileManager.java:342) ~[filemanager.jar:?]
	at com.st.microxplorer.plugins.filemanager.FileManagerView.getSpecificTask(FileManagerView.java:264) ~[filemanager.jar:?]
	at com.st.stm32cube.common.mx.editor.CubeMxEditor.getMxTabbedPaneInstance(CubeMxEditor.java:1198) ~[com.st.stm32cube.common.mx_6.15.0.202507011659/:?]
	at com.st.stm32cube.common.mx.editor.CubeMxEditor$12$1.createSwingComponent(CubeMxEditor.java:1068) ~[com.st.stm32cube.common.mx_6.15.0.202507011659/:?]
	at com.st.stm32cube.common.mx.oss.core.awtswtbridge.EmbeddedSwingComposite.doComponentCreation(EmbeddedSwingComposite.java:492) ~[com.st.stm32cube.common.mx.oss_6.15.0.202507011659/:?]
	at com.st.stm32cube.common.mx.oss.core.awtswtbridge.EmbeddedSwingComposite$4.run(EmbeddedSwingComposite.java:291) ~[com.st.stm32cube.common.mx.oss_6.15.0.202507011659/:?]
	at com.st.stm32cube.common.mx.oss.core.awtswtbridge.AwtEnvironment$2.run(AwtEnvironment.java:166) ~[com.st.stm32cube.common.mx.oss_6.15.0.202507011659/:?]
	at java.awt.event.InvocationEvent.dispatch(InvocationEvent.java:318) ~[?:?]
	at java.awt.EventQueue.dispatchEventImpl(EventQueue.java:773) ~[?:?]
	at java.awt.EventQueue$4.run(EventQueue.java:720) ~[?:?]
	at java.awt.EventQueue$4.run(EventQueue.java:714) ~[?:?]
	at java.security.AccessController.doPrivileged(AccessController.java:400) ~[?:?]
	at java.security.ProtectionDomain$JavaSecurityAccessImpl.doIntersectionPrivilege(ProtectionDomain.java:87) ~[?:?]
	at java.awt.EventQueue.dispatchEvent(EventQueue.java:742) ~[?:?]
	at java.awt.EventDispatchThread.pumpOneEventForFilters(EventDispatchThread.java:203) ~[?:?]
	at java.awt.EventDispatchThread.pumpEventsForFilter(EventDispatchThread.java:124) ~[?:?]
	at java.awt.EventDispatchThread.pumpEventsForHierarchy(EventDispatchThread.java:113) ~[?:?]
	at java.awt.EventDispatchThread.pumpEvents(EventDispatchThread.java:109) ~[?:?]
	at java.awt.EventDispatchThread.pumpEvents(EventDispatchThread.java:101) ~[?:?]
	at java.awt.EventDispatchThread.run(EventDispatchThread.java:90) ~[?:?]
2026-05-02 01:01:22,417 [WARN] ThirdParty:871 - waiting for thirdparty lock release [close project]
2026-05-02 01:01:22,417 [INFO] ThirdParty:873 - entering critical section [close project]
2026-05-02 01:01:22,417 [INFO] ThirdParty:883 - exiting critical section [close project]
2026-05-02 01:01:22,418 [INFO] PinOutPanel:1589 - setPackage(No Configuration,No Configuration)
2026-05-02 01:01:22,420 [INFO] UtilMem:75 - Begin LoadConfig() Used Memory: 778235952 Bytes (1073741824)
2026-05-02 01:01:22,422 [INFO] MicroXplorer:468 - Change Database Path : 
2026-05-02 01:01:22,423 [INFO] MicroXplorer:498 - Change Database Version : DB.6.0.150
2026-05-02 01:01:22,423 [INFO] OpenFileManager:355 - Change cursor
2026-05-02 01:01:22,440 [INFO] Mcu:2029 - Initializing MCU STM32L432K(B-C)Ux STM32L432KCUx STM32L432KCU3
2026-05-02 01:01:23,464 [INFO] Context:786 - Trying to add GPIOservice into a context  which must be forbidden
2026-05-02 01:01:23,805 [INFO] ImportTextPane:234 - (OptionalMessage_ERROR) Pin10 (VP_RIF_VS_RIF1) cannot be retrieved for this MCU
2026-05-02 01:01:23,879 [INFO] RtosManager:558 - Registered RTOS mode: class=CMSIS, group=RTOS, mode=CMSIS_V1, owner=FREERTOS
2026-05-02 01:01:23,880 [INFO] RtosManager:558 - Registered RTOS mode: class=CMSIS, group=RTOS2, mode=CMSIS_V2, owner=FREERTOS
2026-05-02 01:01:23,880 [INFO] RtosManager:558 - Registered RTOS mode: class=RTOS, group=Core, mode=CMSIS_V1, owner=FREERTOS
2026-05-02 01:01:23,880 [INFO] RtosManager:558 - Registered RTOS mode: class=RTOS, group=Core, mode=CMSIS_V2, owner=FREERTOS
2026-05-02 01:01:23,880 [WARN] ModelIntegratedComponent:184 - Missing modes for component STMicroelectronics:FreeRTOS:0.0.1:STMicroelectronics:RTOS:FreeRTOS:Core:::10.2.0:
2026-05-02 01:01:23,887 [WARN] ModelIntegratedComponent:63 - No mode defined for component null
2026-05-02 01:01:23,887 [WARN] ModelIntegratedComponent:63 - No mode defined for component null
2026-05-02 01:01:23,887 [WARN] ModelIntegratedComponent:63 - No mode defined for component null
2026-05-02 01:01:23,887 [WARN] ModelIntegratedComponent:63 - No mode defined for component null
2026-05-02 01:01:23,887 [WARN] ModelIntegratedComponent:63 - No mode defined for component null
2026-05-02 01:01:23,887 [WARN] ModelIntegratedComponent:63 - No mode defined for component null
2026-05-02 01:01:23,887 [WARN] ModelIntegratedComponent:63 - No mode defined for component null
2026-05-02 01:01:23,887 [WARN] ModelIntegratedComponent:63 - No mode defined for component null
2026-05-02 01:01:23,887 [WARN] ModelIntegratedComponent:63 - No mode defined for component null
2026-05-02 01:01:23,888 [WARN] ModelIntegratedComponent:63 - No mode defined for component null
2026-05-02 01:01:23,888 [WARN] ModelIntegratedComponent:63 - No mode defined for component null
2026-05-02 01:01:23,888 [WARN] ModelIntegratedComponent:63 - No mode defined for component null
2026-05-02 01:01:23,888 [WARN] ModelIntegratedComponent:63 - No mode defined for component null
2026-05-02 01:01:23,888 [WARN] ModelIntegratedComponent:63 - No mode defined for component null
2026-05-02 01:01:23,888 [WARN] ModelIntegratedComponent:63 - No mode defined for component null
2026-05-02 01:01:23,888 [WARN] ModelIntegratedComponent:63 - No mode defined for component null
2026-05-02 01:01:23,888 [WARN] ModelIntegratedComponent:63 - No mode defined for component null
2026-05-02 01:01:23,888 [WARN] ModelIntegratedComponent:63 - No mode defined for component null
2026-05-02 01:01:23,888 [WARN] ModelIntegratedComponent:63 - No mode defined for component null
2026-05-02 01:01:23,888 [WARN] ModelIntegratedComponent:63 - No mode defined for component null
2026-05-02 01:01:23,888 [WARN] ModelIntegratedComponent:63 - No mode defined for component null
2026-05-02 01:01:23,888 [WARN] ModelIntegratedComponent:63 - No mode defined for component null
2026-05-02 01:01:23,888 [WARN] ModelIntegratedComponent:63 - No mode defined for component null
2026-05-02 01:01:23,888 [WARN] ModelIntegratedComponent:63 - No mode defined for component null
2026-05-02 01:01:23,888 [WARN] ModelIntegratedComponent:63 - No mode defined for component null
2026-05-02 01:01:23,888 [WARN] ModelIntegratedComponent:63 - No mode defined for component null
2026-05-02 01:01:23,888 [WARN] ModelIntegratedComponent:63 - No mode defined for component null
2026-05-02 01:01:23,888 [WARN] ModelIntegratedComponent:63 - No mode defined for component null
2026-05-02 01:01:23,888 [WARN] ModelIntegratedComponent:63 - No mode defined for component null
2026-05-02 01:01:23,888 [WARN] ModelIntegratedComponent:63 - No mode defined for component null
2026-05-02 01:01:23,888 [WARN] ModelIntegratedComponent:63 - No mode defined for component null
2026-05-02 01:01:23,888 [WARN] ModelIntegratedComponent:63 - No mode defined for component null
2026-05-02 01:01:23,888 [WARN] ModelIntegratedComponent:63 - No mode defined for component null
2026-05-02 01:01:23,888 [WARN] ModelIntegratedComponent:63 - No mode defined for component null
2026-05-02 01:01:23,888 [WARN] ModelIntegratedComponent:63 - No mode defined for component null
2026-05-02 01:01:23,888 [WARN] ModelPack:524 - Component already loaded: STMicroelectronics:HAL Drivers:0.0.0:STMicroelectronics:Device:STMicro_Driver:XSPI:HAL::0.0.1:HAL_XSPI
2026-05-02 01:01:23,917 [INFO] ThirdPartyModel:298 - Start build external matchings
2026-05-02 01:01:24,087 [INFO] ThirdPartyModel:316 - End build external matchings
2026-05-02 01:01:24,103 [INFO] ImportTextPane:234 - (OptionalMessage_ERROR) IP (RCC) : Invalid parameter (48CLKFreq_Value)
2026-05-02 01:01:24,104 [INFO] ImportTextPane:234 - (OptionalMessage_ERROR) IP (RCC) : Invalid parameter (FamilyName)
2026-05-02 01:01:24,104 [INFO] ImportTextPane:234 - (OptionalMessage_ERROR) IP (RCC) : Invalid parameter (HSI16_VALUE)
2026-05-02 01:01:24,104 [INFO] ImportTextPane:234 - (OptionalMessage_ERROR) IP (RCC) : Invalid parameter (LPTIMFreq_Value)
2026-05-02 01:01:24,104 [INFO] ImportTextPane:234 - (OptionalMessage_ERROR) IP (RCC) : Invalid parameter (LPUARTFreq_Value)
2026-05-02 01:01:24,104 [INFO] ImportTextPane:234 - (OptionalMessage_ERROR) IP (RCC) : Invalid parameter (MCOPinFreq_Value)
2026-05-02 01:01:24,104 [INFO] ImportTextPane:234 - (OptionalMessage_ERROR) IP (RCC) : Invalid parameter (PLLCLKFreq_Value)
2026-05-02 01:01:24,104 [INFO] ImportTextPane:234 - (OptionalMessage_ERROR) IP (RCC) : Invalid parameter (PLLMUL)
2026-05-02 01:01:24,105 [INFO] ImportTextPane:234 - (OptionalMessage_ERROR) IP (RCC) : Invalid parameter (RTCHSEDivFreq_Value)
2026-05-02 01:01:24,105 [INFO] ImportTextPane:234 - (OptionalMessage_ERROR) IP (RCC) : Invalid parameter (TIMFreq_Value)
2026-05-02 01:01:24,105 [INFO] ImportTextPane:234 - (OptionalMessage_ERROR) IP (RCC) : Invalid parameter (TimerFreq_Value)
2026-05-02 01:01:24,234 [INFO] UtilMem:75 - End LoadConfig() Used Memory: 876265584 Bytes (1073741824)
2026-05-02 01:01:24,421 [WARN] ThirdParty:833 - waiting for thirdparty lock release [change project]
2026-05-02 01:01:24,436 [INFO] ThirdParty:835 - entering critical section [change project]
2026-05-02 01:01:24,437 [INFO] ThirdParty:1030 - CMSIS Pack Vendor :STMicroelectronics X-CUBE-AZRTOS-H7 3.5.0
2026-05-02 01:01:24,438 [INFO] ThirdParty:1030 - CMSIS Pack Vendor :STMicroelectronics X-CUBE-PM33A1 1.0.0
2026-05-02 01:01:24,438 [INFO] ThirdParty:1030 - CMSIS Pack Vendor :STMicroelectronics USBPD 4.1
2026-05-02 01:01:24,438 [INFO] ThirdParty:1030 - CMSIS Pack Vendor :STMicroelectronics X-CUBE-NFC9 1.0.0
2026-05-02 01:01:24,438 [INFO] ThirdParty:1030 - CMSIS Pack Vendor :STMicroelectronics USB_HOST 2.0.0
2026-05-02 01:01:24,438 [INFO] ThirdParty:1030 - CMSIS Pack Vendor :STMicroelectronics X-CUBE-AZRTOS-F4 1.1.0
2026-05-02 01:01:24,438 [INFO] ThirdParty:1030 - CMSIS Pack Vendor :STMicroelectronics LIBJPEG 8.0.0
2026-05-02 01:01:24,438 [INFO] ThirdParty:1030 - CMSIS Pack Vendor :STMicroelectronics FP-ATR-ASTRA1 2.0.2
2026-05-02 01:01:24,438 [INFO] ThirdParty:1030 - CMSIS Pack Vendor :STMicroelectronics X-CUBE-BLE1 7.1.0
2026-05-02 01:01:24,438 [INFO] ThirdParty:1030 - CMSIS Pack Vendor :STMicroelectronics X-CUBE-SMBUS 2.1.0
2026-05-02 01:01:24,438 [INFO] ThirdParty:1030 - CMSIS Pack Vendor :wolfSSL I-CUBE-wolfMQTT 1.19.2
2026-05-02 01:01:24,438 [INFO] ThirdParty:1030 - CMSIS Pack Vendor :STMicroelectronics USB_DEVICE 3.0.0
2026-05-02 01:01:24,438 [INFO] ThirdParty:1030 - CMSIS Pack Vendor :STMicroelectronics X-CUBE-ISPU 2.1.0
2026-05-02 01:01:24,438 [INFO] ThirdParty:1030 - CMSIS Pack Vendor :STMicroelectronics eDS-WB_DPC_TT-BIDIR 2.1.1
2026-05-02 01:01:24,438 [INFO] ThirdParty:1030 - CMSIS Pack Vendor :STMicroelectronics X-CUBE-AZRTOS-WB 2.0.0
2026-05-02 01:01:24,438 [INFO] ThirdParty:1030 - CMSIS Pack Vendor :wolfSSL I-CUBE-wolfSSL 5.8.4
2026-05-02 01:01:24,438 [INFO] ThirdParty:1030 - CMSIS Pack Vendor :Cesanta I-CUBE-Mongoose 7.20.0
2026-05-02 01:01:24,438 [INFO] ThirdParty:1030 - CMSIS Pack Vendor :STMicroelectronics X-CUBE-AZRTOS-F7 1.1.0
2026-05-02 01:01:24,438 [INFO] ThirdParty:1030 - CMSIS Pack Vendor :STMicroelectronics X-CUBE-AZRTOS-L5 2.0.0
2026-05-02 01:01:24,438 [INFO] ThirdParty:1030 - CMSIS Pack Vendor :STMicroelectronics USB_DEVICE 2.0.0
2026-05-02 01:01:24,438 [INFO] ThirdParty:1030 - CMSIS Pack Vendor :STMicroelectronics FP-SNS-STAIOTCFT 1.1.0
2026-05-02 01:01:24,438 [INFO] ThirdParty:1030 - CMSIS Pack Vendor :quantropi X-CUBE-qispace-sdk-base 2.1.0
2026-05-02 01:01:24,438 [INFO] ThirdParty:1030 - CMSIS Pack Vendor :STMicroelectronics X-CUBE-MEMS1 12.0.0
2026-05-02 01:01:24,438 [INFO] ThirdParty:1030 - CMSIS Pack Vendor :STMicroelectronics X-CUBE-STSE01 2.0.0
2026-05-02 01:01:24,438 [INFO] ThirdParty:1030 - CMSIS Pack Vendor :STMicroelectronics FreeRTOS 0.0.1
2026-05-02 01:01:24,438 [INFO] ThirdParty:1030 - CMSIS Pack Vendor :STMicroelectronics X-CUBE-AZRTOS-G0 1.1.0
2026-05-02 01:01:24,438 [INFO] ThirdParty:1030 - CMSIS Pack Vendor :STMicroelectronics X-CUBE-NFC4 3.0.0
2026-05-02 01:01:24,438 [INFO] ThirdParty:1030 - CMSIS Pack Vendor :STMicroelectronics X-CUBE-SUBG2 5.0.0
2026-05-02 01:01:24,438 [INFO] ThirdParty:1030 - CMSIS Pack Vendor :STMicroelectronics STM32_WPAN 1.0.0
2026-05-02 01:01:24,438 [INFO] ThirdParty:1030 - CMSIS Pack Vendor :STMicroelectronics eDS-WB_DPC_VIENNA 1.2.0
2026-05-02 01:01:24,438 [INFO] ThirdParty:1030 - CMSIS Pack Vendor :EmbeddedOffice I-CUBE-FS-RTOS 1.0.1
2026-05-02 01:01:24,438 [INFO] ThirdParty:1030 - CMSIS Pack Vendor :STMicroelectronics lwIP 2.0.3
2026-05-02 01:01:24,438 [INFO] ThirdParty:1030 - CMSIS Pack Vendor :WES I-CUBE-Cesium 1.4.0
2026-05-02 01:01:24,438 [INFO] ThirdParty:1030 - CMSIS Pack Vendor :STMicroelectronics eDS-WB_DPC_3PH2L-BIDIR 1.1.1
2026-05-02 01:01:24,438 [INFO] ThirdParty:1030 - CMSIS Pack Vendor :STMicroelectronics USB_HOST 1.0.0
2026-05-02 01:01:24,438 [INFO] ThirdParty:1030 - CMSIS Pack Vendor :STMicroelectronics X-CUBE-AZRTOS-G4 2.0.0
2026-05-02 01:01:24,438 [INFO] ThirdParty:1030 - CMSIS Pack Vendor :STMicroelectronics PDM2PCM 3.1.0
2026-05-02 01:01:24,438 [INFO] ThirdParty:1030 - CMSIS Pack Vendor :STMicroelectronics PDM2PCM 3.3.0
2026-05-02 01:01:24,438 [INFO] ThirdParty:1030 - CMSIS Pack Vendor :wolfSSL I-CUBE-wolfTPM 3.8.0
2026-05-02 01:01:24,438 [INFO] ThirdParty:1030 - CMSIS Pack Vendor :STMicroelectronics X-CUBE-DISPLAY 3.0.0
2026-05-02 01:01:24,438 [INFO] ThirdParty:1030 - CMSIS Pack Vendor :wolfSSL I-CUBE-wolfSSH 1.4.20
2026-05-02 01:01:24,438 [INFO] ThirdParty:1030 - CMSIS Pack Vendor :STMicroelectronics X-CUBE-NFC7 2.0.0
2026-05-02 01:01:24,438 [INFO] ThirdParty:1030 - CMSIS Pack Vendor :STMicroelectronics X-CUBE-GNSS1 7.1.1
2026-05-02 01:01:24,438 [INFO] ThirdParty:1030 - CMSIS Pack Vendor :STMicroelectronics X-CUBE-TCPP 4.2.0
2026-05-02 01:01:24,438 [INFO] ThirdParty:1030 - CMSIS Pack Vendor :RealThread X-CUBE-RT-Thread_Nano 4.1.1
2026-05-02 01:01:24,438 [INFO] ThirdParty:1030 - CMSIS Pack Vendor :STMicroelectronics FP-ATR-SIGFOX1 3.2.0
2026-05-02 01:01:24,438 [INFO] ThirdParty:1030 - CMSIS Pack Vendor :STMicroelectronics X-CUBE-NFC10 1.0.0
2026-05-02 01:01:24,438 [INFO] ThirdParty:1030 - CMSIS Pack Vendor :STMicroelectronics HAL Drivers 0.0.0
2026-05-02 01:01:24,438 [INFO] ThirdParty:1030 - CMSIS Pack Vendor :STMicroelectronics MBEDTLS 2.16.2
2026-05-02 01:01:24,438 [INFO] ThirdParty:1030 - CMSIS Pack Vendor :STMicroelectronics X-CUBE-ST60 1.1.0
2026-05-02 01:01:24,438 [INFO] ThirdParty:1030 - CMSIS Pack Vendor :STMicroelectronics X-CUBE-ALS 1.0.2
2026-05-02 01:01:24,438 [INFO] ThirdParty:1030 - CMSIS Pack Vendor :emotas I-CUBE-CANOPEN 1.3.0
2026-05-02 01:01:24,438 [INFO] ThirdParty:1030 - CMSIS Pack Vendor :STMicroelectronics MBEDTLS 2.14.1
2026-05-02 01:01:24,438 [INFO] ThirdParty:1030 - CMSIS Pack Vendor :STMicroelectronics X-CUBE-GNSS1 7.1.0
2026-05-02 01:01:24,438 [INFO] ThirdParty:1030 - CMSIS Pack Vendor :ITTIA_DB I-CUBE-ITTIADB 8.9.0
2026-05-02 01:01:24,438 [INFO] ThirdParty:1030 - CMSIS Pack Vendor :STMicroelectronics X-CUBE-TOUCHGFX 4.26.1
2026-05-02 01:01:24,438 [INFO] ThirdParty:1030 - CMSIS Pack Vendor :STMicroelectronics FP-SNS-STAIOTCFT 1.0.0
2026-05-02 01:01:24,438 [INFO] ThirdParty:1030 - CMSIS Pack Vendor :STMicroelectronics ThreadX 1.0.0
2026-05-02 01:01:24,438 [INFO] ThirdParty:1030 - CMSIS Pack Vendor :STMicroelectronics FP-SNS-SMARTAG2 1.2.0
2026-05-02 01:01:24,438 [INFO] ThirdParty:1030 - CMSIS Pack Vendor :STMicroelectronics X-CUBE-MEMS1 12.1.0
2026-05-02 01:01:24,438 [INFO] ThirdParty:1030 - CMSIS Pack Vendor :STMicroelectronics FP-SNS-FLIGHT1 5.1.0
2026-05-02 01:01:24,438 [INFO] ThirdParty:1030 - CMSIS Pack Vendor :STMicroelectronics X-CUBE-AZRTOS-WL 2.0.0
2026-05-02 01:01:24,438 [INFO] ThirdParty:1030 - CMSIS Pack Vendor :SEGGER I-CUBE-embOS 1.3.1
2026-05-02 01:01:24,438 [INFO] ThirdParty:1030 - CMSIS Pack Vendor :STMicroelectronics X-CUBE-ALGOBUILD 1.4.0
2026-05-02 01:01:24,438 [INFO] ThirdParty:1030 - CMSIS Pack Vendor :STMicroelectronics X-CUBE-DPower 1.3.0
2026-05-02 01:01:24,438 [INFO] ThirdParty:1030 - CMSIS Pack Vendor :STMicroelectronics USB_DEVICE 1.0.0
2026-05-02 01:01:24,438 [INFO] ThirdParty:1030 - CMSIS Pack Vendor :STMicroelectronics X-CUBE-AZRTOS-H7RS 1.2.0
2026-05-02 01:01:24,439 [INFO] ThirdParty:1030 - CMSIS Pack Vendor :STMicroelectronics X-CUBE-AZRTOS-L4 2.0.0
2026-05-02 01:01:24,439 [INFO] ThirdParty:1030 - CMSIS Pack Vendor :STMicroelectronics ThreadX 0.0.2
2026-05-02 01:01:24,439 [INFO] ThirdParty:1030 - CMSIS Pack Vendor :STMicroelectronics lwIP 2.1.2
2026-05-02 01:01:24,439 [INFO] ThirdParty:1030 - CMSIS Pack Vendor :STMicroelectronics X-CUBE-SFXS2LP1 4.0.0
2026-05-02 01:01:24,439 [INFO] ThirdParty:1030 - CMSIS Pack Vendor :STMicroelectronics X-CUBE-BLE2 3.3.0
2026-05-02 01:01:24,439 [INFO] ThirdParty:1030 - CMSIS Pack Vendor :Avnet-IOTCONNECT X-CUBE-iotc-st67-sdk 1.0.0
2026-05-02 01:01:24,439 [INFO] ThirdParty:1030 - CMSIS Pack Vendor :STMicroelectronics X-CUBE-TOF1 3.4.3
2026-05-02 01:01:24,439 [INFO] ThirdParty:1030 - CMSIS Pack Vendor :Infineon AIROC-Wi-Fi-Bluetooth-STM32 1.8.0
2026-05-02 01:01:24,439 [INFO] ThirdParty:1030 - CMSIS Pack Vendor :STMicroelectronics PDM2PCM 3.2.0
2026-05-02 01:01:24,439 [INFO] ThirdParty:1030 - CMSIS Pack Vendor :STMicroelectronics X-CUBE-WB05N 2.1.0
2026-05-02 01:01:24,439 [INFO] ThirdParty:1030 - CMSIS Pack Vendor :STMicroelectronics X-CUBE-ST67W61 1.2.0
2026-05-02 01:01:24,440 [INFO] ThirdParty:841 - exiting critical section [change project]
2026-05-02 01:01:24,803 [INFO] PinOutPanel:1589 - setPackage(No Configuration,No Configuration)
2026-05-02 01:01:24,805 [INFO] PinOutPanel:1589 - setPackage(STM32L432KCUx,UFQFPN32)
2026-05-02 01:01:25,092 [INFO] UtilMem:75 - Before build in PCC Used Memory: 723125896 Bytes (1073741824)
2026-05-02 01:01:25,398 [INFO] UtilMem:75 - After build in PCC Used Memory: 815922824 Bytes (1073741824)
2026-05-02 01:01:25,421 [INFO] IPUIPlugin:80 - create IPUIPlugin
2026-05-02 01:01:25,422 [INFO] IPUIPlugin:80 - create IPUIPlugin
2026-05-02 01:01:25,422 [INFO] IPUIPlugin:80 - create IPUIPlugin
2026-05-02 01:01:25,422 [INFO] IPUIPlugin:80 - create IPUIPlugin
2026-05-02 01:01:25,422 [INFO] IPUIPlugin:80 - create IPUIPlugin
2026-05-02 01:01:25,422 [INFO] IPUIPlugin:80 - create IPUIPlugin
2026-05-02 01:01:25,423 [INFO] IPUIPlugin:80 - create IPUIPlugin
2026-05-02 01:01:25,423 [INFO] IPUIPlugin:80 - create IPUIPlugin
2026-05-02 01:01:25,423 [INFO] IPUIPlugin:80 - create IPUIPlugin
2026-05-02 01:01:25,423 [INFO] IPUIPlugin:80 - create IPUIPlugin
2026-05-02 01:01:25,423 [INFO] IPUIPlugin:80 - create IPUIPlugin
2026-05-02 01:01:25,423 [INFO] IPUIPlugin:80 - create IPUIPlugin
2026-05-02 01:01:25,423 [INFO] IPUIPlugin:80 - create IPUIPlugin
2026-05-02 01:01:25,423 [INFO] IPUIPlugin:80 - create IPUIPlugin
2026-05-02 01:01:25,423 [INFO] IPUIPlugin:80 - create IPUIPlugin
2026-05-02 01:01:25,423 [INFO] IPUIPlugin:80 - create IPUIPlugin
2026-05-02 01:01:25,423 [INFO] IPUIPlugin:80 - create IPUIPlugin
2026-05-02 01:01:25,424 [INFO] IPUIPlugin:80 - create IPUIPlugin
2026-05-02 01:01:25,424 [INFO] IPUIPlugin:80 - create IPUIPlugin
2026-05-02 01:01:25,424 [INFO] IPUIPlugin:80 - create IPUIPlugin
2026-05-02 01:01:25,424 [INFO] IPUIPlugin:80 - create IPUIPlugin
2026-05-02 01:01:25,424 [INFO] IPUIPlugin:80 - create IPUIPlugin
2026-05-02 01:01:25,424 [INFO] IPUIPlugin:80 - create IPUIPlugin
2026-05-02 01:01:25,424 [INFO] IPUIPlugin:80 - create IPUIPlugin
2026-05-02 01:01:25,424 [INFO] IPUIPlugin:80 - create IPUIPlugin
2026-05-02 01:01:25,425 [INFO] IPUIPlugin:80 - create IPUIPlugin
2026-05-02 01:01:25,425 [INFO] IPUIPlugin:80 - create IPUIPlugin
2026-05-02 01:01:25,425 [INFO] IPUIPlugin:80 - create IPUIPlugin
2026-05-02 01:01:25,425 [INFO] IPUIPlugin:80 - create IPUIPlugin
2026-05-02 01:01:25,426 [INFO] IPUIPlugin:80 - create IPUIPlugin
2026-05-02 01:01:25,426 [INFO] IPUIPlugin:80 - create IPUIPlugin
2026-05-02 01:01:25,426 [INFO] IPUIPlugin:80 - create IPUIPlugin
2026-05-02 01:01:25,426 [INFO] IPUIPlugin:80 - create IPUIPlugin
2026-05-02 01:01:25,427 [INFO] IPUIPlugin:80 - create IPUIPlugin
2026-05-02 01:01:25,428 [INFO] IPUIPlugin:80 - create IPUIPlugin
2026-05-02 01:01:25,429 [INFO] IPUIPlugin:80 - create IPUIPlugin
2026-05-02 01:01:25,430 [INFO] IPUIPlugin:80 - create IPUIPlugin
2026-05-02 01:01:25,430 [INFO] IPUIPlugin:80 - create IPUIPlugin
2026-05-02 01:01:25,430 [INFO] IPUIPlugin:80 - create IPUIPlugin
2026-05-02 01:01:25,431 [INFO] IPUIPlugin:80 - create IPUIPlugin
2026-05-02 01:01:25,431 [INFO] IPUIPlugin:80 - create IPUIPlugin
2026-05-02 01:01:25,513 [INFO] CADModel:165 - CPN selected for project levelSTM32L432KCU3
2026-05-02 01:01:25,514 [INFO] CADModel:114 - Register for checkConnection events
2026-05-02 01:01:25,554 [INFO] OpenFileManager:386 - Restore cursor
2026-05-02 01:01:27,809 [INFO] MainUpdater:2872 - connection check result : 10
2026-05-02 01:01:27,810 [INFO] MainUpdater:2872 - connection check result : 10
2026-05-02 01:01:27,927 [INFO] MicroXplorer:468 - Change Database Path : 
2026-05-02 01:01:27,928 [INFO] MicroXplorer:498 - Change Database Version : DB.6.0.150
2026-05-02 01:01:27,941 [ERROR] ProjectManagerView:395 - 
java.lang.NullPointerException: Cannot invoke "javax.swing.JTextField.getText()" because the return value of "java.util.List.get(int)" is null
	at com.st.microxplorer.plugins.projectmanager.gui.ProjectChoiceTab$9.caretUpdate(ProjectChoiceTab.java:2706) ~[filemanager.jar:?]
	at javax.swing.text.JTextComponent.fireCaretUpdate(JTextComponent.java:408) ~[?:?]
	at javax.swing.text.JTextComponent$MutableCaretEvent.fire(JTextComponent.java:4484) ~[?:?]
	at javax.swing.text.JTextComponent$MutableCaretEvent.stateChanged(JTextComponent.java:4506) ~[?:?]
	at javax.swing.text.DefaultCaret.fireStateChanged(DefaultCaret.java:857) ~[?:?]
	at javax.swing.text.DefaultCaret.changeCaretPosition(DefaultCaret.java:1343) ~[?:?]
	at javax.swing.text.DefaultCaret.handleSetDot(DefaultCaret.java:1242) ~[?:?]
	at javax.swing.text.DefaultCaret.setDot(DefaultCaret.java:1223) ~[?:?]
	at javax.swing.text.DefaultCaret$Handler.insertUpdate(DefaultCaret.java:1819) ~[?:?]
	at javax.swing.text.AbstractDocument.fireInsertUpdate(AbstractDocument.java:227) ~[?:?]
	at javax.swing.text.AbstractDocument.handleInsertString(AbstractDocument.java:781) ~[?:?]
	at javax.swing.text.AbstractDocument.insertString(AbstractDocument.java:740) ~[?:?]
	at javax.swing.text.PlainDocument.insertString(PlainDocument.java:131) ~[?:?]
	at javax.swing.text.AbstractDocument.replace(AbstractDocument.java:699) ~[?:?]
	at javax.swing.text.JTextComponent.setText(JTextComponent.java:1725) ~[?:?]
	at com.st.microxplorer.plugins.projectmanager.gui.ProjectChoiceTab.createHeapStackFields(ProjectChoiceTab.java:993) ~[filemanager.jar:?]
	at com.st.microxplorer.plugins.projectmanager.gui.ProjectChoiceTab.buildLinkSettingsPanel(ProjectChoiceTab.java:3813) ~[filemanager.jar:?]
	at com.st.microxplorer.plugins.projectmanager.gui.ProjectChoiceTab.defineWindowsFields(ProjectChoiceTab.java:1987) ~[filemanager.jar:?]
	at com.st.microxplorer.plugins.projectmanager.gui.ProjectChoiceTab.updateSettings(ProjectChoiceTab.java:558) ~[filemanager.jar:?]
	at com.st.microxplorer.plugins.projectmanager.gui.ProjectSettingsPanel.UpdateDialog(ProjectSettingsPanel.java:247) ~[filemanager.jar:?]
	at com.st.microxplorer.plugins.projectmanager.ProjectManagerView.propertyChange(ProjectManagerView.java:392) ~[filemanager.jar:?]
	at java.beans.PropertyChangeSupport.fire(PropertyChangeSupport.java:343) ~[?:?]
	at java.beans.PropertyChangeSupport.firePropertyChange(PropertyChangeSupport.java:335) ~[?:?]
	at java.beans.PropertyChangeSupport.firePropertyChange(PropertyChangeSupport.java:268) ~[?:?]
	at com.st.microxplorer.util.MXPropertyChangeSupport.firePropertyChange(MXPropertyChangeSupport.java:54) ~[STM32CubeMX.jar:?]
	at com.st.microxplorer.mxsystem.MxSystem.closeConfig(MxSystem.java:899) ~[STM32CubeMX.jar:?]
	at com.st.microxplorer.maingui.MainPanel.closeConfig(MainPanel.java:792) ~[STM32CubeMX.jar:?]
	at com.st.microxplorer.plugins.filemanager.engine.OpenFileManager.loadConfigurationFile(OpenFileManager.java:288) ~[filemanager.jar:?]
	at com.st.microxplorer.plugins.filemanager.engine.MainFileManager.userLoadConfig(MainFileManager.java:364) ~[filemanager.jar:?]
	at com.st.microxplorer.plugins.filemanager.engine.MainFileManager.userLoadConfig(MainFileManager.java:342) ~[filemanager.jar:?]
	at com.st.microxplorer.plugins.filemanager.FileManagerView.getSpecificTask(FileManagerView.java:264) ~[filemanager.jar:?]
	at com.st.stm32cube.common.mx.editor.CubeMxEditor.getMxTabbedPaneInstance(CubeMxEditor.java:1198) ~[com.st.stm32cube.common.mx_6.15.0.202507011659/:?]
	at com.st.stm32cube.common.mx.editor.CubeMxEditor$12$1.createSwingComponent(CubeMxEditor.java:1068) ~[com.st.stm32cube.common.mx_6.15.0.202507011659/:?]
	at com.st.stm32cube.common.mx.oss.core.awtswtbridge.EmbeddedSwingComposite.doComponentCreation(EmbeddedSwingComposite.java:492) ~[com.st.stm32cube.common.mx.oss_6.15.0.202507011659/:?]
	at com.st.stm32cube.common.mx.oss.core.awtswtbridge.EmbeddedSwingComposite$4.run(EmbeddedSwingComposite.java:291) ~[com.st.stm32cube.common.mx.oss_6.15.0.202507011659/:?]
	at com.st.stm32cube.common.mx.oss.core.awtswtbridge.AwtEnvironment$2.run(AwtEnvironment.java:166) ~[com.st.stm32cube.common.mx.oss_6.15.0.202507011659/:?]
	at java.awt.event.InvocationEvent.dispatch(InvocationEvent.java:318) ~[?:?]
	at java.awt.EventQueue.dispatchEventImpl(EventQueue.java:773) ~[?:?]
	at java.awt.EventQueue$4.run(EventQueue.java:720) ~[?:?]
	at java.awt.EventQueue$4.run(EventQueue.java:714) ~[?:?]
	at java.security.AccessController.doPrivileged(AccessController.java:400) ~[?:?]
	at java.security.ProtectionDomain$JavaSecurityAccessImpl.doIntersectionPrivilege(ProtectionDomain.java:87) ~[?:?]
	at java.awt.EventQueue.dispatchEvent(EventQueue.java:742) ~[?:?]
	at java.awt.EventDispatchThread.pumpOneEventForFilters(EventDispatchThread.java:203) ~[?:?]
	at java.awt.EventDispatchThread.pumpEventsForFilter(EventDispatchThread.java:124) ~[?:?]
	at java.awt.EventDispatchThread.pumpEventsForHierarchy(EventDispatchThread.java:113) ~[?:?]
	at java.awt.EventDispatchThread.pumpEvents(EventDispatchThread.java:109) ~[?:?]
	at java.awt.EventDispatchThread.pumpEvents(EventDispatchThread.java:101) ~[?:?]
	at java.awt.EventDispatchThread.run(EventDispatchThread.java:90) ~[?:?]
2026-05-02 01:01:27,945 [WARN] ThirdParty:871 - waiting for thirdparty lock release [close project]
2026-05-02 01:01:27,945 [INFO] ThirdParty:873 - entering critical section [close project]
2026-05-02 01:01:27,945 [INFO] ThirdParty:883 - exiting critical section [close project]
2026-05-02 01:01:27,946 [INFO] PinOutPanel:1589 - setPackage(No Configuration,No Configuration)
2026-05-02 01:01:27,948 [INFO] UtilMem:75 - Begin LoadConfig() Used Memory: 919657240 Bytes (1073741824)
2026-05-02 01:01:27,949 [INFO] MicroXplorer:468 - Change Database Path : 
2026-05-02 01:01:27,949 [INFO] MicroXplorer:498 - Change Database Version : DB.6.0.150
2026-05-02 01:01:27,949 [INFO] OpenFileManager:355 - Change cursor
2026-05-02 01:01:27,956 [INFO] Mcu:2029 - Initializing MCU STM32L432K(B-C)Ux STM32L432KCUx STM32L432KCU3
2026-05-02 01:01:28,932 [INFO] Context:786 - Trying to add GPIOservice into a context  which must be forbidden
2026-05-02 01:01:29,240 [INFO] ImportTextPane:234 - (OptionalMessage_ERROR) Pin9 (VP_RIF_VS_RIF1) cannot be retrieved for this MCU
2026-05-02 01:01:29,370 [INFO] RtosManager:558 - Registered RTOS mode: class=CMSIS, group=RTOS, mode=CMSIS_V1, owner=FREERTOS
2026-05-02 01:01:29,379 [INFO] RtosManager:558 - Registered RTOS mode: class=CMSIS, group=RTOS2, mode=CMSIS_V2, owner=FREERTOS
2026-05-02 01:01:29,382 [INFO] RtosManager:558 - Registered RTOS mode: class=RTOS, group=Core, mode=CMSIS_V1, owner=FREERTOS
2026-05-02 01:01:29,382 [INFO] RtosManager:558 - Registered RTOS mode: class=RTOS, group=Core, mode=CMSIS_V2, owner=FREERTOS
2026-05-02 01:01:29,382 [WARN] ModelIntegratedComponent:184 - Missing modes for component STMicroelectronics:FreeRTOS:0.0.1:STMicroelectronics:RTOS:FreeRTOS:Core:::10.2.0:
2026-05-02 01:01:29,396 [WARN] ModelIntegratedComponent:63 - No mode defined for component null
2026-05-02 01:01:29,396 [WARN] ModelIntegratedComponent:63 - No mode defined for component null
2026-05-02 01:01:29,396 [WARN] ModelIntegratedComponent:63 - No mode defined for component null
2026-05-02 01:01:29,396 [WARN] ModelIntegratedComponent:63 - No mode defined for component null
2026-05-02 01:01:29,396 [WARN] ModelIntegratedComponent:63 - No mode defined for component null
2026-05-02 01:01:29,396 [WARN] ModelIntegratedComponent:63 - No mode defined for component null
2026-05-02 01:01:29,396 [WARN] ModelIntegratedComponent:63 - No mode defined for component null
2026-05-02 01:01:29,396 [WARN] ModelIntegratedComponent:63 - No mode defined for component null
2026-05-02 01:01:29,396 [WARN] ModelIntegratedComponent:63 - No mode defined for component null
2026-05-02 01:01:29,396 [WARN] ModelIntegratedComponent:63 - No mode defined for component null
2026-05-02 01:01:29,396 [WARN] ModelIntegratedComponent:63 - No mode defined for component null
2026-05-02 01:01:29,396 [WARN] ModelIntegratedComponent:63 - No mode defined for component null
2026-05-02 01:01:29,396 [WARN] ModelIntegratedComponent:63 - No mode defined for component null
2026-05-02 01:01:29,396 [WARN] ModelIntegratedComponent:63 - No mode defined for component null
2026-05-02 01:01:29,396 [WARN] ModelIntegratedComponent:63 - No mode defined for component null
2026-05-02 01:01:29,396 [WARN] ModelIntegratedComponent:63 - No mode defined for component null
2026-05-02 01:01:29,396 [WARN] ModelIntegratedComponent:63 - No mode defined for component null
2026-05-02 01:01:29,396 [WARN] ModelIntegratedComponent:63 - No mode defined for component null
2026-05-02 01:01:29,396 [WARN] ModelIntegratedComponent:63 - No mode defined for component null
2026-05-02 01:01:29,396 [WARN] ModelIntegratedComponent:63 - No mode defined for component null
2026-05-02 01:01:29,397 [WARN] ModelIntegratedComponent:63 - No mode defined for component null
2026-05-02 01:01:29,397 [WARN] ModelIntegratedComponent:63 - No mode defined for component null
2026-05-02 01:01:29,397 [WARN] ModelIntegratedComponent:63 - No mode defined for component null
2026-05-02 01:01:29,397 [WARN] ModelIntegratedComponent:63 - No mode defined for component null
2026-05-02 01:01:29,397 [WARN] ModelIntegratedComponent:63 - No mode defined for component null
2026-05-02 01:01:29,397 [WARN] ModelIntegratedComponent:63 - No mode defined for component null
2026-05-02 01:01:29,397 [WARN] ModelIntegratedComponent:63 - No mode defined for component null
2026-05-02 01:01:29,397 [WARN] ModelIntegratedComponent:63 - No mode defined for component null
2026-05-02 01:01:29,397 [WARN] ModelIntegratedComponent:63 - No mode defined for component null
2026-05-02 01:01:29,397 [WARN] ModelIntegratedComponent:63 - No mode defined for component null
2026-05-02 01:01:29,397 [WARN] ModelIntegratedComponent:63 - No mode defined for component null
2026-05-02 01:01:29,397 [WARN] ModelIntegratedComponent:63 - No mode defined for component null
2026-05-02 01:01:29,397 [WARN] ModelIntegratedComponent:63 - No mode defined for component null
2026-05-02 01:01:29,397 [WARN] ModelIntegratedComponent:63 - No mode defined for component null
2026-05-02 01:01:29,397 [WARN] ModelIntegratedComponent:63 - No mode defined for component null
2026-05-02 01:01:29,397 [WARN] ModelPack:524 - Component already loaded: STMicroelectronics:HAL Drivers:0.0.0:STMicroelectronics:Device:STMicro_Driver:XSPI:HAL::0.0.1:HAL_XSPI
2026-05-02 01:01:29,536 [INFO] ThirdPartyModel:298 - Start build external matchings
2026-05-02 01:01:29,720 [INFO] ThirdPartyModel:316 - End build external matchings
2026-05-02 01:01:29,955 [INFO] UtilMem:75 - End LoadConfig() Used Memory: 843464984 Bytes (1073741824)
2026-05-02 01:01:30,043 [WARN] ThirdParty:833 - waiting for thirdparty lock release [change project]
2026-05-02 01:01:30,052 [INFO] ThirdParty:835 - entering critical section [change project]
2026-05-02 01:01:30,052 [INFO] ThirdParty:1030 - CMSIS Pack Vendor :STMicroelectronics X-CUBE-AZRTOS-H7 3.5.0
2026-05-02 01:01:30,052 [INFO] ThirdParty:1030 - CMSIS Pack Vendor :STMicroelectronics X-CUBE-PM33A1 1.0.0
2026-05-02 01:01:30,052 [INFO] ThirdParty:1030 - CMSIS Pack Vendor :STMicroelectronics USBPD 4.1
2026-05-02 01:01:30,053 [INFO] ThirdParty:1030 - CMSIS Pack Vendor :STMicroelectronics X-CUBE-NFC9 1.0.0
2026-05-02 01:01:30,053 [INFO] ThirdParty:1030 - CMSIS Pack Vendor :STMicroelectronics USB_HOST 2.0.0
2026-05-02 01:01:30,053 [INFO] ThirdParty:1030 - CMSIS Pack Vendor :STMicroelectronics X-CUBE-AZRTOS-F4 1.1.0
2026-05-02 01:01:30,053 [INFO] ThirdParty:1030 - CMSIS Pack Vendor :STMicroelectronics LIBJPEG 8.0.0
2026-05-02 01:01:30,053 [INFO] ThirdParty:1030 - CMSIS Pack Vendor :STMicroelectronics FP-ATR-ASTRA1 2.0.2
2026-05-02 01:01:30,053 [INFO] ThirdParty:1030 - CMSIS Pack Vendor :STMicroelectronics X-CUBE-BLE1 7.1.0
2026-05-02 01:01:30,053 [INFO] ThirdParty:1030 - CMSIS Pack Vendor :STMicroelectronics X-CUBE-SMBUS 2.1.0
2026-05-02 01:01:30,053 [INFO] ThirdParty:1030 - CMSIS Pack Vendor :wolfSSL I-CUBE-wolfMQTT 1.19.2
2026-05-02 01:01:30,053 [INFO] ThirdParty:1030 - CMSIS Pack Vendor :STMicroelectronics USB_DEVICE 3.0.0
2026-05-02 01:01:30,053 [INFO] ThirdParty:1030 - CMSIS Pack Vendor :STMicroelectronics X-CUBE-ISPU 2.1.0
2026-05-02 01:01:30,053 [INFO] ThirdParty:1030 - CMSIS Pack Vendor :STMicroelectronics eDS-WB_DPC_TT-BIDIR 2.1.1
2026-05-02 01:01:30,053 [INFO] ThirdParty:1030 - CMSIS Pack Vendor :STMicroelectronics X-CUBE-AZRTOS-WB 2.0.0
2026-05-02 01:01:30,053 [INFO] ThirdParty:1030 - CMSIS Pack Vendor :wolfSSL I-CUBE-wolfSSL 5.8.4
2026-05-02 01:01:30,053 [INFO] ThirdParty:1030 - CMSIS Pack Vendor :Cesanta I-CUBE-Mongoose 7.20.0
2026-05-02 01:01:30,053 [INFO] ThirdParty:1030 - CMSIS Pack Vendor :STMicroelectronics X-CUBE-AZRTOS-F7 1.1.0
2026-05-02 01:01:30,053 [INFO] ThirdParty:1030 - CMSIS Pack Vendor :STMicroelectronics X-CUBE-AZRTOS-L5 2.0.0
2026-05-02 01:01:30,053 [INFO] ThirdParty:1030 - CMSIS Pack Vendor :STMicroelectronics USB_DEVICE 2.0.0
2026-05-02 01:01:30,053 [INFO] ThirdParty:1030 - CMSIS Pack Vendor :STMicroelectronics FP-SNS-STAIOTCFT 1.1.0
2026-05-02 01:01:30,053 [INFO] ThirdParty:1030 - CMSIS Pack Vendor :quantropi X-CUBE-qispace-sdk-base 2.1.0
2026-05-02 01:01:30,053 [INFO] ThirdParty:1030 - CMSIS Pack Vendor :STMicroelectronics X-CUBE-MEMS1 12.0.0
2026-05-02 01:01:30,053 [INFO] ThirdParty:1030 - CMSIS Pack Vendor :STMicroelectronics X-CUBE-STSE01 2.0.0
2026-05-02 01:01:30,053 [INFO] ThirdParty:1030 - CMSIS Pack Vendor :STMicroelectronics FreeRTOS 0.0.1
2026-05-02 01:01:30,053 [INFO] ThirdParty:1030 - CMSIS Pack Vendor :STMicroelectronics X-CUBE-AZRTOS-G0 1.1.0
2026-05-02 01:01:30,053 [INFO] ThirdParty:1030 - CMSIS Pack Vendor :STMicroelectronics X-CUBE-NFC4 3.0.0
2026-05-02 01:01:30,053 [INFO] ThirdParty:1030 - CMSIS Pack Vendor :STMicroelectronics X-CUBE-SUBG2 5.0.0
2026-05-02 01:01:30,053 [INFO] ThirdParty:1030 - CMSIS Pack Vendor :STMicroelectronics STM32_WPAN 1.0.0
2026-05-02 01:01:30,053 [INFO] ThirdParty:1030 - CMSIS Pack Vendor :STMicroelectronics eDS-WB_DPC_VIENNA 1.2.0
2026-05-02 01:01:30,053 [INFO] ThirdParty:1030 - CMSIS Pack Vendor :EmbeddedOffice I-CUBE-FS-RTOS 1.0.1
2026-05-02 01:01:30,053 [INFO] ThirdParty:1030 - CMSIS Pack Vendor :STMicroelectronics lwIP 2.0.3
2026-05-02 01:01:30,053 [INFO] ThirdParty:1030 - CMSIS Pack Vendor :WES I-CUBE-Cesium 1.4.0
2026-05-02 01:01:30,053 [INFO] ThirdParty:1030 - CMSIS Pack Vendor :STMicroelectronics eDS-WB_DPC_3PH2L-BIDIR 1.1.1
2026-05-02 01:01:30,053 [INFO] ThirdParty:1030 - CMSIS Pack Vendor :STMicroelectronics USB_HOST 1.0.0
2026-05-02 01:01:30,053 [INFO] ThirdParty:1030 - CMSIS Pack Vendor :STMicroelectronics X-CUBE-AZRTOS-G4 2.0.0
2026-05-02 01:01:30,053 [INFO] ThirdParty:1030 - CMSIS Pack Vendor :STMicroelectronics PDM2PCM 3.1.0
2026-05-02 01:01:30,053 [INFO] ThirdParty:1030 - CMSIS Pack Vendor :STMicroelectronics PDM2PCM 3.3.0
2026-05-02 01:01:30,053 [INFO] ThirdParty:1030 - CMSIS Pack Vendor :wolfSSL I-CUBE-wolfTPM 3.8.0
2026-05-02 01:01:30,053 [INFO] ThirdParty:1030 - CMSIS Pack Vendor :STMicroelectronics X-CUBE-DISPLAY 3.0.0
2026-05-02 01:01:30,053 [INFO] ThirdParty:1030 - CMSIS Pack Vendor :wolfSSL I-CUBE-wolfSSH 1.4.20
2026-05-02 01:01:30,053 [INFO] ThirdParty:1030 - CMSIS Pack Vendor :STMicroelectronics X-CUBE-NFC7 2.0.0
2026-05-02 01:01:30,053 [INFO] ThirdParty:1030 - CMSIS Pack Vendor :STMicroelectronics X-CUBE-GNSS1 7.1.1
2026-05-02 01:01:30,053 [INFO] ThirdParty:1030 - CMSIS Pack Vendor :STMicroelectronics X-CUBE-TCPP 4.2.0
2026-05-02 01:01:30,053 [INFO] ThirdParty:1030 - CMSIS Pack Vendor :RealThread X-CUBE-RT-Thread_Nano 4.1.1
2026-05-02 01:01:30,053 [INFO] ThirdParty:1030 - CMSIS Pack Vendor :STMicroelectronics FP-ATR-SIGFOX1 3.2.0
2026-05-02 01:01:30,053 [INFO] ThirdParty:1030 - CMSIS Pack Vendor :STMicroelectronics X-CUBE-NFC10 1.0.0
2026-05-02 01:01:30,053 [INFO] ThirdParty:1030 - CMSIS Pack Vendor :STMicroelectronics HAL Drivers 0.0.0
2026-05-02 01:01:30,053 [INFO] ThirdParty:1030 - CMSIS Pack Vendor :STMicroelectronics MBEDTLS 2.16.2
2026-05-02 01:01:30,053 [INFO] ThirdParty:1030 - CMSIS Pack Vendor :STMicroelectronics X-CUBE-ST60 1.1.0
2026-05-02 01:01:30,053 [INFO] ThirdParty:1030 - CMSIS Pack Vendor :STMicroelectronics X-CUBE-ALS 1.0.2
2026-05-02 01:01:30,053 [INFO] ThirdParty:1030 - CMSIS Pack Vendor :emotas I-CUBE-CANOPEN 1.3.0
2026-05-02 01:01:30,053 [INFO] ThirdParty:1030 - CMSIS Pack Vendor :STMicroelectronics MBEDTLS 2.14.1
2026-05-02 01:01:30,053 [INFO] ThirdParty:1030 - CMSIS Pack Vendor :STMicroelectronics X-CUBE-GNSS1 7.1.0
2026-05-02 01:01:30,053 [INFO] ThirdParty:1030 - CMSIS Pack Vendor :ITTIA_DB I-CUBE-ITTIADB 8.9.0
2026-05-02 01:01:30,053 [INFO] ThirdParty:1030 - CMSIS Pack Vendor :STMicroelectronics X-CUBE-TOUCHGFX 4.26.1
2026-05-02 01:01:30,053 [INFO] ThirdParty:1030 - CMSIS Pack Vendor :STMicroelectronics FP-SNS-STAIOTCFT 1.0.0
2026-05-02 01:01:30,053 [INFO] ThirdParty:1030 - CMSIS Pack Vendor :STMicroelectronics ThreadX 1.0.0
2026-05-02 01:01:30,053 [INFO] ThirdParty:1030 - CMSIS Pack Vendor :STMicroelectronics FP-SNS-SMARTAG2 1.2.0
2026-05-02 01:01:30,053 [INFO] ThirdParty:1030 - CMSIS Pack Vendor :STMicroelectronics X-CUBE-MEMS1 12.1.0
2026-05-02 01:01:30,053 [INFO] ThirdParty:1030 - CMSIS Pack Vendor :STMicroelectronics FP-SNS-FLIGHT1 5.1.0
2026-05-02 01:01:30,054 [INFO] ThirdParty:1030 - CMSIS Pack Vendor :STMicroelectronics X-CUBE-AZRTOS-WL 2.0.0
2026-05-02 01:01:30,060 [INFO] ThirdParty:1030 - CMSIS Pack Vendor :SEGGER I-CUBE-embOS 1.3.1
2026-05-02 01:01:30,060 [INFO] ThirdParty:1030 - CMSIS Pack Vendor :STMicroelectronics X-CUBE-ALGOBUILD 1.4.0
2026-05-02 01:01:30,060 [INFO] ThirdParty:1030 - CMSIS Pack Vendor :STMicroelectronics X-CUBE-DPower 1.3.0
2026-05-02 01:01:30,060 [INFO] ThirdParty:1030 - CMSIS Pack Vendor :STMicroelectronics USB_DEVICE 1.0.0
2026-05-02 01:01:30,060 [INFO] ThirdParty:1030 - CMSIS Pack Vendor :STMicroelectronics X-CUBE-AZRTOS-H7RS 1.2.0
2026-05-02 01:01:30,060 [INFO] ThirdParty:1030 - CMSIS Pack Vendor :STMicroelectronics X-CUBE-AZRTOS-L4 2.0.0
2026-05-02 01:01:30,060 [INFO] ThirdParty:1030 - CMSIS Pack Vendor :STMicroelectronics ThreadX 0.0.2
2026-05-02 01:01:30,060 [INFO] ThirdParty:1030 - CMSIS Pack Vendor :STMicroelectronics lwIP 2.1.2
2026-05-02 01:01:30,060 [INFO] ThirdParty:1030 - CMSIS Pack Vendor :STMicroelectronics X-CUBE-SFXS2LP1 4.0.0
2026-05-02 01:01:30,060 [INFO] ThirdParty:1030 - CMSIS Pack Vendor :STMicroelectronics X-CUBE-BLE2 3.3.0
2026-05-02 01:01:30,060 [INFO] ThirdParty:1030 - CMSIS Pack Vendor :Avnet-IOTCONNECT X-CUBE-iotc-st67-sdk 1.0.0
2026-05-02 01:01:30,060 [INFO] ThirdParty:1030 - CMSIS Pack Vendor :STMicroelectronics X-CUBE-TOF1 3.4.3
2026-05-02 01:01:30,060 [INFO] ThirdParty:1030 - CMSIS Pack Vendor :Infineon AIROC-Wi-Fi-Bluetooth-STM32 1.8.0
2026-05-02 01:01:30,060 [INFO] ThirdParty:1030 - CMSIS Pack Vendor :STMicroelectronics PDM2PCM 3.2.0
2026-05-02 01:01:30,060 [INFO] ThirdParty:1030 - CMSIS Pack Vendor :STMicroelectronics X-CUBE-WB05N 2.1.0
2026-05-02 01:01:30,060 [INFO] ThirdParty:1030 - CMSIS Pack Vendor :STMicroelectronics X-CUBE-ST67W61 1.2.0
2026-05-02 01:01:30,063 [INFO] ThirdParty:841 - exiting critical section [change project]
2026-05-02 01:01:30,522 [INFO] PinOutPanel:1589 - setPackage(No Configuration,No Configuration)
2026-05-02 01:01:30,528 [INFO] PinOutPanel:1589 - setPackage(STM32L432KCUx,UFQFPN32)
2026-05-02 01:01:30,783 [INFO] UtilMem:75 - Before build in PCC Used Memory: 945947672 Bytes (1073741824)
2026-05-02 01:01:31,117 [INFO] UtilMem:75 - After build in PCC Used Memory: 757201944 Bytes (1073741824)
2026-05-02 01:01:31,141 [INFO] IPUIPlugin:80 - create IPUIPlugin
2026-05-02 01:01:31,142 [INFO] IPUIPlugin:80 - create IPUIPlugin
2026-05-02 01:01:31,142 [INFO] IPUIPlugin:80 - create IPUIPlugin
2026-05-02 01:01:31,142 [INFO] IPUIPlugin:80 - create IPUIPlugin
2026-05-02 01:01:31,142 [INFO] IPUIPlugin:80 - create IPUIPlugin
2026-05-02 01:01:31,142 [INFO] IPUIPlugin:80 - create IPUIPlugin
2026-05-02 01:01:31,142 [INFO] IPUIPlugin:80 - create IPUIPlugin
2026-05-02 01:01:31,143 [INFO] IPUIPlugin:80 - create IPUIPlugin
2026-05-02 01:01:31,143 [INFO] IPUIPlugin:80 - create IPUIPlugin
2026-05-02 01:01:31,143 [INFO] IPUIPlugin:80 - create IPUIPlugin
2026-05-02 01:01:31,143 [INFO] IPUIPlugin:80 - create IPUIPlugin
2026-05-02 01:01:31,144 [INFO] IPUIPlugin:80 - create IPUIPlugin
2026-05-02 01:01:31,145 [INFO] IPUIPlugin:80 - create IPUIPlugin
2026-05-02 01:01:31,145 [INFO] IPUIPlugin:80 - create IPUIPlugin
2026-05-02 01:01:31,145 [INFO] IPUIPlugin:80 - create IPUIPlugin
2026-05-02 01:01:31,145 [INFO] IPUIPlugin:80 - create IPUIPlugin
2026-05-02 01:01:31,145 [INFO] IPUIPlugin:80 - create IPUIPlugin
2026-05-02 01:01:31,145 [INFO] IPUIPlugin:80 - create IPUIPlugin
2026-05-02 01:01:31,145 [INFO] IPUIPlugin:80 - create IPUIPlugin
2026-05-02 01:01:31,145 [INFO] IPUIPlugin:80 - create IPUIPlugin
2026-05-02 01:01:31,145 [INFO] IPUIPlugin:80 - create IPUIPlugin
2026-05-02 01:01:31,145 [INFO] IPUIPlugin:80 - create IPUIPlugin
2026-05-02 01:01:31,146 [INFO] IPUIPlugin:80 - create IPUIPlugin
2026-05-02 01:01:31,146 [INFO] IPUIPlugin:80 - create IPUIPlugin
2026-05-02 01:01:31,146 [INFO] IPUIPlugin:80 - create IPUIPlugin
2026-05-02 01:01:31,146 [INFO] IPUIPlugin:80 - create IPUIPlugin
2026-05-02 01:01:31,146 [INFO] IPUIPlugin:80 - create IPUIPlugin
2026-05-02 01:01:31,146 [INFO] IPUIPlugin:80 - create IPUIPlugin
2026-05-02 01:01:31,146 [INFO] IPUIPlugin:80 - create IPUIPlugin
2026-05-02 01:01:31,146 [INFO] IPUIPlugin:80 - create IPUIPlugin
2026-05-02 01:01:31,146 [INFO] IPUIPlugin:80 - create IPUIPlugin
2026-05-02 01:01:31,146 [INFO] IPUIPlugin:80 - create IPUIPlugin
2026-05-02 01:01:31,146 [INFO] IPUIPlugin:80 - create IPUIPlugin
2026-05-02 01:01:31,146 [INFO] IPUIPlugin:80 - create IPUIPlugin
2026-05-02 01:01:31,146 [INFO] IPUIPlugin:80 - create IPUIPlugin
2026-05-02 01:01:31,146 [INFO] IPUIPlugin:80 - create IPUIPlugin
2026-05-02 01:01:31,146 [INFO] IPUIPlugin:80 - create IPUIPlugin
2026-05-02 01:01:31,147 [INFO] IPUIPlugin:80 - create IPUIPlugin
2026-05-02 01:01:31,147 [INFO] IPUIPlugin:80 - create IPUIPlugin
2026-05-02 01:01:31,147 [INFO] IPUIPlugin:80 - create IPUIPlugin
2026-05-02 01:01:31,147 [INFO] IPUIPlugin:80 - create IPUIPlugin
2026-05-02 01:01:31,218 [INFO] CADModel:165 - CPN selected for project levelSTM32L432KCU3
2026-05-02 01:01:31,218 [INFO] CADModel:114 - Register for checkConnection events
2026-05-02 01:01:31,260 [INFO] OpenFileManager:386 - Restore cursor
2026-05-02 01:01:49,468 [INFO] MainUpdater:2872 - connection check result : 10
2026-05-02 01:01:49,468 [INFO] MainUpdater:2872 - connection check result : 10
2026-05-02 01:01:49,636 [INFO] I2cTimingTraitement:330 - 0x00100D14
2026-05-02 01:01:49,639 [INFO] MicroXplorer:468 - Change Database Path : 
2026-05-02 01:01:49,639 [INFO] MicroXplorer:498 - Change Database Version : DB.6.0.150
2026-05-02 01:01:49,649 [ERROR] ProjectManagerView:395 - 
java.lang.NullPointerException: Cannot invoke "javax.swing.JTextField.getText()" because the return value of "java.util.List.get(int)" is null
	at com.st.microxplorer.plugins.projectmanager.gui.ProjectChoiceTab$9.caretUpdate(ProjectChoiceTab.java:2706) ~[filemanager.jar:?]
	at javax.swing.text.JTextComponent.fireCaretUpdate(JTextComponent.java:408) ~[?:?]
	at javax.swing.text.JTextComponent$MutableCaretEvent.fire(JTextComponent.java:4484) ~[?:?]
	at javax.swing.text.JTextComponent$MutableCaretEvent.stateChanged(JTextComponent.java:4506) ~[?:?]
	at javax.swing.text.DefaultCaret.fireStateChanged(DefaultCaret.java:857) ~[?:?]
	at javax.swing.text.DefaultCaret.changeCaretPosition(DefaultCaret.java:1343) ~[?:?]
	at javax.swing.text.DefaultCaret.handleSetDot(DefaultCaret.java:1242) ~[?:?]
	at javax.swing.text.DefaultCaret.setDot(DefaultCaret.java:1223) ~[?:?]
	at javax.swing.text.DefaultCaret$Handler.insertUpdate(DefaultCaret.java:1819) ~[?:?]
	at javax.swing.text.AbstractDocument.fireInsertUpdate(AbstractDocument.java:227) ~[?:?]
	at javax.swing.text.AbstractDocument.handleInsertString(AbstractDocument.java:781) ~[?:?]
	at javax.swing.text.AbstractDocument.insertString(AbstractDocument.java:740) ~[?:?]
	at javax.swing.text.PlainDocument.insertString(PlainDocument.java:131) ~[?:?]
	at javax.swing.text.AbstractDocument.replace(AbstractDocument.java:699) ~[?:?]
	at javax.swing.text.JTextComponent.setText(JTextComponent.java:1725) ~[?:?]
	at com.st.microxplorer.plugins.projectmanager.gui.ProjectChoiceTab.createHeapStackFields(ProjectChoiceTab.java:993) ~[filemanager.jar:?]
	at com.st.microxplorer.plugins.projectmanager.gui.ProjectChoiceTab.buildLinkSettingsPanel(ProjectChoiceTab.java:3813) ~[filemanager.jar:?]
	at com.st.microxplorer.plugins.projectmanager.gui.ProjectChoiceTab.defineWindowsFields(ProjectChoiceTab.java:1987) ~[filemanager.jar:?]
	at com.st.microxplorer.plugins.projectmanager.gui.ProjectChoiceTab.updateSettings(ProjectChoiceTab.java:558) ~[filemanager.jar:?]
	at com.st.microxplorer.plugins.projectmanager.gui.ProjectSettingsPanel.UpdateDialog(ProjectSettingsPanel.java:247) ~[filemanager.jar:?]
	at com.st.microxplorer.plugins.projectmanager.ProjectManagerView.propertyChange(ProjectManagerView.java:392) ~[filemanager.jar:?]
	at java.beans.PropertyChangeSupport.fire(PropertyChangeSupport.java:343) ~[?:?]
	at java.beans.PropertyChangeSupport.firePropertyChange(PropertyChangeSupport.java:335) ~[?:?]
	at java.beans.PropertyChangeSupport.firePropertyChange(PropertyChangeSupport.java:268) ~[?:?]
	at com.st.microxplorer.util.MXPropertyChangeSupport.firePropertyChange(MXPropertyChangeSupport.java:54) ~[STM32CubeMX.jar:?]
	at com.st.microxplorer.mxsystem.MxSystem.closeConfig(MxSystem.java:899) ~[STM32CubeMX.jar:?]
	at com.st.microxplorer.maingui.MainPanel.closeConfig(MainPanel.java:792) ~[STM32CubeMX.jar:?]
	at com.st.microxplorer.plugins.filemanager.engine.OpenFileManager.loadConfigurationFile(OpenFileManager.java:288) ~[filemanager.jar:?]
	at com.st.microxplorer.plugins.filemanager.engine.MainFileManager.userLoadConfig(MainFileManager.java:364) ~[filemanager.jar:?]
	at com.st.microxplorer.plugins.filemanager.engine.MainFileManager.userLoadConfig(MainFileManager.java:342) ~[filemanager.jar:?]
	at com.st.microxplorer.plugins.filemanager.FileManagerView.getSpecificTask(FileManagerView.java:264) ~[filemanager.jar:?]
	at com.st.stm32cube.common.mx.editor.CubeMxEditor.getMxTabbedPaneInstance(CubeMxEditor.java:1198) ~[com.st.stm32cube.common.mx_6.15.0.202507011659/:?]
	at com.st.stm32cube.common.mx.editor.CubeMxEditor$12$1.createSwingComponent(CubeMxEditor.java:1068) ~[com.st.stm32cube.common.mx_6.15.0.202507011659/:?]
	at com.st.stm32cube.common.mx.oss.core.awtswtbridge.EmbeddedSwingComposite.doComponentCreation(EmbeddedSwingComposite.java:492) ~[com.st.stm32cube.common.mx.oss_6.15.0.202507011659/:?]
	at com.st.stm32cube.common.mx.oss.core.awtswtbridge.EmbeddedSwingComposite$4.run(EmbeddedSwingComposite.java:291) ~[com.st.stm32cube.common.mx.oss_6.15.0.202507011659/:?]
	at com.st.stm32cube.common.mx.oss.core.awtswtbridge.AwtEnvironment$2.run(AwtEnvironment.java:166) ~[com.st.stm32cube.common.mx.oss_6.15.0.202507011659/:?]
	at java.awt.event.InvocationEvent.dispatch(InvocationEvent.java:318) ~[?:?]
	at java.awt.EventQueue.dispatchEventImpl(EventQueue.java:773) ~[?:?]
	at java.awt.EventQueue$4.run(EventQueue.java:720) ~[?:?]
	at java.awt.EventQueue$4.run(EventQueue.java:714) ~[?:?]
	at java.security.AccessController.doPrivileged(AccessController.java:400) ~[?:?]
	at java.security.ProtectionDomain$JavaSecurityAccessImpl.doIntersectionPrivilege(ProtectionDomain.java:87) ~[?:?]
	at java.awt.EventQueue.dispatchEvent(EventQueue.java:742) ~[?:?]
	at java.awt.EventDispatchThread.pumpOneEventForFilters(EventDispatchThread.java:203) ~[?:?]
	at java.awt.EventDispatchThread.pumpEventsForFilter(EventDispatchThread.java:124) ~[?:?]
	at java.awt.EventDispatchThread.pumpEventsForHierarchy(EventDispatchThread.java:113) ~[?:?]
	at java.awt.EventDispatchThread.pumpEvents(EventDispatchThread.java:109) ~[?:?]
	at java.awt.EventDispatchThread.pumpEvents(EventDispatchThread.java:101) ~[?:?]
	at java.awt.EventDispatchThread.run(EventDispatchThread.java:90) ~[?:?]
2026-05-02 01:01:49,652 [WARN] ThirdParty:871 - waiting for thirdparty lock release [close project]
2026-05-02 01:01:49,652 [INFO] ThirdParty:873 - entering critical section [close project]
2026-05-02 01:01:49,652 [INFO] ThirdParty:883 - exiting critical section [close project]
2026-05-02 01:01:49,653 [INFO] PinOutPanel:1589 - setPackage(No Configuration,No Configuration)
2026-05-02 01:01:49,655 [INFO] UtilMem:75 - Begin LoadConfig() Used Memory: 920705000 Bytes (1073741824)
2026-05-02 01:01:49,655 [INFO] MicroXplorer:468 - Change Database Path : 
2026-05-02 01:01:49,655 [INFO] MicroXplorer:498 - Change Database Version : DB.6.0.150
2026-05-02 01:01:49,655 [INFO] OpenFileManager:355 - Change cursor
2026-05-02 01:01:49,665 [INFO] Mcu:2029 - Initializing MCU STM32L432K(B-C)Ux STM32L432KCUx STM32L432KCU3
2026-05-02 01:01:50,534 [INFO] Context:786 - Trying to add GPIOservice into a context  which must be forbidden
2026-05-02 01:01:50,844 [INFO] ImportTextPane:234 - (OptionalMessage_ERROR) Pin10 (VP_RIF_VS_RIF1) cannot be retrieved for this MCU
2026-05-02 01:01:50,935 [INFO] RtosManager:558 - Registered RTOS mode: class=CMSIS, group=RTOS, mode=CMSIS_V1, owner=FREERTOS
2026-05-02 01:01:50,935 [INFO] RtosManager:558 - Registered RTOS mode: class=CMSIS, group=RTOS2, mode=CMSIS_V2, owner=FREERTOS
2026-05-02 01:01:50,935 [INFO] RtosManager:558 - Registered RTOS mode: class=RTOS, group=Core, mode=CMSIS_V1, owner=FREERTOS
2026-05-02 01:01:50,935 [INFO] RtosManager:558 - Registered RTOS mode: class=RTOS, group=Core, mode=CMSIS_V2, owner=FREERTOS
2026-05-02 01:01:50,935 [WARN] ModelIntegratedComponent:184 - Missing modes for component STMicroelectronics:FreeRTOS:0.0.1:STMicroelectronics:RTOS:FreeRTOS:Core:::10.2.0:
2026-05-02 01:01:50,938 [WARN] ModelIntegratedComponent:63 - No mode defined for component null
2026-05-02 01:01:50,938 [WARN] ModelIntegratedComponent:63 - No mode defined for component null
2026-05-02 01:01:50,938 [WARN] ModelIntegratedComponent:63 - No mode defined for component null
2026-05-02 01:01:50,938 [WARN] ModelIntegratedComponent:63 - No mode defined for component null
2026-05-02 01:01:50,938 [WARN] ModelIntegratedComponent:63 - No mode defined for component null
2026-05-02 01:01:50,938 [WARN] ModelIntegratedComponent:63 - No mode defined for component null
2026-05-02 01:01:50,938 [WARN] ModelIntegratedComponent:63 - No mode defined for component null
2026-05-02 01:01:50,938 [WARN] ModelIntegratedComponent:63 - No mode defined for component null
2026-05-02 01:01:50,938 [WARN] ModelIntegratedComponent:63 - No mode defined for component null
2026-05-02 01:01:50,938 [WARN] ModelIntegratedComponent:63 - No mode defined for component null
2026-05-02 01:01:50,938 [WARN] ModelIntegratedComponent:63 - No mode defined for component null
2026-05-02 01:01:50,938 [WARN] ModelIntegratedComponent:63 - No mode defined for component null
2026-05-02 01:01:50,938 [WARN] ModelIntegratedComponent:63 - No mode defined for component null
2026-05-02 01:01:50,938 [WARN] ModelIntegratedComponent:63 - No mode defined for component null
2026-05-02 01:01:50,938 [WARN] ModelIntegratedComponent:63 - No mode defined for component null
2026-05-02 01:01:50,938 [WARN] ModelIntegratedComponent:63 - No mode defined for component null
2026-05-02 01:01:50,938 [WARN] ModelIntegratedComponent:63 - No mode defined for component null
2026-05-02 01:01:50,938 [WARN] ModelIntegratedComponent:63 - No mode defined for component null
2026-05-02 01:01:50,938 [WARN] ModelIntegratedComponent:63 - No mode defined for component null
2026-05-02 01:01:50,938 [WARN] ModelIntegratedComponent:63 - No mode defined for component null
2026-05-02 01:01:50,938 [WARN] ModelIntegratedComponent:63 - No mode defined for component null
2026-05-02 01:01:50,938 [WARN] ModelIntegratedComponent:63 - No mode defined for component null
2026-05-02 01:01:50,938 [WARN] ModelIntegratedComponent:63 - No mode defined for component null
2026-05-02 01:01:50,939 [WARN] ModelIntegratedComponent:63 - No mode defined for component null
2026-05-02 01:01:50,939 [WARN] ModelIntegratedComponent:63 - No mode defined for component null
2026-05-02 01:01:50,939 [WARN] ModelIntegratedComponent:63 - No mode defined for component null
2026-05-02 01:01:50,939 [WARN] ModelIntegratedComponent:63 - No mode defined for component null
2026-05-02 01:01:50,939 [WARN] ModelIntegratedComponent:63 - No mode defined for component null
2026-05-02 01:01:50,939 [WARN] ModelIntegratedComponent:63 - No mode defined for component null
2026-05-02 01:01:50,939 [WARN] ModelIntegratedComponent:63 - No mode defined for component null
2026-05-02 01:01:50,939 [WARN] ModelIntegratedComponent:63 - No mode defined for component null
2026-05-02 01:01:50,939 [WARN] ModelIntegratedComponent:63 - No mode defined for component null
2026-05-02 01:01:50,939 [WARN] ModelIntegratedComponent:63 - No mode defined for component null
2026-05-02 01:01:50,939 [WARN] ModelIntegratedComponent:63 - No mode defined for component null
2026-05-02 01:01:50,939 [WARN] ModelIntegratedComponent:63 - No mode defined for component null
2026-05-02 01:01:50,939 [WARN] ModelPack:524 - Component already loaded: STMicroelectronics:HAL Drivers:0.0.0:STMicroelectronics:Device:STMicro_Driver:XSPI:HAL::0.0.1:HAL_XSPI
2026-05-02 01:01:50,966 [INFO] ThirdPartyModel:298 - Start build external matchings
2026-05-02 01:01:51,137 [INFO] ThirdPartyModel:316 - End build external matchings
2026-05-02 01:01:51,154 [INFO] ImportTextPane:234 - (OptionalMessage_ERROR) IP (RCC) : Invalid parameter (48CLKFreq_Value)
2026-05-02 01:01:51,154 [INFO] ImportTextPane:234 - (OptionalMessage_ERROR) IP (RCC) : Invalid parameter (FamilyName)
2026-05-02 01:01:51,154 [INFO] ImportTextPane:234 - (OptionalMessage_ERROR) IP (RCC) : Invalid parameter (HSI16_VALUE)
2026-05-02 01:01:51,155 [INFO] ImportTextPane:234 - (OptionalMessage_ERROR) IP (RCC) : Invalid parameter (LPTIMFreq_Value)
2026-05-02 01:01:51,155 [INFO] ImportTextPane:234 - (OptionalMessage_ERROR) IP (RCC) : Invalid parameter (LPUARTFreq_Value)
2026-05-02 01:01:51,155 [INFO] ImportTextPane:234 - (OptionalMessage_ERROR) IP (RCC) : Invalid parameter (MCOPinFreq_Value)
2026-05-02 01:01:51,155 [INFO] ImportTextPane:234 - (OptionalMessage_ERROR) IP (RCC) : Invalid parameter (PLLCLKFreq_Value)
2026-05-02 01:01:51,155 [INFO] ImportTextPane:234 - (OptionalMessage_ERROR) IP (RCC) : Invalid parameter (PLLMUL)
2026-05-02 01:01:51,156 [INFO] ImportTextPane:234 - (OptionalMessage_ERROR) IP (RCC) : Invalid parameter (RTCHSEDivFreq_Value)
2026-05-02 01:01:51,156 [INFO] ImportTextPane:234 - (OptionalMessage_ERROR) IP (RCC) : Invalid parameter (TIMFreq_Value)
2026-05-02 01:01:51,156 [INFO] ImportTextPane:234 - (OptionalMessage_ERROR) IP (RCC) : Invalid parameter (TimerFreq_Value)
2026-05-02 01:01:51,267 [INFO] UtilMem:75 - End LoadConfig() Used Memory: 847410624 Bytes (1073741824)
2026-05-02 01:01:51,336 [WARN] ThirdParty:833 - waiting for thirdparty lock release [change project]
2026-05-02 01:01:51,349 [INFO] ThirdParty:835 - entering critical section [change project]
2026-05-02 01:01:51,351 [INFO] ThirdParty:1030 - CMSIS Pack Vendor :STMicroelectronics X-CUBE-AZRTOS-H7 3.5.0
2026-05-02 01:01:51,351 [INFO] ThirdParty:1030 - CMSIS Pack Vendor :STMicroelectronics X-CUBE-PM33A1 1.0.0
2026-05-02 01:01:51,351 [INFO] ThirdParty:1030 - CMSIS Pack Vendor :STMicroelectronics USBPD 4.1
2026-05-02 01:01:51,351 [INFO] ThirdParty:1030 - CMSIS Pack Vendor :STMicroelectronics X-CUBE-NFC9 1.0.0
2026-05-02 01:01:51,351 [INFO] ThirdParty:1030 - CMSIS Pack Vendor :STMicroelectronics USB_HOST 2.0.0
2026-05-02 01:01:51,351 [INFO] ThirdParty:1030 - CMSIS Pack Vendor :STMicroelectronics X-CUBE-AZRTOS-F4 1.1.0
2026-05-02 01:01:51,351 [INFO] ThirdParty:1030 - CMSIS Pack Vendor :STMicroelectronics LIBJPEG 8.0.0
2026-05-02 01:01:51,351 [INFO] ThirdParty:1030 - CMSIS Pack Vendor :STMicroelectronics FP-ATR-ASTRA1 2.0.2
2026-05-02 01:01:51,351 [INFO] ThirdParty:1030 - CMSIS Pack Vendor :STMicroelectronics X-CUBE-BLE1 7.1.0
2026-05-02 01:01:51,351 [INFO] ThirdParty:1030 - CMSIS Pack Vendor :STMicroelectronics X-CUBE-SMBUS 2.1.0
2026-05-02 01:01:51,351 [INFO] ThirdParty:1030 - CMSIS Pack Vendor :wolfSSL I-CUBE-wolfMQTT 1.19.2
2026-05-02 01:01:51,351 [INFO] ThirdParty:1030 - CMSIS Pack Vendor :STMicroelectronics USB_DEVICE 3.0.0
2026-05-02 01:01:51,351 [INFO] ThirdParty:1030 - CMSIS Pack Vendor :STMicroelectronics X-CUBE-ISPU 2.1.0
2026-05-02 01:01:51,351 [INFO] ThirdParty:1030 - CMSIS Pack Vendor :STMicroelectronics eDS-WB_DPC_TT-BIDIR 2.1.1
2026-05-02 01:01:51,351 [INFO] ThirdParty:1030 - CMSIS Pack Vendor :STMicroelectronics X-CUBE-AZRTOS-WB 2.0.0
2026-05-02 01:01:51,351 [INFO] ThirdParty:1030 - CMSIS Pack Vendor :wolfSSL I-CUBE-wolfSSL 5.8.4
2026-05-02 01:01:51,351 [INFO] ThirdParty:1030 - CMSIS Pack Vendor :Cesanta I-CUBE-Mongoose 7.20.0
2026-05-02 01:01:51,351 [INFO] ThirdParty:1030 - CMSIS Pack Vendor :STMicroelectronics X-CUBE-AZRTOS-F7 1.1.0
2026-05-02 01:01:51,351 [INFO] ThirdParty:1030 - CMSIS Pack Vendor :STMicroelectronics X-CUBE-AZRTOS-L5 2.0.0
2026-05-02 01:01:51,351 [INFO] ThirdParty:1030 - CMSIS Pack Vendor :STMicroelectronics USB_DEVICE 2.0.0
2026-05-02 01:01:51,351 [INFO] ThirdParty:1030 - CMSIS Pack Vendor :STMicroelectronics FP-SNS-STAIOTCFT 1.1.0
2026-05-02 01:01:51,351 [INFO] ThirdParty:1030 - CMSIS Pack Vendor :quantropi X-CUBE-qispace-sdk-base 2.1.0
2026-05-02 01:01:51,351 [INFO] ThirdParty:1030 - CMSIS Pack Vendor :STMicroelectronics X-CUBE-MEMS1 12.0.0
2026-05-02 01:01:51,351 [INFO] ThirdParty:1030 - CMSIS Pack Vendor :STMicroelectronics X-CUBE-STSE01 2.0.0
2026-05-02 01:01:51,351 [INFO] ThirdParty:1030 - CMSIS Pack Vendor :STMicroelectronics FreeRTOS 0.0.1
2026-05-02 01:01:51,351 [INFO] ThirdParty:1030 - CMSIS Pack Vendor :STMicroelectronics X-CUBE-AZRTOS-G0 1.1.0
2026-05-02 01:01:51,351 [INFO] ThirdParty:1030 - CMSIS Pack Vendor :STMicroelectronics X-CUBE-NFC4 3.0.0
2026-05-02 01:01:51,351 [INFO] ThirdParty:1030 - CMSIS Pack Vendor :STMicroelectronics X-CUBE-SUBG2 5.0.0
2026-05-02 01:01:51,351 [INFO] ThirdParty:1030 - CMSIS Pack Vendor :STMicroelectronics STM32_WPAN 1.0.0
2026-05-02 01:01:51,351 [INFO] ThirdParty:1030 - CMSIS Pack Vendor :STMicroelectronics eDS-WB_DPC_VIENNA 1.2.0
2026-05-02 01:01:51,351 [INFO] ThirdParty:1030 - CMSIS Pack Vendor :EmbeddedOffice I-CUBE-FS-RTOS 1.0.1
2026-05-02 01:01:51,351 [INFO] ThirdParty:1030 - CMSIS Pack Vendor :STMicroelectronics lwIP 2.0.3
2026-05-02 01:01:51,351 [INFO] ThirdParty:1030 - CMSIS Pack Vendor :WES I-CUBE-Cesium 1.4.0
2026-05-02 01:01:51,351 [INFO] ThirdParty:1030 - CMSIS Pack Vendor :STMicroelectronics eDS-WB_DPC_3PH2L-BIDIR 1.1.1
2026-05-02 01:01:51,351 [INFO] ThirdParty:1030 - CMSIS Pack Vendor :STMicroelectronics USB_HOST 1.0.0
2026-05-02 01:01:51,351 [INFO] ThirdParty:1030 - CMSIS Pack Vendor :STMicroelectronics X-CUBE-AZRTOS-G4 2.0.0
2026-05-02 01:01:51,351 [INFO] ThirdParty:1030 - CMSIS Pack Vendor :STMicroelectronics PDM2PCM 3.1.0
2026-05-02 01:01:51,351 [INFO] ThirdParty:1030 - CMSIS Pack Vendor :STMicroelectronics PDM2PCM 3.3.0
2026-05-02 01:01:51,351 [INFO] ThirdParty:1030 - CMSIS Pack Vendor :wolfSSL I-CUBE-wolfTPM 3.8.0
2026-05-02 01:01:51,351 [INFO] ThirdParty:1030 - CMSIS Pack Vendor :STMicroelectronics X-CUBE-DISPLAY 3.0.0
2026-05-02 01:01:51,351 [INFO] ThirdParty:1030 - CMSIS Pack Vendor :wolfSSL I-CUBE-wolfSSH 1.4.20
2026-05-02 01:01:51,351 [INFO] ThirdParty:1030 - CMSIS Pack Vendor :STMicroelectronics X-CUBE-NFC7 2.0.0
2026-05-02 01:01:51,351 [INFO] ThirdParty:1030 - CMSIS Pack Vendor :STMicroelectronics X-CUBE-GNSS1 7.1.1
2026-05-02 01:01:51,351 [INFO] ThirdParty:1030 - CMSIS Pack Vendor :STMicroelectronics X-CUBE-TCPP 4.2.0
2026-05-02 01:01:51,351 [INFO] ThirdParty:1030 - CMSIS Pack Vendor :RealThread X-CUBE-RT-Thread_Nano 4.1.1
2026-05-02 01:01:51,352 [INFO] ThirdParty:1030 - CMSIS Pack Vendor :STMicroelectronics FP-ATR-SIGFOX1 3.2.0
2026-05-02 01:01:51,352 [INFO] ThirdParty:1030 - CMSIS Pack Vendor :STMicroelectronics X-CUBE-NFC10 1.0.0
2026-05-02 01:01:51,352 [INFO] ThirdParty:1030 - CMSIS Pack Vendor :STMicroelectronics HAL Drivers 0.0.0
2026-05-02 01:01:51,352 [INFO] ThirdParty:1030 - CMSIS Pack Vendor :STMicroelectronics MBEDTLS 2.16.2
2026-05-02 01:01:51,352 [INFO] ThirdParty:1030 - CMSIS Pack Vendor :STMicroelectronics X-CUBE-ST60 1.1.0
2026-05-02 01:01:51,352 [INFO] ThirdParty:1030 - CMSIS Pack Vendor :STMicroelectronics X-CUBE-ALS 1.0.2
2026-05-02 01:01:51,352 [INFO] ThirdParty:1030 - CMSIS Pack Vendor :emotas I-CUBE-CANOPEN 1.3.0
2026-05-02 01:01:51,352 [INFO] ThirdParty:1030 - CMSIS Pack Vendor :STMicroelectronics MBEDTLS 2.14.1
2026-05-02 01:01:51,352 [INFO] ThirdParty:1030 - CMSIS Pack Vendor :STMicroelectronics X-CUBE-GNSS1 7.1.0
2026-05-02 01:01:51,352 [INFO] ThirdParty:1030 - CMSIS Pack Vendor :ITTIA_DB I-CUBE-ITTIADB 8.9.0
2026-05-02 01:01:51,352 [INFO] ThirdParty:1030 - CMSIS Pack Vendor :STMicroelectronics X-CUBE-TOUCHGFX 4.26.1
2026-05-02 01:01:51,352 [INFO] ThirdParty:1030 - CMSIS Pack Vendor :STMicroelectronics FP-SNS-STAIOTCFT 1.0.0
2026-05-02 01:01:51,352 [INFO] ThirdParty:1030 - CMSIS Pack Vendor :STMicroelectronics ThreadX 1.0.0
2026-05-02 01:01:51,352 [INFO] ThirdParty:1030 - CMSIS Pack Vendor :STMicroelectronics FP-SNS-SMARTAG2 1.2.0
2026-05-02 01:01:51,352 [INFO] ThirdParty:1030 - CMSIS Pack Vendor :STMicroelectronics X-CUBE-MEMS1 12.1.0
2026-05-02 01:01:51,352 [INFO] ThirdParty:1030 - CMSIS Pack Vendor :STMicroelectronics FP-SNS-FLIGHT1 5.1.0
2026-05-02 01:01:51,352 [INFO] ThirdParty:1030 - CMSIS Pack Vendor :STMicroelectronics X-CUBE-AZRTOS-WL 2.0.0
2026-05-02 01:01:51,352 [INFO] ThirdParty:1030 - CMSIS Pack Vendor :SEGGER I-CUBE-embOS 1.3.1
2026-05-02 01:01:51,352 [INFO] ThirdParty:1030 - CMSIS Pack Vendor :STMicroelectronics X-CUBE-ALGOBUILD 1.4.0
2026-05-02 01:01:51,352 [INFO] ThirdParty:1030 - CMSIS Pack Vendor :STMicroelectronics X-CUBE-DPower 1.3.0
2026-05-02 01:01:51,352 [INFO] ThirdParty:1030 - CMSIS Pack Vendor :STMicroelectronics USB_DEVICE 1.0.0
2026-05-02 01:01:51,352 [INFO] ThirdParty:1030 - CMSIS Pack Vendor :STMicroelectronics X-CUBE-AZRTOS-H7RS 1.2.0
2026-05-02 01:01:51,352 [INFO] ThirdParty:1030 - CMSIS Pack Vendor :STMicroelectronics X-CUBE-AZRTOS-L4 2.0.0
2026-05-02 01:01:51,352 [INFO] ThirdParty:1030 - CMSIS Pack Vendor :STMicroelectronics ThreadX 0.0.2
2026-05-02 01:01:51,352 [INFO] ThirdParty:1030 - CMSIS Pack Vendor :STMicroelectronics lwIP 2.1.2
2026-05-02 01:01:51,352 [INFO] ThirdParty:1030 - CMSIS Pack Vendor :STMicroelectronics X-CUBE-SFXS2LP1 4.0.0
2026-05-02 01:01:51,352 [INFO] ThirdParty:1030 - CMSIS Pack Vendor :STMicroelectronics X-CUBE-BLE2 3.3.0
2026-05-02 01:01:51,352 [INFO] ThirdParty:1030 - CMSIS Pack Vendor :Avnet-IOTCONNECT X-CUBE-iotc-st67-sdk 1.0.0
2026-05-02 01:01:51,352 [INFO] ThirdParty:1030 - CMSIS Pack Vendor :STMicroelectronics X-CUBE-TOF1 3.4.3
2026-05-02 01:01:51,352 [INFO] ThirdParty:1030 - CMSIS Pack Vendor :Infineon AIROC-Wi-Fi-Bluetooth-STM32 1.8.0
2026-05-02 01:01:51,352 [INFO] ThirdParty:1030 - CMSIS Pack Vendor :STMicroelectronics PDM2PCM 3.2.0
2026-05-02 01:01:51,352 [INFO] ThirdParty:1030 - CMSIS Pack Vendor :STMicroelectronics X-CUBE-WB05N 2.1.0
2026-05-02 01:01:51,352 [INFO] ThirdParty:1030 - CMSIS Pack Vendor :STMicroelectronics X-CUBE-ST67W61 1.2.0
2026-05-02 01:01:51,353 [INFO] ThirdParty:841 - exiting critical section [change project]
2026-05-02 01:01:51,729 [INFO] PinOutPanel:1589 - setPackage(No Configuration,No Configuration)
2026-05-02 01:01:51,730 [INFO] PinOutPanel:1589 - setPackage(STM32L432KCUx,UFQFPN32)
2026-05-02 01:01:52,396 [INFO] UtilMem:75 - Before build in PCC Used Memory: 750477432 Bytes (1073741824)
2026-05-02 01:01:52,893 [INFO] UtilMem:75 - After build in PCC Used Memory: 842752120 Bytes (1073741824)
2026-05-02 01:01:52,959 [INFO] IPUIPlugin:80 - create IPUIPlugin
2026-05-02 01:01:52,959 [INFO] IPUIPlugin:80 - create IPUIPlugin
2026-05-02 01:01:52,959 [INFO] IPUIPlugin:80 - create IPUIPlugin
2026-05-02 01:01:52,960 [INFO] IPUIPlugin:80 - create IPUIPlugin
2026-05-02 01:01:52,960 [INFO] IPUIPlugin:80 - create IPUIPlugin
2026-05-02 01:01:52,960 [INFO] IPUIPlugin:80 - create IPUIPlugin
2026-05-02 01:01:52,960 [INFO] IPUIPlugin:80 - create IPUIPlugin
2026-05-02 01:01:52,960 [INFO] IPUIPlugin:80 - create IPUIPlugin
2026-05-02 01:01:52,960 [INFO] IPUIPlugin:80 - create IPUIPlugin
2026-05-02 01:01:52,960 [INFO] IPUIPlugin:80 - create IPUIPlugin
2026-05-02 01:01:52,960 [INFO] IPUIPlugin:80 - create IPUIPlugin
2026-05-02 01:01:52,960 [INFO] IPUIPlugin:80 - create IPUIPlugin
2026-05-02 01:01:52,960 [INFO] IPUIPlugin:80 - create IPUIPlugin
2026-05-02 01:01:52,960 [INFO] IPUIPlugin:80 - create IPUIPlugin
2026-05-02 01:01:52,961 [INFO] IPUIPlugin:80 - create IPUIPlugin
2026-05-02 01:01:52,961 [INFO] IPUIPlugin:80 - create IPUIPlugin
2026-05-02 01:01:52,961 [INFO] IPUIPlugin:80 - create IPUIPlugin
2026-05-02 01:01:52,961 [INFO] IPUIPlugin:80 - create IPUIPlugin
2026-05-02 01:01:52,961 [INFO] IPUIPlugin:80 - create IPUIPlugin
2026-05-02 01:01:52,961 [INFO] IPUIPlugin:80 - create IPUIPlugin
2026-05-02 01:01:52,961 [INFO] IPUIPlugin:80 - create IPUIPlugin
2026-05-02 01:01:52,961 [INFO] IPUIPlugin:80 - create IPUIPlugin
2026-05-02 01:01:52,961 [INFO] IPUIPlugin:80 - create IPUIPlugin
2026-05-02 01:01:52,961 [INFO] IPUIPlugin:80 - create IPUIPlugin
2026-05-02 01:01:52,961 [INFO] IPUIPlugin:80 - create IPUIPlugin
2026-05-02 01:01:52,961 [INFO] IPUIPlugin:80 - create IPUIPlugin
2026-05-02 01:01:52,962 [INFO] IPUIPlugin:80 - create IPUIPlugin
2026-05-02 01:01:52,962 [INFO] IPUIPlugin:80 - create IPUIPlugin
2026-05-02 01:01:52,962 [INFO] IPUIPlugin:80 - create IPUIPlugin
2026-05-02 01:01:52,962 [INFO] IPUIPlugin:80 - create IPUIPlugin
2026-05-02 01:01:52,962 [INFO] IPUIPlugin:80 - create IPUIPlugin
2026-05-02 01:01:52,962 [INFO] IPUIPlugin:80 - create IPUIPlugin
2026-05-02 01:01:52,962 [INFO] IPUIPlugin:80 - create IPUIPlugin
2026-05-02 01:01:52,962 [INFO] IPUIPlugin:80 - create IPUIPlugin
2026-05-02 01:01:52,962 [INFO] IPUIPlugin:80 - create IPUIPlugin
2026-05-02 01:01:52,962 [INFO] IPUIPlugin:80 - create IPUIPlugin
2026-05-02 01:01:52,962 [INFO] IPUIPlugin:80 - create IPUIPlugin
2026-05-02 01:01:52,962 [INFO] IPUIPlugin:80 - create IPUIPlugin
2026-05-02 01:01:52,963 [INFO] IPUIPlugin:80 - create IPUIPlugin
2026-05-02 01:01:52,963 [INFO] IPUIPlugin:80 - create IPUIPlugin
2026-05-02 01:01:52,963 [INFO] IPUIPlugin:80 - create IPUIPlugin
2026-05-02 01:01:53,042 [INFO] CADModel:165 - CPN selected for project levelSTM32L432KCU3
2026-05-02 01:01:53,042 [INFO] CADModel:114 - Register for checkConnection events
2026-05-02 01:01:53,091 [INFO] OpenFileManager:386 - Restore cursor
2026-05-02 01:02:32,743 [INFO] MainUpdater:2872 - connection check result : 10
2026-05-02 01:02:32,744 [INFO] MainUpdater:2872 - connection check result : 10
2026-05-02 01:02:33,030 [INFO] MicroXplorer:468 - Change Database Path : 
2026-05-02 01:02:33,030 [INFO] MicroXplorer:498 - Change Database Version : DB.6.0.150
2026-05-02 01:02:33,055 [ERROR] ProjectManagerView:395 - 
java.lang.NullPointerException: Cannot invoke "javax.swing.JTextField.getText()" because the return value of "java.util.List.get(int)" is null
	at com.st.microxplorer.plugins.projectmanager.gui.ProjectChoiceTab$9.caretUpdate(ProjectChoiceTab.java:2706) ~[filemanager.jar:?]
	at javax.swing.text.JTextComponent.fireCaretUpdate(JTextComponent.java:408) ~[?:?]
	at javax.swing.text.JTextComponent$MutableCaretEvent.fire(JTextComponent.java:4484) ~[?:?]
	at javax.swing.text.JTextComponent$MutableCaretEvent.stateChanged(JTextComponent.java:4506) ~[?:?]
	at javax.swing.text.DefaultCaret.fireStateChanged(DefaultCaret.java:857) ~[?:?]
	at javax.swing.text.DefaultCaret.changeCaretPosition(DefaultCaret.java:1343) ~[?:?]
	at javax.swing.text.DefaultCaret.handleSetDot(DefaultCaret.java:1242) ~[?:?]
	at javax.swing.text.DefaultCaret.setDot(DefaultCaret.java:1223) ~[?:?]
	at javax.swing.text.DefaultCaret$Handler.insertUpdate(DefaultCaret.java:1819) ~[?:?]
	at javax.swing.text.AbstractDocument.fireInsertUpdate(AbstractDocument.java:227) ~[?:?]
	at javax.swing.text.AbstractDocument.handleInsertString(AbstractDocument.java:781) ~[?:?]
	at javax.swing.text.AbstractDocument.insertString(AbstractDocument.java:740) ~[?:?]
	at javax.swing.text.PlainDocument.insertString(PlainDocument.java:131) ~[?:?]
	at javax.swing.text.AbstractDocument.replace(AbstractDocument.java:699) ~[?:?]
	at javax.swing.text.JTextComponent.setText(JTextComponent.java:1725) ~[?:?]
	at com.st.microxplorer.plugins.projectmanager.gui.ProjectChoiceTab.createHeapStackFields(ProjectChoiceTab.java:993) ~[filemanager.jar:?]
	at com.st.microxplorer.plugins.projectmanager.gui.ProjectChoiceTab.buildLinkSettingsPanel(ProjectChoiceTab.java:3813) ~[filemanager.jar:?]
	at com.st.microxplorer.plugins.projectmanager.gui.ProjectChoiceTab.defineWindowsFields(ProjectChoiceTab.java:1987) ~[filemanager.jar:?]
	at com.st.microxplorer.plugins.projectmanager.gui.ProjectChoiceTab.updateSettings(ProjectChoiceTab.java:558) ~[filemanager.jar:?]
	at com.st.microxplorer.plugins.projectmanager.gui.ProjectSettingsPanel.UpdateDialog(ProjectSettingsPanel.java:247) ~[filemanager.jar:?]
	at com.st.microxplorer.plugins.projectmanager.ProjectManagerView.propertyChange(ProjectManagerView.java:392) ~[filemanager.jar:?]
	at java.beans.PropertyChangeSupport.fire(PropertyChangeSupport.java:343) ~[?:?]
	at java.beans.PropertyChangeSupport.firePropertyChange(PropertyChangeSupport.java:335) ~[?:?]
	at java.beans.PropertyChangeSupport.firePropertyChange(PropertyChangeSupport.java:268) ~[?:?]
	at com.st.microxplorer.util.MXPropertyChangeSupport.firePropertyChange(MXPropertyChangeSupport.java:54) ~[STM32CubeMX.jar:?]
	at com.st.microxplorer.mxsystem.MxSystem.closeConfig(MxSystem.java:899) ~[STM32CubeMX.jar:?]
	at com.st.microxplorer.maingui.MainPanel.closeConfig(MainPanel.java:792) ~[STM32CubeMX.jar:?]
	at com.st.microxplorer.plugins.filemanager.engine.OpenFileManager.loadConfigurationFile(OpenFileManager.java:288) ~[filemanager.jar:?]
	at com.st.microxplorer.plugins.filemanager.engine.MainFileManager.userLoadConfig(MainFileManager.java:364) ~[filemanager.jar:?]
	at com.st.microxplorer.plugins.filemanager.engine.MainFileManager.userLoadConfig(MainFileManager.java:342) ~[filemanager.jar:?]
	at com.st.microxplorer.plugins.filemanager.FileManagerView.getSpecificTask(FileManagerView.java:264) ~[filemanager.jar:?]
	at com.st.stm32cube.common.mx.editor.CubeMxEditor.getMxTabbedPaneInstance(CubeMxEditor.java:1198) ~[com.st.stm32cube.common.mx_6.15.0.202507011659/:?]
	at com.st.stm32cube.common.mx.editor.CubeMxEditor$12$1.createSwingComponent(CubeMxEditor.java:1068) ~[com.st.stm32cube.common.mx_6.15.0.202507011659/:?]
	at com.st.stm32cube.common.mx.oss.core.awtswtbridge.EmbeddedSwingComposite.doComponentCreation(EmbeddedSwingComposite.java:492) ~[com.st.stm32cube.common.mx.oss_6.15.0.202507011659/:?]
	at com.st.stm32cube.common.mx.oss.core.awtswtbridge.EmbeddedSwingComposite$4.run(EmbeddedSwingComposite.java:291) ~[com.st.stm32cube.common.mx.oss_6.15.0.202507011659/:?]
	at com.st.stm32cube.common.mx.oss.core.awtswtbridge.AwtEnvironment$2.run(AwtEnvironment.java:166) ~[com.st.stm32cube.common.mx.oss_6.15.0.202507011659/:?]
	at java.awt.event.InvocationEvent.dispatch(InvocationEvent.java:318) ~[?:?]
	at java.awt.EventQueue.dispatchEventImpl(EventQueue.java:773) ~[?:?]
	at java.awt.EventQueue$4.run(EventQueue.java:720) ~[?:?]
	at java.awt.EventQueue$4.run(EventQueue.java:714) ~[?:?]
	at java.security.AccessController.doPrivileged(AccessController.java:400) ~[?:?]
	at java.security.ProtectionDomain$JavaSecurityAccessImpl.doIntersectionPrivilege(ProtectionDomain.java:87) ~[?:?]
	at java.awt.EventQueue.dispatchEvent(EventQueue.java:742) ~[?:?]
	at java.awt.EventDispatchThread.pumpOneEventForFilters(EventDispatchThread.java:203) ~[?:?]
	at java.awt.EventDispatchThread.pumpEventsForFilter(EventDispatchThread.java:124) ~[?:?]
	at java.awt.EventDispatchThread.pumpEventsForHierarchy(EventDispatchThread.java:113) ~[?:?]
	at java.awt.EventDispatchThread.pumpEvents(EventDispatchThread.java:109) ~[?:?]
	at java.awt.EventDispatchThread.pumpEvents(EventDispatchThread.java:101) ~[?:?]
	at java.awt.EventDispatchThread.run(EventDispatchThread.java:90) ~[?:?]
2026-05-02 01:02:33,057 [WARN] ThirdParty:871 - waiting for thirdparty lock release [close project]
2026-05-02 01:02:33,057 [INFO] ThirdParty:873 - entering critical section [close project]
2026-05-02 01:02:33,057 [INFO] ThirdParty:883 - exiting critical section [close project]
2026-05-02 01:02:33,059 [INFO] PinOutPanel:1589 - setPackage(No Configuration,No Configuration)
2026-05-02 01:02:33,062 [INFO] UtilMem:75 - Begin LoadConfig() Used Memory: 878525280 Bytes (1073741824)
2026-05-02 01:02:33,062 [INFO] MicroXplorer:468 - Change Database Path : 
2026-05-02 01:02:33,062 [INFO] MicroXplorer:498 - Change Database Version : DB.6.0.150
2026-05-02 01:02:33,062 [INFO] OpenFileManager:355 - Change cursor
2026-05-02 01:02:33,073 [INFO] Mcu:2029 - Initializing MCU STM32L432K(B-C)Ux STM32L432KCUx STM32L432KCU3
2026-05-02 01:02:33,953 [INFO] Context:786 - Trying to add GPIOservice into a context  which must be forbidden
2026-05-02 01:02:34,251 [INFO] ImportTextPane:234 - (OptionalMessage_ERROR) Pin8 (VP_RIF_VS_RIF1) cannot be retrieved for this MCU
2026-05-02 01:02:34,324 [INFO] RtosManager:558 - Registered RTOS mode: class=CMSIS, group=RTOS, mode=CMSIS_V1, owner=FREERTOS
2026-05-02 01:02:34,324 [INFO] RtosManager:558 - Registered RTOS mode: class=CMSIS, group=RTOS2, mode=CMSIS_V2, owner=FREERTOS
2026-05-02 01:02:34,324 [INFO] RtosManager:558 - Registered RTOS mode: class=RTOS, group=Core, mode=CMSIS_V1, owner=FREERTOS
2026-05-02 01:02:34,324 [INFO] RtosManager:558 - Registered RTOS mode: class=RTOS, group=Core, mode=CMSIS_V2, owner=FREERTOS
2026-05-02 01:02:34,324 [WARN] ModelIntegratedComponent:184 - Missing modes for component STMicroelectronics:FreeRTOS:0.0.1:STMicroelectronics:RTOS:FreeRTOS:Core:::10.2.0:
2026-05-02 01:02:34,327 [WARN] ModelIntegratedComponent:63 - No mode defined for component null
2026-05-02 01:02:34,327 [WARN] ModelIntegratedComponent:63 - No mode defined for component null
2026-05-02 01:02:34,327 [WARN] ModelIntegratedComponent:63 - No mode defined for component null
2026-05-02 01:02:34,327 [WARN] ModelIntegratedComponent:63 - No mode defined for component null
2026-05-02 01:02:34,327 [WARN] ModelIntegratedComponent:63 - No mode defined for component null
2026-05-02 01:02:34,327 [WARN] ModelIntegratedComponent:63 - No mode defined for component null
2026-05-02 01:02:34,327 [WARN] ModelIntegratedComponent:63 - No mode defined for component null
2026-05-02 01:02:34,327 [WARN] ModelIntegratedComponent:63 - No mode defined for component null
2026-05-02 01:02:34,327 [WARN] ModelIntegratedComponent:63 - No mode defined for component null
2026-05-02 01:02:34,327 [WARN] ModelIntegratedComponent:63 - No mode defined for component null
2026-05-02 01:02:34,327 [WARN] ModelIntegratedComponent:63 - No mode defined for component null
2026-05-02 01:02:34,327 [WARN] ModelIntegratedComponent:63 - No mode defined for component null
2026-05-02 01:02:34,327 [WARN] ModelIntegratedComponent:63 - No mode defined for component null
2026-05-02 01:02:34,327 [WARN] ModelIntegratedComponent:63 - No mode defined for component null
2026-05-02 01:02:34,327 [WARN] ModelIntegratedComponent:63 - No mode defined for component null
2026-05-02 01:02:34,327 [WARN] ModelIntegratedComponent:63 - No mode defined for component null
2026-05-02 01:02:34,327 [WARN] ModelIntegratedComponent:63 - No mode defined for component null
2026-05-02 01:02:34,327 [WARN] ModelIntegratedComponent:63 - No mode defined for component null
2026-05-02 01:02:34,327 [WARN] ModelIntegratedComponent:63 - No mode defined for component null
2026-05-02 01:02:34,327 [WARN] ModelIntegratedComponent:63 - No mode defined for component null
2026-05-02 01:02:34,327 [WARN] ModelIntegratedComponent:63 - No mode defined for component null
2026-05-02 01:02:34,327 [WARN] ModelIntegratedComponent:63 - No mode defined for component null
2026-05-02 01:02:34,327 [WARN] ModelIntegratedComponent:63 - No mode defined for component null
2026-05-02 01:02:34,327 [WARN] ModelIntegratedComponent:63 - No mode defined for component null
2026-05-02 01:02:34,327 [WARN] ModelIntegratedComponent:63 - No mode defined for component null
2026-05-02 01:02:34,327 [WARN] ModelIntegratedComponent:63 - No mode defined for component null
2026-05-02 01:02:34,327 [WARN] ModelIntegratedComponent:63 - No mode defined for component null
2026-05-02 01:02:34,327 [WARN] ModelIntegratedComponent:63 - No mode defined for component null
2026-05-02 01:02:34,327 [WARN] ModelIntegratedComponent:63 - No mode defined for component null
2026-05-02 01:02:34,327 [WARN] ModelIntegratedComponent:63 - No mode defined for component null
2026-05-02 01:02:34,327 [WARN] ModelIntegratedComponent:63 - No mode defined for component null
2026-05-02 01:02:34,327 [WARN] ModelIntegratedComponent:63 - No mode defined for component null
2026-05-02 01:02:34,327 [WARN] ModelIntegratedComponent:63 - No mode defined for component null
2026-05-02 01:02:34,327 [WARN] ModelIntegratedComponent:63 - No mode defined for component null
2026-05-02 01:02:34,327 [WARN] ModelIntegratedComponent:63 - No mode defined for component null
2026-05-02 01:02:34,328 [WARN] ModelPack:524 - Component already loaded: STMicroelectronics:HAL Drivers:0.0.0:STMicroelectronics:Device:STMicro_Driver:XSPI:HAL::0.0.1:HAL_XSPI
2026-05-02 01:02:34,355 [INFO] ThirdPartyModel:298 - Start build external matchings
2026-05-02 01:02:34,523 [INFO] ThirdPartyModel:316 - End build external matchings
2026-05-02 01:02:34,655 [INFO] UtilMem:75 - End LoadConfig() Used Memory: 981095024 Bytes (1073741824)
2026-05-02 01:02:34,836 [WARN] ThirdParty:833 - waiting for thirdparty lock release [change project]
2026-05-02 01:02:34,836 [INFO] ThirdParty:835 - entering critical section [change project]
2026-05-02 01:02:34,837 [INFO] ThirdParty:1030 - CMSIS Pack Vendor :STMicroelectronics X-CUBE-AZRTOS-H7 3.5.0
2026-05-02 01:02:34,837 [INFO] ThirdParty:1030 - CMSIS Pack Vendor :STMicroelectronics X-CUBE-PM33A1 1.0.0
2026-05-02 01:02:34,837 [INFO] ThirdParty:1030 - CMSIS Pack Vendor :STMicroelectronics USBPD 4.1
2026-05-02 01:02:34,837 [INFO] ThirdParty:1030 - CMSIS Pack Vendor :STMicroelectronics X-CUBE-NFC9 1.0.0
2026-05-02 01:02:34,837 [INFO] ThirdParty:1030 - CMSIS Pack Vendor :STMicroelectronics USB_HOST 2.0.0
2026-05-02 01:02:34,837 [INFO] ThirdParty:1030 - CMSIS Pack Vendor :STMicroelectronics X-CUBE-AZRTOS-F4 1.1.0
2026-05-02 01:02:34,837 [INFO] ThirdParty:1030 - CMSIS Pack Vendor :STMicroelectronics LIBJPEG 8.0.0
2026-05-02 01:02:34,837 [INFO] ThirdParty:1030 - CMSIS Pack Vendor :STMicroelectronics FP-ATR-ASTRA1 2.0.2
2026-05-02 01:02:34,837 [INFO] ThirdParty:1030 - CMSIS Pack Vendor :STMicroelectronics X-CUBE-BLE1 7.1.0
2026-05-02 01:02:34,837 [INFO] ThirdParty:1030 - CMSIS Pack Vendor :STMicroelectronics X-CUBE-SMBUS 2.1.0
2026-05-02 01:02:34,837 [INFO] ThirdParty:1030 - CMSIS Pack Vendor :wolfSSL I-CUBE-wolfMQTT 1.19.2
2026-05-02 01:02:34,837 [INFO] ThirdParty:1030 - CMSIS Pack Vendor :STMicroelectronics USB_DEVICE 3.0.0
2026-05-02 01:02:34,837 [INFO] ThirdParty:1030 - CMSIS Pack Vendor :STMicroelectronics X-CUBE-ISPU 2.1.0
2026-05-02 01:02:34,837 [INFO] ThirdParty:1030 - CMSIS Pack Vendor :STMicroelectronics eDS-WB_DPC_TT-BIDIR 2.1.1
2026-05-02 01:02:34,837 [INFO] ThirdParty:1030 - CMSIS Pack Vendor :STMicroelectronics X-CUBE-AZRTOS-WB 2.0.0
2026-05-02 01:02:34,837 [INFO] ThirdParty:1030 - CMSIS Pack Vendor :wolfSSL I-CUBE-wolfSSL 5.8.4
2026-05-02 01:02:34,837 [INFO] ThirdParty:1030 - CMSIS Pack Vendor :Cesanta I-CUBE-Mongoose 7.20.0
2026-05-02 01:02:34,837 [INFO] ThirdParty:1030 - CMSIS Pack Vendor :STMicroelectronics X-CUBE-AZRTOS-F7 1.1.0
2026-05-02 01:02:34,837 [INFO] ThirdParty:1030 - CMSIS Pack Vendor :STMicroelectronics X-CUBE-AZRTOS-L5 2.0.0
2026-05-02 01:02:34,837 [INFO] ThirdParty:1030 - CMSIS Pack Vendor :STMicroelectronics USB_DEVICE 2.0.0
2026-05-02 01:02:34,837 [INFO] ThirdParty:1030 - CMSIS Pack Vendor :STMicroelectronics FP-SNS-STAIOTCFT 1.1.0
2026-05-02 01:02:34,837 [INFO] ThirdParty:1030 - CMSIS Pack Vendor :quantropi X-CUBE-qispace-sdk-base 2.1.0
2026-05-02 01:02:34,837 [INFO] ThirdParty:1030 - CMSIS Pack Vendor :STMicroelectronics X-CUBE-MEMS1 12.0.0
2026-05-02 01:02:34,837 [INFO] ThirdParty:1030 - CMSIS Pack Vendor :STMicroelectronics X-CUBE-STSE01 2.0.0
2026-05-02 01:02:34,837 [INFO] ThirdParty:1030 - CMSIS Pack Vendor :STMicroelectronics FreeRTOS 0.0.1
2026-05-02 01:02:34,837 [INFO] ThirdParty:1030 - CMSIS Pack Vendor :STMicroelectronics X-CUBE-AZRTOS-G0 1.1.0
2026-05-02 01:02:34,837 [INFO] ThirdParty:1030 - CMSIS Pack Vendor :STMicroelectronics X-CUBE-NFC4 3.0.0
2026-05-02 01:02:34,837 [INFO] ThirdParty:1030 - CMSIS Pack Vendor :STMicroelectronics X-CUBE-SUBG2 5.0.0
2026-05-02 01:02:34,837 [INFO] ThirdParty:1030 - CMSIS Pack Vendor :STMicroelectronics STM32_WPAN 1.0.0
2026-05-02 01:02:34,837 [INFO] ThirdParty:1030 - CMSIS Pack Vendor :STMicroelectronics eDS-WB_DPC_VIENNA 1.2.0
2026-05-02 01:02:34,837 [INFO] ThirdParty:1030 - CMSIS Pack Vendor :EmbeddedOffice I-CUBE-FS-RTOS 1.0.1
2026-05-02 01:02:34,837 [INFO] ThirdParty:1030 - CMSIS Pack Vendor :STMicroelectronics lwIP 2.0.3
2026-05-02 01:02:34,837 [INFO] ThirdParty:1030 - CMSIS Pack Vendor :WES I-CUBE-Cesium 1.4.0
2026-05-02 01:02:34,837 [INFO] ThirdParty:1030 - CMSIS Pack Vendor :STMicroelectronics eDS-WB_DPC_3PH2L-BIDIR 1.1.1
2026-05-02 01:02:34,837 [INFO] ThirdParty:1030 - CMSIS Pack Vendor :STMicroelectronics USB_HOST 1.0.0
2026-05-02 01:02:34,837 [INFO] ThirdParty:1030 - CMSIS Pack Vendor :STMicroelectronics X-CUBE-AZRTOS-G4 2.0.0
2026-05-02 01:02:34,837 [INFO] ThirdParty:1030 - CMSIS Pack Vendor :STMicroelectronics PDM2PCM 3.1.0
2026-05-02 01:02:34,838 [INFO] ThirdParty:1030 - CMSIS Pack Vendor :STMicroelectronics PDM2PCM 3.3.0
2026-05-02 01:02:34,838 [INFO] ThirdParty:1030 - CMSIS Pack Vendor :wolfSSL I-CUBE-wolfTPM 3.8.0
2026-05-02 01:02:34,838 [INFO] ThirdParty:1030 - CMSIS Pack Vendor :STMicroelectronics X-CUBE-DISPLAY 3.0.0
2026-05-02 01:02:34,838 [INFO] ThirdParty:1030 - CMSIS Pack Vendor :wolfSSL I-CUBE-wolfSSH 1.4.20
2026-05-02 01:02:34,838 [INFO] ThirdParty:1030 - CMSIS Pack Vendor :STMicroelectronics X-CUBE-NFC7 2.0.0
2026-05-02 01:02:34,838 [INFO] ThirdParty:1030 - CMSIS Pack Vendor :STMicroelectronics X-CUBE-GNSS1 7.1.1
2026-05-02 01:02:34,838 [INFO] ThirdParty:1030 - CMSIS Pack Vendor :STMicroelectronics X-CUBE-TCPP 4.2.0
2026-05-02 01:02:34,838 [INFO] ThirdParty:1030 - CMSIS Pack Vendor :RealThread X-CUBE-RT-Thread_Nano 4.1.1
2026-05-02 01:02:34,838 [INFO] ThirdParty:1030 - CMSIS Pack Vendor :STMicroelectronics FP-ATR-SIGFOX1 3.2.0
2026-05-02 01:02:34,838 [INFO] ThirdParty:1030 - CMSIS Pack Vendor :STMicroelectronics X-CUBE-NFC10 1.0.0
2026-05-02 01:02:34,838 [INFO] ThirdParty:1030 - CMSIS Pack Vendor :STMicroelectronics HAL Drivers 0.0.0
2026-05-02 01:02:34,838 [INFO] ThirdParty:1030 - CMSIS Pack Vendor :STMicroelectronics MBEDTLS 2.16.2
2026-05-02 01:02:34,838 [INFO] ThirdParty:1030 - CMSIS Pack Vendor :STMicroelectronics X-CUBE-ST60 1.1.0
2026-05-02 01:02:34,838 [INFO] ThirdParty:1030 - CMSIS Pack Vendor :STMicroelectronics X-CUBE-ALS 1.0.2
2026-05-02 01:02:34,838 [INFO] ThirdParty:1030 - CMSIS Pack Vendor :emotas I-CUBE-CANOPEN 1.3.0
2026-05-02 01:02:34,838 [INFO] ThirdParty:1030 - CMSIS Pack Vendor :STMicroelectronics MBEDTLS 2.14.1
2026-05-02 01:02:34,838 [INFO] ThirdParty:1030 - CMSIS Pack Vendor :STMicroelectronics X-CUBE-GNSS1 7.1.0
2026-05-02 01:02:34,838 [INFO] ThirdParty:1030 - CMSIS Pack Vendor :ITTIA_DB I-CUBE-ITTIADB 8.9.0
2026-05-02 01:02:34,838 [INFO] ThirdParty:1030 - CMSIS Pack Vendor :STMicroelectronics X-CUBE-TOUCHGFX 4.26.1
2026-05-02 01:02:34,838 [INFO] ThirdParty:1030 - CMSIS Pack Vendor :STMicroelectronics FP-SNS-STAIOTCFT 1.0.0
2026-05-02 01:02:34,838 [INFO] ThirdParty:1030 - CMSIS Pack Vendor :STMicroelectronics ThreadX 1.0.0
2026-05-02 01:02:34,838 [INFO] ThirdParty:1030 - CMSIS Pack Vendor :STMicroelectronics FP-SNS-SMARTAG2 1.2.0
2026-05-02 01:02:34,838 [INFO] ThirdParty:1030 - CMSIS Pack Vendor :STMicroelectronics X-CUBE-MEMS1 12.1.0
2026-05-02 01:02:34,838 [INFO] ThirdParty:1030 - CMSIS Pack Vendor :STMicroelectronics FP-SNS-FLIGHT1 5.1.0
2026-05-02 01:02:34,838 [INFO] ThirdParty:1030 - CMSIS Pack Vendor :STMicroelectronics X-CUBE-AZRTOS-WL 2.0.0
2026-05-02 01:02:34,838 [INFO] ThirdParty:1030 - CMSIS Pack Vendor :SEGGER I-CUBE-embOS 1.3.1
2026-05-02 01:02:34,838 [INFO] ThirdParty:1030 - CMSIS Pack Vendor :STMicroelectronics X-CUBE-ALGOBUILD 1.4.0
2026-05-02 01:02:34,838 [INFO] ThirdParty:1030 - CMSIS Pack Vendor :STMicroelectronics X-CUBE-DPower 1.3.0
2026-05-02 01:02:34,838 [INFO] ThirdParty:1030 - CMSIS Pack Vendor :STMicroelectronics USB_DEVICE 1.0.0
2026-05-02 01:02:34,838 [INFO] ThirdParty:1030 - CMSIS Pack Vendor :STMicroelectronics X-CUBE-AZRTOS-H7RS 1.2.0
2026-05-02 01:02:34,838 [INFO] ThirdParty:1030 - CMSIS Pack Vendor :STMicroelectronics X-CUBE-AZRTOS-L4 2.0.0
2026-05-02 01:02:34,838 [INFO] ThirdParty:1030 - CMSIS Pack Vendor :STMicroelectronics ThreadX 0.0.2
2026-05-02 01:02:34,838 [INFO] ThirdParty:1030 - CMSIS Pack Vendor :STMicroelectronics lwIP 2.1.2
2026-05-02 01:02:34,838 [INFO] ThirdParty:1030 - CMSIS Pack Vendor :STMicroelectronics X-CUBE-SFXS2LP1 4.0.0
2026-05-02 01:02:34,838 [INFO] ThirdParty:1030 - CMSIS Pack Vendor :STMicroelectronics X-CUBE-BLE2 3.3.0
2026-05-02 01:02:34,838 [INFO] ThirdParty:1030 - CMSIS Pack Vendor :Avnet-IOTCONNECT X-CUBE-iotc-st67-sdk 1.0.0
2026-05-02 01:02:34,838 [INFO] ThirdParty:1030 - CMSIS Pack Vendor :STMicroelectronics X-CUBE-TOF1 3.4.3
2026-05-02 01:02:34,838 [INFO] ThirdParty:1030 - CMSIS Pack Vendor :Infineon AIROC-Wi-Fi-Bluetooth-STM32 1.8.0
2026-05-02 01:02:34,838 [INFO] ThirdParty:1030 - CMSIS Pack Vendor :STMicroelectronics PDM2PCM 3.2.0
2026-05-02 01:02:34,838 [INFO] ThirdParty:1030 - CMSIS Pack Vendor :STMicroelectronics X-CUBE-WB05N 2.1.0
2026-05-02 01:02:34,838 [INFO] ThirdParty:1030 - CMSIS Pack Vendor :STMicroelectronics X-CUBE-ST67W61 1.2.0
2026-05-02 01:02:34,839 [INFO] ThirdParty:841 - exiting critical section [change project]
2026-05-02 01:02:35,223 [INFO] PinOutPanel:1589 - setPackage(No Configuration,No Configuration)
2026-05-02 01:02:35,224 [INFO] PinOutPanel:1589 - setPackage(STM32L432KCUx,UFQFPN32)
2026-05-02 01:02:35,771 [INFO] UtilMem:75 - Before build in PCC Used Memory: 719061584 Bytes (1073741824)
2026-05-02 01:02:36,350 [INFO] UtilMem:75 - After build in PCC Used Memory: 811662128 Bytes (1073741824)
2026-05-02 01:02:36,413 [INFO] IPUIPlugin:80 - create IPUIPlugin
2026-05-02 01:02:36,413 [INFO] IPUIPlugin:80 - create IPUIPlugin
2026-05-02 01:02:36,414 [INFO] IPUIPlugin:80 - create IPUIPlugin
2026-05-02 01:02:36,414 [INFO] IPUIPlugin:80 - create IPUIPlugin
2026-05-02 01:02:36,414 [INFO] IPUIPlugin:80 - create IPUIPlugin
2026-05-02 01:02:36,414 [INFO] IPUIPlugin:80 - create IPUIPlugin
2026-05-02 01:02:36,414 [INFO] IPUIPlugin:80 - create IPUIPlugin
2026-05-02 01:02:36,414 [INFO] IPUIPlugin:80 - create IPUIPlugin
2026-05-02 01:02:36,414 [INFO] IPUIPlugin:80 - create IPUIPlugin
2026-05-02 01:02:36,415 [INFO] IPUIPlugin:80 - create IPUIPlugin
2026-05-02 01:02:36,415 [INFO] IPUIPlugin:80 - create IPUIPlugin
2026-05-02 01:02:36,415 [INFO] IPUIPlugin:80 - create IPUIPlugin
2026-05-02 01:02:36,415 [INFO] IPUIPlugin:80 - create IPUIPlugin
2026-05-02 01:02:36,415 [INFO] IPUIPlugin:80 - create IPUIPlugin
2026-05-02 01:02:36,415 [INFO] IPUIPlugin:80 - create IPUIPlugin
2026-05-02 01:02:36,415 [INFO] IPUIPlugin:80 - create IPUIPlugin
2026-05-02 01:02:36,415 [INFO] IPUIPlugin:80 - create IPUIPlugin
2026-05-02 01:02:36,415 [INFO] IPUIPlugin:80 - create IPUIPlugin
2026-05-02 01:02:36,415 [INFO] IPUIPlugin:80 - create IPUIPlugin
2026-05-02 01:02:36,415 [INFO] IPUIPlugin:80 - create IPUIPlugin
2026-05-02 01:02:36,416 [INFO] IPUIPlugin:80 - create IPUIPlugin
2026-05-02 01:02:36,416 [INFO] IPUIPlugin:80 - create IPUIPlugin
2026-05-02 01:02:36,416 [INFO] IPUIPlugin:80 - create IPUIPlugin
2026-05-02 01:02:36,416 [INFO] IPUIPlugin:80 - create IPUIPlugin
2026-05-02 01:02:36,416 [INFO] IPUIPlugin:80 - create IPUIPlugin
2026-05-02 01:02:36,416 [INFO] IPUIPlugin:80 - create IPUIPlugin
2026-05-02 01:02:36,416 [INFO] IPUIPlugin:80 - create IPUIPlugin
2026-05-02 01:02:36,416 [INFO] IPUIPlugin:80 - create IPUIPlugin
2026-05-02 01:02:36,416 [INFO] IPUIPlugin:80 - create IPUIPlugin
2026-05-02 01:02:36,416 [INFO] IPUIPlugin:80 - create IPUIPlugin
2026-05-02 01:02:36,416 [INFO] IPUIPlugin:80 - create IPUIPlugin
2026-05-02 01:02:36,416 [INFO] IPUIPlugin:80 - create IPUIPlugin
2026-05-02 01:02:36,416 [INFO] IPUIPlugin:80 - create IPUIPlugin
2026-05-02 01:02:36,417 [INFO] IPUIPlugin:80 - create IPUIPlugin
2026-05-02 01:02:36,417 [INFO] IPUIPlugin:80 - create IPUIPlugin
2026-05-02 01:02:36,417 [INFO] IPUIPlugin:80 - create IPUIPlugin
2026-05-02 01:02:36,417 [INFO] IPUIPlugin:80 - create IPUIPlugin
2026-05-02 01:02:36,417 [INFO] IPUIPlugin:80 - create IPUIPlugin
2026-05-02 01:02:36,417 [INFO] IPUIPlugin:80 - create IPUIPlugin
2026-05-02 01:02:36,417 [INFO] IPUIPlugin:80 - create IPUIPlugin
2026-05-02 01:02:36,417 [INFO] IPUIPlugin:80 - create IPUIPlugin
2026-05-02 01:02:36,525 [INFO] CADModel:165 - CPN selected for project levelSTM32L432KCU3
2026-05-02 01:02:36,525 [INFO] CADModel:114 - Register for checkConnection events
2026-05-02 01:02:36,576 [INFO] OpenFileManager:386 - Restore cursor
2026-05-02 01:03:20,649 [INFO] NvicIntPanel:101 - NVIC parent = com.st.microxplorer.plugins.ip.nvic.MultiNvicIntPanel[,0,0,0x0,invalid,layout=javax.swing.BoxLayout,alignmentX=0.0,alignmentY=0.0,border=,flags=9,maximumSize=,minimumSize=,preferredSize=]
2026-05-02 01:03:27,458 [INFO] NvicIntPanel:101 - NVIC parent = com.st.microxplorer.plugins.ip.nvic.MultiNvicIntPanel[,0,0,0x0,invalid,layout=javax.swing.BoxLayout,alignmentX=0.0,alignmentY=0.0,border=,flags=9,maximumSize=,minimumSize=,preferredSize=]
2026-05-02 01:03:32,110 [INFO] UtilMem:75 - End SaveConfig() Used Memory: 726965248 Bytes (1073741824)
2026-05-02 01:03:34,445 [INFO] UtilMem:75 - End SaveConfig() Used Memory: 772140464 Bytes (1073741824)
2026-05-02 01:03:35,810 [INFO] BlockDiagram:2775 - set Specific Code input for plugin: NVIC
2026-05-02 01:03:35,832 [INFO] BlockDiagram:2775 - set Specific Code input for plugin: USART
2026-05-02 01:03:35,835 [INFO] BlockDiagram:2775 - set Specific Code input for plugin: USART
2026-05-02 01:03:35,836 [INFO] BlockDiagram:2775 - set Specific Code input for plugin: TIM6_7L4
2026-05-02 01:03:35,836 [INFO] BlockDiagram:2775 - set Specific Code input for plugin: SYS
2026-05-02 01:03:35,836 [INFO] BlockDiagram:2775 - set Specific Code input for plugin: GPIO
2026-05-02 01:03:35,836 [INFO] BlockDiagram:2775 - set Specific Code input for plugin: RCC
2026-05-02 01:03:35,836 [INFO] BlockDiagram:2775 - set Specific Code input for plugin: I2C
2026-05-02 01:03:35,839 [INFO] CodeGenerator:892 - code generatio: config db path: /Applications/STM32CubeIDE.app/Contents/Eclipse/plugins/com.st.stm32cube.common.mx_6.15.0.202507011659//db/
2026-05-02 01:03:36,015 [INFO] CodeEngine:265 - oldGeneratedFile, /Users/cristianpetramale/Biomed_projects/STMWorkSpace/ProgettoUART/MXTmpFiles/license.tmp_save
2026-05-02 01:03:36,281 [INFO] CodeEngine:289 - Generated code: /Users/cristianpetramale/Biomed_projects/STMWorkSpace/ProgettoUART/MXTmpFiles/license.tmp
2026-05-02 01:03:36,380 [INFO] CodeEngine:265 - oldGeneratedFile, /Users/cristianpetramale/Biomed_projects/STMWorkSpace/ProgettoUART/MXTmpFiles/gpio.tmp_save
2026-05-02 01:03:36,490 [INFO] CodeEngine:289 - Generated code: /Users/cristianpetramale/Biomed_projects/STMWorkSpace/ProgettoUART/MXTmpFiles/gpio.tmp
2026-05-02 01:03:36,699 [INFO] CodeEngine:265 - oldGeneratedFile, /Users/cristianpetramale/Biomed_projects/STMWorkSpace/ProgettoUART/Core/Src/stm32l4xx_it.c_save
2026-05-02 01:03:36,893 [INFO] CodeEngine:289 - Generated code: /Users/cristianpetramale/Biomed_projects/STMWorkSpace/ProgettoUART/Core/Src/stm32l4xx_it.c
2026-05-02 01:03:36,895 [INFO] CodeEngine:265 - oldGeneratedFile, /Users/cristianpetramale/Biomed_projects/STMWorkSpace/ProgettoUART/Core/Inc/stm32l4xx_it.h_save
2026-05-02 01:03:36,979 [INFO] CodeEngine:289 - Generated code: /Users/cristianpetramale/Biomed_projects/STMWorkSpace/ProgettoUART/Core/Inc/stm32l4xx_it.h
2026-05-02 01:03:36,986 [INFO] CodeEngine:265 - oldGeneratedFile, /Users/cristianpetramale/Biomed_projects/STMWorkSpace/ProgettoUART/Core/Src/stm32l4xx_hal_msp.c_save
2026-05-02 01:03:37,165 [INFO] CodeEngine:289 - Generated code: /Users/cristianpetramale/Biomed_projects/STMWorkSpace/ProgettoUART/Core/Src/stm32l4xx_hal_msp.c
2026-05-02 01:03:37,167 [INFO] CodeEngine:265 - oldGeneratedFile, /Users/cristianpetramale/Biomed_projects/STMWorkSpace/ProgettoUART/MXTmpFiles/system.tmp_save
2026-05-02 01:03:37,284 [INFO] CodeEngine:289 - Generated code: /Users/cristianpetramale/Biomed_projects/STMWorkSpace/ProgettoUART/MXTmpFiles/system.tmp
2026-05-02 01:03:37,288 [INFO] CodeEngine:321 - oldGeneratedFile, /Users/cristianpetramale/Biomed_projects/STMWorkSpace/ProgettoUART/Core/Inc/stm32l4xx_hal_conf.h_save
2026-05-02 01:03:37,356 [INFO] CodeEngine:345 - Generated code: /Users/cristianpetramale/Biomed_projects/STMWorkSpace/ProgettoUART/Core/Inc/stm32l4xx_hal_conf.h
2026-05-02 01:03:37,415 [INFO] ApiDbMcu:532 - Load IP Config File for I2C1
2026-05-02 01:03:37,424 [INFO] ApiDbMcu:532 - Load IP Config File for TIM6
2026-05-02 01:03:37,432 [INFO] ApiDbMcu:532 - Load IP Config File for USART1
2026-05-02 01:03:37,441 [INFO] ApiDbMcu:532 - Load IP Config File for USART2
2026-05-02 01:03:37,444 [INFO] ApiDbMcu:532 - Load IP Config File for RCC
2026-05-02 01:03:37,446 [WARN] IPConfigManager:3811 - IP not found : TIM
2026-05-02 01:03:37,446 [WARN] CodeGenerator:4259 - IP not found : null
2026-05-02 01:03:37,449 [INFO] CodeEngine:265 - oldGeneratedFile, /Users/cristianpetramale/Biomed_projects/STMWorkSpace/ProgettoUART/Core/Inc/main.h_save
2026-05-02 01:03:37,542 [INFO] CodeEngine:289 - Generated code: /Users/cristianpetramale/Biomed_projects/STMWorkSpace/ProgettoUART/Core/Inc/main.h
2026-05-02 01:03:37,544 [INFO] CodeEngine:265 - oldGeneratedFile, /Users/cristianpetramale/Biomed_projects/STMWorkSpace/ProgettoUART/Core/Src/main.c_save
2026-05-02 01:03:37,656 [INFO] CodeEngine:289 - Generated code: /Users/cristianpetramale/Biomed_projects/STMWorkSpace/ProgettoUART/Core/Src/main.c
2026-05-02 01:03:37,835 [INFO] ProjectBuilder:3606 - Time for Copy HAL[1] : 71mS.
2026-05-02 01:03:37,837 [INFO] ProjectBuilder:5216 - Project Generator version: 4.7.0-B52
2026-05-02 01:03:37,907 [INFO] ConfigFileManager:1595 - The Die is : DIE435
2026-05-02 01:03:37,916 [INFO] ApiDbMcu:532 - Load IP Config File for FATFS
2026-05-02 01:03:37,920 [INFO] ApiDbMcu:532 - Load IP Config File for FREERTOS
2026-05-02 01:03:37,927 [INFO] ApiDbMcu:532 - Load IP Config File for TOUCHSENSING
2026-05-02 01:03:37,942 [INFO] ApiDbMcu:532 - Load IP Config File for USB_DEVICE
2026-05-02 01:03:41,239 [INFO] ProjectBuilder:5496 - Time for Generating toolchain IDE Files: 3389mS.
2026-05-02 01:03:41,259 [INFO] ProjectBuilder:3463 - Time for Copy CMSIS : 2mS.
2026-05-02 01:03:41,265 [INFO] ProjectBuilder:3463 - Time for Copy CMSIS : 0mS.
2026-05-02 01:03:45,731 [INFO] MainUpdater:2872 - connection check result : 10
2026-05-02 01:03:45,732 [INFO] MainUpdater:2872 - connection check result : 10
2026-05-02 01:03:46,140 [INFO] I2cTimingTraitement:330 - 0x00100D14
2026-05-02 01:03:46,151 [INFO] MicroXplorer:468 - Change Database Path : 
2026-05-02 01:03:46,151 [INFO] MicroXplorer:498 - Change Database Version : DB.6.0.150
2026-05-02 01:03:46,235 [ERROR] ProjectManagerView:395 - 
java.lang.NullPointerException: Cannot invoke "javax.swing.JTextField.getText()" because the return value of "java.util.List.get(int)" is null
	at com.st.microxplorer.plugins.projectmanager.gui.ProjectChoiceTab$9.caretUpdate(ProjectChoiceTab.java:2706) ~[filemanager.jar:?]
	at javax.swing.text.JTextComponent.fireCaretUpdate(JTextComponent.java:408) ~[?:?]
	at javax.swing.text.JTextComponent$MutableCaretEvent.fire(JTextComponent.java:4484) ~[?:?]
	at javax.swing.text.JTextComponent$MutableCaretEvent.stateChanged(JTextComponent.java:4506) ~[?:?]
	at javax.swing.text.DefaultCaret.fireStateChanged(DefaultCaret.java:857) ~[?:?]
	at javax.swing.text.DefaultCaret.changeCaretPosition(DefaultCaret.java:1343) ~[?:?]
	at javax.swing.text.DefaultCaret.handleSetDot(DefaultCaret.java:1242) ~[?:?]
	at javax.swing.text.DefaultCaret.setDot(DefaultCaret.java:1223) ~[?:?]
	at javax.swing.text.DefaultCaret$Handler.insertUpdate(DefaultCaret.java:1819) ~[?:?]
	at javax.swing.text.AbstractDocument.fireInsertUpdate(AbstractDocument.java:227) ~[?:?]
	at javax.swing.text.AbstractDocument.handleInsertString(AbstractDocument.java:781) ~[?:?]
	at javax.swing.text.AbstractDocument.insertString(AbstractDocument.java:740) ~[?:?]
	at javax.swing.text.PlainDocument.insertString(PlainDocument.java:131) ~[?:?]
	at javax.swing.text.AbstractDocument.replace(AbstractDocument.java:699) ~[?:?]
	at javax.swing.text.JTextComponent.setText(JTextComponent.java:1725) ~[?:?]
	at com.st.microxplorer.plugins.projectmanager.gui.ProjectChoiceTab.createHeapStackFields(ProjectChoiceTab.java:993) ~[filemanager.jar:?]
	at com.st.microxplorer.plugins.projectmanager.gui.ProjectChoiceTab.buildLinkSettingsPanel(ProjectChoiceTab.java:3813) ~[filemanager.jar:?]
	at com.st.microxplorer.plugins.projectmanager.gui.ProjectChoiceTab.defineWindowsFields(ProjectChoiceTab.java:1987) ~[filemanager.jar:?]
	at com.st.microxplorer.plugins.projectmanager.gui.ProjectChoiceTab.updateSettings(ProjectChoiceTab.java:558) ~[filemanager.jar:?]
	at com.st.microxplorer.plugins.projectmanager.gui.ProjectSettingsPanel.UpdateDialog(ProjectSettingsPanel.java:247) ~[filemanager.jar:?]
	at com.st.microxplorer.plugins.projectmanager.ProjectManagerView.propertyChange(ProjectManagerView.java:392) ~[filemanager.jar:?]
	at java.beans.PropertyChangeSupport.fire(PropertyChangeSupport.java:343) ~[?:?]
	at java.beans.PropertyChangeSupport.firePropertyChange(PropertyChangeSupport.java:335) ~[?:?]
	at java.beans.PropertyChangeSupport.firePropertyChange(PropertyChangeSupport.java:268) ~[?:?]
	at com.st.microxplorer.util.MXPropertyChangeSupport.firePropertyChange(MXPropertyChangeSupport.java:54) ~[STM32CubeMX.jar:?]
	at com.st.microxplorer.mxsystem.MxSystem.closeConfig(MxSystem.java:899) ~[STM32CubeMX.jar:?]
	at com.st.microxplorer.maingui.MainPanel.closeConfig(MainPanel.java:792) ~[STM32CubeMX.jar:?]
	at com.st.microxplorer.plugins.filemanager.engine.OpenFileManager.loadConfigurationFile(OpenFileManager.java:288) ~[filemanager.jar:?]
	at com.st.microxplorer.plugins.filemanager.engine.MainFileManager.userLoadConfig(MainFileManager.java:364) ~[filemanager.jar:?]
	at com.st.microxplorer.plugins.filemanager.engine.MainFileManager.userLoadConfig(MainFileManager.java:342) ~[filemanager.jar:?]
	at com.st.microxplorer.plugins.filemanager.FileManagerView.getSpecificTask(FileManagerView.java:264) ~[filemanager.jar:?]
	at com.st.stm32cube.common.mx.editor.CubeMxEditor.getMxTabbedPaneInstance(CubeMxEditor.java:1198) ~[com.st.stm32cube.common.mx_6.15.0.202507011659/:?]
	at com.st.stm32cube.common.mx.editor.CubeMxEditor$12$1.createSwingComponent(CubeMxEditor.java:1068) ~[com.st.stm32cube.common.mx_6.15.0.202507011659/:?]
	at com.st.stm32cube.common.mx.oss.core.awtswtbridge.EmbeddedSwingComposite.doComponentCreation(EmbeddedSwingComposite.java:492) ~[com.st.stm32cube.common.mx.oss_6.15.0.202507011659/:?]
	at com.st.stm32cube.common.mx.oss.core.awtswtbridge.EmbeddedSwingComposite$4.run(EmbeddedSwingComposite.java:291) ~[com.st.stm32cube.common.mx.oss_6.15.0.202507011659/:?]
	at com.st.stm32cube.common.mx.oss.core.awtswtbridge.AwtEnvironment$2.run(AwtEnvironment.java:166) ~[com.st.stm32cube.common.mx.oss_6.15.0.202507011659/:?]
	at java.awt.event.InvocationEvent.dispatch(InvocationEvent.java:318) ~[?:?]
	at java.awt.EventQueue.dispatchEventImpl(EventQueue.java:773) ~[?:?]
	at java.awt.EventQueue$4.run(EventQueue.java:720) ~[?:?]
	at java.awt.EventQueue$4.run(EventQueue.java:714) ~[?:?]
	at java.security.AccessController.doPrivileged(AccessController.java:400) ~[?:?]
	at java.security.ProtectionDomain$JavaSecurityAccessImpl.doIntersectionPrivilege(ProtectionDomain.java:87) ~[?:?]
	at java.awt.EventQueue.dispatchEvent(EventQueue.java:742) ~[?:?]
	at java.awt.EventDispatchThread.pumpOneEventForFilters(EventDispatchThread.java:203) ~[?:?]
	at java.awt.EventDispatchThread.pumpEventsForFilter(EventDispatchThread.java:124) ~[?:?]
	at java.awt.EventDispatchThread.pumpEventsForHierarchy(EventDispatchThread.java:113) ~[?:?]
	at java.awt.EventDispatchThread.pumpEvents(EventDispatchThread.java:109) ~[?:?]
	at java.awt.EventDispatchThread.pumpEvents(EventDispatchThread.java:101) ~[?:?]
	at java.awt.EventDispatchThread.run(EventDispatchThread.java:90) ~[?:?]
2026-05-02 01:03:46,239 [WARN] ThirdParty:871 - waiting for thirdparty lock release [close project]
2026-05-02 01:03:46,239 [INFO] ThirdParty:873 - entering critical section [close project]
2026-05-02 01:03:46,240 [INFO] ThirdParty:883 - exiting critical section [close project]
2026-05-02 01:03:46,248 [INFO] PinOutPanel:1589 - setPackage(No Configuration,No Configuration)
2026-05-02 01:03:46,256 [INFO] UtilMem:75 - Begin LoadConfig() Used Memory: 932213120 Bytes (1073741824)
2026-05-02 01:03:46,257 [INFO] MicroXplorer:468 - Change Database Path : 
2026-05-02 01:03:46,257 [INFO] MicroXplorer:498 - Change Database Version : DB.6.0.150
2026-05-02 01:03:46,257 [INFO] OpenFileManager:355 - Change cursor
2026-05-02 01:03:46,287 [INFO] RulesReader:64 - Compatibility file has been processed (317 Rules)
2026-05-02 01:03:46,292 [INFO] Mcu:2029 - Initializing MCU STM32L432K(B-C)Ux STM32L432KCUx STM32L432KCU3
2026-05-02 01:03:47,293 [INFO] Context:786 - Trying to add GPIOservice into a context  which must be forbidden
2026-05-02 01:03:47,779 [INFO] ImportTextPane:234 - (OptionalMessage_ERROR) Pin9 (VP_RIF_VS_RIF1) cannot be retrieved for this MCU
2026-05-02 01:03:47,988 [INFO] RtosManager:558 - Registered RTOS mode: class=CMSIS, group=RTOS, mode=CMSIS_V1, owner=FREERTOS
2026-05-02 01:03:47,988 [INFO] RtosManager:558 - Registered RTOS mode: class=CMSIS, group=RTOS2, mode=CMSIS_V2, owner=FREERTOS
2026-05-02 01:03:47,988 [INFO] RtosManager:558 - Registered RTOS mode: class=RTOS, group=Core, mode=CMSIS_V1, owner=FREERTOS
2026-05-02 01:03:47,988 [INFO] RtosManager:558 - Registered RTOS mode: class=RTOS, group=Core, mode=CMSIS_V2, owner=FREERTOS
2026-05-02 01:03:47,988 [WARN] ModelIntegratedComponent:184 - Missing modes for component STMicroelectronics:FreeRTOS:0.0.1:STMicroelectronics:RTOS:FreeRTOS:Core:::10.2.0:
2026-05-02 01:03:47,998 [WARN] ModelIntegratedComponent:63 - No mode defined for component null
2026-05-02 01:03:47,998 [WARN] ModelIntegratedComponent:63 - No mode defined for component null
2026-05-02 01:03:47,998 [WARN] ModelIntegratedComponent:63 - No mode defined for component null
2026-05-02 01:03:47,998 [WARN] ModelIntegratedComponent:63 - No mode defined for component null
2026-05-02 01:03:47,998 [WARN] ModelIntegratedComponent:63 - No mode defined for component null
2026-05-02 01:03:47,998 [WARN] ModelIntegratedComponent:63 - No mode defined for component null
2026-05-02 01:03:47,998 [WARN] ModelIntegratedComponent:63 - No mode defined for component null
2026-05-02 01:03:47,998 [WARN] ModelIntegratedComponent:63 - No mode defined for component null
2026-05-02 01:03:47,998 [WARN] ModelIntegratedComponent:63 - No mode defined for component null
2026-05-02 01:03:47,998 [WARN] ModelIntegratedComponent:63 - No mode defined for component null
2026-05-02 01:03:47,998 [WARN] ModelIntegratedComponent:63 - No mode defined for component null
2026-05-02 01:03:47,998 [WARN] ModelIntegratedComponent:63 - No mode defined for component null
2026-05-02 01:03:47,998 [WARN] ModelIntegratedComponent:63 - No mode defined for component null
2026-05-02 01:03:47,998 [WARN] ModelIntegratedComponent:63 - No mode defined for component null
2026-05-02 01:03:47,998 [WARN] ModelIntegratedComponent:63 - No mode defined for component null
2026-05-02 01:03:47,998 [WARN] ModelIntegratedComponent:63 - No mode defined for component null
2026-05-02 01:03:47,998 [WARN] ModelIntegratedComponent:63 - No mode defined for component null
2026-05-02 01:03:47,998 [WARN] ModelIntegratedComponent:63 - No mode defined for component null
2026-05-02 01:03:47,998 [WARN] ModelIntegratedComponent:63 - No mode defined for component null
2026-05-02 01:03:47,998 [WARN] ModelIntegratedComponent:63 - No mode defined for component null
2026-05-02 01:03:47,998 [WARN] ModelIntegratedComponent:63 - No mode defined for component null
2026-05-02 01:03:47,998 [WARN] ModelIntegratedComponent:63 - No mode defined for component null
2026-05-02 01:03:47,998 [WARN] ModelIntegratedComponent:63 - No mode defined for component null
2026-05-02 01:03:47,998 [WARN] ModelIntegratedComponent:63 - No mode defined for component null
2026-05-02 01:03:47,998 [WARN] ModelIntegratedComponent:63 - No mode defined for component null
2026-05-02 01:03:47,998 [WARN] ModelIntegratedComponent:63 - No mode defined for component null
2026-05-02 01:03:47,998 [WARN] ModelIntegratedComponent:63 - No mode defined for component null
2026-05-02 01:03:47,998 [WARN] ModelIntegratedComponent:63 - No mode defined for component null
2026-05-02 01:03:47,998 [WARN] ModelIntegratedComponent:63 - No mode defined for component null
2026-05-02 01:03:47,998 [WARN] ModelIntegratedComponent:63 - No mode defined for component null
2026-05-02 01:03:47,998 [WARN] ModelIntegratedComponent:63 - No mode defined for component null
2026-05-02 01:03:47,998 [WARN] ModelIntegratedComponent:63 - No mode defined for component null
2026-05-02 01:03:47,998 [WARN] ModelIntegratedComponent:63 - No mode defined for component null
2026-05-02 01:03:47,998 [WARN] ModelIntegratedComponent:63 - No mode defined for component null
2026-05-02 01:03:47,998 [WARN] ModelIntegratedComponent:63 - No mode defined for component null
2026-05-02 01:03:47,998 [WARN] ModelPack:524 - Component already loaded: STMicroelectronics:HAL Drivers:0.0.0:STMicroelectronics:Device:STMicro_Driver:XSPI:HAL::0.0.1:HAL_XSPI
2026-05-02 01:03:48,035 [INFO] ThirdPartyModel:298 - Start build external matchings
2026-05-02 01:03:48,209 [INFO] ThirdPartyModel:316 - End build external matchings
2026-05-02 01:03:48,377 [INFO] UtilMem:75 - End LoadConfig() Used Memory: 792249648 Bytes (1073741824)
2026-05-02 01:03:48,585 [WARN] ThirdParty:833 - waiting for thirdparty lock release [change project]
2026-05-02 01:03:48,586 [INFO] ThirdParty:835 - entering critical section [change project]
2026-05-02 01:03:48,586 [INFO] ThirdParty:1030 - CMSIS Pack Vendor :STMicroelectronics X-CUBE-AZRTOS-H7 3.5.0
2026-05-02 01:03:48,586 [INFO] ThirdParty:1030 - CMSIS Pack Vendor :STMicroelectronics X-CUBE-PM33A1 1.0.0
2026-05-02 01:03:48,586 [INFO] ThirdParty:1030 - CMSIS Pack Vendor :STMicroelectronics USBPD 4.1
2026-05-02 01:03:48,586 [INFO] ThirdParty:1030 - CMSIS Pack Vendor :STMicroelectronics X-CUBE-NFC9 1.0.0
2026-05-02 01:03:48,586 [INFO] ThirdParty:1030 - CMSIS Pack Vendor :STMicroelectronics USB_HOST 2.0.0
2026-05-02 01:03:48,586 [INFO] ThirdParty:1030 - CMSIS Pack Vendor :STMicroelectronics X-CUBE-AZRTOS-F4 1.1.0
2026-05-02 01:03:48,586 [INFO] ThirdParty:1030 - CMSIS Pack Vendor :STMicroelectronics LIBJPEG 8.0.0
2026-05-02 01:03:48,586 [INFO] ThirdParty:1030 - CMSIS Pack Vendor :STMicroelectronics FP-ATR-ASTRA1 2.0.2
2026-05-02 01:03:48,586 [INFO] ThirdParty:1030 - CMSIS Pack Vendor :STMicroelectronics X-CUBE-BLE1 7.1.0
2026-05-02 01:03:48,586 [INFO] ThirdParty:1030 - CMSIS Pack Vendor :STMicroelectronics X-CUBE-SMBUS 2.1.0
2026-05-02 01:03:48,586 [INFO] ThirdParty:1030 - CMSIS Pack Vendor :wolfSSL I-CUBE-wolfMQTT 1.19.2
2026-05-02 01:03:48,586 [INFO] ThirdParty:1030 - CMSIS Pack Vendor :STMicroelectronics USB_DEVICE 3.0.0
2026-05-02 01:03:48,586 [INFO] ThirdParty:1030 - CMSIS Pack Vendor :STMicroelectronics X-CUBE-ISPU 2.1.0
2026-05-02 01:03:48,586 [INFO] ThirdParty:1030 - CMSIS Pack Vendor :STMicroelectronics eDS-WB_DPC_TT-BIDIR 2.1.1
2026-05-02 01:03:48,586 [INFO] ThirdParty:1030 - CMSIS Pack Vendor :STMicroelectronics X-CUBE-AZRTOS-WB 2.0.0
2026-05-02 01:03:48,586 [INFO] ThirdParty:1030 - CMSIS Pack Vendor :wolfSSL I-CUBE-wolfSSL 5.8.4
2026-05-02 01:03:48,586 [INFO] ThirdParty:1030 - CMSIS Pack Vendor :Cesanta I-CUBE-Mongoose 7.20.0
2026-05-02 01:03:48,586 [INFO] ThirdParty:1030 - CMSIS Pack Vendor :STMicroelectronics X-CUBE-AZRTOS-F7 1.1.0
2026-05-02 01:03:48,586 [INFO] ThirdParty:1030 - CMSIS Pack Vendor :STMicroelectronics X-CUBE-AZRTOS-L5 2.0.0
2026-05-02 01:03:48,586 [INFO] ThirdParty:1030 - CMSIS Pack Vendor :STMicroelectronics USB_DEVICE 2.0.0
2026-05-02 01:03:48,586 [INFO] ThirdParty:1030 - CMSIS Pack Vendor :STMicroelectronics FP-SNS-STAIOTCFT 1.1.0
2026-05-02 01:03:48,586 [INFO] ThirdParty:1030 - CMSIS Pack Vendor :quantropi X-CUBE-qispace-sdk-base 2.1.0
2026-05-02 01:03:48,586 [INFO] ThirdParty:1030 - CMSIS Pack Vendor :STMicroelectronics X-CUBE-MEMS1 12.0.0
2026-05-02 01:03:48,587 [INFO] ThirdParty:1030 - CMSIS Pack Vendor :STMicroelectronics X-CUBE-STSE01 2.0.0
2026-05-02 01:03:48,587 [INFO] ThirdParty:1030 - CMSIS Pack Vendor :STMicroelectronics FreeRTOS 0.0.1
2026-05-02 01:03:48,587 [INFO] ThirdParty:1030 - CMSIS Pack Vendor :STMicroelectronics X-CUBE-AZRTOS-G0 1.1.0
2026-05-02 01:03:48,587 [INFO] ThirdParty:1030 - CMSIS Pack Vendor :STMicroelectronics X-CUBE-NFC4 3.0.0
2026-05-02 01:03:48,587 [INFO] ThirdParty:1030 - CMSIS Pack Vendor :STMicroelectronics X-CUBE-SUBG2 5.0.0
2026-05-02 01:03:48,587 [INFO] ThirdParty:1030 - CMSIS Pack Vendor :STMicroelectronics STM32_WPAN 1.0.0
2026-05-02 01:03:48,587 [INFO] ThirdParty:1030 - CMSIS Pack Vendor :STMicroelectronics eDS-WB_DPC_VIENNA 1.2.0
2026-05-02 01:03:48,587 [INFO] ThirdParty:1030 - CMSIS Pack Vendor :EmbeddedOffice I-CUBE-FS-RTOS 1.0.1
2026-05-02 01:03:48,587 [INFO] ThirdParty:1030 - CMSIS Pack Vendor :STMicroelectronics lwIP 2.0.3
2026-05-02 01:03:48,587 [INFO] ThirdParty:1030 - CMSIS Pack Vendor :WES I-CUBE-Cesium 1.4.0
2026-05-02 01:03:48,587 [INFO] ThirdParty:1030 - CMSIS Pack Vendor :STMicroelectronics eDS-WB_DPC_3PH2L-BIDIR 1.1.1
2026-05-02 01:03:48,587 [INFO] ThirdParty:1030 - CMSIS Pack Vendor :STMicroelectronics USB_HOST 1.0.0
2026-05-02 01:03:48,587 [INFO] ThirdParty:1030 - CMSIS Pack Vendor :STMicroelectronics X-CUBE-AZRTOS-G4 2.0.0
2026-05-02 01:03:48,587 [INFO] ThirdParty:1030 - CMSIS Pack Vendor :STMicroelectronics PDM2PCM 3.1.0
2026-05-02 01:03:48,587 [INFO] ThirdParty:1030 - CMSIS Pack Vendor :STMicroelectronics PDM2PCM 3.3.0
2026-05-02 01:03:48,587 [INFO] ThirdParty:1030 - CMSIS Pack Vendor :wolfSSL I-CUBE-wolfTPM 3.8.0
2026-05-02 01:03:48,587 [INFO] ThirdParty:1030 - CMSIS Pack Vendor :STMicroelectronics X-CUBE-DISPLAY 3.0.0
2026-05-02 01:03:48,587 [INFO] ThirdParty:1030 - CMSIS Pack Vendor :wolfSSL I-CUBE-wolfSSH 1.4.20
2026-05-02 01:03:48,587 [INFO] ThirdParty:1030 - CMSIS Pack Vendor :STMicroelectronics X-CUBE-NFC7 2.0.0
2026-05-02 01:03:48,587 [INFO] ThirdParty:1030 - CMSIS Pack Vendor :STMicroelectronics X-CUBE-GNSS1 7.1.1
2026-05-02 01:03:48,587 [INFO] ThirdParty:1030 - CMSIS Pack Vendor :STMicroelectronics X-CUBE-TCPP 4.2.0
2026-05-02 01:03:48,587 [INFO] ThirdParty:1030 - CMSIS Pack Vendor :RealThread X-CUBE-RT-Thread_Nano 4.1.1
2026-05-02 01:03:48,587 [INFO] ThirdParty:1030 - CMSIS Pack Vendor :STMicroelectronics FP-ATR-SIGFOX1 3.2.0
2026-05-02 01:03:48,587 [INFO] ThirdParty:1030 - CMSIS Pack Vendor :STMicroelectronics X-CUBE-NFC10 1.0.0
2026-05-02 01:03:48,587 [INFO] ThirdParty:1030 - CMSIS Pack Vendor :STMicroelectronics HAL Drivers 0.0.0
2026-05-02 01:03:48,587 [INFO] ThirdParty:1030 - CMSIS Pack Vendor :STMicroelectronics MBEDTLS 2.16.2
2026-05-02 01:03:48,587 [INFO] ThirdParty:1030 - CMSIS Pack Vendor :STMicroelectronics X-CUBE-ST60 1.1.0
2026-05-02 01:03:48,587 [INFO] ThirdParty:1030 - CMSIS Pack Vendor :STMicroelectronics X-CUBE-ALS 1.0.2
2026-05-02 01:03:48,587 [INFO] ThirdParty:1030 - CMSIS Pack Vendor :emotas I-CUBE-CANOPEN 1.3.0
2026-05-02 01:03:48,587 [INFO] ThirdParty:1030 - CMSIS Pack Vendor :STMicroelectronics MBEDTLS 2.14.1
2026-05-02 01:03:48,587 [INFO] ThirdParty:1030 - CMSIS Pack Vendor :STMicroelectronics X-CUBE-GNSS1 7.1.0
2026-05-02 01:03:48,587 [INFO] ThirdParty:1030 - CMSIS Pack Vendor :ITTIA_DB I-CUBE-ITTIADB 8.9.0
2026-05-02 01:03:48,587 [INFO] ThirdParty:1030 - CMSIS Pack Vendor :STMicroelectronics X-CUBE-TOUCHGFX 4.26.1
2026-05-02 01:03:48,587 [INFO] ThirdParty:1030 - CMSIS Pack Vendor :STMicroelectronics FP-SNS-STAIOTCFT 1.0.0
2026-05-02 01:03:48,588 [INFO] ThirdParty:1030 - CMSIS Pack Vendor :STMicroelectronics ThreadX 1.0.0
2026-05-02 01:03:48,588 [INFO] ThirdParty:1030 - CMSIS Pack Vendor :STMicroelectronics FP-SNS-SMARTAG2 1.2.0
2026-05-02 01:03:48,588 [INFO] ThirdParty:1030 - CMSIS Pack Vendor :STMicroelectronics X-CUBE-MEMS1 12.1.0
2026-05-02 01:03:48,588 [INFO] ThirdParty:1030 - CMSIS Pack Vendor :STMicroelectronics FP-SNS-FLIGHT1 5.1.0
2026-05-02 01:03:48,588 [INFO] ThirdParty:1030 - CMSIS Pack Vendor :STMicroelectronics X-CUBE-AZRTOS-WL 2.0.0
2026-05-02 01:03:48,588 [INFO] ThirdParty:1030 - CMSIS Pack Vendor :SEGGER I-CUBE-embOS 1.3.1
2026-05-02 01:03:48,588 [INFO] ThirdParty:1030 - CMSIS Pack Vendor :STMicroelectronics X-CUBE-ALGOBUILD 1.4.0
2026-05-02 01:03:48,588 [INFO] ThirdParty:1030 - CMSIS Pack Vendor :STMicroelectronics X-CUBE-DPower 1.3.0
2026-05-02 01:03:48,588 [INFO] ThirdParty:1030 - CMSIS Pack Vendor :STMicroelectronics USB_DEVICE 1.0.0
2026-05-02 01:03:48,588 [INFO] ThirdParty:1030 - CMSIS Pack Vendor :STMicroelectronics X-CUBE-AZRTOS-H7RS 1.2.0
2026-05-02 01:03:48,588 [INFO] ThirdParty:1030 - CMSIS Pack Vendor :STMicroelectronics X-CUBE-AZRTOS-L4 2.0.0
2026-05-02 01:03:48,588 [INFO] ThirdParty:1030 - CMSIS Pack Vendor :STMicroelectronics ThreadX 0.0.2
2026-05-02 01:03:48,588 [INFO] ThirdParty:1030 - CMSIS Pack Vendor :STMicroelectronics lwIP 2.1.2
2026-05-02 01:03:48,588 [INFO] ThirdParty:1030 - CMSIS Pack Vendor :STMicroelectronics X-CUBE-SFXS2LP1 4.0.0
2026-05-02 01:03:48,588 [INFO] ThirdParty:1030 - CMSIS Pack Vendor :STMicroelectronics X-CUBE-BLE2 3.3.0
2026-05-02 01:03:48,588 [INFO] ThirdParty:1030 - CMSIS Pack Vendor :Avnet-IOTCONNECT X-CUBE-iotc-st67-sdk 1.0.0
2026-05-02 01:03:48,588 [INFO] ThirdParty:1030 - CMSIS Pack Vendor :STMicroelectronics X-CUBE-TOF1 3.4.3
2026-05-02 01:03:48,588 [INFO] ThirdParty:1030 - CMSIS Pack Vendor :Infineon AIROC-Wi-Fi-Bluetooth-STM32 1.8.0
2026-05-02 01:03:48,588 [INFO] ThirdParty:1030 - CMSIS Pack Vendor :STMicroelectronics PDM2PCM 3.2.0
2026-05-02 01:03:48,588 [INFO] ThirdParty:1030 - CMSIS Pack Vendor :STMicroelectronics X-CUBE-WB05N 2.1.0
2026-05-02 01:03:48,588 [INFO] ThirdParty:1030 - CMSIS Pack Vendor :STMicroelectronics X-CUBE-ST67W61 1.2.0
2026-05-02 01:03:48,588 [INFO] ThirdParty:841 - exiting critical section [change project]
2026-05-02 01:03:48,962 [INFO] PinOutPanel:1589 - setPackage(No Configuration,No Configuration)
2026-05-02 01:03:48,966 [INFO] PinOutPanel:1589 - setPackage(STM32L432KCUx,UFQFPN32)
2026-05-02 01:03:49,559 [INFO] UtilMem:75 - Before build in PCC Used Memory: 735943392 Bytes (1073741824)
2026-05-02 01:03:50,300 [INFO] UtilMem:75 - After build in PCC Used Memory: 830321392 Bytes (1073741824)
2026-05-02 01:03:50,363 [INFO] IPUIPlugin:80 - create IPUIPlugin
2026-05-02 01:03:50,364 [INFO] IPUIPlugin:80 - create IPUIPlugin
2026-05-02 01:03:50,364 [INFO] IPUIPlugin:80 - create IPUIPlugin
2026-05-02 01:03:50,364 [INFO] IPUIPlugin:80 - create IPUIPlugin
2026-05-02 01:03:50,365 [INFO] IPUIPlugin:80 - create IPUIPlugin
2026-05-02 01:03:50,365 [INFO] IPUIPlugin:80 - create IPUIPlugin
2026-05-02 01:03:50,365 [INFO] IPUIPlugin:80 - create IPUIPlugin
2026-05-02 01:03:50,365 [INFO] IPUIPlugin:80 - create IPUIPlugin
2026-05-02 01:03:50,365 [INFO] IPUIPlugin:80 - create IPUIPlugin
2026-05-02 01:03:50,365 [INFO] IPUIPlugin:80 - create IPUIPlugin
2026-05-02 01:03:50,365 [INFO] IPUIPlugin:80 - create IPUIPlugin
2026-05-02 01:03:50,365 [INFO] IPUIPlugin:80 - create IPUIPlugin
2026-05-02 01:03:50,366 [INFO] IPUIPlugin:80 - create IPUIPlugin
2026-05-02 01:03:50,366 [INFO] IPUIPlugin:80 - create IPUIPlugin
2026-05-02 01:03:50,366 [INFO] IPUIPlugin:80 - create IPUIPlugin
2026-05-02 01:03:50,366 [INFO] IPUIPlugin:80 - create IPUIPlugin
2026-05-02 01:03:50,368 [INFO] IPUIPlugin:80 - create IPUIPlugin
2026-05-02 01:03:50,368 [INFO] IPUIPlugin:80 - create IPUIPlugin
2026-05-02 01:03:50,368 [INFO] IPUIPlugin:80 - create IPUIPlugin
2026-05-02 01:03:50,368 [INFO] IPUIPlugin:80 - create IPUIPlugin
2026-05-02 01:03:50,369 [INFO] IPUIPlugin:80 - create IPUIPlugin
2026-05-02 01:03:50,369 [INFO] IPUIPlugin:80 - create IPUIPlugin
2026-05-02 01:03:50,369 [INFO] IPUIPlugin:80 - create IPUIPlugin
2026-05-02 01:03:50,369 [INFO] IPUIPlugin:80 - create IPUIPlugin
2026-05-02 01:03:50,369 [INFO] IPUIPlugin:80 - create IPUIPlugin
2026-05-02 01:03:50,369 [INFO] IPUIPlugin:80 - create IPUIPlugin
2026-05-02 01:03:50,369 [INFO] IPUIPlugin:80 - create IPUIPlugin
2026-05-02 01:03:50,369 [INFO] IPUIPlugin:80 - create IPUIPlugin
2026-05-02 01:03:50,369 [INFO] IPUIPlugin:80 - create IPUIPlugin
2026-05-02 01:03:50,369 [INFO] IPUIPlugin:80 - create IPUIPlugin
2026-05-02 01:03:50,369 [INFO] IPUIPlugin:80 - create IPUIPlugin
2026-05-02 01:03:50,369 [INFO] IPUIPlugin:80 - create IPUIPlugin
2026-05-02 01:03:50,369 [INFO] IPUIPlugin:80 - create IPUIPlugin
2026-05-02 01:03:50,369 [INFO] IPUIPlugin:80 - create IPUIPlugin
2026-05-02 01:03:50,369 [INFO] IPUIPlugin:80 - create IPUIPlugin
2026-05-02 01:03:50,370 [INFO] IPUIPlugin:80 - create IPUIPlugin
2026-05-02 01:03:50,370 [INFO] IPUIPlugin:80 - create IPUIPlugin
2026-05-02 01:03:50,370 [INFO] IPUIPlugin:80 - create IPUIPlugin
2026-05-02 01:03:50,370 [INFO] IPUIPlugin:80 - create IPUIPlugin
2026-05-02 01:03:50,370 [INFO] IPUIPlugin:80 - create IPUIPlugin
2026-05-02 01:03:50,370 [INFO] IPUIPlugin:80 - create IPUIPlugin
2026-05-02 01:03:50,458 [INFO] CADModel:165 - CPN selected for project levelSTM32L432KCU3
2026-05-02 01:03:50,458 [INFO] CADModel:114 - Register for checkConnection events
2026-05-02 01:03:50,508 [INFO] OpenFileManager:386 - Restore cursor
2026-05-02 01:13:19,682 [INFO] MainUpdater:2872 - connection check result : 10
2026-05-02 01:13:19,683 [INFO] MainUpdater:2872 - connection check result : 10
2026-05-02 01:13:20,164 [INFO] I2cTimingTraitement:330 - 0x00100D14
2026-05-02 01:13:20,189 [INFO] MicroXplorer:468 - Change Database Path : 
2026-05-02 01:13:20,189 [INFO] MicroXplorer:498 - Change Database Version : DB.6.0.150
2026-05-02 01:13:20,300 [ERROR] ProjectManagerView:395 - 
java.lang.NullPointerException: Cannot invoke "javax.swing.JTextField.getText()" because the return value of "java.util.List.get(int)" is null
	at com.st.microxplorer.plugins.projectmanager.gui.ProjectChoiceTab$9.caretUpdate(ProjectChoiceTab.java:2706) ~[filemanager.jar:?]
	at javax.swing.text.JTextComponent.fireCaretUpdate(JTextComponent.java:408) ~[?:?]
	at javax.swing.text.JTextComponent$MutableCaretEvent.fire(JTextComponent.java:4484) ~[?:?]
	at javax.swing.text.JTextComponent$MutableCaretEvent.stateChanged(JTextComponent.java:4506) ~[?:?]
	at javax.swing.text.DefaultCaret.fireStateChanged(DefaultCaret.java:857) ~[?:?]
	at javax.swing.text.DefaultCaret.changeCaretPosition(DefaultCaret.java:1343) ~[?:?]
	at javax.swing.text.DefaultCaret.handleSetDot(DefaultCaret.java:1242) ~[?:?]
	at javax.swing.text.DefaultCaret.setDot(DefaultCaret.java:1223) ~[?:?]
	at javax.swing.text.DefaultCaret$Handler.insertUpdate(DefaultCaret.java:1819) ~[?:?]
	at javax.swing.text.AbstractDocument.fireInsertUpdate(AbstractDocument.java:227) ~[?:?]
	at javax.swing.text.AbstractDocument.handleInsertString(AbstractDocument.java:781) ~[?:?]
	at javax.swing.text.AbstractDocument.insertString(AbstractDocument.java:740) ~[?:?]
	at javax.swing.text.PlainDocument.insertString(PlainDocument.java:131) ~[?:?]
	at javax.swing.text.AbstractDocument.replace(AbstractDocument.java:699) ~[?:?]
	at javax.swing.text.JTextComponent.setText(JTextComponent.java:1725) ~[?:?]
	at com.st.microxplorer.plugins.projectmanager.gui.ProjectChoiceTab.createHeapStackFields(ProjectChoiceTab.java:993) ~[filemanager.jar:?]
	at com.st.microxplorer.plugins.projectmanager.gui.ProjectChoiceTab.buildLinkSettingsPanel(ProjectChoiceTab.java:3813) ~[filemanager.jar:?]
	at com.st.microxplorer.plugins.projectmanager.gui.ProjectChoiceTab.defineWindowsFields(ProjectChoiceTab.java:1987) ~[filemanager.jar:?]
	at com.st.microxplorer.plugins.projectmanager.gui.ProjectChoiceTab.updateSettings(ProjectChoiceTab.java:558) ~[filemanager.jar:?]
	at com.st.microxplorer.plugins.projectmanager.gui.ProjectSettingsPanel.UpdateDialog(ProjectSettingsPanel.java:247) ~[filemanager.jar:?]
	at com.st.microxplorer.plugins.projectmanager.ProjectManagerView.propertyChange(ProjectManagerView.java:392) ~[filemanager.jar:?]
	at java.beans.PropertyChangeSupport.fire(PropertyChangeSupport.java:343) ~[?:?]
	at java.beans.PropertyChangeSupport.firePropertyChange(PropertyChangeSupport.java:335) ~[?:?]
	at java.beans.PropertyChangeSupport.firePropertyChange(PropertyChangeSupport.java:268) ~[?:?]
	at com.st.microxplorer.util.MXPropertyChangeSupport.firePropertyChange(MXPropertyChangeSupport.java:54) ~[STM32CubeMX.jar:?]
	at com.st.microxplorer.mxsystem.MxSystem.closeConfig(MxSystem.java:899) ~[STM32CubeMX.jar:?]
	at com.st.microxplorer.maingui.MainPanel.closeConfig(MainPanel.java:792) ~[STM32CubeMX.jar:?]
	at com.st.microxplorer.plugins.filemanager.engine.OpenFileManager.loadConfigurationFile(OpenFileManager.java:288) ~[filemanager.jar:?]
	at com.st.microxplorer.plugins.filemanager.engine.MainFileManager.userLoadConfig(MainFileManager.java:364) ~[filemanager.jar:?]
	at com.st.microxplorer.plugins.filemanager.engine.MainFileManager.userLoadConfig(MainFileManager.java:342) ~[filemanager.jar:?]
	at com.st.microxplorer.plugins.filemanager.FileManagerView.getSpecificTask(FileManagerView.java:264) ~[filemanager.jar:?]
	at com.st.stm32cube.common.mx.editor.CubeMxEditor.getMxTabbedPaneInstance(CubeMxEditor.java:1198) ~[com.st.stm32cube.common.mx_6.15.0.202507011659/:?]
	at com.st.stm32cube.common.mx.editor.CubeMxEditor$12$1.createSwingComponent(CubeMxEditor.java:1068) ~[com.st.stm32cube.common.mx_6.15.0.202507011659/:?]
	at com.st.stm32cube.common.mx.oss.core.awtswtbridge.EmbeddedSwingComposite.doComponentCreation(EmbeddedSwingComposite.java:492) ~[com.st.stm32cube.common.mx.oss_6.15.0.202507011659/:?]
	at com.st.stm32cube.common.mx.oss.core.awtswtbridge.EmbeddedSwingComposite$4.run(EmbeddedSwingComposite.java:291) ~[com.st.stm32cube.common.mx.oss_6.15.0.202507011659/:?]
	at com.st.stm32cube.common.mx.oss.core.awtswtbridge.AwtEnvironment$2.run(AwtEnvironment.java:166) ~[com.st.stm32cube.common.mx.oss_6.15.0.202507011659/:?]
	at java.awt.event.InvocationEvent.dispatch(InvocationEvent.java:318) ~[?:?]
	at java.awt.EventQueue.dispatchEventImpl(EventQueue.java:773) ~[?:?]
	at java.awt.EventQueue$4.run(EventQueue.java:720) ~[?:?]
	at java.awt.EventQueue$4.run(EventQueue.java:714) ~[?:?]
	at java.security.AccessController.doPrivileged(AccessController.java:400) ~[?:?]
	at java.security.ProtectionDomain$JavaSecurityAccessImpl.doIntersectionPrivilege(ProtectionDomain.java:87) ~[?:?]
	at java.awt.EventQueue.dispatchEvent(EventQueue.java:742) ~[?:?]
	at java.awt.EventDispatchThread.pumpOneEventForFilters(EventDispatchThread.java:203) ~[?:?]
	at java.awt.EventDispatchThread.pumpEventsForFilter(EventDispatchThread.java:124) ~[?:?]
	at java.awt.EventDispatchThread.pumpEventsForHierarchy(EventDispatchThread.java:113) ~[?:?]
	at java.awt.EventDispatchThread.pumpEvents(EventDispatchThread.java:109) ~[?:?]
	at java.awt.EventDispatchThread.pumpEvents(EventDispatchThread.java:101) ~[?:?]
	at java.awt.EventDispatchThread.run(EventDispatchThread.java:90) ~[?:?]
2026-05-02 01:13:20,302 [WARN] ThirdParty:871 - waiting for thirdparty lock release [close project]
2026-05-02 01:13:20,303 [INFO] ThirdParty:873 - entering critical section [close project]
2026-05-02 01:13:20,303 [INFO] ThirdParty:883 - exiting critical section [close project]
2026-05-02 01:13:20,314 [INFO] PinOutPanel:1589 - setPackage(No Configuration,No Configuration)
2026-05-02 01:13:20,328 [INFO] UtilMem:75 - Begin LoadConfig() Used Memory: 995690752 Bytes (1073741824)
2026-05-02 01:13:20,331 [INFO] MicroXplorer:468 - Change Database Path : 
2026-05-02 01:13:20,331 [INFO] MicroXplorer:498 - Change Database Version : DB.6.0.150
2026-05-02 01:13:20,331 [INFO] OpenFileManager:355 - Change cursor
2026-05-02 01:13:20,365 [INFO] Mcu:2029 - Initializing MCU STM32L432K(B-C)Ux STM32L432KCUx STM32L432KCU3
2026-05-02 01:13:21,820 [INFO] Context:786 - Trying to add GPIOservice into a context  which must be forbidden
2026-05-02 01:13:22,529 [INFO] ImportTextPane:234 - (OptionalMessage_ERROR) Pin9 (VP_RIF_VS_RIF1) cannot be retrieved for this MCU
2026-05-02 01:13:23,015 [INFO] RtosManager:558 - Registered RTOS mode: class=CMSIS, group=RTOS, mode=CMSIS_V1, owner=FREERTOS
2026-05-02 01:13:23,015 [INFO] RtosManager:558 - Registered RTOS mode: class=CMSIS, group=RTOS2, mode=CMSIS_V2, owner=FREERTOS
2026-05-02 01:13:23,015 [INFO] RtosManager:558 - Registered RTOS mode: class=RTOS, group=Core, mode=CMSIS_V1, owner=FREERTOS
2026-05-02 01:13:23,015 [INFO] RtosManager:558 - Registered RTOS mode: class=RTOS, group=Core, mode=CMSIS_V2, owner=FREERTOS
2026-05-02 01:13:23,015 [WARN] ModelIntegratedComponent:184 - Missing modes for component STMicroelectronics:FreeRTOS:0.0.1:STMicroelectronics:RTOS:FreeRTOS:Core:::10.2.0:
2026-05-02 01:13:23,025 [WARN] ModelIntegratedComponent:63 - No mode defined for component null
2026-05-02 01:13:23,026 [WARN] ModelIntegratedComponent:63 - No mode defined for component null
2026-05-02 01:13:23,026 [WARN] ModelIntegratedComponent:63 - No mode defined for component null
2026-05-02 01:13:23,026 [WARN] ModelIntegratedComponent:63 - No mode defined for component null
2026-05-02 01:13:23,026 [WARN] ModelIntegratedComponent:63 - No mode defined for component null
2026-05-02 01:13:23,026 [WARN] ModelIntegratedComponent:63 - No mode defined for component null
2026-05-02 01:13:23,026 [WARN] ModelIntegratedComponent:63 - No mode defined for component null
2026-05-02 01:13:23,026 [WARN] ModelIntegratedComponent:63 - No mode defined for component null
2026-05-02 01:13:23,026 [WARN] ModelIntegratedComponent:63 - No mode defined for component null
2026-05-02 01:13:23,026 [WARN] ModelIntegratedComponent:63 - No mode defined for component null
2026-05-02 01:13:23,027 [WARN] ModelIntegratedComponent:63 - No mode defined for component null
2026-05-02 01:13:23,027 [WARN] ModelIntegratedComponent:63 - No mode defined for component null
2026-05-02 01:13:23,027 [WARN] ModelIntegratedComponent:63 - No mode defined for component null
2026-05-02 01:13:23,028 [WARN] ModelIntegratedComponent:63 - No mode defined for component null
2026-05-02 01:13:23,028 [WARN] ModelIntegratedComponent:63 - No mode defined for component null
2026-05-02 01:13:23,028 [WARN] ModelIntegratedComponent:63 - No mode defined for component null
2026-05-02 01:13:23,028 [WARN] ModelIntegratedComponent:63 - No mode defined for component null
2026-05-02 01:13:23,028 [WARN] ModelIntegratedComponent:63 - No mode defined for component null
2026-05-02 01:13:23,028 [WARN] ModelIntegratedComponent:63 - No mode defined for component null
2026-05-02 01:13:23,028 [WARN] ModelIntegratedComponent:63 - No mode defined for component null
2026-05-02 01:13:23,029 [WARN] ModelIntegratedComponent:63 - No mode defined for component null
2026-05-02 01:13:23,029 [WARN] ModelIntegratedComponent:63 - No mode defined for component null
2026-05-02 01:13:23,029 [WARN] ModelIntegratedComponent:63 - No mode defined for component null
2026-05-02 01:13:23,029 [WARN] ModelIntegratedComponent:63 - No mode defined for component null
2026-05-02 01:13:23,029 [WARN] ModelIntegratedComponent:63 - No mode defined for component null
2026-05-02 01:13:23,030 [WARN] ModelIntegratedComponent:63 - No mode defined for component null
2026-05-02 01:13:23,030 [WARN] ModelIntegratedComponent:63 - No mode defined for component null
2026-05-02 01:13:23,031 [WARN] ModelIntegratedComponent:63 - No mode defined for component null
2026-05-02 01:13:23,031 [WARN] ModelIntegratedComponent:63 - No mode defined for component null
2026-05-02 01:13:23,031 [WARN] ModelIntegratedComponent:63 - No mode defined for component null
2026-05-02 01:13:23,031 [WARN] ModelIntegratedComponent:63 - No mode defined for component null
2026-05-02 01:13:23,031 [WARN] ModelIntegratedComponent:63 - No mode defined for component null
2026-05-02 01:13:23,031 [WARN] ModelIntegratedComponent:63 - No mode defined for component null
2026-05-02 01:13:23,032 [WARN] ModelIntegratedComponent:63 - No mode defined for component null
2026-05-02 01:13:23,032 [WARN] ModelIntegratedComponent:63 - No mode defined for component null
2026-05-02 01:13:23,033 [WARN] ModelPack:524 - Component already loaded: STMicroelectronics:HAL Drivers:0.0.0:STMicroelectronics:Device:STMicro_Driver:XSPI:HAL::0.0.1:HAL_XSPI
2026-05-02 01:13:23,164 [INFO] ThirdPartyModel:298 - Start build external matchings
2026-05-02 01:13:23,785 [INFO] ThirdPartyModel:316 - End build external matchings
2026-05-02 01:13:23,962 [INFO] UtilMem:75 - End LoadConfig() Used Memory: 990789192 Bytes (1073741824)
2026-05-02 01:13:24,004 [WARN] ThirdParty:833 - waiting for thirdparty lock release [change project]
2026-05-02 01:13:24,004 [INFO] ThirdParty:835 - entering critical section [change project]
2026-05-02 01:13:24,004 [INFO] ThirdParty:1030 - CMSIS Pack Vendor :STMicroelectronics X-CUBE-AZRTOS-H7 3.5.0
2026-05-02 01:13:24,004 [INFO] ThirdParty:1030 - CMSIS Pack Vendor :STMicroelectronics X-CUBE-PM33A1 1.0.0
2026-05-02 01:13:24,005 [INFO] ThirdParty:1030 - CMSIS Pack Vendor :STMicroelectronics USBPD 4.1
2026-05-02 01:13:24,006 [INFO] ThirdParty:1030 - CMSIS Pack Vendor :STMicroelectronics X-CUBE-NFC9 1.0.0
2026-05-02 01:13:24,006 [INFO] ThirdParty:1030 - CMSIS Pack Vendor :STMicroelectronics USB_HOST 2.0.0
2026-05-02 01:13:24,006 [INFO] ThirdParty:1030 - CMSIS Pack Vendor :STMicroelectronics X-CUBE-AZRTOS-F4 1.1.0
2026-05-02 01:13:24,006 [INFO] ThirdParty:1030 - CMSIS Pack Vendor :STMicroelectronics LIBJPEG 8.0.0
2026-05-02 01:13:24,006 [INFO] ThirdParty:1030 - CMSIS Pack Vendor :STMicroelectronics FP-ATR-ASTRA1 2.0.2
2026-05-02 01:13:24,006 [INFO] ThirdParty:1030 - CMSIS Pack Vendor :STMicroelectronics X-CUBE-BLE1 7.1.0
2026-05-02 01:13:24,006 [INFO] ThirdParty:1030 - CMSIS Pack Vendor :STMicroelectronics X-CUBE-SMBUS 2.1.0
2026-05-02 01:13:24,006 [INFO] ThirdParty:1030 - CMSIS Pack Vendor :wolfSSL I-CUBE-wolfMQTT 1.19.2
2026-05-02 01:13:24,006 [INFO] ThirdParty:1030 - CMSIS Pack Vendor :STMicroelectronics USB_DEVICE 3.0.0
2026-05-02 01:13:24,006 [INFO] ThirdParty:1030 - CMSIS Pack Vendor :STMicroelectronics X-CUBE-ISPU 2.1.0
2026-05-02 01:13:24,006 [INFO] ThirdParty:1030 - CMSIS Pack Vendor :STMicroelectronics eDS-WB_DPC_TT-BIDIR 2.1.1
2026-05-02 01:13:24,006 [INFO] ThirdParty:1030 - CMSIS Pack Vendor :STMicroelectronics X-CUBE-AZRTOS-WB 2.0.0
2026-05-02 01:13:24,006 [INFO] ThirdParty:1030 - CMSIS Pack Vendor :wolfSSL I-CUBE-wolfSSL 5.8.4
2026-05-02 01:13:24,006 [INFO] ThirdParty:1030 - CMSIS Pack Vendor :Cesanta I-CUBE-Mongoose 7.20.0
2026-05-02 01:13:24,006 [INFO] ThirdParty:1030 - CMSIS Pack Vendor :STMicroelectronics X-CUBE-AZRTOS-F7 1.1.0
2026-05-02 01:13:24,006 [INFO] ThirdParty:1030 - CMSIS Pack Vendor :STMicroelectronics X-CUBE-AZRTOS-L5 2.0.0
2026-05-02 01:13:24,006 [INFO] ThirdParty:1030 - CMSIS Pack Vendor :STMicroelectronics USB_DEVICE 2.0.0
2026-05-02 01:13:24,007 [INFO] ThirdParty:1030 - CMSIS Pack Vendor :STMicroelectronics FP-SNS-STAIOTCFT 1.1.0
2026-05-02 01:13:24,007 [INFO] ThirdParty:1030 - CMSIS Pack Vendor :quantropi X-CUBE-qispace-sdk-base 2.1.0
2026-05-02 01:13:24,008 [INFO] ThirdParty:1030 - CMSIS Pack Vendor :STMicroelectronics X-CUBE-MEMS1 12.0.0
2026-05-02 01:13:24,008 [INFO] ThirdParty:1030 - CMSIS Pack Vendor :STMicroelectronics X-CUBE-STSE01 2.0.0
2026-05-02 01:13:24,009 [INFO] ThirdParty:1030 - CMSIS Pack Vendor :STMicroelectronics FreeRTOS 0.0.1
2026-05-02 01:13:24,009 [INFO] ThirdParty:1030 - CMSIS Pack Vendor :STMicroelectronics X-CUBE-AZRTOS-G0 1.1.0
2026-05-02 01:13:24,009 [INFO] ThirdParty:1030 - CMSIS Pack Vendor :STMicroelectronics X-CUBE-NFC4 3.0.0
2026-05-02 01:13:24,009 [INFO] ThirdParty:1030 - CMSIS Pack Vendor :STMicroelectronics X-CUBE-SUBG2 5.0.0
2026-05-02 01:13:24,009 [INFO] ThirdParty:1030 - CMSIS Pack Vendor :STMicroelectronics STM32_WPAN 1.0.0
2026-05-02 01:13:24,009 [INFO] ThirdParty:1030 - CMSIS Pack Vendor :STMicroelectronics eDS-WB_DPC_VIENNA 1.2.0
2026-05-02 01:13:24,009 [INFO] ThirdParty:1030 - CMSIS Pack Vendor :EmbeddedOffice I-CUBE-FS-RTOS 1.0.1
2026-05-02 01:13:24,009 [INFO] ThirdParty:1030 - CMSIS Pack Vendor :STMicroelectronics lwIP 2.0.3
2026-05-02 01:13:24,009 [INFO] ThirdParty:1030 - CMSIS Pack Vendor :WES I-CUBE-Cesium 1.4.0
2026-05-02 01:13:24,009 [INFO] ThirdParty:1030 - CMSIS Pack Vendor :STMicroelectronics eDS-WB_DPC_3PH2L-BIDIR 1.1.1
2026-05-02 01:13:24,009 [INFO] ThirdParty:1030 - CMSIS Pack Vendor :STMicroelectronics USB_HOST 1.0.0
2026-05-02 01:13:24,009 [INFO] ThirdParty:1030 - CMSIS Pack Vendor :STMicroelectronics X-CUBE-AZRTOS-G4 2.0.0
2026-05-02 01:13:24,009 [INFO] ThirdParty:1030 - CMSIS Pack Vendor :STMicroelectronics PDM2PCM 3.1.0
2026-05-02 01:13:24,009 [INFO] ThirdParty:1030 - CMSIS Pack Vendor :STMicroelectronics PDM2PCM 3.3.0
2026-05-02 01:13:24,009 [INFO] ThirdParty:1030 - CMSIS Pack Vendor :wolfSSL I-CUBE-wolfTPM 3.8.0
2026-05-02 01:13:24,009 [INFO] ThirdParty:1030 - CMSIS Pack Vendor :STMicroelectronics X-CUBE-DISPLAY 3.0.0
2026-05-02 01:13:24,009 [INFO] ThirdParty:1030 - CMSIS Pack Vendor :wolfSSL I-CUBE-wolfSSH 1.4.20
2026-05-02 01:13:24,009 [INFO] ThirdParty:1030 - CMSIS Pack Vendor :STMicroelectronics X-CUBE-NFC7 2.0.0
2026-05-02 01:13:24,009 [INFO] ThirdParty:1030 - CMSIS Pack Vendor :STMicroelectronics X-CUBE-GNSS1 7.1.1
2026-05-02 01:13:24,009 [INFO] ThirdParty:1030 - CMSIS Pack Vendor :STMicroelectronics X-CUBE-TCPP 4.2.0
2026-05-02 01:13:24,009 [INFO] ThirdParty:1030 - CMSIS Pack Vendor :RealThread X-CUBE-RT-Thread_Nano 4.1.1
2026-05-02 01:13:24,009 [INFO] ThirdParty:1030 - CMSIS Pack Vendor :STMicroelectronics FP-ATR-SIGFOX1 3.2.0
2026-05-02 01:13:24,009 [INFO] ThirdParty:1030 - CMSIS Pack Vendor :STMicroelectronics X-CUBE-NFC10 1.0.0
2026-05-02 01:13:24,010 [INFO] ThirdParty:1030 - CMSIS Pack Vendor :STMicroelectronics HAL Drivers 0.0.0
2026-05-02 01:13:24,010 [INFO] ThirdParty:1030 - CMSIS Pack Vendor :STMicroelectronics MBEDTLS 2.16.2
2026-05-02 01:13:24,010 [INFO] ThirdParty:1030 - CMSIS Pack Vendor :STMicroelectronics X-CUBE-ST60 1.1.0
2026-05-02 01:13:24,010 [INFO] ThirdParty:1030 - CMSIS Pack Vendor :STMicroelectronics X-CUBE-ALS 1.0.2
2026-05-02 01:13:24,010 [INFO] ThirdParty:1030 - CMSIS Pack Vendor :emotas I-CUBE-CANOPEN 1.3.0
2026-05-02 01:13:24,010 [INFO] ThirdParty:1030 - CMSIS Pack Vendor :STMicroelectronics MBEDTLS 2.14.1
2026-05-02 01:13:24,010 [INFO] ThirdParty:1030 - CMSIS Pack Vendor :STMicroelectronics X-CUBE-GNSS1 7.1.0
2026-05-02 01:13:24,010 [INFO] ThirdParty:1030 - CMSIS Pack Vendor :ITTIA_DB I-CUBE-ITTIADB 8.9.0
2026-05-02 01:13:24,010 [INFO] ThirdParty:1030 - CMSIS Pack Vendor :STMicroelectronics X-CUBE-TOUCHGFX 4.26.1
2026-05-02 01:13:24,010 [INFO] ThirdParty:1030 - CMSIS Pack Vendor :STMicroelectronics FP-SNS-STAIOTCFT 1.0.0
2026-05-02 01:13:24,011 [INFO] ThirdParty:1030 - CMSIS Pack Vendor :STMicroelectronics ThreadX 1.0.0
2026-05-02 01:13:24,012 [INFO] ThirdParty:1030 - CMSIS Pack Vendor :STMicroelectronics FP-SNS-SMARTAG2 1.2.0
2026-05-02 01:13:24,014 [INFO] ThirdParty:1030 - CMSIS Pack Vendor :STMicroelectronics X-CUBE-MEMS1 12.1.0
2026-05-02 01:13:24,015 [INFO] ThirdParty:1030 - CMSIS Pack Vendor :STMicroelectronics FP-SNS-FLIGHT1 5.1.0
2026-05-02 01:13:24,016 [INFO] ThirdParty:1030 - CMSIS Pack Vendor :STMicroelectronics X-CUBE-AZRTOS-WL 2.0.0
2026-05-02 01:13:24,017 [INFO] ThirdParty:1030 - CMSIS Pack Vendor :SEGGER I-CUBE-embOS 1.3.1
2026-05-02 01:13:24,017 [INFO] ThirdParty:1030 - CMSIS Pack Vendor :STMicroelectronics X-CUBE-ALGOBUILD 1.4.0
2026-05-02 01:13:24,017 [INFO] ThirdParty:1030 - CMSIS Pack Vendor :STMicroelectronics X-CUBE-DPower 1.3.0
2026-05-02 01:13:24,017 [INFO] ThirdParty:1030 - CMSIS Pack Vendor :STMicroelectronics USB_DEVICE 1.0.0
2026-05-02 01:13:24,017 [INFO] ThirdParty:1030 - CMSIS Pack Vendor :STMicroelectronics X-CUBE-AZRTOS-H7RS 1.2.0
2026-05-02 01:13:24,017 [INFO] ThirdParty:1030 - CMSIS Pack Vendor :STMicroelectronics X-CUBE-AZRTOS-L4 2.0.0
2026-05-02 01:13:24,017 [INFO] ThirdParty:1030 - CMSIS Pack Vendor :STMicroelectronics ThreadX 0.0.2
2026-05-02 01:13:24,017 [INFO] ThirdParty:1030 - CMSIS Pack Vendor :STMicroelectronics lwIP 2.1.2
2026-05-02 01:13:24,017 [INFO] ThirdParty:1030 - CMSIS Pack Vendor :STMicroelectronics X-CUBE-SFXS2LP1 4.0.0
2026-05-02 01:13:24,017 [INFO] ThirdParty:1030 - CMSIS Pack Vendor :STMicroelectronics X-CUBE-BLE2 3.3.0
2026-05-02 01:13:24,017 [INFO] ThirdParty:1030 - CMSIS Pack Vendor :Avnet-IOTCONNECT X-CUBE-iotc-st67-sdk 1.0.0
2026-05-02 01:13:24,017 [INFO] ThirdParty:1030 - CMSIS Pack Vendor :STMicroelectronics X-CUBE-TOF1 3.4.3
2026-05-02 01:13:24,017 [INFO] ThirdParty:1030 - CMSIS Pack Vendor :Infineon AIROC-Wi-Fi-Bluetooth-STM32 1.8.0
2026-05-02 01:13:24,017 [INFO] ThirdParty:1030 - CMSIS Pack Vendor :STMicroelectronics PDM2PCM 3.2.0
2026-05-02 01:13:24,017 [INFO] ThirdParty:1030 - CMSIS Pack Vendor :STMicroelectronics X-CUBE-WB05N 2.1.0
2026-05-02 01:13:24,017 [INFO] ThirdParty:1030 - CMSIS Pack Vendor :STMicroelectronics X-CUBE-ST67W61 1.2.0
2026-05-02 01:13:24,018 [INFO] ThirdParty:841 - exiting critical section [change project]
2026-05-02 01:13:24,812 [INFO] PinOutPanel:1589 - setPackage(No Configuration,No Configuration)
2026-05-02 01:13:24,823 [INFO] PinOutPanel:1589 - setPackage(STM32L432KCUx,UFQFPN32)
2026-05-02 01:13:25,647 [INFO] UtilMem:75 - Before build in PCC Used Memory: 716187032 Bytes (1073741824)
2026-05-02 01:13:26,601 [INFO] UtilMem:75 - After build in PCC Used Memory: 813178264 Bytes (1073741824)
2026-05-02 01:13:26,667 [INFO] IPUIPlugin:80 - create IPUIPlugin
2026-05-02 01:13:26,668 [INFO] IPUIPlugin:80 - create IPUIPlugin
2026-05-02 01:13:26,669 [INFO] IPUIPlugin:80 - create IPUIPlugin
2026-05-02 01:13:26,669 [INFO] IPUIPlugin:80 - create IPUIPlugin
2026-05-02 01:13:26,669 [INFO] IPUIPlugin:80 - create IPUIPlugin
2026-05-02 01:13:26,670 [INFO] IPUIPlugin:80 - create IPUIPlugin
2026-05-02 01:13:26,670 [INFO] IPUIPlugin:80 - create IPUIPlugin
2026-05-02 01:13:26,670 [INFO] IPUIPlugin:80 - create IPUIPlugin
2026-05-02 01:13:26,670 [INFO] IPUIPlugin:80 - create IPUIPlugin
2026-05-02 01:13:26,670 [INFO] IPUIPlugin:80 - create IPUIPlugin
2026-05-02 01:13:26,671 [INFO] IPUIPlugin:80 - create IPUIPlugin
2026-05-02 01:13:26,672 [INFO] IPUIPlugin:80 - create IPUIPlugin
2026-05-02 01:13:26,672 [INFO] IPUIPlugin:80 - create IPUIPlugin
2026-05-02 01:13:26,672 [INFO] IPUIPlugin:80 - create IPUIPlugin
2026-05-02 01:13:26,672 [INFO] IPUIPlugin:80 - create IPUIPlugin
2026-05-02 01:13:26,672 [INFO] IPUIPlugin:80 - create IPUIPlugin
2026-05-02 01:13:26,672 [INFO] IPUIPlugin:80 - create IPUIPlugin
2026-05-02 01:13:26,672 [INFO] IPUIPlugin:80 - create IPUIPlugin
2026-05-02 01:13:26,672 [INFO] IPUIPlugin:80 - create IPUIPlugin
2026-05-02 01:13:26,672 [INFO] IPUIPlugin:80 - create IPUIPlugin
2026-05-02 01:13:26,672 [INFO] IPUIPlugin:80 - create IPUIPlugin
2026-05-02 01:13:26,673 [INFO] IPUIPlugin:80 - create IPUIPlugin
2026-05-02 01:13:26,674 [INFO] IPUIPlugin:80 - create IPUIPlugin
2026-05-02 01:13:26,674 [INFO] IPUIPlugin:80 - create IPUIPlugin
2026-05-02 01:13:26,675 [INFO] IPUIPlugin:80 - create IPUIPlugin
2026-05-02 01:13:26,675 [INFO] IPUIPlugin:80 - create IPUIPlugin
2026-05-02 01:13:26,675 [INFO] IPUIPlugin:80 - create IPUIPlugin
2026-05-02 01:13:26,675 [INFO] IPUIPlugin:80 - create IPUIPlugin
2026-05-02 01:13:26,675 [INFO] IPUIPlugin:80 - create IPUIPlugin
2026-05-02 01:13:26,675 [INFO] IPUIPlugin:80 - create IPUIPlugin
2026-05-02 01:13:26,675 [INFO] IPUIPlugin:80 - create IPUIPlugin
2026-05-02 01:13:26,675 [INFO] IPUIPlugin:80 - create IPUIPlugin
2026-05-02 01:13:26,675 [INFO] IPUIPlugin:80 - create IPUIPlugin
2026-05-02 01:13:26,675 [INFO] IPUIPlugin:80 - create IPUIPlugin
2026-05-02 01:13:26,675 [INFO] IPUIPlugin:80 - create IPUIPlugin
2026-05-02 01:13:26,676 [INFO] IPUIPlugin:80 - create IPUIPlugin
2026-05-02 01:13:26,676 [INFO] IPUIPlugin:80 - create IPUIPlugin
2026-05-02 01:13:26,676 [INFO] IPUIPlugin:80 - create IPUIPlugin
2026-05-02 01:13:26,677 [INFO] IPUIPlugin:80 - create IPUIPlugin
2026-05-02 01:13:26,678 [INFO] IPUIPlugin:80 - create IPUIPlugin
2026-05-02 01:13:26,678 [INFO] IPUIPlugin:80 - create IPUIPlugin
2026-05-02 01:13:26,822 [INFO] CADModel:165 - CPN selected for project levelSTM32L432KCU3
2026-05-02 01:13:26,828 [INFO] CADModel:114 - Register for checkConnection events
2026-05-02 01:13:26,884 [INFO] OpenFileManager:386 - Restore cursor
2026-05-02 01:13:39,803 [INFO] I2cTimingTraitement:330 - 0x00100D14
2026-05-02 01:13:47,594 [INFO] NvicIntPanel:101 - NVIC parent = com.st.microxplorer.plugins.ip.nvic.MultiNvicIntPanel[,0,0,0x0,invalid,layout=javax.swing.BoxLayout,alignmentX=0.0,alignmentY=0.0,border=,flags=9,maximumSize=,minimumSize=,preferredSize=]
2026-05-02 01:14:08,345 [INFO] NvicIntPanel:101 - NVIC parent = com.st.microxplorer.plugins.ip.nvic.MultiNvicIntPanel[,0,0,0x0,invalid,layout=javax.swing.BoxLayout,alignmentX=0.0,alignmentY=0.0,border=,flags=9,maximumSize=,minimumSize=,preferredSize=]
2026-05-02 01:14:18,305 [INFO] UtilMem:75 - End SaveConfig() Used Memory: 884053888 Bytes (1073741824)
2026-05-02 01:14:19,936 [INFO] UtilMem:75 - End SaveConfig() Used Memory: 907122560 Bytes (1073741824)
2026-05-02 01:14:20,178 [INFO] UtilMem:75 - End SaveConfig() Used Memory: 928094080 Bytes (1073741824)
2026-05-02 01:14:21,389 [INFO] BlockDiagram:2775 - set Specific Code input for plugin: NVIC
2026-05-02 01:14:21,400 [INFO] BlockDiagram:2775 - set Specific Code input for plugin: USART
2026-05-02 01:14:21,402 [INFO] BlockDiagram:2775 - set Specific Code input for plugin: USART
2026-05-02 01:14:21,402 [INFO] BlockDiagram:2775 - set Specific Code input for plugin: TIM6_7L4
2026-05-02 01:14:21,402 [INFO] BlockDiagram:2775 - set Specific Code input for plugin: SYS
2026-05-02 01:14:21,403 [INFO] BlockDiagram:2775 - set Specific Code input for plugin: GPIO
2026-05-02 01:14:21,403 [INFO] BlockDiagram:2775 - set Specific Code input for plugin: RCC
2026-05-02 01:14:21,403 [INFO] BlockDiagram:2775 - set Specific Code input for plugin: I2C
2026-05-02 01:14:21,404 [INFO] CodeGenerator:892 - code generatio: config db path: /Applications/STM32CubeIDE.app/Contents/Eclipse/plugins/com.st.stm32cube.common.mx_6.15.0.202507011659//db/
2026-05-02 01:14:21,522 [INFO] CodeEngine:265 - oldGeneratedFile, /Users/cristianpetramale/Biomed_projects/STMWorkSpace/ProgettoUART/MXTmpFiles/license.tmp_save
2026-05-02 01:14:21,845 [INFO] CodeEngine:289 - Generated code: /Users/cristianpetramale/Biomed_projects/STMWorkSpace/ProgettoUART/MXTmpFiles/license.tmp
2026-05-02 01:14:21,975 [INFO] CodeEngine:265 - oldGeneratedFile, /Users/cristianpetramale/Biomed_projects/STMWorkSpace/ProgettoUART/MXTmpFiles/gpio.tmp_save
2026-05-02 01:14:22,164 [INFO] CodeEngine:289 - Generated code: /Users/cristianpetramale/Biomed_projects/STMWorkSpace/ProgettoUART/MXTmpFiles/gpio.tmp
2026-05-02 01:14:22,383 [INFO] CodeEngine:265 - oldGeneratedFile, /Users/cristianpetramale/Biomed_projects/STMWorkSpace/ProgettoUART/Core/Src/stm32l4xx_it.c_save
2026-05-02 01:14:22,606 [INFO] CodeEngine:289 - Generated code: /Users/cristianpetramale/Biomed_projects/STMWorkSpace/ProgettoUART/Core/Src/stm32l4xx_it.c
2026-05-02 01:14:22,608 [INFO] CodeEngine:265 - oldGeneratedFile, /Users/cristianpetramale/Biomed_projects/STMWorkSpace/ProgettoUART/Core/Inc/stm32l4xx_it.h_save
2026-05-02 01:14:22,694 [INFO] CodeEngine:289 - Generated code: /Users/cristianpetramale/Biomed_projects/STMWorkSpace/ProgettoUART/Core/Inc/stm32l4xx_it.h
2026-05-02 01:14:22,701 [INFO] CodeEngine:265 - oldGeneratedFile, /Users/cristianpetramale/Biomed_projects/STMWorkSpace/ProgettoUART/Core/Src/stm32l4xx_hal_msp.c_save
2026-05-02 01:14:22,879 [INFO] CodeEngine:289 - Generated code: /Users/cristianpetramale/Biomed_projects/STMWorkSpace/ProgettoUART/Core/Src/stm32l4xx_hal_msp.c
2026-05-02 01:14:22,880 [INFO] CodeEngine:265 - oldGeneratedFile, /Users/cristianpetramale/Biomed_projects/STMWorkSpace/ProgettoUART/MXTmpFiles/system.tmp_save
2026-05-02 01:14:22,951 [INFO] CodeEngine:289 - Generated code: /Users/cristianpetramale/Biomed_projects/STMWorkSpace/ProgettoUART/MXTmpFiles/system.tmp
2026-05-02 01:14:22,956 [INFO] CodeEngine:321 - oldGeneratedFile, /Users/cristianpetramale/Biomed_projects/STMWorkSpace/ProgettoUART/Core/Inc/stm32l4xx_hal_conf.h_save
2026-05-02 01:14:23,029 [INFO] CodeEngine:345 - Generated code: /Users/cristianpetramale/Biomed_projects/STMWorkSpace/ProgettoUART/Core/Inc/stm32l4xx_hal_conf.h
2026-05-02 01:14:23,080 [INFO] ApiDbMcu:532 - Load IP Config File for I2C1
2026-05-02 01:14:23,091 [INFO] ApiDbMcu:532 - Load IP Config File for TIM6
2026-05-02 01:14:23,100 [INFO] ApiDbMcu:532 - Load IP Config File for USART1
2026-05-02 01:14:23,109 [INFO] ApiDbMcu:532 - Load IP Config File for USART2
2026-05-02 01:14:23,114 [INFO] ApiDbMcu:532 - Load IP Config File for RCC
2026-05-02 01:14:23,116 [WARN] IPConfigManager:3811 - IP not found : TIM
2026-05-02 01:14:23,116 [WARN] CodeGenerator:4259 - IP not found : null
2026-05-02 01:14:23,121 [INFO] CodeEngine:265 - oldGeneratedFile, /Users/cristianpetramale/Biomed_projects/STMWorkSpace/ProgettoUART/Core/Inc/main.h_save
2026-05-02 01:14:23,225 [INFO] CodeEngine:289 - Generated code: /Users/cristianpetramale/Biomed_projects/STMWorkSpace/ProgettoUART/Core/Inc/main.h
2026-05-02 01:14:23,227 [INFO] CodeEngine:265 - oldGeneratedFile, /Users/cristianpetramale/Biomed_projects/STMWorkSpace/ProgettoUART/Core/Src/main.c_save
2026-05-02 01:14:23,378 [INFO] CodeEngine:289 - Generated code: /Users/cristianpetramale/Biomed_projects/STMWorkSpace/ProgettoUART/Core/Src/main.c
2026-05-02 01:14:24,047 [INFO] ProjectBuilder:3606 - Time for Copy HAL[1] : 69mS.
2026-05-02 01:14:24,068 [INFO] ProjectBuilder:5216 - Project Generator version: 4.7.0-B52
2026-05-02 01:14:24,237 [INFO] ConfigFileManager:1595 - The Die is : DIE435
2026-05-02 01:14:24,282 [INFO] ApiDbMcu:532 - Load IP Config File for FATFS
2026-05-02 01:14:24,294 [INFO] ApiDbMcu:532 - Load IP Config File for FREERTOS
2026-05-02 01:14:24,301 [INFO] ApiDbMcu:532 - Load IP Config File for TOUCHSENSING
2026-05-02 01:14:24,313 [INFO] ApiDbMcu:532 - Load IP Config File for USB_DEVICE
2026-05-02 01:14:26,473 [INFO] ProjectBuilder:5496 - Time for Generating toolchain IDE Files: 2404mS.
2026-05-02 01:14:26,473 [INFO] ProjectBuilder:3463 - Time for Copy CMSIS : 0mS.
2026-05-02 01:14:26,474 [INFO] ProjectBuilder:3463 - Time for Copy CMSIS : 0mS.
2026-05-02 01:17:16,217 [INFO] UtilMem:75 - End SaveConfig() Used Memory: 812533440 Bytes (1073741824)
2026-05-02 01:17:17,450 [INFO] BlockDiagram:2775 - set Specific Code input for plugin: NVIC
2026-05-02 01:17:17,458 [INFO] BlockDiagram:2775 - set Specific Code input for plugin: USART
2026-05-02 01:17:17,460 [INFO] BlockDiagram:2775 - set Specific Code input for plugin: USART
2026-05-02 01:17:17,460 [INFO] BlockDiagram:2775 - set Specific Code input for plugin: TIM6_7L4
2026-05-02 01:17:17,461 [INFO] BlockDiagram:2775 - set Specific Code input for plugin: SYS
2026-05-02 01:17:17,461 [INFO] BlockDiagram:2775 - set Specific Code input for plugin: GPIO
2026-05-02 01:17:17,461 [INFO] BlockDiagram:2775 - set Specific Code input for plugin: RCC
2026-05-02 01:17:17,461 [INFO] BlockDiagram:2775 - set Specific Code input for plugin: I2C
2026-05-02 01:17:17,465 [INFO] CodeGenerator:892 - code generatio: config db path: /Applications/STM32CubeIDE.app/Contents/Eclipse/plugins/com.st.stm32cube.common.mx_6.15.0.202507011659//db/
2026-05-02 01:17:17,682 [INFO] CodeEngine:265 - oldGeneratedFile, /Users/cristianpetramale/Biomed_projects/STMWorkSpace/ProgettoUART/MXTmpFiles/license.tmp_save
2026-05-02 01:17:17,831 [INFO] CodeEngine:289 - Generated code: /Users/cristianpetramale/Biomed_projects/STMWorkSpace/ProgettoUART/MXTmpFiles/license.tmp
2026-05-02 01:17:17,884 [INFO] CodeEngine:265 - oldGeneratedFile, /Users/cristianpetramale/Biomed_projects/STMWorkSpace/ProgettoUART/MXTmpFiles/gpio.tmp_save
2026-05-02 01:17:17,966 [INFO] CodeEngine:289 - Generated code: /Users/cristianpetramale/Biomed_projects/STMWorkSpace/ProgettoUART/MXTmpFiles/gpio.tmp
2026-05-02 01:17:18,122 [INFO] CodeEngine:265 - oldGeneratedFile, /Users/cristianpetramale/Biomed_projects/STMWorkSpace/ProgettoUART/Core/Src/stm32l4xx_it.c_save
2026-05-02 01:17:18,211 [INFO] CodeEngine:289 - Generated code: /Users/cristianpetramale/Biomed_projects/STMWorkSpace/ProgettoUART/Core/Src/stm32l4xx_it.c
2026-05-02 01:17:18,212 [INFO] CodeEngine:265 - oldGeneratedFile, /Users/cristianpetramale/Biomed_projects/STMWorkSpace/ProgettoUART/Core/Inc/stm32l4xx_it.h_save
2026-05-02 01:17:18,256 [INFO] CodeEngine:289 - Generated code: /Users/cristianpetramale/Biomed_projects/STMWorkSpace/ProgettoUART/Core/Inc/stm32l4xx_it.h
2026-05-02 01:17:18,260 [INFO] CodeEngine:265 - oldGeneratedFile, /Users/cristianpetramale/Biomed_projects/STMWorkSpace/ProgettoUART/Core/Src/stm32l4xx_hal_msp.c_save
2026-05-02 01:17:18,354 [INFO] CodeEngine:289 - Generated code: /Users/cristianpetramale/Biomed_projects/STMWorkSpace/ProgettoUART/Core/Src/stm32l4xx_hal_msp.c
2026-05-02 01:17:18,356 [INFO] CodeEngine:265 - oldGeneratedFile, /Users/cristianpetramale/Biomed_projects/STMWorkSpace/ProgettoUART/MXTmpFiles/system.tmp_save
2026-05-02 01:17:18,401 [INFO] CodeEngine:289 - Generated code: /Users/cristianpetramale/Biomed_projects/STMWorkSpace/ProgettoUART/MXTmpFiles/system.tmp
2026-05-02 01:17:18,405 [INFO] CodeEngine:321 - oldGeneratedFile, /Users/cristianpetramale/Biomed_projects/STMWorkSpace/ProgettoUART/Core/Inc/stm32l4xx_hal_conf.h_save
2026-05-02 01:17:18,454 [INFO] CodeEngine:345 - Generated code: /Users/cristianpetramale/Biomed_projects/STMWorkSpace/ProgettoUART/Core/Inc/stm32l4xx_hal_conf.h
2026-05-02 01:17:18,472 [WARN] IPConfigManager:3811 - IP not found : TIM
2026-05-02 01:17:18,473 [WARN] CodeGenerator:4259 - IP not found : null
2026-05-02 01:17:18,476 [INFO] CodeEngine:265 - oldGeneratedFile, /Users/cristianpetramale/Biomed_projects/STMWorkSpace/ProgettoUART/Core/Inc/main.h_save
2026-05-02 01:17:18,528 [INFO] CodeEngine:289 - Generated code: /Users/cristianpetramale/Biomed_projects/STMWorkSpace/ProgettoUART/Core/Inc/main.h
2026-05-02 01:17:18,531 [INFO] CodeEngine:265 - oldGeneratedFile, /Users/cristianpetramale/Biomed_projects/STMWorkSpace/ProgettoUART/Core/Src/main.c_save
2026-05-02 01:17:18,626 [INFO] CodeEngine:289 - Generated code: /Users/cristianpetramale/Biomed_projects/STMWorkSpace/ProgettoUART/Core/Src/main.c
2026-05-02 01:17:18,811 [INFO] ProjectBuilder:3606 - Time for Copy HAL[1] : 61mS.
2026-05-02 01:17:18,814 [INFO] ProjectBuilder:5216 - Project Generator version: 4.7.0-B52
2026-05-02 01:17:18,878 [INFO] ConfigFileManager:1595 - The Die is : DIE435
2026-05-02 01:17:21,512 [INFO] ProjectBuilder:5496 - Time for Generating toolchain IDE Files: 2688mS.
2026-05-02 01:17:21,526 [INFO] ProjectBuilder:3463 - Time for Copy CMSIS : 1mS.
2026-05-02 01:17:21,534 [INFO] ProjectBuilder:3463 - Time for Copy CMSIS : 0mS.
2026-05-02 23:24:51,528 [INFO] WebApp:194 - Connection lost
2026-05-02 23:24:55,319 [INFO] WebApp:191 - Connection restablished
