2026-04-22 14:26:14,539 [INFO] Activator:176 - 


2026-04-22 14:26:14,543 [INFO] Activator:177 - !SESSION log4j initialized
2026-04-22 14:26:18,300 [INFO] LogOutputStream:77 - [STDOUT_REDIRECT] 
2026-04-22 14:26:19,301 [ERROR] LogOutputStream:75 - [STDERR_REDIRECT] 
2026-04-22 14:26:21,627 [INFO] LogOutputStream:77 - [STDOUT_REDIRECT] 
2026-04-22 14:26:22,877 [INFO] ApplicationProperties:184 - Using Application install path: /Applications/STM32CubeIDE.app/Contents/Eclipse/plugins/com.st.stm32cube.common.mx_6.15.0.202507011659
2026-04-22 14:26:22,888 [INFO] DbMcusXml:78 - Set database path to: /Applications/STM32CubeIDE.app/Contents/Eclipse/plugins/com.st.stm32cube.common.mx_6.15.0.202507011659//db//mcu/
2026-04-22 14:26:22,888 [INFO] ApiDb:274 - Set plugin database path to: /Applications/STM32CubeIDE.app/Contents/Eclipse/plugins/com.st.stm32cube.common.mx_6.15.0.202507011659//db//plugins/boardmanager/
2026-04-22 14:26:22,889 [WARN] ApiDb:259 - Overriding images path with different value:  => /Applications/STM32CubeIDE.app/Contents/Eclipse/plugins/com.st.stm32cube.common.mx_6.15.0.202507011659//db//plugins/mcufinder/images/
2026-04-22 14:26:22,894 [INFO] ApiDb:250 - Set database path to: /Users/cristianpetramale/.stmcufinder/plugins/mcufinder//mcu/
2026-04-22 14:26:22,895 [INFO] DbMcusAds:125 - Set database path to: /Users/cristianpetramale/.stmcufinder/plugins/mcufinder//mcu/
2026-04-22 14:26:22,896 [INFO] CrossReferenceDbSqlite:203 - Set database path to: /Users/cristianpetramale/.stmcufinder/plugins/mcufinder//mcu/cs/
2026-04-22 14:26:23,044 [INFO] RulesReader:64 - Compatibility file has been processed (317 Rules)
2026-04-22 14:26:23,088 [INFO] DbMcusXml:78 - Set database path to: /Applications/STM32CubeIDE.app/Contents/Eclipse/plugins/com.st.stm32cube.common.mx_6.15.0.202507011659//db//mcu/
2026-04-22 14:26:23,088 [INFO] ApiDb:274 - Set plugin database path to: /Applications/STM32CubeIDE.app/Contents/Eclipse/plugins/com.st.stm32cube.common.mx_6.15.0.202507011659//db//plugins/boardmanager/
2026-04-22 14:26:23,088 [INFO] ApiDb:261 - Set plugin images path to: /Applications/STM32CubeIDE.app/Contents/Eclipse/plugins/com.st.stm32cube.common.mx_6.15.0.202507011659//db//plugins/mcufinder/images/
2026-04-22 14:26:23,089 [WARN] DbFile:41 - Overriding database path with different value: /Users/cristianpetramale/.stmcufinder/plugins/mcufinder/ => /Users/cristianpetramale/.stmcufinder/plugins/mcufinder
2026-04-22 14:26:23,089 [INFO] ApiDb:250 - Set database path to: /Users/cristianpetramale/.stmcufinder/plugins/mcufinder//mcu/
2026-04-22 14:26:23,089 [WARN] DbFile:41 - Overriding database path with different value: /Users/cristianpetramale/.stmcufinder/plugins/mcufinder/ => /Users/cristianpetramale/.stmcufinder/plugins/mcufinder
2026-04-22 14:26:23,089 [INFO] DbMcusAds:125 - Set database path to: /Users/cristianpetramale/.stmcufinder/plugins/mcufinder//mcu/
2026-04-22 14:26:23,089 [WARN] DbFile:41 - Overriding database path with different value: /Users/cristianpetramale/.stmcufinder/plugins/mcufinder/ => /Users/cristianpetramale/.stmcufinder/plugins/mcufinder
2026-04-22 14:26:23,089 [WARN] DbFile:41 - Overriding database path with different value: /Users/cristianpetramale/.stmcufinder/plugins/mcufinder/ => /Users/cristianpetramale/.stmcufinder/plugins/mcufinder
2026-04-22 14:26:23,089 [INFO] CrossReferenceDbSqlite:203 - Set database path to: /Users/cristianpetramale/.stmcufinder/plugins/mcufinder//mcu/cs/
2026-04-22 14:26:23,142 [INFO] MainPanel:274 - HeapMemory: 268435456
2026-04-22 14:26:23,313 [INFO] DbMcusXml:78 - Set database path to: /Applications/STM32CubeIDE.app/Contents/Eclipse/plugins/com.st.stm32cube.common.mx_6.15.0.202507011659//db//mcu/
2026-04-22 14:26:23,313 [INFO] ApiDb:274 - Set plugin database path to: /Applications/STM32CubeIDE.app/Contents/Eclipse/plugins/com.st.stm32cube.common.mx_6.15.0.202507011659//db//plugins/boardmanager/
2026-04-22 14:26:23,314 [INFO] ApiDb:261 - Set plugin images path to: /Applications/STM32CubeIDE.app/Contents/Eclipse/plugins/com.st.stm32cube.common.mx_6.15.0.202507011659//db//plugins/mcufinder/images/
2026-04-22 14:26:23,314 [WARN] DbFile:41 - Overriding database path with different value: /Users/cristianpetramale/.stmcufinder/plugins/mcufinder/ => /Users/cristianpetramale/.stmcufinder/plugins/mcufinder
2026-04-22 14:26:23,314 [INFO] ApiDb:250 - Set database path to: /Users/cristianpetramale/.stmcufinder/plugins/mcufinder//mcu/
2026-04-22 14:26:23,314 [WARN] DbFile:41 - Overriding database path with different value: /Users/cristianpetramale/.stmcufinder/plugins/mcufinder/ => /Users/cristianpetramale/.stmcufinder/plugins/mcufinder
2026-04-22 14:26:23,314 [INFO] DbMcusAds:125 - Set database path to: /Users/cristianpetramale/.stmcufinder/plugins/mcufinder//mcu/
2026-04-22 14:26:23,314 [WARN] DbFile:41 - Overriding database path with different value: /Users/cristianpetramale/.stmcufinder/plugins/mcufinder/ => /Users/cristianpetramale/.stmcufinder/plugins/mcufinder
2026-04-22 14:26:23,314 [WARN] DbFile:41 - Overriding database path with different value: /Users/cristianpetramale/.stmcufinder/plugins/mcufinder/ => /Users/cristianpetramale/.stmcufinder/plugins/mcufinder
2026-04-22 14:26:23,314 [INFO] CrossReferenceDbSqlite:203 - Set database path to: /Users/cristianpetramale/.stmcufinder/plugins/mcufinder//mcu/cs/
2026-04-22 14:26:23,328 [INFO] ApplicationProperties:184 - Using Application install path: /Applications/STM32CubeIDE.app/Contents/Eclipse/plugins/com.st.stm32cube.common.mx_6.15.0.202507011659
2026-04-22 14:26:23,328 [INFO] PluginManage:196 - Search for loadable plugins [exclusion list=, ]
2026-04-22 14:26:23,330 [INFO] PluginManage:310 - Check plugin analytics
2026-04-22 14:26:23,549 [INFO] AnalyticsPlugin:253 - Accepted Software Licenses: 
2026-04-22 14:26:23,549 [INFO] AnalyticsPlugin:255 - Accepted CMSIS Pack Licenses: 
2026-04-22 14:26:23,549 [INFO] AnalyticsPlugin:257 - Accepted Firmware Licenses: FW.L4.1.18.0
2026-04-22 14:26:23,559 [INFO] PluginManage:359 - Loaded plugin analytics (category:tool,tabindex:-1)
2026-04-22 14:26:23,561 [INFO] PluginManage:310 - Check plugin cadmodel
2026-04-22 14:26:23,580 [INFO] CADModel:105 - Init CAD model plugin
2026-04-22 14:26:23,580 [INFO] PluginManage:359 - Loaded plugin cadmodel (category:power,tabindex:5)
2026-04-22 14:26:23,581 [INFO] PluginManage:310 - Check plugin clock
2026-04-22 14:26:23,594 [INFO] PluginManage:359 - Loaded plugin clock (category:base,tabindex:2)
2026-04-22 14:26:23,596 [INFO] PluginManage:310 - Check plugin ddr
2026-04-22 14:26:23,598 [INFO] PluginManage:359 - Loaded plugin ddr (category:tool,tabindex:6)
2026-04-22 14:26:23,599 [INFO] PluginManage:310 - Check plugin filemanager
2026-04-22 14:26:23,790 [INFO] PluginManage:359 - Loaded plugin filemanager (category:base,tabindex:10)
2026-04-22 14:26:23,791 [INFO] PluginManage:310 - Check plugin ipmanager
2026-04-22 14:26:23,802 [INFO] PluginManage:359 - Loaded plugin ipmanager (category:base,tabindex:5)
2026-04-22 14:26:23,802 [INFO] PluginManage:310 - Check plugin lpbam
2026-04-22 14:26:23,810 [INFO] PluginManage:359 - Loaded plugin lpbam (category:base,tabindex:0)
2026-04-22 14:26:23,810 [INFO] PluginManage:310 - Check plugin memorymap
2026-04-22 14:26:23,819 [INFO] PluginManage:359 - Loaded plugin memorymap (category:base,tabindex:4)
2026-04-22 14:26:23,820 [INFO] PluginManage:310 - Check plugin pinoutandconfiguration
2026-04-22 14:26:23,830 [INFO] PluginManage:359 - Loaded plugin pinoutandconfiguration (category:base,tabindex:1)
2026-04-22 14:26:23,830 [INFO] PluginManage:310 - Check plugin pinoutconfig
2026-04-22 14:26:23,931 [WARN] SupportedApi:132 - Cannot load RTOS API schema: s4s-elt-must-match.1: The content of 'definitions' must match (annotation?, (simpleType | complexType)?, (unique | key | keyref)*)). A problem was found starting at: attribute.
2026-04-22 14:26:24,134 [INFO] PluginManage:359 - Loaded plugin pinoutconfig (category:base,tabindex:0)
2026-04-22 14:26:24,135 [INFO] PluginManage:310 - Check plugin power
2026-04-22 14:26:24,147 [INFO] PluginManage:359 - Loaded plugin power (category:power,tabindex:4)
2026-04-22 14:26:24,147 [INFO] PluginManage:310 - Check plugin projectmanager
2026-04-22 14:26:24,182 [INFO] PluginManage:359 - Loaded plugin projectmanager (category:projectmanager,tabindex:4)
2026-04-22 14:26:24,182 [INFO] PluginManage:310 - Check plugin rif
2026-04-22 14:26:24,188 [INFO] PluginManage:359 - Loaded plugin rif (category:base,tabindex:3)
2026-04-22 14:26:24,189 [INFO] PluginManage:310 - Check plugin thirdparty
2026-04-22 14:26:24,401 [INFO] PluginManage:359 - Loaded plugin thirdparty (category:base,tabindex:-1)
2026-04-22 14:26:24,401 [INFO] PluginManage:310 - Check plugin tools
2026-04-22 14:26:24,401 [WARN] IntegrityCheckThread:84 - waiting for thirdparty lock release [integrity check]
2026-04-22 14:26:24,405 [INFO] IntegrityCheckThread:86 - entering critical section [integrity check]
2026-04-22 14:26:24,406 [INFO] ThirdPartyUpdaterWithRetryManager:70 - Updater plugin not ready yet. [1/15]
2026-04-22 14:26:24,407 [INFO] PluginManage:359 - Loaded plugin tools (category:base,tabindex:7)
2026-04-22 14:26:24,407 [INFO] PluginManage:310 - Check plugin tutovideos
2026-04-22 14:26:24,559 [INFO] PluginManage:359 - Loaded plugin tutovideos (category:base,tabindex:-1)
2026-04-22 14:26:24,560 [INFO] PluginManage:310 - Check plugin updater
2026-04-22 14:26:24,587 [INFO] PluginManage:359 - Loaded plugin updater (category:base,tabindex:12)
2026-04-22 14:26:24,587 [INFO] PluginManage:310 - Check plugin userauth
2026-04-22 14:26:24,590 [INFO] UserAuth:118 - Init User Auth plugin
2026-04-22 14:26:24,591 [INFO] PluginManage:359 - Loaded plugin userauth (category:base,tabindex:14)
2026-04-22 14:26:24,593 [INFO] PluginManage:283 - PluginManage : Loaded plugins [18]
2026-04-22 14:26:24,811 [INFO] PinOutPanel:1589 - setPackage(No Configuration,No Configuration)
2026-04-22 14:26:24,877 [INFO] CADModel:165 - CPN selected for project level
2026-04-22 14:26:24,878 [INFO] CADModel:114 - Register for checkConnection events
2026-04-22 14:26:24,888 [INFO] IPUIPlugin:80 - create IPUIPlugin
2026-04-22 14:26:24,889 [INFO] PluginManager:220 - loadIPPluginJar : add mdma
2026-04-22 14:26:24,894 [INFO] IPUIPlugin:80 - create IPUIPlugin
2026-04-22 14:26:24,894 [INFO] PluginManager:220 - loadIPPluginJar : add freertos
2026-04-22 14:26:24,897 [INFO] IPUIPlugin:80 - create IPUIPlugin
2026-04-22 14:26:24,897 [INFO] PluginManager:220 - loadIPPluginJar : add gic
2026-04-22 14:26:24,904 [INFO] IPUIPlugin:80 - create IPUIPlugin
2026-04-22 14:26:24,904 [INFO] PluginManager:220 - loadIPPluginJar : add adc
2026-04-22 14:26:24,905 [INFO] IPUIPlugin:80 - create IPUIPlugin
2026-04-22 14:26:24,906 [INFO] PluginManager:220 - loadIPPluginJar : add gtzc
2026-04-22 14:26:24,906 [INFO] IPUIPlugin:80 - create IPUIPlugin
2026-04-22 14:26:24,906 [INFO] PluginManager:220 - loadIPPluginJar : add quadspi
2026-04-22 14:26:24,908 [INFO] IPUIPlugin:80 - create IPUIPlugin
2026-04-22 14:26:24,909 [INFO] PluginManager:220 - loadIPPluginJar : add aes
2026-04-22 14:26:24,910 [INFO] IPUIPlugin:80 - create IPUIPlugin
2026-04-22 14:26:24,910 [INFO] PluginManager:220 - loadIPPluginJar : add pdm2pcm
2026-04-22 14:26:24,911 [INFO] IPUIPlugin:80 - create IPUIPlugin
2026-04-22 14:26:24,911 [INFO] PluginManager:220 - loadIPPluginJar : add hash
2026-04-22 14:26:24,912 [INFO] IPUIPlugin:80 - create IPUIPlugin
2026-04-22 14:26:24,912 [INFO] PluginManager:220 - loadIPPluginJar : add tim
2026-04-22 14:26:24,913 [INFO] IPUIPlugin:80 - create IPUIPlugin
2026-04-22 14:26:24,913 [INFO] PluginManager:220 - loadIPPluginJar : add tsc
2026-04-22 14:26:24,914 [INFO] IPUIPlugin:80 - create IPUIPlugin
2026-04-22 14:26:24,914 [INFO] PluginManager:220 - loadIPPluginJar : add extmemmanager
2026-04-22 14:26:24,915 [INFO] IPUIPlugin:80 - create IPUIPlugin
2026-04-22 14:26:24,915 [INFO] PluginManager:220 - loadIPPluginJar : add ts
2026-04-22 14:26:24,916 [INFO] IPUIPlugin:80 - create IPUIPlugin
2026-04-22 14:26:24,916 [INFO] PluginManager:220 - loadIPPluginJar : add radio
2026-04-22 14:26:24,919 [INFO] IPUIPlugin:80 - create IPUIPlugin
2026-04-22 14:26:24,920 [INFO] PluginManager:220 - loadIPPluginJar : add can
2026-04-22 14:26:24,920 [INFO] IPUIPlugin:80 - create IPUIPlugin
2026-04-22 14:26:24,920 [INFO] PluginManager:220 - loadIPPluginJar : add dma3
2026-04-22 14:26:24,922 [INFO] IPUIPlugin:80 - create IPUIPlugin
2026-04-22 14:26:24,922 [INFO] PluginManager:220 - loadIPPluginJar : add dfsdm
2026-04-22 14:26:24,923 [INFO] IPUIPlugin:80 - create IPUIPlugin
2026-04-22 14:26:24,923 [INFO] PluginManager:220 - loadIPPluginJar : add spi
2026-04-22 14:26:24,924 [INFO] IPUIPlugin:80 - create IPUIPlugin
2026-04-22 14:26:24,924 [INFO] PluginManager:220 - loadIPPluginJar : add gfxmmu
2026-04-22 14:26:24,925 [INFO] IPUIPlugin:80 - create IPUIPlugin
2026-04-22 14:26:24,925 [INFO] PluginManager:220 - loadIPPluginJar : add genericplugin
2026-04-22 14:26:24,926 [INFO] IPUIPlugin:80 - create IPUIPlugin
2026-04-22 14:26:24,926 [INFO] PluginManager:220 - loadIPPluginJar : add cryp
2026-04-22 14:26:24,928 [INFO] IPUIPlugin:80 - create IPUIPlugin
2026-04-22 14:26:24,928 [INFO] PluginManager:220 - loadIPPluginJar : add gpio
2026-04-22 14:26:24,930 [INFO] IPUIPlugin:80 - create IPUIPlugin
2026-04-22 14:26:24,930 [INFO] PluginManager:220 - loadIPPluginJar : add ddr_ctrl_phy
2026-04-22 14:26:24,931 [INFO] IPUIPlugin:80 - create IPUIPlugin
2026-04-22 14:26:24,931 [INFO] PluginManager:220 - loadIPPluginJar : add comp
2026-04-22 14:26:24,933 [INFO] IPUIPlugin:80 - create IPUIPlugin
2026-04-22 14:26:24,934 [INFO] PluginManager:220 - loadIPPluginJar : add tracer_emb
2026-04-22 14:26:24,935 [INFO] IPUIPlugin:80 - create IPUIPlugin
2026-04-22 14:26:24,935 [INFO] PluginManager:220 - loadIPPluginJar : add openamp
2026-04-22 14:26:24,938 [INFO] IPUIPlugin:80 - create IPUIPlugin
2026-04-22 14:26:24,938 [INFO] PluginManager:220 - loadIPPluginJar : add stm32_wpan
2026-04-22 14:26:24,941 [INFO] IPUIPlugin:80 - create IPUIPlugin
2026-04-22 14:26:24,942 [INFO] PluginManager:220 - loadIPPluginJar : add plateformsettings
2026-04-22 14:26:24,944 [INFO] IPUIPlugin:80 - create IPUIPlugin
2026-04-22 14:26:24,944 [INFO] PluginManager:220 - loadIPPluginJar : add ipddr
2026-04-22 14:26:24,945 [INFO] IPUIPlugin:80 - create IPUIPlugin
2026-04-22 14:26:24,945 [INFO] PluginManager:220 - loadIPPluginJar : add usart
2026-04-22 14:26:24,945 [INFO] IPUIPlugin:80 - create IPUIPlugin
2026-04-22 14:26:24,945 [INFO] PluginManager:220 - loadIPPluginJar : add ltdc
2026-04-22 14:26:24,946 [INFO] IPUIPlugin:80 - create IPUIPlugin
2026-04-22 14:26:24,947 [INFO] PluginManager:220 - loadIPPluginJar : add nvic
2026-04-22 14:26:24,947 [INFO] IPUIPlugin:80 - create IPUIPlugin
2026-04-22 14:26:24,947 [INFO] PluginManager:220 - loadIPPluginJar : add fatfs
2026-04-22 14:26:24,951 [INFO] IPUIPlugin:80 - create IPUIPlugin
2026-04-22 14:26:24,951 [INFO] PluginManager:220 - loadIPPluginJar : add linkedlist
2026-04-22 14:26:24,955 [INFO] IPUIPlugin:80 - create IPUIPlugin
2026-04-22 14:26:24,955 [INFO] PluginManager:220 - loadIPPluginJar : add dma
2026-04-22 14:26:24,957 [INFO] IPUIPlugin:80 - create IPUIPlugin
2026-04-22 14:26:24,957 [INFO] PluginManager:220 - loadIPPluginJar : add fmc
2026-04-22 14:26:24,958 [INFO] IPUIPlugin:80 - create IPUIPlugin
2026-04-22 14:26:24,958 [INFO] PluginManager:220 - loadIPPluginJar : add i2s
2026-04-22 14:26:24,959 [INFO] IPUIPlugin:80 - create IPUIPlugin
2026-04-22 14:26:24,959 [INFO] PluginManager:220 - loadIPPluginJar : add ucpd
2026-04-22 14:26:24,960 [INFO] IPUIPlugin:80 - create IPUIPlugin
2026-04-22 14:26:24,960 [INFO] PluginManager:220 - loadIPPluginJar : add lorawan
2026-04-22 14:26:24,961 [INFO] IPUIPlugin:80 - create IPUIPlugin
2026-04-22 14:26:24,961 [INFO] PluginManager:220 - loadIPPluginJar : add opamp
2026-04-22 14:26:24,963 [INFO] IPUIPlugin:80 - create IPUIPlugin
2026-04-22 14:26:24,963 [INFO] PluginManager:220 - loadIPPluginJar : add i3c
2026-04-22 14:26:24,964 [INFO] IPUIPlugin:80 - create IPUIPlugin
2026-04-22 14:26:24,966 [INFO] PluginManager:220 - loadIPPluginJar : add touchsensing
2026-04-22 14:26:24,967 [INFO] IPUIPlugin:80 - create IPUIPlugin
2026-04-22 14:26:24,968 [INFO] PluginManager:220 - loadIPPluginJar : add i2c
2026-04-22 14:26:24,969 [INFO] IPUIPlugin:80 - create IPUIPlugin
2026-04-22 14:26:24,969 [INFO] PluginManager:220 - loadIPPluginJar : add resmgrutility
2026-04-22 14:26:24,970 [INFO] IPUIPlugin:80 - create IPUIPlugin
2026-04-22 14:26:24,971 [INFO] PluginManager:220 - loadIPPluginJar : add sai
2026-04-22 14:26:24,973 [INFO] IPUIPlugin:80 - create IPUIPlugin
2026-04-22 14:26:24,973 [INFO] PluginManager:220 - loadIPPluginJar : add usbx
2026-04-22 14:26:25,091 [FATAL] Updater:351 - Updater called before beeing initialized
2026-04-22 14:26:25,154 [INFO] RulesReader:64 - Compatibility file has been processed (317 Rules)
2026-04-22 14:26:25,170 [INFO] RulesReader:64 - Compatibility file has been processed (317 Rules)
2026-04-22 14:26:25,180 [INFO] CADModel:165 - CPN selected for project level
2026-04-22 14:26:25,180 [INFO] CADModel:114 - Register for checkConnection events
2026-04-22 14:26:25,180 [FATAL] Updater:351 - Updater called before beeing initialized
2026-04-22 14:26:25,180 [ERROR] CADModel:125 - Updater not yet initialized, retry later 
2026-04-22 14:26:25,361 [FATAL] Updater:351 - Updater called before beeing initialized
2026-04-22 14:26:25,363 [INFO] CADModel:165 - CPN selected for project level
2026-04-22 14:26:25,363 [INFO] CADModel:114 - Register for checkConnection events
2026-04-22 14:26:25,363 [FATAL] Updater:351 - Updater called before beeing initialized
2026-04-22 14:26:25,363 [ERROR] CADModel:125 - Updater not yet initialized, retry later 
2026-04-22 14:26:25,366 [FATAL] Updater:351 - Updater called before beeing initialized
2026-04-22 14:26:25,511 [FATAL] Updater:351 - Updater called before beeing initialized
2026-04-22 14:26:25,515 [INFO] DbMcusAds:53 - JSON generation date=Fri Apr 10 11:19:02 CEST 2026 (1775812742310)
2026-04-22 14:26:25,515 [FATAL] Updater:351 - Updater called before beeing initialized
2026-04-22 14:26:25,555 [WARN] DetailPanel:346 - Failed to get advertising image, set to default
2026-04-22 14:26:25,615 [FATAL] Updater:351 - Updater called before beeing initialized
2026-04-22 14:26:25,617 [FATAL] Updater:351 - Updater called before beeing initialized
2026-04-22 14:26:25,618 [FATAL] Updater:351 - Updater called before beeing initialized
2026-04-22 14:26:25,618 [WARN] DetailPanel:346 - Failed to get advertising image, set to default
2026-04-22 14:26:25,622 [FATAL] Updater:351 - Updater called before beeing initialized
2026-04-22 14:26:25,661 [ERROR] Updater:1198 - MainUpdater not yet initialized. External WinMGr cannot be set.
2026-04-22 14:26:25,664 [INFO] Updater:1134 - Updater Version found : 6.15.0
2026-04-22 14:26:25,675 [INFO] ApplicationProperties:184 - Using Application install path: /Applications/STM32CubeIDE.app/Contents/Eclipse/plugins/com.st.stm32cube.common.mx_6.15.0.202507011659
2026-04-22 14:26:26,109 [INFO] MainUpdater:2872 - connection check result : 10
2026-04-22 14:26:26,110 [INFO] MainUpdater:289 - Updater Check For Update Now.
2026-04-22 14:26:26,110 [INFO] MicroXplorer:498 - Change Database Version : DB.6.0.150
2026-04-22 14:26:26,116 [INFO] McuFinderGlobals:63 - Set McuFinder mode to 2 (CubeIDE integrated)
2026-04-22 14:26:26,118 [INFO] UserAuth:487 - Internet connection configuration mode: 1
2026-04-22 14:26:26,135 [INFO] JxBrowserEngine:152 - Initiate JxBrowser Engine with user profile folder
2026-04-22 14:26:26,339 [INFO] CheckServerUpdateThread:120 - End of CheckServer Thread
2026-04-22 14:26:27,617 [WARN] PackLoader:240 - Cannot read IP mode file for STMicroelectronics.X-CUBE-AZRTOS-H7.3.5.0
2026-04-22 14:26:27,658 [WARN] PackLoader:240 - Cannot read IP mode file for STMicroelectronics.FP-ATR-ASTRA1.2.0.2
2026-04-22 14:26:27,669 [WARN] PackLoader:240 - Cannot read IP mode file for STMicroelectronics.X-CUBE-SMBUS.2.1.0
2026-04-22 14:26:27,721 [WARN] PackLoader:240 - Cannot read IP mode file for STMicroelectronics.X-CUBE-AZRTOS-F7.1.1.0
2026-04-22 14:26:27,754 [WARN] PackLoader:240 - Cannot read IP mode file for WES.I-CUBE-Cesium.1.4.0
2026-04-22 14:26:27,774 [WARN] PackLoader:240 - Cannot read IP mode file for STMicroelectronics.X-CUBE-DISPLAY.3.0.0
2026-04-22 14:26:27,795 [WARN] PackLoader:240 - Cannot read IP mode file for STMicroelectronics.X-CUBE-NFC10.1.0.0
2026-04-22 14:26:27,808 [WARN] PackLoader:240 - Cannot read IP mode file for STMicroelectronics.X-CUBE-ST60.1.1.0
2026-04-22 14:26:27,814 [WARN] PackLoader:240 - Cannot read IP mode file for emotas.I-CUBE-CANOPEN.1.3.0
2026-04-22 14:26:27,826 [WARN] PackLoader:240 - Cannot read IP mode file for STMicroelectronics.FP-SNS-SMARTAG2.1.2.0
2026-04-22 14:26:27,831 [WARN] PackLoader:240 - Cannot read IP mode file for STMicroelectronics.FP-SNS-FLIGHT1.5.1.0
2026-04-22 14:26:27,842 [INFO] LogOutputStream:77 - [STDOUT_REDIRECT] 1 : Invalid condition id : UX_CORESTACK_Condition cause : null
2026-04-22 14:26:27,843 [INFO] LogOutputStream:77 - [STDOUT_REDIRECT] 1 : Invalid condition id : UX_CORESTACK_Condition cause : null
2026-04-22 14:26:27,843 [INFO] LogOutputStream:77 - [STDOUT_REDIRECT] 1 : Invalid condition id : UX_CORESTACK_Condition cause : null
2026-04-22 14:26:27,843 [INFO] LogOutputStream:77 - [STDOUT_REDIRECT] 1 : Invalid condition id : UX_CORESTACK_Condition cause : null
2026-04-22 14:26:27,844 [INFO] LogOutputStream:77 - [STDOUT_REDIRECT] 1 : Invalid condition id : UX_CORESTACK_Condition cause : null
2026-04-22 14:26:27,855 [WARN] PackLoader:240 - Cannot read IP mode file for STMicroelectronics.X-CUBE-AZRTOS-WL.2.0.0
2026-04-22 14:26:27,891 [WARN] PackLoader:240 - Cannot read IP mode file for STMicroelectronics.X-CUBE-AZRTOS-H7RS.1.2.0
2026-04-22 14:26:27,909 [WARN] PackLoader:240 - Cannot read IP mode file for STMicroelectronics.X-CUBE-BLE2.3.3.0
2026-04-22 14:26:27,956 [WARN] PackLoader:240 - Cannot read IP mode file for Infineon.AIROC-Wi-Fi-Bluetooth-STM32.1.8.0
2026-04-22 14:26:27,970 [WARN] PackLoader:240 - Cannot read IP mode file for STMicroelectronics.X-CUBE-NFC9.1.0.0
2026-04-22 14:26:27,976 [WARN] PackLoader:240 - Cannot read IP mode file for STMicroelectronics.X-CUBE-BLE1.7.1.0
2026-04-22 14:26:27,979 [WARN] PackLoader:240 - Cannot read IP mode file for wolfSSL.I-CUBE-wolfMQTT.1.19.2
2026-04-22 14:26:27,982 [WARN] PackLoader:240 - Cannot read IP mode file for wolfSSL.I-CUBE-wolfSSL.5.8.4
2026-04-22 14:26:27,985 [WARN] PackLoader:240 - Cannot read IP mode file for Cesanta.I-CUBE-Mongoose.7.20.0
2026-04-22 14:26:28,003 [WARN] PackLoader:240 - Cannot read IP mode file for STMicroelectronics.X-CUBE-AZRTOS-G0.1.1.0
2026-04-22 14:26:28,013 [WARN] PackLoader:240 - Cannot read IP mode file for STMicroelectronics.X-CUBE-NFC4.3.0.0
2026-04-22 14:26:28,024 [WARN] PackLoader:240 - Cannot read IP mode file for EmbeddedOffice.I-CUBE-FS-RTOS.1.0.1
2026-04-22 14:26:28,029 [WARN] PackLoader:240 - Cannot read IP mode file for wolfSSL.I-CUBE-wolfTPM.3.8.0
2026-04-22 14:26:28,033 [WARN] PackLoader:240 - Cannot read IP mode file for STMicroelectronics.X-CUBE-TCPP.4.2.0
2026-04-22 14:26:28,038 [WARN] PackLoader:240 - Cannot read IP mode file for RealThread.X-CUBE-RT-Thread_Nano.4.1.1
2026-04-22 14:26:28,041 [WARN] PackLoader:240 - Cannot read IP mode file for STMicroelectronics.FP-ATR-SIGFOX1.3.2.0
2026-04-22 14:26:28,047 [WARN] PackLoader:240 - Cannot read IP mode file for ITTIA_DB.I-CUBE-ITTIADB.8.9.0
2026-04-22 14:26:28,208 [WARN] PackLoader:240 - Cannot read IP mode file for SEGGER.I-CUBE-embOS.1.3.1
2026-04-22 14:26:28,368 [WARN] PackLoader:240 - Cannot read IP mode file for STMicroelectronics.X-CUBE-ALGOBUILD.1.4.0
2026-04-22 14:26:28,413 [WARN] PackLoader:240 - Cannot read IP mode file for STMicroelectronics.X-CUBE-PM33A1.1.0.0
2026-04-22 14:26:28,438 [WARN] PackLoader:240 - Cannot read IP mode file for STMicroelectronics.X-CUBE-AZRTOS-F4.1.1.0
2026-04-22 14:26:28,447 [WARN] PackLoader:240 - Cannot read IP mode file for STMicroelectronics.X-CUBE-ISPU.2.1.0
2026-04-22 14:26:28,449 [WARN] PackLoader:240 - Cannot read IP mode file for STMicroelectronics.eDS-WB_DPC_TT-BIDIR.2.1.1
2026-04-22 14:26:28,469 [WARN] PackLoader:240 - Cannot read IP mode file for STMicroelectronics.X-CUBE-AZRTOS-L5.2.0.0
2026-04-22 14:26:28,474 [WARN] PackLoader:240 - Cannot read IP mode file for STMicroelectronics.eDS-WB_DPC_VIENNA.1.2.0
2026-04-22 14:26:28,476 [WARN] PackLoader:240 - Cannot read IP mode file for STMicroelectronics.eDS-WB_DPC_3PH2L-BIDIR.1.1.1
2026-04-22 14:26:28,508 [ERROR] Engine:466 - /Users/cristianpetramale/.stm32cubemx/thirdparties/pdsc/STMicroelectronics.X-CUBE-ST67W61.1.3.0.pdsc: PDSC version is not supported
2026-04-22 14:26:28,521 [WARN] PackLoader:240 - Cannot read IP mode file for STMicroelectronics.X-CUBE-TOUCHGFX.4.26.1
2026-04-22 14:26:28,526 [WARN] PackLoader:240 - Cannot read IP mode file for STMicroelectronics.X-CUBE-DPower.1.3.0
2026-04-22 14:26:28,546 [WARN] ConditionMgr:438 - getConditionDescription Invalid condition id : LAN8742 Phy interface Condition cause : null
2026-04-22 14:26:28,550 [WARN] PackLoader:240 - Cannot read IP mode file for STMicroelectronics.X-CUBE-AZRTOS-L4.2.0.0
2026-04-22 14:26:28,552 [WARN] ConditionMgr:1044 - genDependencies : Invalid condition id : LAN8742 Phy interface Condition cause : null
2026-04-22 14:26:28,553 [WARN] ConditionMgr:1044 - genDependencies : Invalid condition id : LAN8742 Phy interface Condition cause : null
2026-04-22 14:26:28,554 [WARN] ConditionMgr:1044 - genDependencies : Invalid condition id : LAN8742 Phy interface Condition cause : null
2026-04-22 14:26:28,565 [WARN] PackLoader:240 - Cannot read IP mode file for STMicroelectronics.X-CUBE-SFXS2LP1.4.0.0
2026-04-22 14:26:28,576 [WARN] PackLoader:240 - Cannot read IP mode file for STMicroelectronics.X-CUBE-WB05N.2.1.0
2026-04-22 14:26:28,592 [WARN] PackLoader:240 - Cannot read IP mode file for STMicroelectronics.X-CUBE-ST67W61.1.2.0
2026-04-22 14:26:28,607 [WARN] ConditionMgr:438 - getConditionDescription Invalid condition id : UX DEVICE CLASS RTOS Condition cause : null
2026-04-22 14:26:28,607 [WARN] ConditionMgr:438 - getConditionDescription Invalid condition id : UX DEVICE CLASS RTOS Condition cause : null
2026-04-22 14:26:28,610 [WARN] PackLoader:240 - Cannot read IP mode file for STMicroelectronics.X-CUBE-AZRTOS-WB.2.0.0
2026-04-22 14:26:28,611 [WARN] ConditionMgr:1044 - genDependencies : Invalid condition id : UX DEVICE CLASS RTOS Condition cause : null
2026-04-22 14:26:28,613 [WARN] ConditionMgr:1044 - genDependencies : Invalid condition id : UX DEVICE CLASS RTOS Condition cause : null
2026-04-22 14:26:28,614 [WARN] ConditionMgr:1044 - genDependencies : Invalid condition id : UX DEVICE CLASS RTOS Condition cause : null
2026-04-22 14:26:28,615 [WARN] ConditionMgr:1044 - genDependencies : Invalid condition id : UX DEVICE CLASS RTOS Condition cause : null
2026-04-22 14:26:28,615 [WARN] ConditionMgr:1044 - genDependencies : Invalid condition id : UX DEVICE CLASS RTOS Condition cause : null
2026-04-22 14:26:28,618 [WARN] ConditionMgr:438 - getConditionDescription Invalid condition id : Cortex-A Device cause : null
2026-04-22 14:26:28,641 [WARN] ConditionMgr:1044 - genDependencies : Invalid condition id : Cortex-A Device cause : null
2026-04-22 14:26:28,642 [WARN] ConditionMgr:1044 - genDependencies : Invalid condition id : Cortex-A Device cause : null
2026-04-22 14:26:28,642 [WARN] ConditionMgr:1044 - genDependencies : Invalid condition id : Cortex-A Device cause : null
2026-04-22 14:26:28,649 [WARN] PackLoader:240 - Cannot read IP mode file for STMicroelectronics.X-CUBE-STSE01.2.0.0
2026-04-22 14:26:28,663 [WARN] PackLoader:240 - Cannot read IP mode file for STMicroelectronics.X-CUBE-SUBG2.5.0.0
2026-04-22 14:26:28,688 [WARN] PackLoader:240 - Cannot read IP mode file for STMicroelectronics.X-CUBE-AZRTOS-G4.2.0.0
2026-04-22 14:26:28,694 [WARN] PackLoader:240 - Cannot read IP mode file for wolfSSL.I-CUBE-wolfSSH.1.4.20
2026-04-22 14:26:28,699 [WARN] PackLoader:240 - Cannot read IP mode file for STMicroelectronics.X-CUBE-NFC7.2.0.0
2026-04-22 14:26:28,702 [WARN] PackLoader:240 - Cannot read IP mode file for STMicroelectronics.X-CUBE-ALS.1.0.2
2026-04-22 14:26:28,717 [WARN] PackLoader:240 - Cannot read IP mode file for STMicroelectronics.X-CUBE-TOF1.3.4.3
2026-04-22 14:26:28,731 [INFO] ThirdParty:978 - Integrity check success = true
2026-04-22 14:26:28,731 [INFO] IntegrityCheckThread:100 - exiting critical section [integrity check]
2026-04-22 14:26:28,731 [INFO] IntegrityCheckThread:103 - End integrity checks thread
2026-04-22 14:26:29,971 [INFO] WebApp:169 - Instantiating new browser for Auth
2026-04-22 14:26:30,154 [INFO] McuFinderGlobals:63 - Set McuFinder mode to 2 (CubeIDE integrated)
2026-04-22 14:26:30,165 [INFO] MainUpdater:2872 - connection check result : 10
2026-04-22 14:26:30,170 [INFO] McuFinderGlobals:76 - Set McuFinderConnectedMode to true
2026-04-22 14:26:30,879 [INFO] ServerAccessManage:452 - Complete download http(s) 200
2026-04-22 14:26:30,888 [INFO] ServerAccessManage:509 - Download File mcusAds.json._tmp_
2026-04-22 14:26:31,029 [INFO] LoadUrlFilesThread:156 - End of LoadUrlFiles Thread
2026-04-22 14:26:31,168 [INFO] WebApp:463 - Apply proxy settings
2026-04-22 14:26:31,172 [INFO] WebApp:508 - Chromium authenticates against Manually configured proxy
2026-04-22 14:26:31,187 [INFO] WebApp:516 - Username used for proxy authentication: 
2026-04-22 14:26:31,225 [INFO] WebApp:900 - Register for checkConnection events
2026-04-22 14:26:31,225 [INFO] WebApp:463 - Apply proxy settings
2026-04-22 14:26:31,227 [INFO] WebApp:508 - Chromium authenticates against Manually configured proxy
2026-04-22 14:26:31,227 [INFO] WebApp:516 - Username used for proxy authentication: 
2026-04-22 14:26:31,281 [INFO] ServerAccessManage:452 - Complete download http(s) 200
2026-04-22 14:26:31,283 [INFO] ServerAccessManage:509 - Download File cube-finder-db.zip
2026-04-22 14:26:31,365 [INFO] WebApp:225 - Starting web application
2026-04-22 14:26:31,365 [INFO] WebApp:593 - Web application path used /Applications/STM32CubeIDE.app/Contents/Eclipse/plugins/com.st.stm32cube.common.mx_6.15.0.202507011659/db/plugins/mcufinder/reactClient1/index.html
2026-04-22 14:26:31,901 [INFO] UserAuth:487 - Internet connection configuration mode: 1
2026-04-22 14:26:32,345 [INFO] WebApp:191 - Connection restablished
2026-04-22 14:26:36,368 [INFO] FileExtend:248 - Unzip File : cube-finder-db.zip
2026-04-22 14:26:36,370 [INFO] FileExtend:263 - Standard Zip Deflate
2026-04-22 14:26:37,096 [INFO] LoadUrlFilesThread:156 - End of LoadUrlFiles Thread
2026-04-22 14:26:38,041 [INFO] ServerAccessManage:452 - Complete download http(s) 200
2026-04-22 14:26:38,051 [INFO] ServerAccessManage:509 - Download File crdb.zip
2026-04-22 14:26:38,473 [INFO] FileExtend:248 - Unzip File : crdb.zip
2026-04-22 14:26:38,474 [INFO] FileExtend:263 - Standard Zip Deflate
2026-04-22 14:26:38,595 [INFO] LoadUrlFilesThread:156 - End of LoadUrlFiles Thread
2026-04-22 14:26:38,792 [INFO] ServerAccessManage:452 - Complete download http(s) 200
2026-04-22 14:26:38,793 [INFO] ServerAccessManage:509 - Download File tutoVideoDB.zip
2026-04-22 14:26:38,807 [INFO] FileExtend:248 - Unzip File : tutoVideoDB.zip
2026-04-22 14:26:38,807 [INFO] FileExtend:263 - Standard Zip Deflate
2026-04-22 14:26:38,916 [INFO] LoadUrlFilesThread:156 - End of LoadUrlFiles Thread
2026-04-22 14:26:38,927 [WARN] DbFile:41 - Overriding database path with different value: /Users/cristianpetramale/.stmcufinder/plugins/mcufinder/ => /Users/cristianpetramale/.stmcufinder/plugins/mcufinder
2026-04-22 14:26:39,114 [INFO] ServerAccessManage:452 - Complete download http(s) 200
2026-04-22 14:26:39,115 [INFO] ServerAccessManage:509 - Download File api_config.json
2026-04-22 14:26:39,220 [INFO] LoadUrlFilesThread:156 - End of LoadUrlFiles Thread
2026-04-22 14:26:39,222 [INFO] DbMcusAds:53 - JSON generation date=Fri Apr 10 11:19:02 CEST 2026 (1775812742310)
2026-04-22 14:26:39,277 [INFO] LoadUrlFilesThread:185 - End of LoadServerUrlFiles without Thread
2026-04-22 14:26:39,280 [INFO] TargetSelectorAdapter:259 - Refresh data is successful
2026-04-22 14:26:40,505 [INFO] ApiDb:581 - Connected to CubeFinder SQLite database (/Users/cristianpetramale/.stmcufinder/plugins/mcufinder/mcu/cube-finder-db.db)
2026-04-22 14:26:40,547 [INFO] ApiDb:668 - CubeFinder database Data Model version=2.1
2026-04-22 14:26:40,547 [INFO] ApiDb:669 - CubeFinder database Configuration version=3.0.42
2026-04-22 14:26:40,548 [INFO] ApiDb:670 - CubeFinder database generation date=2026-03-11 (1773229989)
2026-04-22 14:26:40,548 [INFO] ApiDb:671 - CubeFinder database FW Pack versions=[FP-ATR-ASTRA1_V2.0.0, FP-SNS-FLIGHT1_V5.1.0, FP-SNS-MOTENV1_V5.1.0, FP-SNS-MOTENVWB1_V1.5.0, FP-SNS-SMARTAG2_V1.2.0, FP-SNS-STBOX1_V2.1.0, STM32Cube_FW_C0_V1.4.0, STM32Cube_FW_F4_V1.28.3, STM32Cube_FW_F7_V1.17.4, STM32Cube_FW_G0_V1.6.3, STM32Cube_FW_G4_V1.6.2, STM32Cube_FW_H5_V1.6.0, STM32Cube_FW_H7RS_V1.3.0, STM32Cube_FW_H7_V1.13.0, STM32Cube_FW_L0_V1.12.2, STM32Cube_FW_L4_V1.18.2, STM32Cube_FW_L5_V1.6.0, STM32Cube_FW_N6_V1.3.0, STM32Cube_FW_U0_V1.3.0, STM32Cube_FW_U3_V1.3.0, STM32Cube_FW_U5_V1.8.0, STM32Cube_FW_WB0_V1.4.0, STM32Cube_FW_WBA_V1.9.0, STM32Cube_FW_WB_V1.24.0, STM32Cube_FW_WL3_V1.4.0, STM32Cube_FW_WL_V1.5.0, X-CUBE-ALGOBUILD_V1.4.0, X-CUBE-ALS_V1.0.2, X-CUBE-AZRTOS-F4_V1.1.0, X-CUBE-AZRTOS-F7_V1.1.0, X-CUBE-AZRTOS-G0_V1.1.0, X-CUBE-AZRTOS-G4_V2.0.0, X-CUBE-AZRTOS-H7RS_V1.1.0, X-CUBE-AZRTOS-H7_V3.4.0, X-CUBE-AZRTOS-L4_V2.0.0, X-CUBE-AZRTOS-L5_V2.0.0, X-CUBE-AZRTOS-WB_V2.0.0, X-CUBE-AZRTOS-WL_V2.0.0, X-CUBE-BLE1_V7.1.0, X-CUBE-BLE2_V3.3.0, X-CUBE-BLEMGR_V4.1.0, X-CUBE-EEPRMA1_V5.2.0, X-CUBE-FREERTOS_V1.5.0, X-CUBE-GNSS1_V6.0.0, X-CUBE-MEMS1_V12.0.0, X-CUBE-NFC4_V3.0.0, X-CUBE-NFC7_V2.0.0, X-CUBE-SFXS2LP1_V4.0.0, X-CUBE-ST67W61_V1.2.0, X-CUBE-SUBG2_V5.0.0, X-CUBE-TOF1_V3.4.3]
2026-04-22 14:26:41,977 [INFO] ApiDb:240 - Found 880 in-development CPN: [B-G473E-ZEST1S, B-WB1M-WPAN1, B-WBA5M-WPAN, B-WL5M-SUBG1, NUCLEO-C031C6, NUCLEO-C051C8, NUCLEO-C071RB, NUCLEO-C092RC, NUCLEO-H503RB, NUCLEO-H533RE, NUCLEO-H563ZI, NUCLEO-H7S3L8, NUCLEO-N657X0-Q, NUCLEO-U031R8, NUCLEO-U083RC, NUCLEO-U385RG-Q, NUCLEO-U545RE-Q, NUCLEO-U5A5ZJ-Q, NUCLEO-WB05KZ, NUCLEO-WB07CC, NUCLEO-WB09KE, NUCLEO-WBA52CG, NUCLEO-WBA55CG, NUCLEO-WL33CC1, NUCLEO-WL33CC2, STEVAL-PROTEUS1, STEVAL-SMARTAG2, STEVAL-STWINBX1, STM320518-EVAL, STM32C0116-DK, STM32C011D6Y3TR, STM32C011D6Y6TR, STM32C011F4P3, STM32C011F4P6, STM32C011F4U3, STM32C011F4U6TR, STM32C011F6P3, STM32C011F6P6, STM32C011F6U3, STM32C011F6U6TR, STM32C011J4M3, STM32C011J4M6, STM32C011J6M3, STM32C011J6M6, STM32C0316-DK, STM32C031C4T3, STM32C031C4T6, STM32C031C4U3, STM32C031C4U6, STM32C031C6T3, STM32C031C6T6, STM32C031C6U3, STM32C031C6U6, STM32C031F4P3, STM32C031F4P6, STM32C031F6P3, STM32C031F6P6, STM32C031G4U3, STM32C031G4U6, STM32C031G6U3, STM32C031G6U6, STM32C031K4T3, STM32C031K4T6, STM32C031K4U3, STM32C031K4U6, STM32C031K6T3, STM32C031K6T6, STM32C031K6U3, STM32C031K6U6, STM32C051C6T6, STM32C051C6U6, STM32C051C8T6, STM32C051C8U6, STM32C051D8Y6TR, STM32C051F6P6, STM32C051F8P6, STM32C051G6U6, STM32C051G8U6, STM32C051K6T6, STM32C051K6U6, STM32C051K8T6, STM32C071C8T6, STM32C071C8T6N, STM32C071C8U6, STM32C071C8U6N, STM32C071CBT6, STM32C071CBT6N, STM32C071CBU6, STM32C071CBU6N, STM32C071F8P6, STM32C071F8P6N, STM32C071FBP6, STM32C071FBP6N, STM32C071FBY6TR, STM32C071G8U6, STM32C071G8U6N, STM32C071GBU6, STM32C071GBU6N, STM32C071K8T6, STM32C071K8T6N, STM32C071K8U6, STM32C071K8U6N, STM32C071KBT6, STM32C071KBT6N, STM32C071KBU6, STM32C071KBU6N, STM32C071R8T6, STM32C071R8T6N, STM32C071RBI6N, STM32C071RBT6, STM32C071RBT6N, STM32C091CBT6, STM32C091CBU6, STM32C091CCT6, STM32C091CCU6, STM32C091ECY6TR, STM32C091FBP6, STM32C091FCP6, STM32C091GBU6, STM32C091GCU6, STM32C091KBT6, STM32C091KBU6, STM32C091KCT6, STM32C091KCU6, STM32C091RBT6, STM32C091RCI6, STM32C091RCT6, STM32C092CBT6, STM32C092CBU6, STM32C092CCT6, STM32C092CCU6, STM32C092ECY6TR, STM32C092FBP6, STM32C092FCP6, STM32C092GBU6, STM32C092GCU6, STM32C092KBT6, STM32C092KBU6, STM32C092KCT6, STM32C092KCU6, STM32C092RBT6, STM32C092RCI6, STM32C092RCT6, STM32G071K8TXN, STM32G071K8UXN, STM32G081GBU6N, STM32G081KBT6N, STM32G081KBUXN, STM32G0B1CCT6N, STM32G0B1KCT6, STM32G0B1NEY6TR, STM32G0B1RCT6N, STM32G0C1CCT6, STM32G0C1CCT6N, STM32G0C1CCU6N, STM32G0C1CET6N, STM32G0C1CEU6N, STM32G0C1KCT6, STM32G0C1NEY6TR, STM32G0C1RCI6N, STM32G0C1RCT6N, STM32G0C1REI6N, STM32G0C1RET6N, STM32G0C1VCI6, STM32G0C1VEI6, STM32G411C6T3, STM32G411C6T6, STM32G411C6U3, STM32G411C6U6, STM32G411C8T3, STM32G411C8T6, STM32G411C8U3, STM32G411C8U6, STM32G411CBT3, STM32G411CBT6, STM32G411CBU3, STM32G411CBU6, STM32G411K6T3, STM32G411K6T6, STM32G411K6U3, STM32G411K6U6, STM32G411K8T3, STM32G411K8T6, STM32G411K8U3, STM32G411K8U6, STM32G411KBT3, STM32G411KBT6, STM32G411KBU3, STM32G411KBU6, STM32G411M6T3, STM32G411M6T6, STM32G411M8T3, STM32G411M8T6, STM32G411MBT3, STM32G411MBT6, STM32G411R6T3, STM32G411R6T6, STM32G411R8T3, STM32G411R8T6, STM32G411RBT3, STM32G411RBT6, STM32G414CBT3, STM32G414CBT6, STM32G414CBU3, STM32G414CBU6, STM32G414CCT3, STM32G414CCT6, STM32G414CCU3, STM32G414CCU6, STM32G414MBT3, STM32G414MBT6, STM32G414MCT3, STM32G414MCT6, STM32G414RBT3, STM32G414RBT6, STM32G414RCT3, STM32G414RCT6, STM32G414VBT3, STM32G414VBT6, STM32G414VCT3, STM32G414VCT6, STM32G431CBT3Z, STM32G431RBT3Z, STM32G471CCT6, STM32G471CCU6, STM32G471CET3, STM32G471CET6, STM32G471CEU3, STM32G471CEU6, STM32G471MCT6, STM32G471MET3, STM32G471MET6, STM32G471MEY6TR, STM32G471QCT6, STM32G471QET3, STM32G471RCT6, STM32G471RET3, STM32G471RET6, STM32G471VCH6, STM32G471VCI6, STM32G471VCT6, STM32G471VEH3, STM32G471VEH6, STM32G471VEI3, STM32G471VEI6, STM32G471VET3, STM32G471VET6, STM32G473QET3Z, STM32G473RET3Z, STM32G474CCT6, STM32G491RET3Z, STM32H503CBT6, STM32H503CBU6, STM32H503EBY6TR, STM32H503KBU6, STM32H503RBT6, STM32H523CCT6, STM32H523CCU6, STM32H523CET6, STM32H523CEU6, STM32H523HEY6TR, STM32H523RCT6, STM32H523RET6, STM32H523VCI6, STM32H523VCT6, STM32H523VEI6, STM32H523VET6, STM32H523ZCJ6, STM32H523ZCT6, STM32H523ZEJ6, STM32H523ZET6, STM32H533CET6, STM32H533CEU6, STM32H533HEY6TR, STM32H533RET6, STM32H533VEI6, STM32H533VET6, STM32H533ZEJ6, STM32H533ZET6, STM32H562AGI6, STM32H562AII6, STM32H562IGK6, STM32H562IGT6, STM32H562IIK6, STM32H562IIT6, STM32H562RGT6, STM32H562RGV6, STM32H562RIT6, STM32H562RIV6, STM32H562VGT6, STM32H562VIT6, STM32H562ZGT6, STM32H562ZIT6, STM32H563AGI6, STM32H563AII3Q, STM32H563AII6, STM32H563IGK6, STM32H563IGT6, STM32H563IIK3Q, STM32H563IIK6, STM32H563IIT3Q, STM32H563IIT6, STM32H563MIY3QTR, STM32H563RGT6, STM32H563RGV6, STM32H563RIT6, STM32H563RIV6, STM32H563VGT6, STM32H563VIT3Q, STM32H563VIT6, STM32H563ZGT6, STM32H563ZIT3Q, STM32H563ZIT6, STM32H573AII3Q, STM32H573AII6, STM32H573I-DK, STM32H573IIK3Q, STM32H573IIK6, STM32H573IIT3Q, STM32H573IIT6, STM32H573MIY3QTR, STM32H573RIT6, STM32H573RIV6, STM32H573VIT3Q, STM32H573VIT6, STM32H573ZIT3Q, STM32H573ZIT6, STM32H7R3A8I6, STM32H7R3I8K6, STM32H7R3I8T6, STM32H7R3L8H6, STM32H7R3L8H6H, STM32H7R3R8V6, STM32H7R3V8H6, STM32H7R3V8T6, STM32H7R3V8Y6TR, STM32H7R3Z8J6, STM32H7R3Z8T6, STM32H7R7A8I6, STM32H7R7I8K6, STM32H7R7I8T6, STM32H7R7L8H6, STM32H7R7L8H6H, STM32H7R7Z8J6, STM32H7S3A8I6, STM32H7S3I8K6, STM32H7S3I8T6, STM32H7S3L8H6, STM32H7S3L8H6H, STM32H7S3R8V6, STM32H7S3V8H6, STM32H7S3V8T6, STM32H7S3V8Y6TR, STM32H7S3Z8J6, STM32H7S3Z8T6, STM32H7S78-DK, STM32H7S7A8I6, STM32H7S7I8K6, STM32H7S7I8T6, STM32H7S7L8H6, STM32H7S7L8H6H, STM32H7S7Z8J6, STM32L4R5QGI6STR, STM32MP131AAE3, STM32MP131AAF3, STM32MP131AAG3, STM32MP131CAE3, STM32MP131CAF3, STM32MP131CAG3, STM32MP131DAE7, STM32MP131DAF7, STM32MP131DAG7, STM32MP131FAE7, STM32MP131FAF7, STM32MP131FAG7, STM32MP133AAE3, STM32MP133AAF3, STM32MP133AAG3, STM32MP133CAE3, STM32MP133CAF3, STM32MP133CAG3, STM32MP133DAE7, STM32MP133DAF7, STM32MP133DAG7, STM32MP133FAE7, STM32MP133FAF7, STM32MP133FAG7, STM32MP135AAE3, STM32MP135AAF3, STM32MP135AAG3, STM32MP135CAE3, STM32MP135CAF3, STM32MP135CAG3, STM32MP135DAE7, STM32MP135DAF7, STM32MP135DAG7, STM32MP135F-DK, STM32MP135FAE7, STM32MP135FAF7, STM32MP135FAF7T, STM32MP135FAF7U, STM32MP135FAG7, STM32MP211AAL3, STM32MP211AAM3, STM32MP211AAN3, STM32MP211AAO3, STM32MP211CAL3, STM32MP211CAM3, STM32MP211CAN3, STM32MP211CAO3, STM32MP211DAL3, STM32MP211DAM3, STM32MP211DAN3, STM32MP211DAO3, STM32MP211FAL3, STM32MP211FAM3, STM32MP211FAN3, STM32MP211FAO3, STM32MP213AAL3, STM32MP213AAM3, STM32MP213AAN3, STM32MP213AAO3, STM32MP213CAL3, STM32MP213CAM3, STM32MP213CAN3, STM32MP213CAO3, STM32MP213DAL3, STM32MP213DAM3, STM32MP213DAN3, STM32MP213DAO3, STM32MP213FAL3, STM32MP213FAM3, STM32MP213FAN3, STM32MP213FAO3, STM32MP215AAL3, STM32MP215AAM3, STM32MP215AAN3, STM32MP215AAO3, STM32MP215CAL3, STM32MP215CAM3, STM32MP215CAN3, STM32MP215CAO3, STM32MP215DAL3, STM32MP215DAM3, STM32MP215DAN3, STM32MP215DAO3, STM32MP215F-DK, STM32MP215FAL3, STM32MP215FAM3, STM32MP215FAN3, STM32MP215FAO3, STM32MP231AAJ3, STM32MP231AAK3, STM32MP231AAL3, STM32MP231CAJ3, STM32MP231CAK3, STM32MP231CAL3, STM32MP231DAJ3, STM32MP231DAK3, STM32MP231DAL3, STM32MP231FAJ3, STM32MP231FAK3, STM32MP231FAL3, STM32MP233AAJ3, STM32MP233AAK3, STM32MP233AAL3, STM32MP233CAJ3, STM32MP233CAK3, STM32MP233CAL3, STM32MP233DAJ3, STM32MP233DAK3, STM32MP233DAL3, STM32MP233FAJ3, STM32MP233FAK3, STM32MP233FAL3, STM32MP235AAJ3, STM32MP235AAK3, STM32MP235AAL3, STM32MP235CAJ3, STM32MP235CAK3, STM32MP235CAL3, STM32MP235DAJ3, STM32MP235DAK3, STM32MP235DAL3, STM32MP235FAJ3, STM32MP235FAK3, STM32MP235FAL3, STM32MP251AAI3, STM32MP251AAK3, STM32MP251AAL3, STM32MP251CAI3, STM32MP251CAK3, STM32MP251CAL3, STM32MP251DAI3, STM32MP251DAK3, STM32MP251DAL3, STM32MP251FAI3, STM32MP251FAK3, STM32MP251FAL3, STM32MP253AAI3, STM32MP253AAK3, STM32MP253AAL3, STM32MP253CAI3, STM32MP253CAK3, STM32MP253CAL3, STM32MP253DAI3, STM32MP253DAK3, STM32MP253DAL3, STM32MP253FAI3, STM32MP253FAK3, STM32MP253FAL3, STM32MP255AAI3, STM32MP255AAK3, STM32MP255AAL3, STM32MP255CAI3, STM32MP255CAK3, STM32MP255CAL3, STM32MP255DAI3, STM32MP255DAK3, STM32MP255DAL3, STM32MP255FAI3, STM32MP255FAK3, STM32MP255FAL3, STM32MP257AAI3, STM32MP257AAK3, STM32MP257AAL3, STM32MP257CAI3, STM32MP257CAK3, STM32MP257CAL3, STM32MP257DAI3, STM32MP257DAK3, STM32MP257DAL3, STM32MP257F-DK, STM32MP257F-EV1, STM32MP257FAI3, STM32MP257FAK3, STM32MP257FAL3, STM32N645A0H3Q, STM32N645B0H3Q, STM32N645I0H3Q, STM32N645L0H3Q, STM32N645X0H3Q, STM32N645Z0H3Q, STM32N647A0H3Q, STM32N647B0H3Q, STM32N647I0H3Q, STM32N647L0H3Q, STM32N647X0H3Q, STM32N647Z0H3Q, STM32N655A0H3Q, STM32N655B0H3Q, STM32N655I0H3Q, STM32N655L0H3Q, STM32N655X0H3Q, STM32N655Z0H3Q, STM32N6570-DK, STM32N657A0H3Q, STM32N657B0H3Q, STM32N657I0H3Q, STM32N657L0H3Q, STM32N657X0H3Q, STM32N657Z0H3Q, STM32U031C6T6, STM32U031C6U6, STM32U031C8T6, STM32U031C8U6, STM32U031F4P6, STM32U031F6P6, STM32U031F8P6, STM32U031G6Y6TR, STM32U031G8Y6TR, STM32U031K4U6, STM32U031K6U6, STM32U031K8U6, STM32U031R6I6, STM32U031R6T6, STM32U031R8I6, STM32U031R8T6, STM32U073C8T6, STM32U073C8U6, STM32U073CBT6, STM32U073CBU6, STM32U073CCT6, STM32U073CCU6, STM32U073H8Y6TR, STM32U073HBY6TR, STM32U073HCY6TR, STM32U073K8U6, STM32U073KBU6, STM32U073KCU6, STM32U073M8I6, STM32U073M8T6, STM32U073MBI6, STM32U073MBT6, STM32U073MCI6, STM32U073MCT6, STM32U073R8I6, STM32U073R8T6, STM32U073RBI6, STM32U073RBT6, STM32U073RCI6, STM32U073RCT6, STM32U083C-DK, STM32U083CCT6, STM32U083CCU6, STM32U083HCY6TR, STM32U083KCU6, STM32U083MCI6, STM32U083MCT6, STM32U083RCI6, STM32U083RCT6, STM32U375CET6, STM32U375CET6Q, STM32U375CEU6, STM32U375CEU6Q, STM32U375CEY6QTR, STM32U375CGT6, STM32U375CGT6Q, STM32U375CGU6, STM32U375CGU6Q, STM32U375CGY6QTR, STM32U375KEU6, STM32U375KGU6, STM32U375REI6, STM32U375REI6Q, STM32U375RET6, STM32U375RET6Q, STM32U375REY6GTR, STM32U375REY6QTR, STM32U375RGI6, STM32U375RGI6Q, STM32U375RGT6, STM32U375RGT6Q, STM32U375RGY6GTR, STM32U375RGY6QTR, STM32U375VEI6, STM32U375VEI6Q, STM32U375VET6, STM32U375VET6Q, STM32U375VGI6, STM32U375VGI6Q, STM32U375VGT6, STM32U375VGT6Q, STM32U385CGT6, STM32U385CGT6Q, STM32U385CGU6, STM32U385CGU6Q, STM32U385CGY6QTR, STM32U385KGU6, STM32U385RGI6, STM32U385RGI6Q, STM32U385RGT6, STM32U385RGT6Q, STM32U385RGY6GTR, STM32U385RGY6QTR, STM32U385VGI6, STM32U385VGI6Q, STM32U385VGT6, STM32U385VGT6Q, STM32U535CBT6, STM32U535CBT6Q, STM32U535CBU6, STM32U535CBU6Q, STM32U535CCT6, STM32U535CCT6Q, STM32U535CCU6, STM32U535CCU6Q, STM32U535CET6, STM32U535CET6Q, STM32U535CEU6, STM32U535CEU6Q, STM32U535JEY6QTR, STM32U535NCY6QTR, STM32U535NEY6QTR, STM32U535RBI6, STM32U535RBI6Q, STM32U535RBT6, STM32U535RBT6Q, STM32U535RCI6, STM32U535RCI6Q, STM32U535RCT6, STM32U535RCT6Q, STM32U535REI6, STM32U535REI6Q, STM32U535RET6, STM32U535RET6Q, STM32U535VCI6, STM32U535VCI6Q, STM32U535VCT6, STM32U535VCT6Q, STM32U535VEI6, STM32U535VEI6Q, STM32U535VET6, STM32U535VET6Q, STM32U545CET6, STM32U545CET6Q, STM32U545CEU6, STM32U545CEU6Q, STM32U545JEY6QTR, STM32U545NEY6QTR, STM32U545REI6, STM32U545REI6Q, STM32U545RET6, STM32U545RET6Q, STM32U545VEI6, STM32U545VEI6Q, STM32U545VET6, STM32U545VET6Q, STM32U595AIH6, STM32U595AIH6Q, STM32U595AJH6, STM32U595AJH6Q, STM32U595QII6, STM32U595QII6Q, STM32U595QJI6, STM32U595QJI6Q, STM32U595RIT6, STM32U595RIT6Q, STM32U595RJT6, STM32U595RJT6Q, STM32U595VIT6, STM32U595VIT6Q, STM32U595VJT6, STM32U595VJT6Q, STM32U595ZIT6, STM32U595ZIT6Q, STM32U595ZIY6QTR, STM32U595ZJT6, STM32U595ZJT6Q, STM32U595ZJY6QTR, STM32U599BJY6QTR, STM32U599NIH6Q, STM32U599NJH6Q, STM32U599VIT6Q, STM32U599VJT6, STM32U599VJT6Q, STM32U599ZIT6Q, STM32U599ZIY6QTR, STM32U599ZJT6Q, STM32U599ZJY6QTR, STM32U5A5AJH6, STM32U5A5AJH6Q, STM32U5A5QII3Q , STM32U5A5QJI6, STM32U5A5QJI6Q, STM32U5A5RJT6, STM32U5A5RJT6Q, STM32U5A5VJT6, STM32U5A5VJT6Q, STM32U5A5ZJT6, STM32U5A5ZJT6Q, STM32U5A5ZJY6QTR, STM32U5A9BJY6QTR, STM32U5A9J-DK, STM32U5A9NJH6Q, STM32U5A9VJT6Q, STM32U5A9ZJT6Q, STM32U5A9ZJY6QTR, STM32U5F7VIT6, STM32U5F7VIT6Q, STM32U5F7VJT6, STM32U5F7VJT6Q, STM32U5F9BJY6QTR, STM32U5F9NJH6Q, STM32U5F9VIT6Q, STM32U5F9VJT6Q, STM32U5F9ZIJ6QTR, STM32U5F9ZIT6Q, STM32U5F9ZJJ6QTR, STM32U5F9ZJT6Q, STM32U5G7VJT6, STM32U5G7VJT6Q, STM32U5G9BJY6QTR, STM32U5G9J-DK1, STM32U5G9J-DK2, STM32U5G9NJH6Q, STM32U5G9VJT6Q, STM32U5G9ZJJ6QTR, STM32U5G9ZJT6Q, STM32WB05KZV6TR, STM32WB05KZV7TR, STM32WB05TZF6TR, STM32WB05TZF7TR, STM32WB06CCF6TR, STM32WB06CCF7TR, STM32WB06CCV6TR, STM32WB06CCV7TR, STM32WB06KCV6TR, STM32WB06KCV7TR, STM32WB07CCF6TR, STM32WB07CCF7TR, STM32WB07CCV6TR, STM32WB07CCV7TR, STM32WB07KCV6TR, STM32WB07KCV7TR, STM32WB09KEV6TR, STM32WB09KEV7TR, STM32WB09TEF6TR, STM32WB09TEF7TR, STM32WB1MMCH6, STM32WBA50KGU6, STM32WBA50KGU6TR, STM32WBA52CEU6, STM32WBA52CEU6TR, STM32WBA52CEU7, STM32WBA52CEU7TR, STM32WBA52CGU6, STM32WBA52CGU6TR, STM32WBA52CGU6U, STM32WBA52CGU7, STM32WBA52CGU7TR, STM32WBA52KEU6, STM32WBA52KEU6TR, STM32WBA52KGU6, STM32WBA52KGU6TR, STM32WBA54CEU6, STM32WBA54CEU6TR, STM32WBA54CEU7, STM32WBA54CEU7TR, STM32WBA54CGU6, STM32WBA54CGU6TR, STM32WBA54CGU7, STM32WBA54CGU7TR, STM32WBA54KEU6, STM32WBA54KEU6TR, STM32WBA54KEU7, STM32WBA54KEU7TR, STM32WBA54KGU6, STM32WBA54KGU6TR, STM32WBA54KGU7, STM32WBA54KGU7TR, STM32WBA55CEU6, STM32WBA55CEU6TR, STM32WBA55CEU7, STM32WBA55CEU7TR, STM32WBA55CGU6, STM32WBA55CGU6TR, STM32WBA55CGU6U, STM32WBA55CGU7, STM32WBA55CGU7TR, STM32WBA55G-DK1, STM32WBA55HEF6, STM32WBA55HEF7, STM32WBA55HGF6, STM32WBA55HGF7, STM32WBA55UEI6, STM32WBA55UEI6TR, STM32WBA55UEI7, STM32WBA55UEI7TR, STM32WBA55UGI6, STM32WBA55UGI6TR, STM32WBA55UGI7, STM32WBA55UGI7TR, STM32WBA5MMGH6TR, STM32WBA62MGF6, STM32WBA62MIF6, STM32WBA65MGF7, STM32WBA65MIF6, STM32WBA65MIF7, STM32WL30K8V6, STM32WL30KBV6, STM32WL31C8V6, STM32WL31CBV6, STM32WL31K8V6, STM32WL31KBV6, STM32WL33C8V6, STM32WL33C8V6X, STM32WL33CBV6, STM32WL33CBV6X, STM32WL33CCV6, STM32WL33CCV6A, STM32WL33CCV6X, STM32WL33K8V7, STM32WL33K8V7X, STM32WL33KBV7 , STM32WL33KBV7X, STM32WL33KCV7, STM32WL33KCV7X, STM32WL5MOCH6, STM32WL5MOCH6TR]
2026-04-22 14:26:41,985 [INFO] DbMcus:218 - Found 5055 MCUs, 4968 are supported
2026-04-22 14:26:41,986 [INFO] ApiDb:423 - Load user favorites file /Users/cristianpetramale/.stm32cubeide/favorites.mcus.txt: 0 item(s)
2026-04-22 14:26:41,986 [INFO] ApiDb:427 - User favorites MCUs=[]
2026-04-22 14:26:41,986 [INFO] DbMcus:224 - Set 0 / 0 favorites MCUs
2026-04-22 14:26:42,321 [INFO] ApiDb:668 - CubeFinder database Data Model version=2.1
2026-04-22 14:26:42,321 [INFO] ApiDb:669 - CubeFinder database Configuration version=3.0.42
2026-04-22 14:26:42,322 [INFO] ApiDb:670 - CubeFinder database generation date=2026-03-11 (1773229989)
2026-04-22 14:26:42,322 [INFO] ApiDb:671 - CubeFinder database FW Pack versions=[FP-ATR-ASTRA1_V2.0.0, FP-SNS-FLIGHT1_V5.1.0, FP-SNS-MOTENV1_V5.1.0, FP-SNS-MOTENVWB1_V1.5.0, FP-SNS-SMARTAG2_V1.2.0, FP-SNS-STBOX1_V2.1.0, STM32Cube_FW_C0_V1.4.0, STM32Cube_FW_F4_V1.28.3, STM32Cube_FW_F7_V1.17.4, STM32Cube_FW_G0_V1.6.3, STM32Cube_FW_G4_V1.6.2, STM32Cube_FW_H5_V1.6.0, STM32Cube_FW_H7RS_V1.3.0, STM32Cube_FW_H7_V1.13.0, STM32Cube_FW_L0_V1.12.2, STM32Cube_FW_L4_V1.18.2, STM32Cube_FW_L5_V1.6.0, STM32Cube_FW_N6_V1.3.0, STM32Cube_FW_U0_V1.3.0, STM32Cube_FW_U3_V1.3.0, STM32Cube_FW_U5_V1.8.0, STM32Cube_FW_WB0_V1.4.0, STM32Cube_FW_WBA_V1.9.0, STM32Cube_FW_WB_V1.24.0, STM32Cube_FW_WL3_V1.4.0, STM32Cube_FW_WL_V1.5.0, X-CUBE-ALGOBUILD_V1.4.0, X-CUBE-ALS_V1.0.2, X-CUBE-AZRTOS-F4_V1.1.0, X-CUBE-AZRTOS-F7_V1.1.0, X-CUBE-AZRTOS-G0_V1.1.0, X-CUBE-AZRTOS-G4_V2.0.0, X-CUBE-AZRTOS-H7RS_V1.1.0, X-CUBE-AZRTOS-H7_V3.4.0, X-CUBE-AZRTOS-L4_V2.0.0, X-CUBE-AZRTOS-L5_V2.0.0, X-CUBE-AZRTOS-WB_V2.0.0, X-CUBE-AZRTOS-WL_V2.0.0, X-CUBE-BLE1_V7.1.0, X-CUBE-BLE2_V3.3.0, X-CUBE-BLEMGR_V4.1.0, X-CUBE-EEPRMA1_V5.2.0, X-CUBE-FREERTOS_V1.5.0, X-CUBE-GNSS1_V6.0.0, X-CUBE-MEMS1_V12.0.0, X-CUBE-NFC4_V3.0.0, X-CUBE-NFC7_V2.0.0, X-CUBE-SFXS2LP1_V4.0.0, X-CUBE-ST67W61_V1.2.0, X-CUBE-SUBG2_V5.0.0, X-CUBE-TOF1_V3.4.3]
2026-04-22 14:26:42,358 [INFO] DbBoardsSqlite:226 - include board P-NUCLEO-WB55-NUCLEO as a kit item of type 'Nucleo-64'
2026-04-22 14:26:42,358 [INFO] DbBoardsSqlite:226 - include board P-NUCLEO-WB55-USBDONGLE as a kit item of type 'Nucleo USB Dongle'
2026-04-22 14:26:42,358 [INFO] DbBoardsSqlite:226 - include board STEVAL-IDP005V1 as a kit item of type 'Evaluation Board'
2026-04-22 14:26:42,359 [INFO] DbBoardsSqlite:226 - include board STEVAL-IDP005V2 as a kit item of type 'Evaluation Board'
2026-04-22 14:26:42,390 [INFO] ApiDb:240 - Found 880 in-development CPN: [B-G473E-ZEST1S, B-WB1M-WPAN1, B-WBA5M-WPAN, B-WL5M-SUBG1, NUCLEO-C031C6, NUCLEO-C051C8, NUCLEO-C071RB, NUCLEO-C092RC, NUCLEO-H503RB, NUCLEO-H533RE, NUCLEO-H563ZI, NUCLEO-H7S3L8, NUCLEO-N657X0-Q, NUCLEO-U031R8, NUCLEO-U083RC, NUCLEO-U385RG-Q, NUCLEO-U545RE-Q, NUCLEO-U5A5ZJ-Q, NUCLEO-WB05KZ, NUCLEO-WB07CC, NUCLEO-WB09KE, NUCLEO-WBA52CG, NUCLEO-WBA55CG, NUCLEO-WL33CC1, NUCLEO-WL33CC2, STEVAL-PROTEUS1, STEVAL-SMARTAG2, STEVAL-STWINBX1, STM320518-EVAL, STM32C0116-DK, STM32C011D6Y3TR, STM32C011D6Y6TR, STM32C011F4P3, STM32C011F4P6, STM32C011F4U3, STM32C011F4U6TR, STM32C011F6P3, STM32C011F6P6, STM32C011F6U3, STM32C011F6U6TR, STM32C011J4M3, STM32C011J4M6, STM32C011J6M3, STM32C011J6M6, STM32C0316-DK, STM32C031C4T3, STM32C031C4T6, STM32C031C4U3, STM32C031C4U6, STM32C031C6T3, STM32C031C6T6, STM32C031C6U3, STM32C031C6U6, STM32C031F4P3, STM32C031F4P6, STM32C031F6P3, STM32C031F6P6, STM32C031G4U3, STM32C031G4U6, STM32C031G6U3, STM32C031G6U6, STM32C031K4T3, STM32C031K4T6, STM32C031K4U3, STM32C031K4U6, STM32C031K6T3, STM32C031K6T6, STM32C031K6U3, STM32C031K6U6, STM32C051C6T6, STM32C051C6U6, STM32C051C8T6, STM32C051C8U6, STM32C051D8Y6TR, STM32C051F6P6, STM32C051F8P6, STM32C051G6U6, STM32C051G8U6, STM32C051K6T6, STM32C051K6U6, STM32C051K8T6, STM32C071C8T6, STM32C071C8T6N, STM32C071C8U6, STM32C071C8U6N, STM32C071CBT6, STM32C071CBT6N, STM32C071CBU6, STM32C071CBU6N, STM32C071F8P6, STM32C071F8P6N, STM32C071FBP6, STM32C071FBP6N, STM32C071FBY6TR, STM32C071G8U6, STM32C071G8U6N, STM32C071GBU6, STM32C071GBU6N, STM32C071K8T6, STM32C071K8T6N, STM32C071K8U6, STM32C071K8U6N, STM32C071KBT6, STM32C071KBT6N, STM32C071KBU6, STM32C071KBU6N, STM32C071R8T6, STM32C071R8T6N, STM32C071RBI6N, STM32C071RBT6, STM32C071RBT6N, STM32C091CBT6, STM32C091CBU6, STM32C091CCT6, STM32C091CCU6, STM32C091ECY6TR, STM32C091FBP6, STM32C091FCP6, STM32C091GBU6, STM32C091GCU6, STM32C091KBT6, STM32C091KBU6, STM32C091KCT6, STM32C091KCU6, STM32C091RBT6, STM32C091RCI6, STM32C091RCT6, STM32C092CBT6, STM32C092CBU6, STM32C092CCT6, STM32C092CCU6, STM32C092ECY6TR, STM32C092FBP6, STM32C092FCP6, STM32C092GBU6, STM32C092GCU6, STM32C092KBT6, STM32C092KBU6, STM32C092KCT6, STM32C092KCU6, STM32C092RBT6, STM32C092RCI6, STM32C092RCT6, STM32G071K8TXN, STM32G071K8UXN, STM32G081GBU6N, STM32G081KBT6N, STM32G081KBUXN, STM32G0B1CCT6N, STM32G0B1KCT6, STM32G0B1NEY6TR, STM32G0B1RCT6N, STM32G0C1CCT6, STM32G0C1CCT6N, STM32G0C1CCU6N, STM32G0C1CET6N, STM32G0C1CEU6N, STM32G0C1KCT6, STM32G0C1NEY6TR, STM32G0C1RCI6N, STM32G0C1RCT6N, STM32G0C1REI6N, STM32G0C1RET6N, STM32G0C1VCI6, STM32G0C1VEI6, STM32G411C6T3, STM32G411C6T6, STM32G411C6U3, STM32G411C6U6, STM32G411C8T3, STM32G411C8T6, STM32G411C8U3, STM32G411C8U6, STM32G411CBT3, STM32G411CBT6, STM32G411CBU3, STM32G411CBU6, STM32G411K6T3, STM32G411K6T6, STM32G411K6U3, STM32G411K6U6, STM32G411K8T3, STM32G411K8T6, STM32G411K8U3, STM32G411K8U6, STM32G411KBT3, STM32G411KBT6, STM32G411KBU3, STM32G411KBU6, STM32G411M6T3, STM32G411M6T6, STM32G411M8T3, STM32G411M8T6, STM32G411MBT3, STM32G411MBT6, STM32G411R6T3, STM32G411R6T6, STM32G411R8T3, STM32G411R8T6, STM32G411RBT3, STM32G411RBT6, STM32G414CBT3, STM32G414CBT6, STM32G414CBU3, STM32G414CBU6, STM32G414CCT3, STM32G414CCT6, STM32G414CCU3, STM32G414CCU6, STM32G414MBT3, STM32G414MBT6, STM32G414MCT3, STM32G414MCT6, STM32G414RBT3, STM32G414RBT6, STM32G414RCT3, STM32G414RCT6, STM32G414VBT3, STM32G414VBT6, STM32G414VCT3, STM32G414VCT6, STM32G431CBT3Z, STM32G431RBT3Z, STM32G471CCT6, STM32G471CCU6, STM32G471CET3, STM32G471CET6, STM32G471CEU3, STM32G471CEU6, STM32G471MCT6, STM32G471MET3, STM32G471MET6, STM32G471MEY6TR, STM32G471QCT6, STM32G471QET3, STM32G471RCT6, STM32G471RET3, STM32G471RET6, STM32G471VCH6, STM32G471VCI6, STM32G471VCT6, STM32G471VEH3, STM32G471VEH6, STM32G471VEI3, STM32G471VEI6, STM32G471VET3, STM32G471VET6, STM32G473QET3Z, STM32G473RET3Z, STM32G474CCT6, STM32G491RET3Z, STM32H503CBT6, STM32H503CBU6, STM32H503EBY6TR, STM32H503KBU6, STM32H503RBT6, STM32H523CCT6, STM32H523CCU6, STM32H523CET6, STM32H523CEU6, STM32H523HEY6TR, STM32H523RCT6, STM32H523RET6, STM32H523VCI6, STM32H523VCT6, STM32H523VEI6, STM32H523VET6, STM32H523ZCJ6, STM32H523ZCT6, STM32H523ZEJ6, STM32H523ZET6, STM32H533CET6, STM32H533CEU6, STM32H533HEY6TR, STM32H533RET6, STM32H533VEI6, STM32H533VET6, STM32H533ZEJ6, STM32H533ZET6, STM32H562AGI6, STM32H562AII6, STM32H562IGK6, STM32H562IGT6, STM32H562IIK6, STM32H562IIT6, STM32H562RGT6, STM32H562RGV6, STM32H562RIT6, STM32H562RIV6, STM32H562VGT6, STM32H562VIT6, STM32H562ZGT6, STM32H562ZIT6, STM32H563AGI6, STM32H563AII3Q, STM32H563AII6, STM32H563IGK6, STM32H563IGT6, STM32H563IIK3Q, STM32H563IIK6, STM32H563IIT3Q, STM32H563IIT6, STM32H563MIY3QTR, STM32H563RGT6, STM32H563RGV6, STM32H563RIT6, STM32H563RIV6, STM32H563VGT6, STM32H563VIT3Q, STM32H563VIT6, STM32H563ZGT6, STM32H563ZIT3Q, STM32H563ZIT6, STM32H573AII3Q, STM32H573AII6, STM32H573I-DK, STM32H573IIK3Q, STM32H573IIK6, STM32H573IIT3Q, STM32H573IIT6, STM32H573MIY3QTR, STM32H573RIT6, STM32H573RIV6, STM32H573VIT3Q, STM32H573VIT6, STM32H573ZIT3Q, STM32H573ZIT6, STM32H7R3A8I6, STM32H7R3I8K6, STM32H7R3I8T6, STM32H7R3L8H6, STM32H7R3L8H6H, STM32H7R3R8V6, STM32H7R3V8H6, STM32H7R3V8T6, STM32H7R3V8Y6TR, STM32H7R3Z8J6, STM32H7R3Z8T6, STM32H7R7A8I6, STM32H7R7I8K6, STM32H7R7I8T6, STM32H7R7L8H6, STM32H7R7L8H6H, STM32H7R7Z8J6, STM32H7S3A8I6, STM32H7S3I8K6, STM32H7S3I8T6, STM32H7S3L8H6, STM32H7S3L8H6H, STM32H7S3R8V6, STM32H7S3V8H6, STM32H7S3V8T6, STM32H7S3V8Y6TR, STM32H7S3Z8J6, STM32H7S3Z8T6, STM32H7S78-DK, STM32H7S7A8I6, STM32H7S7I8K6, STM32H7S7I8T6, STM32H7S7L8H6, STM32H7S7L8H6H, STM32H7S7Z8J6, STM32L4R5QGI6STR, STM32MP131AAE3, STM32MP131AAF3, STM32MP131AAG3, STM32MP131CAE3, STM32MP131CAF3, STM32MP131CAG3, STM32MP131DAE7, STM32MP131DAF7, STM32MP131DAG7, STM32MP131FAE7, STM32MP131FAF7, STM32MP131FAG7, STM32MP133AAE3, STM32MP133AAF3, STM32MP133AAG3, STM32MP133CAE3, STM32MP133CAF3, STM32MP133CAG3, STM32MP133DAE7, STM32MP133DAF7, STM32MP133DAG7, STM32MP133FAE7, STM32MP133FAF7, STM32MP133FAG7, STM32MP135AAE3, STM32MP135AAF3, STM32MP135AAG3, STM32MP135CAE3, STM32MP135CAF3, STM32MP135CAG3, STM32MP135DAE7, STM32MP135DAF7, STM32MP135DAG7, STM32MP135F-DK, STM32MP135FAE7, STM32MP135FAF7, STM32MP135FAF7T, STM32MP135FAF7U, STM32MP135FAG7, STM32MP211AAL3, STM32MP211AAM3, STM32MP211AAN3, STM32MP211AAO3, STM32MP211CAL3, STM32MP211CAM3, STM32MP211CAN3, STM32MP211CAO3, STM32MP211DAL3, STM32MP211DAM3, STM32MP211DAN3, STM32MP211DAO3, STM32MP211FAL3, STM32MP211FAM3, STM32MP211FAN3, STM32MP211FAO3, STM32MP213AAL3, STM32MP213AAM3, STM32MP213AAN3, STM32MP213AAO3, STM32MP213CAL3, STM32MP213CAM3, STM32MP213CAN3, STM32MP213CAO3, STM32MP213DAL3, STM32MP213DAM3, STM32MP213DAN3, STM32MP213DAO3, STM32MP213FAL3, STM32MP213FAM3, STM32MP213FAN3, STM32MP213FAO3, STM32MP215AAL3, STM32MP215AAM3, STM32MP215AAN3, STM32MP215AAO3, STM32MP215CAL3, STM32MP215CAM3, STM32MP215CAN3, STM32MP215CAO3, STM32MP215DAL3, STM32MP215DAM3, STM32MP215DAN3, STM32MP215DAO3, STM32MP215F-DK, STM32MP215FAL3, STM32MP215FAM3, STM32MP215FAN3, STM32MP215FAO3, STM32MP231AAJ3, STM32MP231AAK3, STM32MP231AAL3, STM32MP231CAJ3, STM32MP231CAK3, STM32MP231CAL3, STM32MP231DAJ3, STM32MP231DAK3, STM32MP231DAL3, STM32MP231FAJ3, STM32MP231FAK3, STM32MP231FAL3, STM32MP233AAJ3, STM32MP233AAK3, STM32MP233AAL3, STM32MP233CAJ3, STM32MP233CAK3, STM32MP233CAL3, STM32MP233DAJ3, STM32MP233DAK3, STM32MP233DAL3, STM32MP233FAJ3, STM32MP233FAK3, STM32MP233FAL3, STM32MP235AAJ3, STM32MP235AAK3, STM32MP235AAL3, STM32MP235CAJ3, STM32MP235CAK3, STM32MP235CAL3, STM32MP235DAJ3, STM32MP235DAK3, STM32MP235DAL3, STM32MP235FAJ3, STM32MP235FAK3, STM32MP235FAL3, STM32MP251AAI3, STM32MP251AAK3, STM32MP251AAL3, STM32MP251CAI3, STM32MP251CAK3, STM32MP251CAL3, STM32MP251DAI3, STM32MP251DAK3, STM32MP251DAL3, STM32MP251FAI3, STM32MP251FAK3, STM32MP251FAL3, STM32MP253AAI3, STM32MP253AAK3, STM32MP253AAL3, STM32MP253CAI3, STM32MP253CAK3, STM32MP253CAL3, STM32MP253DAI3, STM32MP253DAK3, STM32MP253DAL3, STM32MP253FAI3, STM32MP253FAK3, STM32MP253FAL3, STM32MP255AAI3, STM32MP255AAK3, STM32MP255AAL3, STM32MP255CAI3, STM32MP255CAK3, STM32MP255CAL3, STM32MP255DAI3, STM32MP255DAK3, STM32MP255DAL3, STM32MP255FAI3, STM32MP255FAK3, STM32MP255FAL3, STM32MP257AAI3, STM32MP257AAK3, STM32MP257AAL3, STM32MP257CAI3, STM32MP257CAK3, STM32MP257CAL3, STM32MP257DAI3, STM32MP257DAK3, STM32MP257DAL3, STM32MP257F-DK, STM32MP257F-EV1, STM32MP257FAI3, STM32MP257FAK3, STM32MP257FAL3, STM32N645A0H3Q, STM32N645B0H3Q, STM32N645I0H3Q, STM32N645L0H3Q, STM32N645X0H3Q, STM32N645Z0H3Q, STM32N647A0H3Q, STM32N647B0H3Q, STM32N647I0H3Q, STM32N647L0H3Q, STM32N647X0H3Q, STM32N647Z0H3Q, STM32N655A0H3Q, STM32N655B0H3Q, STM32N655I0H3Q, STM32N655L0H3Q, STM32N655X0H3Q, STM32N655Z0H3Q, STM32N6570-DK, STM32N657A0H3Q, STM32N657B0H3Q, STM32N657I0H3Q, STM32N657L0H3Q, STM32N657X0H3Q, STM32N657Z0H3Q, STM32U031C6T6, STM32U031C6U6, STM32U031C8T6, STM32U031C8U6, STM32U031F4P6, STM32U031F6P6, STM32U031F8P6, STM32U031G6Y6TR, STM32U031G8Y6TR, STM32U031K4U6, STM32U031K6U6, STM32U031K8U6, STM32U031R6I6, STM32U031R6T6, STM32U031R8I6, STM32U031R8T6, STM32U073C8T6, STM32U073C8U6, STM32U073CBT6, STM32U073CBU6, STM32U073CCT6, STM32U073CCU6, STM32U073H8Y6TR, STM32U073HBY6TR, STM32U073HCY6TR, STM32U073K8U6, STM32U073KBU6, STM32U073KCU6, STM32U073M8I6, STM32U073M8T6, STM32U073MBI6, STM32U073MBT6, STM32U073MCI6, STM32U073MCT6, STM32U073R8I6, STM32U073R8T6, STM32U073RBI6, STM32U073RBT6, STM32U073RCI6, STM32U073RCT6, STM32U083C-DK, STM32U083CCT6, STM32U083CCU6, STM32U083HCY6TR, STM32U083KCU6, STM32U083MCI6, STM32U083MCT6, STM32U083RCI6, STM32U083RCT6, STM32U375CET6, STM32U375CET6Q, STM32U375CEU6, STM32U375CEU6Q, STM32U375CEY6QTR, STM32U375CGT6, STM32U375CGT6Q, STM32U375CGU6, STM32U375CGU6Q, STM32U375CGY6QTR, STM32U375KEU6, STM32U375KGU6, STM32U375REI6, STM32U375REI6Q, STM32U375RET6, STM32U375RET6Q, STM32U375REY6GTR, STM32U375REY6QTR, STM32U375RGI6, STM32U375RGI6Q, STM32U375RGT6, STM32U375RGT6Q, STM32U375RGY6GTR, STM32U375RGY6QTR, STM32U375VEI6, STM32U375VEI6Q, STM32U375VET6, STM32U375VET6Q, STM32U375VGI6, STM32U375VGI6Q, STM32U375VGT6, STM32U375VGT6Q, STM32U385CGT6, STM32U385CGT6Q, STM32U385CGU6, STM32U385CGU6Q, STM32U385CGY6QTR, STM32U385KGU6, STM32U385RGI6, STM32U385RGI6Q, STM32U385RGT6, STM32U385RGT6Q, STM32U385RGY6GTR, STM32U385RGY6QTR, STM32U385VGI6, STM32U385VGI6Q, STM32U385VGT6, STM32U385VGT6Q, STM32U535CBT6, STM32U535CBT6Q, STM32U535CBU6, STM32U535CBU6Q, STM32U535CCT6, STM32U535CCT6Q, STM32U535CCU6, STM32U535CCU6Q, STM32U535CET6, STM32U535CET6Q, STM32U535CEU6, STM32U535CEU6Q, STM32U535JEY6QTR, STM32U535NCY6QTR, STM32U535NEY6QTR, STM32U535RBI6, STM32U535RBI6Q, STM32U535RBT6, STM32U535RBT6Q, STM32U535RCI6, STM32U535RCI6Q, STM32U535RCT6, STM32U535RCT6Q, STM32U535REI6, STM32U535REI6Q, STM32U535RET6, STM32U535RET6Q, STM32U535VCI6, STM32U535VCI6Q, STM32U535VCT6, STM32U535VCT6Q, STM32U535VEI6, STM32U535VEI6Q, STM32U535VET6, STM32U535VET6Q, STM32U545CET6, STM32U545CET6Q, STM32U545CEU6, STM32U545CEU6Q, STM32U545JEY6QTR, STM32U545NEY6QTR, STM32U545REI6, STM32U545REI6Q, STM32U545RET6, STM32U545RET6Q, STM32U545VEI6, STM32U545VEI6Q, STM32U545VET6, STM32U545VET6Q, STM32U595AIH6, STM32U595AIH6Q, STM32U595AJH6, STM32U595AJH6Q, STM32U595QII6, STM32U595QII6Q, STM32U595QJI6, STM32U595QJI6Q, STM32U595RIT6, STM32U595RIT6Q, STM32U595RJT6, STM32U595RJT6Q, STM32U595VIT6, STM32U595VIT6Q, STM32U595VJT6, STM32U595VJT6Q, STM32U595ZIT6, STM32U595ZIT6Q, STM32U595ZIY6QTR, STM32U595ZJT6, STM32U595ZJT6Q, STM32U595ZJY6QTR, STM32U599BJY6QTR, STM32U599NIH6Q, STM32U599NJH6Q, STM32U599VIT6Q, STM32U599VJT6, STM32U599VJT6Q, STM32U599ZIT6Q, STM32U599ZIY6QTR, STM32U599ZJT6Q, STM32U599ZJY6QTR, STM32U5A5AJH6, STM32U5A5AJH6Q, STM32U5A5QII3Q , STM32U5A5QJI6, STM32U5A5QJI6Q, STM32U5A5RJT6, STM32U5A5RJT6Q, STM32U5A5VJT6, STM32U5A5VJT6Q, STM32U5A5ZJT6, STM32U5A5ZJT6Q, STM32U5A5ZJY6QTR, STM32U5A9BJY6QTR, STM32U5A9J-DK, STM32U5A9NJH6Q, STM32U5A9VJT6Q, STM32U5A9ZJT6Q, STM32U5A9ZJY6QTR, STM32U5F7VIT6, STM32U5F7VIT6Q, STM32U5F7VJT6, STM32U5F7VJT6Q, STM32U5F9BJY6QTR, STM32U5F9NJH6Q, STM32U5F9VIT6Q, STM32U5F9VJT6Q, STM32U5F9ZIJ6QTR, STM32U5F9ZIT6Q, STM32U5F9ZJJ6QTR, STM32U5F9ZJT6Q, STM32U5G7VJT6, STM32U5G7VJT6Q, STM32U5G9BJY6QTR, STM32U5G9J-DK1, STM32U5G9J-DK2, STM32U5G9NJH6Q, STM32U5G9VJT6Q, STM32U5G9ZJJ6QTR, STM32U5G9ZJT6Q, STM32WB05KZV6TR, STM32WB05KZV7TR, STM32WB05TZF6TR, STM32WB05TZF7TR, STM32WB06CCF6TR, STM32WB06CCF7TR, STM32WB06CCV6TR, STM32WB06CCV7TR, STM32WB06KCV6TR, STM32WB06KCV7TR, STM32WB07CCF6TR, STM32WB07CCF7TR, STM32WB07CCV6TR, STM32WB07CCV7TR, STM32WB07KCV6TR, STM32WB07KCV7TR, STM32WB09KEV6TR, STM32WB09KEV7TR, STM32WB09TEF6TR, STM32WB09TEF7TR, STM32WB1MMCH6, STM32WBA50KGU6, STM32WBA50KGU6TR, STM32WBA52CEU6, STM32WBA52CEU6TR, STM32WBA52CEU7, STM32WBA52CEU7TR, STM32WBA52CGU6, STM32WBA52CGU6TR, STM32WBA52CGU6U, STM32WBA52CGU7, STM32WBA52CGU7TR, STM32WBA52KEU6, STM32WBA52KEU6TR, STM32WBA52KGU6, STM32WBA52KGU6TR, STM32WBA54CEU6, STM32WBA54CEU6TR, STM32WBA54CEU7, STM32WBA54CEU7TR, STM32WBA54CGU6, STM32WBA54CGU6TR, STM32WBA54CGU7, STM32WBA54CGU7TR, STM32WBA54KEU6, STM32WBA54KEU6TR, STM32WBA54KEU7, STM32WBA54KEU7TR, STM32WBA54KGU6, STM32WBA54KGU6TR, STM32WBA54KGU7, STM32WBA54KGU7TR, STM32WBA55CEU6, STM32WBA55CEU6TR, STM32WBA55CEU7, STM32WBA55CEU7TR, STM32WBA55CGU6, STM32WBA55CGU6TR, STM32WBA55CGU6U, STM32WBA55CGU7, STM32WBA55CGU7TR, STM32WBA55G-DK1, STM32WBA55HEF6, STM32WBA55HEF7, STM32WBA55HGF6, STM32WBA55HGF7, STM32WBA55UEI6, STM32WBA55UEI6TR, STM32WBA55UEI7, STM32WBA55UEI7TR, STM32WBA55UGI6, STM32WBA55UGI6TR, STM32WBA55UGI7, STM32WBA55UGI7TR, STM32WBA5MMGH6TR, STM32WBA62MGF6, STM32WBA62MIF6, STM32WBA65MGF7, STM32WBA65MIF6, STM32WBA65MIF7, STM32WL30K8V6, STM32WL30KBV6, STM32WL31C8V6, STM32WL31CBV6, STM32WL31K8V6, STM32WL31KBV6, STM32WL33C8V6, STM32WL33C8V6X, STM32WL33CBV6, STM32WL33CBV6X, STM32WL33CCV6, STM32WL33CCV6A, STM32WL33CCV6X, STM32WL33K8V7, STM32WL33K8V7X, STM32WL33KBV7 , STM32WL33KBV7X, STM32WL33KCV7, STM32WL33KCV7X, STM32WL5MOCH6, STM32WL5MOCH6TR]
2026-04-22 14:26:42,491 [INFO] BoardInfo:889 - No configuration file found for board NUCLEO-H5E5ZJ
2026-04-22 14:26:42,492 [INFO] DbBoards:161 - Board is not supported: NUCLEO-H5E5ZJ
2026-04-22 14:26:42,523 [INFO] BoardInfo:889 - No configuration file found for board NUCLEO-U3C5ZI-Q
2026-04-22 14:26:42,524 [INFO] DbBoards:161 - Board is not supported: NUCLEO-U3C5ZI-Q
2026-04-22 14:26:42,531 [INFO] BoardInfo:889 - No configuration file found for board NUCLEO-WBA25CE1
2026-04-22 14:26:42,532 [INFO] DbBoards:161 - Board is not supported: NUCLEO-WBA25CE1
2026-04-22 14:26:42,537 [INFO] BoardInfo:889 - No configuration file found for board NUCLEO-WL3RKB1
2026-04-22 14:26:42,537 [INFO] DbBoards:161 - Board is not supported: NUCLEO-WL3RKB1
2026-04-22 14:26:42,538 [INFO] BoardInfo:889 - No configuration file found for board NUCLEO-WL3RKB2
2026-04-22 14:26:42,538 [INFO] DbBoards:161 - Board is not supported: NUCLEO-WL3RKB2
2026-04-22 14:26:42,542 [INFO] BoardInfo:889 - No configuration file found for board P-NUCLEO-WB55
2026-04-22 14:26:42,542 [INFO] DbBoards:161 - Kit is not supported: P-NUCLEO-WB55
2026-04-22 14:26:42,546 [INFO] BoardInfo:889 - No configuration file found for board STEVAL-BFA001V1B
2026-04-22 14:26:42,546 [INFO] DbBoards:161 - Kit is not supported: STEVAL-BFA001V1B
2026-04-22 14:26:42,547 [INFO] BoardInfo:889 - No configuration file found for board STEVAL-BFA001V2B
2026-04-22 14:26:42,547 [INFO] DbBoards:161 - Kit is not supported: STEVAL-BFA001V2B
2026-04-22 14:26:42,605 [INFO] BoardInfo:889 - No configuration file found for board STM32H5F5J-DK
2026-04-22 14:26:42,605 [INFO] DbBoards:161 - Board is not supported: STM32H5F5J-DK
2026-04-22 14:26:42,754 [INFO] DbBoards:168 - Found 218 boards, 209 are supported
2026-04-22 14:26:42,767 [INFO] DbBoards:169 - Found 218 boards, 43 of them is supported for  Bsp
2026-04-22 14:26:42,780 [INFO] ApiDb:423 - Load user favorites file /Users/cristianpetramale/.stm32cubeide/favorites.boards.txt: 0 item(s)
2026-04-22 14:26:42,781 [INFO] ApiDb:427 - User favorites Boards=[]
2026-04-22 14:26:42,782 [INFO] DbBoards:198 - Set 0 / 0 favorites Boards
2026-04-22 14:26:42,801 [INFO] ApiDb:668 - CubeFinder database Data Model version=2.1
2026-04-22 14:26:42,801 [INFO] ApiDb:669 - CubeFinder database Configuration version=3.0.42
2026-04-22 14:26:42,802 [INFO] ApiDb:670 - CubeFinder database generation date=2026-03-11 (1773229989)
2026-04-22 14:26:42,803 [INFO] ApiDb:671 - CubeFinder database FW Pack versions=[FP-ATR-ASTRA1_V2.0.0, FP-SNS-FLIGHT1_V5.1.0, FP-SNS-MOTENV1_V5.1.0, FP-SNS-MOTENVWB1_V1.5.0, FP-SNS-SMARTAG2_V1.2.0, FP-SNS-STBOX1_V2.1.0, STM32Cube_FW_C0_V1.4.0, STM32Cube_FW_F4_V1.28.3, STM32Cube_FW_F7_V1.17.4, STM32Cube_FW_G0_V1.6.3, STM32Cube_FW_G4_V1.6.2, STM32Cube_FW_H5_V1.6.0, STM32Cube_FW_H7RS_V1.3.0, STM32Cube_FW_H7_V1.13.0, STM32Cube_FW_L0_V1.12.2, STM32Cube_FW_L4_V1.18.2, STM32Cube_FW_L5_V1.6.0, STM32Cube_FW_N6_V1.3.0, STM32Cube_FW_U0_V1.3.0, STM32Cube_FW_U3_V1.3.0, STM32Cube_FW_U5_V1.8.0, STM32Cube_FW_WB0_V1.4.0, STM32Cube_FW_WBA_V1.9.0, STM32Cube_FW_WB_V1.24.0, STM32Cube_FW_WL3_V1.4.0, STM32Cube_FW_WL_V1.5.0, X-CUBE-ALGOBUILD_V1.4.0, X-CUBE-ALS_V1.0.2, X-CUBE-AZRTOS-F4_V1.1.0, X-CUBE-AZRTOS-F7_V1.1.0, X-CUBE-AZRTOS-G0_V1.1.0, X-CUBE-AZRTOS-G4_V2.0.0, X-CUBE-AZRTOS-H7RS_V1.1.0, X-CUBE-AZRTOS-H7_V3.4.0, X-CUBE-AZRTOS-L4_V2.0.0, X-CUBE-AZRTOS-L5_V2.0.0, X-CUBE-AZRTOS-WB_V2.0.0, X-CUBE-AZRTOS-WL_V2.0.0, X-CUBE-BLE1_V7.1.0, X-CUBE-BLE2_V3.3.0, X-CUBE-BLEMGR_V4.1.0, X-CUBE-EEPRMA1_V5.2.0, X-CUBE-FREERTOS_V1.5.0, X-CUBE-GNSS1_V6.0.0, X-CUBE-MEMS1_V12.0.0, X-CUBE-NFC4_V3.0.0, X-CUBE-NFC7_V2.0.0, X-CUBE-SFXS2LP1_V4.0.0, X-CUBE-ST67W61_V1.2.0, X-CUBE-SUBG2_V5.0.0, X-CUBE-TOF1_V3.4.3]
2026-04-22 14:26:43,450 [ERROR] DbExamplesSqlite:437 - Missing JSON key: board_cpn
2026-04-22 14:26:43,451 [ERROR] DbExamplesSqlite:437 - Missing JSON key: board_cpn
2026-04-22 14:26:43,452 [ERROR] DbExamplesSqlite:437 - Missing JSON key: board_cpn
2026-04-22 14:26:43,452 [ERROR] DbExamplesSqlite:437 - Missing JSON key: board_cpn
2026-04-22 14:26:43,723 [ERROR] DbExamplesSqlite:437 - Missing JSON key: board_cpn
2026-04-22 14:26:43,724 [ERROR] DbExamplesSqlite:437 - Missing JSON key: board_cpn
2026-04-22 14:26:43,769 [INFO] DbExamplesSqlite:395 - Ignored 39 examples not supported by CubeIDE
2026-04-22 14:26:43,770 [INFO] DbExamplesSqlite:396 - Found 11210 examples active
2026-04-22 14:26:43,770 [INFO] DbExamplesSqlite:397 - Found 0 examples obsolete
2026-04-22 14:26:43,770 [INFO] DbExamplesSqlite:398 - Found 0 examples under development
2026-04-22 14:26:43,771 [INFO] DbExamplesSqlite:399 - Found 76 examples not building
2026-04-22 14:26:43,775 [INFO] DbExamples:125 - Found 11247 examples
2026-04-22 14:26:43,822 [ERROR] DbExamples:208 - Found 377 examples with invalid data (board or MCU)
2026-04-22 14:26:43,823 [INFO] DbExamples:222 - Found 140 boards with related examples
2026-04-22 14:26:43,824 [INFO] DbExamples:235 - Found 114 MCUs with related examples
2026-04-22 14:26:43,847 [INFO] ApiDb:414 - User favorites file not found: /Users/cristianpetramale/.stm32cubeide/favorites.examples.txt
2026-04-22 14:26:43,847 [INFO] DbExamples:250 - Set 0 / 0 favorites Examples
2026-04-22 14:26:44,496 [INFO] McuFinderGlobals:76 - Set McuFinderConnectedMode to true
2026-04-22 14:26:44,511 [INFO] MultiScanPanel:200 - Auto-refresh data requested => check proxy status ongoing
2026-04-22 14:26:44,514 [INFO] FinderPluginLoader:96 - Searching for filters in installed packs
2026-04-22 14:26:45,913 [INFO] LoadUrlFilesThread:185 - End of LoadServerUrlFiles without Thread
2026-04-22 14:26:45,963 [INFO] DetailPanel:341 - Set advertising image to /Users/cristianpetramale/STM32Cube/Repository//en.prom-stm32u3b5-u3c5-0426.jpg
2026-04-22 14:27:26,013 [INFO] MainUpdater:2872 - connection check result : 10
2026-04-22 14:27:26,018 [INFO] MainUpdater:2872 - connection check result : 10
2026-04-22 14:27:26,652 [INFO] MicroXplorer:468 - Change Database Path : 
2026-04-22 14:27:26,654 [INFO] MicroXplorer:498 - Change Database Version : DB.6.0.150
2026-04-22 14:27:26,660 [WARN] ThirdParty:871 - waiting for thirdparty lock release [close project]
2026-04-22 14:27:26,660 [INFO] ThirdParty:873 - entering critical section [close project]
2026-04-22 14:27:26,669 [INFO] ThirdParty:883 - exiting critical section [close project]
2026-04-22 14:27:26,678 [INFO] PinOutPanel:1589 - setPackage(No Configuration,No Configuration)
2026-04-22 14:27:26,682 [INFO] UtilMem:75 - Begin LoadConfig() Used Memory: 565572992 Bytes (760217600)
2026-04-22 14:27:26,684 [INFO] MicroXplorer:468 - Change Database Path : 
2026-04-22 14:27:26,684 [INFO] MicroXplorer:498 - Change Database Version : DB.6.0.150
2026-04-22 14:27:26,684 [INFO] OpenFileManager:355 - Change cursor
2026-04-22 14:27:26,868 [INFO] Mcu:2029 - Initializing MCU STM32L432KCUx STM32L432KCUx STM32L432KCU3
2026-04-22 14:27:28,527 [INFO] Context:786 - Trying to add GPIOservice into a context  which must be forbidden
2026-04-22 14:27:29,696 [INFO] ImportTextPane:234 - (OptionalMessage_ERROR) Unable to find key (Mcu.ThirdPartyNb) in loaded IOC file
2026-04-22 14:27:29,704 [INFO] ImportTextPane:234 - (OptionalMessage_ERROR) Unable to find key (Mcu.PinsNb) in loaded IOC file
2026-04-22 14:27:29,715 [INFO] ImportTextPane:234 - (OptionalMessage_ERROR) Pin0 (VP_RIF_VS_RIF1) cannot be retrieved for this MCU
2026-04-22 14:27:29,715 [INFO] ImportTextPane:234 - (OptionalMessage_ERROR) Unable to find key (Mcu.IPNb) in loaded IOC file
2026-04-22 14:27:29,921 [INFO] RtosManager:558 - Registered RTOS mode: class=CMSIS, group=RTOS, mode=CMSIS_V1, owner=FREERTOS
2026-04-22 14:27:29,922 [INFO] RtosManager:558 - Registered RTOS mode: class=CMSIS, group=RTOS2, mode=CMSIS_V2, owner=FREERTOS
2026-04-22 14:27:29,922 [INFO] RtosManager:558 - Registered RTOS mode: class=RTOS, group=Core, mode=CMSIS_V1, owner=FREERTOS
2026-04-22 14:27:29,922 [INFO] RtosManager:558 - Registered RTOS mode: class=RTOS, group=Core, mode=CMSIS_V2, owner=FREERTOS
2026-04-22 14:27:29,922 [WARN] ModelIntegratedComponent:184 - Missing modes for component STMicroelectronics:FreeRTOS:0.0.1:STMicroelectronics:RTOS:FreeRTOS:Core:::10.2.0:
2026-04-22 14:27:29,956 [WARN] ModelIntegratedComponent:63 - No mode defined for component null
2026-04-22 14:27:29,957 [WARN] ModelIntegratedComponent:63 - No mode defined for component null
2026-04-22 14:27:29,957 [WARN] ModelIntegratedComponent:63 - No mode defined for component null
2026-04-22 14:27:29,957 [WARN] ModelIntegratedComponent:63 - No mode defined for component null
2026-04-22 14:27:29,957 [WARN] ModelIntegratedComponent:63 - No mode defined for component null
2026-04-22 14:27:29,957 [WARN] ModelIntegratedComponent:63 - No mode defined for component null
2026-04-22 14:27:29,957 [WARN] ModelIntegratedComponent:63 - No mode defined for component null
2026-04-22 14:27:29,957 [WARN] ModelIntegratedComponent:63 - No mode defined for component null
2026-04-22 14:27:29,957 [WARN] ModelIntegratedComponent:63 - No mode defined for component null
2026-04-22 14:27:29,957 [WARN] ModelIntegratedComponent:63 - No mode defined for component null
2026-04-22 14:27:29,957 [WARN] ModelIntegratedComponent:63 - No mode defined for component null
2026-04-22 14:27:29,957 [WARN] ModelIntegratedComponent:63 - No mode defined for component null
2026-04-22 14:27:29,957 [WARN] ModelIntegratedComponent:63 - No mode defined for component null
2026-04-22 14:27:29,957 [WARN] ModelIntegratedComponent:63 - No mode defined for component null
2026-04-22 14:27:29,957 [WARN] ModelIntegratedComponent:63 - No mode defined for component null
2026-04-22 14:27:29,957 [WARN] ModelIntegratedComponent:63 - No mode defined for component null
2026-04-22 14:27:29,957 [WARN] ModelIntegratedComponent:63 - No mode defined for component null
2026-04-22 14:27:29,957 [WARN] ModelIntegratedComponent:63 - No mode defined for component null
2026-04-22 14:27:29,957 [WARN] ModelIntegratedComponent:63 - No mode defined for component null
2026-04-22 14:27:29,957 [WARN] ModelIntegratedComponent:63 - No mode defined for component null
2026-04-22 14:27:29,957 [WARN] ModelIntegratedComponent:63 - No mode defined for component null
2026-04-22 14:27:29,957 [WARN] ModelIntegratedComponent:63 - No mode defined for component null
2026-04-22 14:27:29,957 [WARN] ModelIntegratedComponent:63 - No mode defined for component null
2026-04-22 14:27:29,957 [WARN] ModelIntegratedComponent:63 - No mode defined for component null
2026-04-22 14:27:29,957 [WARN] ModelIntegratedComponent:63 - No mode defined for component null
2026-04-22 14:27:29,957 [WARN] ModelIntegratedComponent:63 - No mode defined for component null
2026-04-22 14:27:29,957 [WARN] ModelIntegratedComponent:63 - No mode defined for component null
2026-04-22 14:27:29,957 [WARN] ModelIntegratedComponent:63 - No mode defined for component null
2026-04-22 14:27:29,957 [WARN] ModelIntegratedComponent:63 - No mode defined for component null
2026-04-22 14:27:29,957 [WARN] ModelIntegratedComponent:63 - No mode defined for component null
2026-04-22 14:27:29,957 [WARN] ModelIntegratedComponent:63 - No mode defined for component null
2026-04-22 14:27:29,957 [WARN] ModelIntegratedComponent:63 - No mode defined for component null
2026-04-22 14:27:29,957 [WARN] ModelIntegratedComponent:63 - No mode defined for component null
2026-04-22 14:27:29,957 [WARN] ModelIntegratedComponent:63 - No mode defined for component null
2026-04-22 14:27:29,957 [WARN] ModelIntegratedComponent:63 - No mode defined for component null
2026-04-22 14:27:29,958 [WARN] ModelPack:524 - Component already loaded: STMicroelectronics:HAL Drivers:0.0.0:STMicroelectronics:Device:STMicro_Driver:XSPI:HAL::0.0.1:HAL_XSPI
2026-04-22 14:27:30,001 [INFO] ThirdPartyModel:298 - Start build external matchings
2026-04-22 14:27:30,092 [INFO] ThirdPartyModel:316 - End build external matchings
2026-04-22 14:27:30,276 [INFO] UtilMem:75 - End LoadConfig() Used Memory: 694212128 Bytes (869269504)
2026-04-22 14:27:30,457 [WARN] ThirdParty:833 - waiting for thirdparty lock release [change project]
2026-04-22 14:27:30,461 [INFO] ThirdParty:835 - entering critical section [change project]
2026-04-22 14:27:30,462 [INFO] ThirdParty:1030 - CMSIS Pack Vendor :STMicroelectronics X-CUBE-AZRTOS-H7 3.5.0
2026-04-22 14:27:30,462 [INFO] ThirdParty:1030 - CMSIS Pack Vendor :STMicroelectronics X-CUBE-PM33A1 1.0.0
2026-04-22 14:27:30,462 [INFO] ThirdParty:1030 - CMSIS Pack Vendor :STMicroelectronics USBPD 4.1
2026-04-22 14:27:30,462 [INFO] ThirdParty:1030 - CMSIS Pack Vendor :STMicroelectronics X-CUBE-NFC9 1.0.0
2026-04-22 14:27:30,462 [INFO] ThirdParty:1030 - CMSIS Pack Vendor :STMicroelectronics USB_HOST 2.0.0
2026-04-22 14:27:30,462 [INFO] ThirdParty:1030 - CMSIS Pack Vendor :STMicroelectronics X-CUBE-AZRTOS-F4 1.1.0
2026-04-22 14:27:30,462 [INFO] ThirdParty:1030 - CMSIS Pack Vendor :STMicroelectronics LIBJPEG 8.0.0
2026-04-22 14:27:30,462 [INFO] ThirdParty:1030 - CMSIS Pack Vendor :STMicroelectronics FP-ATR-ASTRA1 2.0.2
2026-04-22 14:27:30,462 [INFO] ThirdParty:1030 - CMSIS Pack Vendor :STMicroelectronics X-CUBE-BLE1 7.1.0
2026-04-22 14:27:30,462 [INFO] ThirdParty:1030 - CMSIS Pack Vendor :STMicroelectronics X-CUBE-SMBUS 2.1.0
2026-04-22 14:27:30,462 [INFO] ThirdParty:1030 - CMSIS Pack Vendor :wolfSSL I-CUBE-wolfMQTT 1.19.2
2026-04-22 14:27:30,462 [INFO] ThirdParty:1030 - CMSIS Pack Vendor :STMicroelectronics USB_DEVICE 3.0.0
2026-04-22 14:27:30,462 [INFO] ThirdParty:1030 - CMSIS Pack Vendor :STMicroelectronics X-CUBE-ISPU 2.1.0
2026-04-22 14:27:30,462 [INFO] ThirdParty:1030 - CMSIS Pack Vendor :STMicroelectronics eDS-WB_DPC_TT-BIDIR 2.1.1
2026-04-22 14:27:30,462 [INFO] ThirdParty:1030 - CMSIS Pack Vendor :STMicroelectronics X-CUBE-AZRTOS-WB 2.0.0
2026-04-22 14:27:30,462 [INFO] ThirdParty:1030 - CMSIS Pack Vendor :wolfSSL I-CUBE-wolfSSL 5.8.4
2026-04-22 14:27:30,462 [INFO] ThirdParty:1030 - CMSIS Pack Vendor :Cesanta I-CUBE-Mongoose 7.20.0
2026-04-22 14:27:30,462 [INFO] ThirdParty:1030 - CMSIS Pack Vendor :STMicroelectronics X-CUBE-AZRTOS-F7 1.1.0
2026-04-22 14:27:30,462 [INFO] ThirdParty:1030 - CMSIS Pack Vendor :STMicroelectronics X-CUBE-AZRTOS-L5 2.0.0
2026-04-22 14:27:30,462 [INFO] ThirdParty:1030 - CMSIS Pack Vendor :STMicroelectronics USB_DEVICE 2.0.0
2026-04-22 14:27:30,462 [INFO] ThirdParty:1030 - CMSIS Pack Vendor :quantropi X-CUBE-qispace-sdk-base 2.1.0
2026-04-22 14:27:30,462 [INFO] ThirdParty:1030 - CMSIS Pack Vendor :STMicroelectronics X-CUBE-STSE01 2.0.0
2026-04-22 14:27:30,462 [INFO] ThirdParty:1030 - CMSIS Pack Vendor :STMicroelectronics FreeRTOS 0.0.1
2026-04-22 14:27:30,462 [INFO] ThirdParty:1030 - CMSIS Pack Vendor :STMicroelectronics X-CUBE-AZRTOS-G0 1.1.0
2026-04-22 14:27:30,462 [INFO] ThirdParty:1030 - CMSIS Pack Vendor :STMicroelectronics X-CUBE-NFC4 3.0.0
2026-04-22 14:27:30,462 [INFO] ThirdParty:1030 - CMSIS Pack Vendor :STMicroelectronics X-CUBE-SUBG2 5.0.0
2026-04-22 14:27:30,462 [INFO] ThirdParty:1030 - CMSIS Pack Vendor :STMicroelectronics STM32_WPAN 1.0.0
2026-04-22 14:27:30,462 [INFO] ThirdParty:1030 - CMSIS Pack Vendor :STMicroelectronics eDS-WB_DPC_VIENNA 1.2.0
2026-04-22 14:27:30,462 [INFO] ThirdParty:1030 - CMSIS Pack Vendor :EmbeddedOffice I-CUBE-FS-RTOS 1.0.1
2026-04-22 14:27:30,462 [INFO] ThirdParty:1030 - CMSIS Pack Vendor :STMicroelectronics lwIP 2.0.3
2026-04-22 14:27:30,462 [INFO] ThirdParty:1030 - CMSIS Pack Vendor :WES I-CUBE-Cesium 1.4.0
2026-04-22 14:27:30,462 [INFO] ThirdParty:1030 - CMSIS Pack Vendor :STMicroelectronics eDS-WB_DPC_3PH2L-BIDIR 1.1.1
2026-04-22 14:27:30,462 [INFO] ThirdParty:1030 - CMSIS Pack Vendor :STMicroelectronics USB_HOST 1.0.0
2026-04-22 14:27:30,462 [INFO] ThirdParty:1030 - CMSIS Pack Vendor :STMicroelectronics X-CUBE-AZRTOS-G4 2.0.0
2026-04-22 14:27:30,463 [INFO] ThirdParty:1030 - CMSIS Pack Vendor :STMicroelectronics PDM2PCM 3.1.0
2026-04-22 14:27:30,463 [INFO] ThirdParty:1030 - CMSIS Pack Vendor :STMicroelectronics PDM2PCM 3.3.0
2026-04-22 14:27:30,463 [INFO] ThirdParty:1030 - CMSIS Pack Vendor :wolfSSL I-CUBE-wolfTPM 3.8.0
2026-04-22 14:27:30,463 [INFO] ThirdParty:1030 - CMSIS Pack Vendor :STMicroelectronics X-CUBE-DISPLAY 3.0.0
2026-04-22 14:27:30,463 [INFO] ThirdParty:1030 - CMSIS Pack Vendor :wolfSSL I-CUBE-wolfSSH 1.4.20
2026-04-22 14:27:30,463 [INFO] ThirdParty:1030 - CMSIS Pack Vendor :STMicroelectronics X-CUBE-NFC7 2.0.0
2026-04-22 14:27:30,463 [INFO] ThirdParty:1030 - CMSIS Pack Vendor :STMicroelectronics X-CUBE-TCPP 4.2.0
2026-04-22 14:27:30,463 [INFO] ThirdParty:1030 - CMSIS Pack Vendor :RealThread X-CUBE-RT-Thread_Nano 4.1.1
2026-04-22 14:27:30,463 [INFO] ThirdParty:1030 - CMSIS Pack Vendor :STMicroelectronics FP-ATR-SIGFOX1 3.2.0
2026-04-22 14:27:30,463 [INFO] ThirdParty:1030 - CMSIS Pack Vendor :STMicroelectronics X-CUBE-NFC10 1.0.0
2026-04-22 14:27:30,463 [INFO] ThirdParty:1030 - CMSIS Pack Vendor :STMicroelectronics HAL Drivers 0.0.0
2026-04-22 14:27:30,463 [INFO] ThirdParty:1030 - CMSIS Pack Vendor :STMicroelectronics MBEDTLS 2.16.2
2026-04-22 14:27:30,463 [INFO] ThirdParty:1030 - CMSIS Pack Vendor :STMicroelectronics X-CUBE-ST60 1.1.0
2026-04-22 14:27:30,463 [INFO] ThirdParty:1030 - CMSIS Pack Vendor :STMicroelectronics X-CUBE-ALS 1.0.2
2026-04-22 14:27:30,463 [INFO] ThirdParty:1030 - CMSIS Pack Vendor :emotas I-CUBE-CANOPEN 1.3.0
2026-04-22 14:27:30,463 [INFO] ThirdParty:1030 - CMSIS Pack Vendor :STMicroelectronics MBEDTLS 2.14.1
2026-04-22 14:27:30,463 [INFO] ThirdParty:1030 - CMSIS Pack Vendor :ITTIA_DB I-CUBE-ITTIADB 8.9.0
2026-04-22 14:27:30,463 [INFO] ThirdParty:1030 - CMSIS Pack Vendor :STMicroelectronics X-CUBE-TOUCHGFX 4.26.1
2026-04-22 14:27:30,463 [INFO] ThirdParty:1030 - CMSIS Pack Vendor :STMicroelectronics ThreadX 1.0.0
2026-04-22 14:27:30,463 [INFO] ThirdParty:1030 - CMSIS Pack Vendor :STMicroelectronics FP-SNS-SMARTAG2 1.2.0
2026-04-22 14:27:30,463 [INFO] ThirdParty:1030 - CMSIS Pack Vendor :STMicroelectronics FP-SNS-FLIGHT1 5.1.0
2026-04-22 14:27:30,463 [INFO] ThirdParty:1030 - CMSIS Pack Vendor :STMicroelectronics X-CUBE-AZRTOS-WL 2.0.0
2026-04-22 14:27:30,464 [INFO] ThirdParty:1030 - CMSIS Pack Vendor :SEGGER I-CUBE-embOS 1.3.1
2026-04-22 14:27:30,464 [INFO] ThirdParty:1030 - CMSIS Pack Vendor :STMicroelectronics X-CUBE-ALGOBUILD 1.4.0
2026-04-22 14:27:30,464 [INFO] ThirdParty:1030 - CMSIS Pack Vendor :STMicroelectronics X-CUBE-DPower 1.3.0
2026-04-22 14:27:30,464 [INFO] ThirdParty:1030 - CMSIS Pack Vendor :STMicroelectronics USB_DEVICE 1.0.0
2026-04-22 14:27:30,464 [INFO] ThirdParty:1030 - CMSIS Pack Vendor :STMicroelectronics X-CUBE-AZRTOS-H7RS 1.2.0
2026-04-22 14:27:30,464 [INFO] ThirdParty:1030 - CMSIS Pack Vendor :STMicroelectronics X-CUBE-AZRTOS-L4 2.0.0
2026-04-22 14:27:30,464 [INFO] ThirdParty:1030 - CMSIS Pack Vendor :STMicroelectronics ThreadX 0.0.2
2026-04-22 14:27:30,464 [INFO] ThirdParty:1030 - CMSIS Pack Vendor :STMicroelectronics lwIP 2.1.2
2026-04-22 14:27:30,464 [INFO] ThirdParty:1030 - CMSIS Pack Vendor :STMicroelectronics X-CUBE-SFXS2LP1 4.0.0
2026-04-22 14:27:30,464 [INFO] ThirdParty:1030 - CMSIS Pack Vendor :STMicroelectronics X-CUBE-BLE2 3.3.0
2026-04-22 14:27:30,464 [INFO] ThirdParty:1030 - CMSIS Pack Vendor :Avnet-IOTCONNECT X-CUBE-iotc-st67-sdk 1.0.0
2026-04-22 14:27:30,465 [INFO] ThirdParty:1030 - CMSIS Pack Vendor :STMicroelectronics X-CUBE-TOF1 3.4.3
2026-04-22 14:27:30,465 [INFO] ThirdParty:1030 - CMSIS Pack Vendor :Infineon AIROC-Wi-Fi-Bluetooth-STM32 1.8.0
2026-04-22 14:27:30,465 [INFO] ThirdParty:1030 - CMSIS Pack Vendor :STMicroelectronics PDM2PCM 3.2.0
2026-04-22 14:27:30,465 [INFO] ThirdParty:1030 - CMSIS Pack Vendor :STMicroelectronics X-CUBE-WB05N 2.1.0
2026-04-22 14:27:30,465 [INFO] ThirdParty:1030 - CMSIS Pack Vendor :STMicroelectronics X-CUBE-ST67W61 1.2.0
2026-04-22 14:27:30,468 [INFO] ThirdParty:841 - exiting critical section [change project]
2026-04-22 14:27:31,904 [INFO] PinOutPanel:1589 - setPackage(No Configuration,No Configuration)
2026-04-22 14:27:31,915 [INFO] PinOutPanel:1589 - setPackage(STM32L432KCUx,UFQFPN32)
2026-04-22 14:27:32,720 [INFO] UtilMem:75 - Before build in PCC Used Memory: 545635664 Bytes (920649728)
2026-04-22 14:27:34,651 [INFO] UtilMem:75 - After build in PCC Used Memory: 880072624 Bytes (966787072)
2026-04-22 14:27:34,788 [INFO] IPUIPlugin:80 - create IPUIPlugin
2026-04-22 14:27:34,791 [INFO] IPUIPlugin:80 - create IPUIPlugin
2026-04-22 14:27:34,792 [INFO] IPUIPlugin:80 - create IPUIPlugin
2026-04-22 14:27:34,792 [INFO] IPUIPlugin:80 - create IPUIPlugin
2026-04-22 14:27:34,792 [INFO] IPUIPlugin:80 - create IPUIPlugin
2026-04-22 14:27:34,792 [INFO] IPUIPlugin:80 - create IPUIPlugin
2026-04-22 14:27:34,793 [INFO] IPUIPlugin:80 - create IPUIPlugin
2026-04-22 14:27:34,793 [INFO] IPUIPlugin:80 - create IPUIPlugin
2026-04-22 14:27:34,793 [INFO] IPUIPlugin:80 - create IPUIPlugin
2026-04-22 14:27:34,793 [INFO] IPUIPlugin:80 - create IPUIPlugin
2026-04-22 14:27:34,809 [INFO] IPUIPlugin:80 - create IPUIPlugin
2026-04-22 14:27:34,810 [INFO] IPUIPlugin:80 - create IPUIPlugin
2026-04-22 14:27:34,810 [INFO] IPUIPlugin:80 - create IPUIPlugin
2026-04-22 14:27:34,810 [INFO] IPUIPlugin:80 - create IPUIPlugin
2026-04-22 14:27:34,810 [INFO] IPUIPlugin:80 - create IPUIPlugin
2026-04-22 14:27:34,810 [INFO] IPUIPlugin:80 - create IPUIPlugin
2026-04-22 14:27:34,810 [INFO] IPUIPlugin:80 - create IPUIPlugin
2026-04-22 14:27:34,811 [INFO] IPUIPlugin:80 - create IPUIPlugin
2026-04-22 14:27:34,811 [INFO] IPUIPlugin:80 - create IPUIPlugin
2026-04-22 14:27:34,811 [INFO] IPUIPlugin:80 - create IPUIPlugin
2026-04-22 14:27:34,811 [INFO] IPUIPlugin:80 - create IPUIPlugin
2026-04-22 14:27:34,811 [INFO] IPUIPlugin:80 - create IPUIPlugin
2026-04-22 14:27:34,811 [INFO] IPUIPlugin:80 - create IPUIPlugin
2026-04-22 14:27:34,811 [INFO] IPUIPlugin:80 - create IPUIPlugin
2026-04-22 14:27:34,811 [INFO] IPUIPlugin:80 - create IPUIPlugin
2026-04-22 14:27:34,811 [INFO] IPUIPlugin:80 - create IPUIPlugin
2026-04-22 14:27:34,811 [INFO] IPUIPlugin:80 - create IPUIPlugin
2026-04-22 14:27:34,812 [INFO] IPUIPlugin:80 - create IPUIPlugin
2026-04-22 14:27:34,812 [INFO] IPUIPlugin:80 - create IPUIPlugin
2026-04-22 14:27:34,812 [INFO] IPUIPlugin:80 - create IPUIPlugin
2026-04-22 14:27:34,812 [INFO] IPUIPlugin:80 - create IPUIPlugin
2026-04-22 14:27:34,812 [INFO] IPUIPlugin:80 - create IPUIPlugin
2026-04-22 14:27:34,812 [INFO] IPUIPlugin:80 - create IPUIPlugin
2026-04-22 14:27:34,812 [INFO] IPUIPlugin:80 - create IPUIPlugin
2026-04-22 14:27:34,812 [INFO] IPUIPlugin:80 - create IPUIPlugin
2026-04-22 14:27:34,812 [INFO] IPUIPlugin:80 - create IPUIPlugin
2026-04-22 14:27:34,813 [INFO] IPUIPlugin:80 - create IPUIPlugin
2026-04-22 14:27:34,813 [INFO] IPUIPlugin:80 - create IPUIPlugin
2026-04-22 14:27:34,813 [INFO] IPUIPlugin:80 - create IPUIPlugin
2026-04-22 14:27:34,813 [INFO] IPUIPlugin:80 - create IPUIPlugin
2026-04-22 14:27:34,813 [INFO] IPUIPlugin:80 - create IPUIPlugin
2026-04-22 14:27:35,100 [INFO] CADModel:165 - CPN selected for project levelSTM32L432KCU3
2026-04-22 14:27:35,101 [INFO] CADModel:114 - Register for checkConnection events
2026-04-22 14:27:35,155 [INFO] OpenFileManager:386 - Restore cursor
2026-04-22 14:27:36,187 [INFO] UtilMem:75 - End SaveConfig() Used Memory: 906727360 Bytes (966787072)
2026-04-22 14:27:36,249 [INFO] UtilMem:75 - End SaveConfig() Used Memory: 942380992 Bytes (966787072)
2026-04-22 14:27:37,696 [INFO] BlockDiagram:2775 - set Specific Code input for plugin: NVIC
2026-04-22 14:27:37,711 [INFO] BlockDiagram:2775 - set Specific Code input for plugin: RCC
2026-04-22 14:27:37,715 [INFO] CodeGenerator:892 - code generatio: config db path: /Applications/STM32CubeIDE.app/Contents/Eclipse/plugins/com.st.stm32cube.common.mx_6.15.0.202507011659//db/
2026-04-22 14:27:37,920 [INFO] CodeEngine:265 - oldGeneratedFile, /Users/cristianpetramale/Biomed_projects/STMWorkSpace/EchoUARTHC05/MXTmpFiles/license.tmp_save
2026-04-22 14:27:38,460 [INFO] CodeEngine:289 - Generated code: /Users/cristianpetramale/Biomed_projects/STMWorkSpace/EchoUARTHC05/MXTmpFiles/license.tmp
2026-04-22 14:27:38,476 [INFO] CodeEngine:265 - oldGeneratedFile, /Users/cristianpetramale/Biomed_projects/STMWorkSpace/EchoUARTHC05/Core/Src/stm32l4xx_it.c_save
2026-04-22 14:27:38,687 [INFO] CodeEngine:289 - Generated code: /Users/cristianpetramale/Biomed_projects/STMWorkSpace/EchoUARTHC05/Core/Src/stm32l4xx_it.c
2026-04-22 14:27:38,689 [INFO] CodeEngine:265 - oldGeneratedFile, /Users/cristianpetramale/Biomed_projects/STMWorkSpace/EchoUARTHC05/Core/Inc/stm32l4xx_it.h_save
2026-04-22 14:27:38,796 [INFO] CodeEngine:289 - Generated code: /Users/cristianpetramale/Biomed_projects/STMWorkSpace/EchoUARTHC05/Core/Inc/stm32l4xx_it.h
2026-04-22 14:27:38,907 [INFO] CodeEngine:265 - oldGeneratedFile, /Users/cristianpetramale/Biomed_projects/STMWorkSpace/EchoUARTHC05/Core/Src/stm32l4xx_hal_msp.c_save
2026-04-22 14:27:39,078 [INFO] CodeEngine:289 - Generated code: /Users/cristianpetramale/Biomed_projects/STMWorkSpace/EchoUARTHC05/Core/Src/stm32l4xx_hal_msp.c
2026-04-22 14:27:39,080 [INFO] CodeEngine:265 - oldGeneratedFile, /Users/cristianpetramale/Biomed_projects/STMWorkSpace/EchoUARTHC05/MXTmpFiles/system.tmp_save
2026-04-22 14:27:39,169 [INFO] CodeEngine:289 - Generated code: /Users/cristianpetramale/Biomed_projects/STMWorkSpace/EchoUARTHC05/MXTmpFiles/system.tmp
2026-04-22 14:27:39,173 [INFO] CodeEngine:321 - oldGeneratedFile, /Users/cristianpetramale/Biomed_projects/STMWorkSpace/EchoUARTHC05/Core/Inc/stm32l4xx_hal_conf.h_save
2026-04-22 14:27:39,243 [INFO] CodeEngine:345 - Generated code: /Users/cristianpetramale/Biomed_projects/STMWorkSpace/EchoUARTHC05/Core/Inc/stm32l4xx_hal_conf.h
2026-04-22 14:27:39,323 [INFO] ApiDbMcu:532 - Load IP Config File for RCC
2026-04-22 14:27:39,329 [INFO] CodeEngine:265 - oldGeneratedFile, /Users/cristianpetramale/Biomed_projects/STMWorkSpace/EchoUARTHC05/Core/Inc/main.h_save
2026-04-22 14:27:39,459 [INFO] CodeEngine:289 - Generated code: /Users/cristianpetramale/Biomed_projects/STMWorkSpace/EchoUARTHC05/Core/Inc/main.h
2026-04-22 14:27:39,461 [INFO] CodeEngine:265 - oldGeneratedFile, /Users/cristianpetramale/Biomed_projects/STMWorkSpace/EchoUARTHC05/Core/Src/main.c_save
2026-04-22 14:27:39,655 [INFO] CodeEngine:289 - Generated code: /Users/cristianpetramale/Biomed_projects/STMWorkSpace/EchoUARTHC05/Core/Src/main.c
2026-04-22 14:27:39,875 [INFO] ProjectBuilder:3606 - Time for Copy HAL[1] : 48mS.
2026-04-22 14:27:39,882 [INFO] ProjectBuilder:5216 - Project Generator version: 4.7.0-B52
2026-04-22 14:27:39,976 [INFO] ConfigFileManager:1595 - The Die is : DIE435
2026-04-22 14:27:39,989 [INFO] ApiDbMcu:532 - Load IP Config File for FATFS
2026-04-22 14:27:40,002 [INFO] ApiDbMcu:532 - Load IP Config File for FREERTOS
2026-04-22 14:27:40,011 [INFO] ApiDbMcu:532 - Load IP Config File for TOUCHSENSING
2026-04-22 14:27:40,028 [INFO] ApiDbMcu:532 - Load IP Config File for USB_DEVICE
2026-04-22 14:27:40,371 [INFO] LogOutputStream:77 - [STDOUT_REDIRECT] 
2026-04-22 14:27:42,514 [INFO] ProjectBuilder:5496 - Time for Generating toolchain IDE Files: 2631mS.
2026-04-22 14:27:42,514 [INFO] ProjectBuilder:3463 - Time for Copy CMSIS : 0mS.
2026-04-22 14:27:42,515 [INFO] ProjectBuilder:3463 - Time for Copy CMSIS : 0mS.
2026-04-22 14:27:45,175 [INFO] McuFinderGlobals:76 - Set McuFinderConnectedMode to true
2026-04-22 14:27:45,195 [INFO] ApiDb:448 - Save user favorites file /Users/cristianpetramale/.stm32cubeide/favorites.mcus.txt: 0 item(s)
2026-04-22 14:27:45,197 [INFO] ApiDb:452 - User favorites MCUs=[]
2026-04-22 14:31:23,025 [INFO] NvicIntPanel:101 - NVIC parent = com.st.microxplorer.plugins.ip.nvic.MultiNvicIntPanel[,0,0,0x0,invalid,layout=javax.swing.BoxLayout,alignmentX=0.0,alignmentY=0.0,border=,flags=9,maximumSize=,minimumSize=,preferredSize=]
2026-04-22 14:31:26,225 [INFO] NvicIntPanel:101 - NVIC parent = com.st.microxplorer.plugins.ip.nvic.MultiNvicIntPanel[,0,0,0x0,invalid,layout=javax.swing.BoxLayout,alignmentX=0.0,alignmentY=0.0,border=,flags=9,maximumSize=,minimumSize=,preferredSize=]
2026-04-22 14:31:57,175 [INFO] NvicIntPanel:101 - NVIC parent = com.st.microxplorer.plugins.ip.nvic.MultiNvicIntPanel[,0,0,0x0,invalid,layout=javax.swing.BoxLayout,alignmentX=0.0,alignmentY=0.0,border=,flags=9,maximumSize=,minimumSize=,preferredSize=]
2026-04-22 14:31:58,359 [INFO] NvicIntPanel:101 - NVIC parent = com.st.microxplorer.plugins.ip.nvic.MultiNvicIntPanel[,0,0,0x0,invalid,layout=javax.swing.BoxLayout,alignmentX=0.0,alignmentY=0.0,border=,flags=9,maximumSize=,minimumSize=,preferredSize=]
2026-04-22 14:32:13,469 [INFO] UtilMem:75 - End SaveConfig() Used Memory: 869255112 Bytes (1073741824)
2026-04-22 14:32:13,722 [INFO] UtilMem:75 - End SaveConfig() Used Memory: 890089800 Bytes (1073741824)
2026-04-22 14:32:14,617 [INFO] BlockDiagram:2775 - set Specific Code input for plugin: NVIC
2026-04-22 14:32:14,622 [INFO] BlockDiagram:2775 - set Specific Code input for plugin: SYS
2026-04-22 14:32:14,624 [INFO] BlockDiagram:2775 - set Specific Code input for plugin: GPIO
2026-04-22 14:32:14,624 [INFO] BlockDiagram:2775 - set Specific Code input for plugin: RCC
2026-04-22 14:32:14,624 [INFO] BlockDiagram:2775 - set Specific Code input for plugin: LPUART
2026-04-22 14:32:14,625 [INFO] CodeGenerator:892 - code generatio: config db path: /Applications/STM32CubeIDE.app/Contents/Eclipse/plugins/com.st.stm32cube.common.mx_6.15.0.202507011659//db/
2026-04-22 14:32:14,808 [INFO] CodeEngine:265 - oldGeneratedFile, /Users/cristianpetramale/Biomed_projects/STMWorkSpace/EchoUARTHC05/MXTmpFiles/license.tmp_save
2026-04-22 14:32:15,071 [INFO] CodeEngine:289 - Generated code: /Users/cristianpetramale/Biomed_projects/STMWorkSpace/EchoUARTHC05/MXTmpFiles/license.tmp
2026-04-22 14:32:15,198 [INFO] CodeEngine:265 - oldGeneratedFile, /Users/cristianpetramale/Biomed_projects/STMWorkSpace/EchoUARTHC05/MXTmpFiles/gpio.tmp_save
2026-04-22 14:32:15,357 [INFO] CodeEngine:289 - Generated code: /Users/cristianpetramale/Biomed_projects/STMWorkSpace/EchoUARTHC05/MXTmpFiles/gpio.tmp
2026-04-22 14:32:15,766 [INFO] CodeEngine:265 - oldGeneratedFile, /Users/cristianpetramale/Biomed_projects/STMWorkSpace/EchoUARTHC05/Core/Src/stm32l4xx_it.c_save
2026-04-22 14:32:15,948 [INFO] CodeEngine:289 - Generated code: /Users/cristianpetramale/Biomed_projects/STMWorkSpace/EchoUARTHC05/Core/Src/stm32l4xx_it.c
2026-04-22 14:32:15,950 [INFO] CodeEngine:265 - oldGeneratedFile, /Users/cristianpetramale/Biomed_projects/STMWorkSpace/EchoUARTHC05/Core/Inc/stm32l4xx_it.h_save
2026-04-22 14:32:16,021 [INFO] CodeEngine:289 - Generated code: /Users/cristianpetramale/Biomed_projects/STMWorkSpace/EchoUARTHC05/Core/Inc/stm32l4xx_it.h
2026-04-22 14:32:16,027 [INFO] CodeEngine:265 - oldGeneratedFile, /Users/cristianpetramale/Biomed_projects/STMWorkSpace/EchoUARTHC05/Core/Src/stm32l4xx_hal_msp.c_save
2026-04-22 14:32:16,204 [INFO] CodeEngine:289 - Generated code: /Users/cristianpetramale/Biomed_projects/STMWorkSpace/EchoUARTHC05/Core/Src/stm32l4xx_hal_msp.c
2026-04-22 14:32:16,206 [INFO] CodeEngine:265 - oldGeneratedFile, /Users/cristianpetramale/Biomed_projects/STMWorkSpace/EchoUARTHC05/MXTmpFiles/system.tmp_save
2026-04-22 14:32:16,261 [INFO] CodeEngine:289 - Generated code: /Users/cristianpetramale/Biomed_projects/STMWorkSpace/EchoUARTHC05/MXTmpFiles/system.tmp
2026-04-22 14:32:16,266 [INFO] CodeEngine:321 - oldGeneratedFile, /Users/cristianpetramale/Biomed_projects/STMWorkSpace/EchoUARTHC05/Core/Inc/stm32l4xx_hal_conf.h_save
2026-04-22 14:32:16,330 [INFO] CodeEngine:345 - Generated code: /Users/cristianpetramale/Biomed_projects/STMWorkSpace/EchoUARTHC05/Core/Inc/stm32l4xx_hal_conf.h
2026-04-22 14:32:16,400 [INFO] ApiDbMcu:532 - Load IP Config File for LPUART1
2026-04-22 14:32:16,405 [INFO] CodeEngine:265 - oldGeneratedFile, /Users/cristianpetramale/Biomed_projects/STMWorkSpace/EchoUARTHC05/Core/Inc/main.h_save
2026-04-22 14:32:16,462 [INFO] CodeEngine:289 - Generated code: /Users/cristianpetramale/Biomed_projects/STMWorkSpace/EchoUARTHC05/Core/Inc/main.h
2026-04-22 14:32:16,465 [INFO] CodeEngine:265 - oldGeneratedFile, /Users/cristianpetramale/Biomed_projects/STMWorkSpace/EchoUARTHC05/Core/Src/main.c_save
2026-04-22 14:32:16,579 [INFO] CodeEngine:289 - Generated code: /Users/cristianpetramale/Biomed_projects/STMWorkSpace/EchoUARTHC05/Core/Src/main.c
2026-04-22 14:32:16,752 [INFO] ProjectBuilder:3606 - Time for Copy HAL[1] : 52mS.
2026-04-22 14:32:16,757 [INFO] ProjectBuilder:5216 - Project Generator version: 4.7.0-B52
2026-04-22 14:32:16,818 [INFO] ConfigFileManager:1595 - The Die is : DIE435
2026-04-22 14:32:18,203 [INFO] ProjectBuilder:5496 - Time for Generating toolchain IDE Files: 1444mS.
2026-04-22 14:32:18,203 [INFO] ProjectBuilder:3463 - Time for Copy CMSIS : 0mS.
2026-04-22 14:32:18,204 [INFO] ProjectBuilder:3463 - Time for Copy CMSIS : 0mS.
2026-04-22 15:34:38,932 [INFO] WebApp:194 - Connection lost
2026-04-22 15:41:55,043 [INFO] WebApp:191 - Connection restablished
2026-04-22 16:35:17,574 [INFO] NvicIntPanel:101 - NVIC parent = com.st.microxplorer.plugins.ip.nvic.MultiNvicIntPanel[,0,0,0x0,invalid,layout=javax.swing.BoxLayout,alignmentX=0.0,alignmentY=0.0,border=,flags=9,maximumSize=,minimumSize=,preferredSize=]
2026-04-22 16:35:32,220 [INFO] UtilMem:75 - End SaveConfig() Used Memory: 850162992 Bytes (1073741824)
2026-04-22 16:35:35,614 [INFO] MainUpdater:2872 - connection check result : 10
2026-04-22 16:35:35,615 [INFO] MainUpdater:2872 - connection check result : 10
2026-04-22 16:35:35,744 [INFO] MicroXplorer:468 - Change Database Path : 
2026-04-22 16:35:35,744 [INFO] MicroXplorer:498 - Change Database Version : DB.6.0.150
2026-04-22 16:35:35,820 [ERROR] ProjectManagerView:395 - 
java.lang.NullPointerException: Cannot invoke "javax.swing.JTextField.getText()" because the return value of "java.util.List.get(int)" is null
	at com.st.microxplorer.plugins.projectmanager.gui.ProjectChoiceTab$9.caretUpdate(ProjectChoiceTab.java:2706) ~[filemanager.jar:?]
	at javax.swing.text.JTextComponent.fireCaretUpdate(JTextComponent.java:408) ~[?:?]
	at javax.swing.text.JTextComponent$MutableCaretEvent.fire(JTextComponent.java:4484) ~[?:?]
	at javax.swing.text.JTextComponent$MutableCaretEvent.stateChanged(JTextComponent.java:4506) ~[?:?]
	at javax.swing.text.DefaultCaret.fireStateChanged(DefaultCaret.java:857) ~[?:?]
	at javax.swing.text.DefaultCaret.changeCaretPosition(DefaultCaret.java:1343) ~[?:?]
	at javax.swing.text.DefaultCaret.handleSetDot(DefaultCaret.java:1242) ~[?:?]
	at javax.swing.text.DefaultCaret.setDot(DefaultCaret.java:1223) ~[?:?]
	at javax.swing.text.DefaultCaret$Handler.insertUpdate(DefaultCaret.java:1819) ~[?:?]
	at javax.swing.text.AbstractDocument.fireInsertUpdate(AbstractDocument.java:227) ~[?:?]
	at javax.swing.text.AbstractDocument.handleInsertString(AbstractDocument.java:781) ~[?:?]
	at javax.swing.text.AbstractDocument.insertString(AbstractDocument.java:740) ~[?:?]
	at javax.swing.text.PlainDocument.insertString(PlainDocument.java:131) ~[?:?]
	at javax.swing.text.AbstractDocument.replace(AbstractDocument.java:699) ~[?:?]
	at javax.swing.text.JTextComponent.setText(JTextComponent.java:1725) ~[?:?]
	at com.st.microxplorer.plugins.projectmanager.gui.ProjectChoiceTab.createHeapStackFields(ProjectChoiceTab.java:993) ~[filemanager.jar:?]
	at com.st.microxplorer.plugins.projectmanager.gui.ProjectChoiceTab.buildLinkSettingsPanel(ProjectChoiceTab.java:3813) ~[filemanager.jar:?]
	at com.st.microxplorer.plugins.projectmanager.gui.ProjectChoiceTab.defineWindowsFields(ProjectChoiceTab.java:1987) ~[filemanager.jar:?]
	at com.st.microxplorer.plugins.projectmanager.gui.ProjectChoiceTab.updateSettings(ProjectChoiceTab.java:558) ~[filemanager.jar:?]
	at com.st.microxplorer.plugins.projectmanager.gui.ProjectSettingsPanel.UpdateDialog(ProjectSettingsPanel.java:247) ~[filemanager.jar:?]
	at com.st.microxplorer.plugins.projectmanager.ProjectManagerView.propertyChange(ProjectManagerView.java:392) ~[filemanager.jar:?]
	at java.beans.PropertyChangeSupport.fire(PropertyChangeSupport.java:343) ~[?:?]
	at java.beans.PropertyChangeSupport.firePropertyChange(PropertyChangeSupport.java:335) ~[?:?]
	at java.beans.PropertyChangeSupport.firePropertyChange(PropertyChangeSupport.java:268) ~[?:?]
	at com.st.microxplorer.util.MXPropertyChangeSupport.firePropertyChange(MXPropertyChangeSupport.java:54) ~[STM32CubeMX.jar:?]
	at com.st.microxplorer.mxsystem.MxSystem.closeConfig(MxSystem.java:899) ~[STM32CubeMX.jar:?]
	at com.st.microxplorer.maingui.MainPanel.closeConfig(MainPanel.java:792) ~[STM32CubeMX.jar:?]
	at com.st.microxplorer.plugins.filemanager.engine.OpenFileManager.loadConfigurationFile(OpenFileManager.java:288) ~[filemanager.jar:?]
	at com.st.microxplorer.plugins.filemanager.engine.MainFileManager.userLoadConfig(MainFileManager.java:364) ~[filemanager.jar:?]
	at com.st.microxplorer.plugins.filemanager.engine.MainFileManager.userLoadConfig(MainFileManager.java:342) ~[filemanager.jar:?]
	at com.st.microxplorer.plugins.filemanager.FileManagerView.getSpecificTask(FileManagerView.java:264) ~[filemanager.jar:?]
	at com.st.stm32cube.common.mx.editor.CubeMxEditor.getMxTabbedPaneInstance(CubeMxEditor.java:1198) ~[com.st.stm32cube.common.mx_6.15.0.202507011659/:?]
	at com.st.stm32cube.common.mx.editor.CubeMxEditor$12$1.createSwingComponent(CubeMxEditor.java:1068) ~[com.st.stm32cube.common.mx_6.15.0.202507011659/:?]
	at com.st.stm32cube.common.mx.oss.core.awtswtbridge.EmbeddedSwingComposite.doComponentCreation(EmbeddedSwingComposite.java:492) ~[com.st.stm32cube.common.mx.oss_6.15.0.202507011659/:?]
	at com.st.stm32cube.common.mx.oss.core.awtswtbridge.EmbeddedSwingComposite$4.run(EmbeddedSwingComposite.java:291) ~[com.st.stm32cube.common.mx.oss_6.15.0.202507011659/:?]
	at com.st.stm32cube.common.mx.oss.core.awtswtbridge.AwtEnvironment$2.run(AwtEnvironment.java:166) ~[com.st.stm32cube.common.mx.oss_6.15.0.202507011659/:?]
	at java.awt.event.InvocationEvent.dispatch(InvocationEvent.java:318) ~[?:?]
	at java.awt.EventQueue.dispatchEventImpl(EventQueue.java:773) ~[?:?]
	at java.awt.EventQueue$4.run(EventQueue.java:720) ~[?:?]
	at java.awt.EventQueue$4.run(EventQueue.java:714) ~[?:?]
	at java.security.AccessController.doPrivileged(AccessController.java:400) ~[?:?]
	at java.security.ProtectionDomain$JavaSecurityAccessImpl.doIntersectionPrivilege(ProtectionDomain.java:87) ~[?:?]
	at java.awt.EventQueue.dispatchEvent(EventQueue.java:742) ~[?:?]
	at java.awt.EventDispatchThread.pumpOneEventForFilters(EventDispatchThread.java:203) ~[?:?]
	at java.awt.EventDispatchThread.pumpEventsForFilter(EventDispatchThread.java:124) ~[?:?]
	at java.awt.EventDispatchThread.pumpEventsForHierarchy(EventDispatchThread.java:113) ~[?:?]
	at java.awt.EventDispatchThread.pumpEvents(EventDispatchThread.java:109) ~[?:?]
	at java.awt.EventDispatchThread.pumpEvents(EventDispatchThread.java:101) ~[?:?]
	at java.awt.EventDispatchThread.run(EventDispatchThread.java:90) ~[?:?]
2026-04-22 16:35:35,831 [WARN] ThirdParty:871 - waiting for thirdparty lock release [close project]
2026-04-22 16:35:35,832 [INFO] ThirdParty:873 - entering critical section [close project]
2026-04-22 16:35:35,832 [INFO] ThirdParty:883 - exiting critical section [close project]
2026-04-22 16:35:35,834 [INFO] PinOutPanel:1589 - setPackage(No Configuration,No Configuration)
2026-04-22 16:35:35,842 [INFO] UtilMem:75 - Begin LoadConfig() Used Memory: 905211184 Bytes (1073741824)
2026-04-22 16:35:35,843 [INFO] MicroXplorer:468 - Change Database Path : 
2026-04-22 16:35:35,844 [INFO] MicroXplorer:498 - Change Database Version : DB.6.0.150
2026-04-22 16:35:35,844 [INFO] OpenFileManager:355 - Change cursor
2026-04-22 16:35:35,938 [INFO] RulesReader:64 - Compatibility file has been processed (317 Rules)
2026-04-22 16:35:35,957 [INFO] Mcu:2029 - Initializing MCU STM32L432K(B-C)Ux STM32L432KCUx STM32L432KCU3
2026-04-22 16:35:36,661 [INFO] Context:786 - Trying to add GPIOservice into a context  which must be forbidden
2026-04-22 16:35:37,406 [INFO] ImportTextPane:234 - (OptionalMessage_ERROR) Pin10 (VP_RIF_VS_RIF1) cannot be retrieved for this MCU
2026-04-22 16:35:37,508 [INFO] RtosManager:558 - Registered RTOS mode: class=CMSIS, group=RTOS, mode=CMSIS_V1, owner=FREERTOS
2026-04-22 16:35:37,509 [INFO] RtosManager:558 - Registered RTOS mode: class=CMSIS, group=RTOS2, mode=CMSIS_V2, owner=FREERTOS
2026-04-22 16:35:37,509 [INFO] RtosManager:558 - Registered RTOS mode: class=RTOS, group=Core, mode=CMSIS_V1, owner=FREERTOS
2026-04-22 16:35:37,509 [INFO] RtosManager:558 - Registered RTOS mode: class=RTOS, group=Core, mode=CMSIS_V2, owner=FREERTOS
2026-04-22 16:35:37,509 [WARN] ModelIntegratedComponent:184 - Missing modes for component STMicroelectronics:FreeRTOS:0.0.1:STMicroelectronics:RTOS:FreeRTOS:Core:::10.2.0:
2026-04-22 16:35:37,526 [WARN] ModelIntegratedComponent:63 - No mode defined for component null
2026-04-22 16:35:37,526 [WARN] ModelIntegratedComponent:63 - No mode defined for component null
2026-04-22 16:35:37,527 [WARN] ModelIntegratedComponent:63 - No mode defined for component null
2026-04-22 16:35:37,527 [WARN] ModelIntegratedComponent:63 - No mode defined for component null
2026-04-22 16:35:37,527 [WARN] ModelIntegratedComponent:63 - No mode defined for component null
2026-04-22 16:35:37,527 [WARN] ModelIntegratedComponent:63 - No mode defined for component null
2026-04-22 16:35:37,527 [WARN] ModelIntegratedComponent:63 - No mode defined for component null
2026-04-22 16:35:37,527 [WARN] ModelIntegratedComponent:63 - No mode defined for component null
2026-04-22 16:35:37,527 [WARN] ModelIntegratedComponent:63 - No mode defined for component null
2026-04-22 16:35:37,529 [WARN] ModelIntegratedComponent:63 - No mode defined for component null
2026-04-22 16:35:37,530 [WARN] ModelIntegratedComponent:63 - No mode defined for component null
2026-04-22 16:35:37,530 [WARN] ModelIntegratedComponent:63 - No mode defined for component null
2026-04-22 16:35:37,530 [WARN] ModelIntegratedComponent:63 - No mode defined for component null
2026-04-22 16:35:37,530 [WARN] ModelIntegratedComponent:63 - No mode defined for component null
2026-04-22 16:35:37,530 [WARN] ModelIntegratedComponent:63 - No mode defined for component null
2026-04-22 16:35:37,530 [WARN] ModelIntegratedComponent:63 - No mode defined for component null
2026-04-22 16:35:37,530 [WARN] ModelIntegratedComponent:63 - No mode defined for component null
2026-04-22 16:35:37,531 [WARN] ModelIntegratedComponent:63 - No mode defined for component null
2026-04-22 16:35:37,531 [WARN] ModelIntegratedComponent:63 - No mode defined for component null
2026-04-22 16:35:37,531 [WARN] ModelIntegratedComponent:63 - No mode defined for component null
2026-04-22 16:35:37,531 [WARN] ModelIntegratedComponent:63 - No mode defined for component null
2026-04-22 16:35:37,532 [WARN] ModelIntegratedComponent:63 - No mode defined for component null
2026-04-22 16:35:37,532 [WARN] ModelIntegratedComponent:63 - No mode defined for component null
2026-04-22 16:35:37,532 [WARN] ModelIntegratedComponent:63 - No mode defined for component null
2026-04-22 16:35:37,532 [WARN] ModelIntegratedComponent:63 - No mode defined for component null
2026-04-22 16:35:37,533 [WARN] ModelIntegratedComponent:63 - No mode defined for component null
2026-04-22 16:35:37,533 [WARN] ModelIntegratedComponent:63 - No mode defined for component null
2026-04-22 16:35:37,533 [WARN] ModelIntegratedComponent:63 - No mode defined for component null
2026-04-22 16:35:37,533 [WARN] ModelIntegratedComponent:63 - No mode defined for component null
2026-04-22 16:35:37,533 [WARN] ModelIntegratedComponent:63 - No mode defined for component null
2026-04-22 16:35:37,534 [WARN] ModelIntegratedComponent:63 - No mode defined for component null
2026-04-22 16:35:37,535 [WARN] ModelIntegratedComponent:63 - No mode defined for component null
2026-04-22 16:35:37,535 [WARN] ModelIntegratedComponent:63 - No mode defined for component null
2026-04-22 16:35:37,535 [WARN] ModelIntegratedComponent:63 - No mode defined for component null
2026-04-22 16:35:37,536 [WARN] ModelIntegratedComponent:63 - No mode defined for component null
2026-04-22 16:35:37,536 [WARN] ModelPack:524 - Component already loaded: STMicroelectronics:HAL Drivers:0.0.0:STMicroelectronics:Device:STMicro_Driver:XSPI:HAL::0.0.1:HAL_XSPI
2026-04-22 16:35:37,570 [INFO] ThirdPartyModel:298 - Start build external matchings
2026-04-22 16:35:37,643 [INFO] ThirdPartyModel:316 - End build external matchings
2026-04-22 16:35:37,664 [INFO] ImportTextPane:234 - (OptionalMessage_ERROR) IP (RCC) : Invalid parameter (48CLKFreq_Value)
2026-04-22 16:35:37,665 [INFO] ImportTextPane:234 - (OptionalMessage_ERROR) IP (RCC) : Invalid parameter (FamilyName)
2026-04-22 16:35:37,666 [INFO] ImportTextPane:234 - (OptionalMessage_ERROR) IP (RCC) : Invalid parameter (HSI16_VALUE)
2026-04-22 16:35:37,666 [INFO] ImportTextPane:234 - (OptionalMessage_ERROR) IP (RCC) : Invalid parameter (LPTIMFreq_Value)
2026-04-22 16:35:37,666 [INFO] ImportTextPane:234 - (OptionalMessage_ERROR) IP (RCC) : Invalid parameter (LPUARTFreq_Value)
2026-04-22 16:35:37,666 [INFO] ImportTextPane:234 - (OptionalMessage_ERROR) IP (RCC) : Invalid parameter (MCOPinFreq_Value)
2026-04-22 16:35:37,666 [INFO] ImportTextPane:234 - (OptionalMessage_ERROR) IP (RCC) : Invalid parameter (PLLCLKFreq_Value)
2026-04-22 16:35:37,666 [INFO] ImportTextPane:234 - (OptionalMessage_ERROR) IP (RCC) : Invalid parameter (PLLMUL)
2026-04-22 16:35:37,668 [INFO] ImportTextPane:234 - (OptionalMessage_ERROR) IP (RCC) : Invalid parameter (RTCHSEDivFreq_Value)
2026-04-22 16:35:37,668 [INFO] ImportTextPane:234 - (OptionalMessage_ERROR) IP (RCC) : Invalid parameter (TIMFreq_Value)
2026-04-22 16:35:37,668 [INFO] ImportTextPane:234 - (OptionalMessage_ERROR) IP (RCC) : Invalid parameter (TimerFreq_Value)
2026-04-22 16:35:37,829 [INFO] UtilMem:75 - End LoadConfig() Used Memory: 658364296 Bytes (1073741824)
2026-04-22 16:35:37,909 [WARN] ThirdParty:833 - waiting for thirdparty lock release [change project]
2026-04-22 16:35:37,915 [INFO] ThirdParty:835 - entering critical section [change project]
2026-04-22 16:35:37,915 [INFO] ThirdParty:1030 - CMSIS Pack Vendor :STMicroelectronics X-CUBE-AZRTOS-H7 3.5.0
2026-04-22 16:35:37,916 [INFO] ThirdParty:1030 - CMSIS Pack Vendor :STMicroelectronics X-CUBE-PM33A1 1.0.0
2026-04-22 16:35:37,916 [INFO] ThirdParty:1030 - CMSIS Pack Vendor :STMicroelectronics USBPD 4.1
2026-04-22 16:35:37,916 [INFO] ThirdParty:1030 - CMSIS Pack Vendor :STMicroelectronics X-CUBE-NFC9 1.0.0
2026-04-22 16:35:37,916 [INFO] ThirdParty:1030 - CMSIS Pack Vendor :STMicroelectronics USB_HOST 2.0.0
2026-04-22 16:35:37,916 [INFO] ThirdParty:1030 - CMSIS Pack Vendor :STMicroelectronics X-CUBE-AZRTOS-F4 1.1.0
2026-04-22 16:35:37,916 [INFO] ThirdParty:1030 - CMSIS Pack Vendor :STMicroelectronics LIBJPEG 8.0.0
2026-04-22 16:35:37,916 [INFO] ThirdParty:1030 - CMSIS Pack Vendor :STMicroelectronics FP-ATR-ASTRA1 2.0.2
2026-04-22 16:35:37,916 [INFO] ThirdParty:1030 - CMSIS Pack Vendor :STMicroelectronics X-CUBE-BLE1 7.1.0
2026-04-22 16:35:37,916 [INFO] ThirdParty:1030 - CMSIS Pack Vendor :STMicroelectronics X-CUBE-SMBUS 2.1.0
2026-04-22 16:35:37,916 [INFO] ThirdParty:1030 - CMSIS Pack Vendor :wolfSSL I-CUBE-wolfMQTT 1.19.2
2026-04-22 16:35:37,916 [INFO] ThirdParty:1030 - CMSIS Pack Vendor :STMicroelectronics USB_DEVICE 3.0.0
2026-04-22 16:35:37,916 [INFO] ThirdParty:1030 - CMSIS Pack Vendor :STMicroelectronics X-CUBE-ISPU 2.1.0
2026-04-22 16:35:37,916 [INFO] ThirdParty:1030 - CMSIS Pack Vendor :STMicroelectronics eDS-WB_DPC_TT-BIDIR 2.1.1
2026-04-22 16:35:37,916 [INFO] ThirdParty:1030 - CMSIS Pack Vendor :STMicroelectronics X-CUBE-AZRTOS-WB 2.0.0
2026-04-22 16:35:37,917 [INFO] ThirdParty:1030 - CMSIS Pack Vendor :wolfSSL I-CUBE-wolfSSL 5.8.4
2026-04-22 16:35:37,917 [INFO] ThirdParty:1030 - CMSIS Pack Vendor :Cesanta I-CUBE-Mongoose 7.20.0
2026-04-22 16:35:37,917 [INFO] ThirdParty:1030 - CMSIS Pack Vendor :STMicroelectronics X-CUBE-AZRTOS-F7 1.1.0
2026-04-22 16:35:37,917 [INFO] ThirdParty:1030 - CMSIS Pack Vendor :STMicroelectronics X-CUBE-AZRTOS-L5 2.0.0
2026-04-22 16:35:37,917 [INFO] ThirdParty:1030 - CMSIS Pack Vendor :STMicroelectronics USB_DEVICE 2.0.0
2026-04-22 16:35:37,918 [INFO] ThirdParty:1030 - CMSIS Pack Vendor :quantropi X-CUBE-qispace-sdk-base 2.1.0
2026-04-22 16:35:37,918 [INFO] ThirdParty:1030 - CMSIS Pack Vendor :STMicroelectronics X-CUBE-STSE01 2.0.0
2026-04-22 16:35:37,918 [INFO] ThirdParty:1030 - CMSIS Pack Vendor :STMicroelectronics FreeRTOS 0.0.1
2026-04-22 16:35:37,919 [INFO] ThirdParty:1030 - CMSIS Pack Vendor :STMicroelectronics X-CUBE-AZRTOS-G0 1.1.0
2026-04-22 16:35:37,919 [INFO] ThirdParty:1030 - CMSIS Pack Vendor :STMicroelectronics X-CUBE-NFC4 3.0.0
2026-04-22 16:35:37,919 [INFO] ThirdParty:1030 - CMSIS Pack Vendor :STMicroelectronics X-CUBE-SUBG2 5.0.0
2026-04-22 16:35:37,919 [INFO] ThirdParty:1030 - CMSIS Pack Vendor :STMicroelectronics STM32_WPAN 1.0.0
2026-04-22 16:35:37,919 [INFO] ThirdParty:1030 - CMSIS Pack Vendor :STMicroelectronics eDS-WB_DPC_VIENNA 1.2.0
2026-04-22 16:35:37,919 [INFO] ThirdParty:1030 - CMSIS Pack Vendor :EmbeddedOffice I-CUBE-FS-RTOS 1.0.1
2026-04-22 16:35:37,919 [INFO] ThirdParty:1030 - CMSIS Pack Vendor :STMicroelectronics lwIP 2.0.3
2026-04-22 16:35:37,919 [INFO] ThirdParty:1030 - CMSIS Pack Vendor :WES I-CUBE-Cesium 1.4.0
2026-04-22 16:35:37,919 [INFO] ThirdParty:1030 - CMSIS Pack Vendor :STMicroelectronics eDS-WB_DPC_3PH2L-BIDIR 1.1.1
2026-04-22 16:35:37,919 [INFO] ThirdParty:1030 - CMSIS Pack Vendor :STMicroelectronics USB_HOST 1.0.0
2026-04-22 16:35:37,919 [INFO] ThirdParty:1030 - CMSIS Pack Vendor :STMicroelectronics X-CUBE-AZRTOS-G4 2.0.0
2026-04-22 16:35:37,919 [INFO] ThirdParty:1030 - CMSIS Pack Vendor :STMicroelectronics PDM2PCM 3.1.0
2026-04-22 16:35:37,919 [INFO] ThirdParty:1030 - CMSIS Pack Vendor :STMicroelectronics PDM2PCM 3.3.0
2026-04-22 16:35:37,919 [INFO] ThirdParty:1030 - CMSIS Pack Vendor :wolfSSL I-CUBE-wolfTPM 3.8.0
2026-04-22 16:35:37,919 [INFO] ThirdParty:1030 - CMSIS Pack Vendor :STMicroelectronics X-CUBE-DISPLAY 3.0.0
2026-04-22 16:35:37,919 [INFO] ThirdParty:1030 - CMSIS Pack Vendor :wolfSSL I-CUBE-wolfSSH 1.4.20
2026-04-22 16:35:37,919 [INFO] ThirdParty:1030 - CMSIS Pack Vendor :STMicroelectronics X-CUBE-NFC7 2.0.0
2026-04-22 16:35:37,919 [INFO] ThirdParty:1030 - CMSIS Pack Vendor :STMicroelectronics X-CUBE-TCPP 4.2.0
2026-04-22 16:35:37,919 [INFO] ThirdParty:1030 - CMSIS Pack Vendor :RealThread X-CUBE-RT-Thread_Nano 4.1.1
2026-04-22 16:35:37,919 [INFO] ThirdParty:1030 - CMSIS Pack Vendor :STMicroelectronics FP-ATR-SIGFOX1 3.2.0
2026-04-22 16:35:37,919 [INFO] ThirdParty:1030 - CMSIS Pack Vendor :STMicroelectronics X-CUBE-NFC10 1.0.0
2026-04-22 16:35:37,919 [INFO] ThirdParty:1030 - CMSIS Pack Vendor :STMicroelectronics HAL Drivers 0.0.0
2026-04-22 16:35:37,920 [INFO] ThirdParty:1030 - CMSIS Pack Vendor :STMicroelectronics MBEDTLS 2.16.2
2026-04-22 16:35:37,920 [INFO] ThirdParty:1030 - CMSIS Pack Vendor :STMicroelectronics X-CUBE-ST60 1.1.0
2026-04-22 16:35:37,920 [INFO] ThirdParty:1030 - CMSIS Pack Vendor :STMicroelectronics X-CUBE-ALS 1.0.2
2026-04-22 16:35:37,920 [INFO] ThirdParty:1030 - CMSIS Pack Vendor :emotas I-CUBE-CANOPEN 1.3.0
2026-04-22 16:35:37,921 [INFO] ThirdParty:1030 - CMSIS Pack Vendor :STMicroelectronics MBEDTLS 2.14.1
2026-04-22 16:35:37,921 [INFO] ThirdParty:1030 - CMSIS Pack Vendor :ITTIA_DB I-CUBE-ITTIADB 8.9.0
2026-04-22 16:35:37,921 [INFO] ThirdParty:1030 - CMSIS Pack Vendor :STMicroelectronics X-CUBE-TOUCHGFX 4.26.1
2026-04-22 16:35:37,921 [INFO] ThirdParty:1030 - CMSIS Pack Vendor :STMicroelectronics ThreadX 1.0.0
2026-04-22 16:35:37,921 [INFO] ThirdParty:1030 - CMSIS Pack Vendor :STMicroelectronics FP-SNS-SMARTAG2 1.2.0
2026-04-22 16:35:37,921 [INFO] ThirdParty:1030 - CMSIS Pack Vendor :STMicroelectronics FP-SNS-FLIGHT1 5.1.0
2026-04-22 16:35:37,922 [INFO] ThirdParty:1030 - CMSIS Pack Vendor :STMicroelectronics X-CUBE-AZRTOS-WL 2.0.0
2026-04-22 16:35:37,922 [INFO] ThirdParty:1030 - CMSIS Pack Vendor :SEGGER I-CUBE-embOS 1.3.1
2026-04-22 16:35:37,922 [INFO] ThirdParty:1030 - CMSIS Pack Vendor :STMicroelectronics X-CUBE-ALGOBUILD 1.4.0
2026-04-22 16:35:37,922 [INFO] ThirdParty:1030 - CMSIS Pack Vendor :STMicroelectronics X-CUBE-DPower 1.3.0
2026-04-22 16:35:37,922 [INFO] ThirdParty:1030 - CMSIS Pack Vendor :STMicroelectronics USB_DEVICE 1.0.0
2026-04-22 16:35:37,922 [INFO] ThirdParty:1030 - CMSIS Pack Vendor :STMicroelectronics X-CUBE-AZRTOS-H7RS 1.2.0
2026-04-22 16:35:37,923 [INFO] ThirdParty:1030 - CMSIS Pack Vendor :STMicroelectronics X-CUBE-AZRTOS-L4 2.0.0
2026-04-22 16:35:37,924 [INFO] ThirdParty:1030 - CMSIS Pack Vendor :STMicroelectronics ThreadX 0.0.2
2026-04-22 16:35:37,925 [INFO] ThirdParty:1030 - CMSIS Pack Vendor :STMicroelectronics lwIP 2.1.2
2026-04-22 16:35:37,925 [INFO] ThirdParty:1030 - CMSIS Pack Vendor :STMicroelectronics X-CUBE-SFXS2LP1 4.0.0
2026-04-22 16:35:37,925 [INFO] ThirdParty:1030 - CMSIS Pack Vendor :STMicroelectronics X-CUBE-BLE2 3.3.0
2026-04-22 16:35:37,925 [INFO] ThirdParty:1030 - CMSIS Pack Vendor :Avnet-IOTCONNECT X-CUBE-iotc-st67-sdk 1.0.0
2026-04-22 16:35:37,925 [INFO] ThirdParty:1030 - CMSIS Pack Vendor :STMicroelectronics X-CUBE-TOF1 3.4.3
2026-04-22 16:35:37,925 [INFO] ThirdParty:1030 - CMSIS Pack Vendor :Infineon AIROC-Wi-Fi-Bluetooth-STM32 1.8.0
2026-04-22 16:35:37,925 [INFO] ThirdParty:1030 - CMSIS Pack Vendor :STMicroelectronics PDM2PCM 3.2.0
2026-04-22 16:35:37,925 [INFO] ThirdParty:1030 - CMSIS Pack Vendor :STMicroelectronics X-CUBE-WB05N 2.1.0
2026-04-22 16:35:37,925 [INFO] ThirdParty:1030 - CMSIS Pack Vendor :STMicroelectronics X-CUBE-ST67W61 1.2.0
2026-04-22 16:35:37,926 [INFO] ThirdParty:841 - exiting critical section [change project]
2026-04-22 16:35:38,451 [INFO] PinOutPanel:1589 - setPackage(No Configuration,No Configuration)
2026-04-22 16:35:38,456 [INFO] PinOutPanel:1589 - setPackage(STM32L432KCUx,UFQFPN32)
2026-04-22 16:35:39,033 [INFO] UtilMem:75 - Before build in PCC Used Memory: 794081336 Bytes (1073741824)
2026-04-22 16:35:39,593 [INFO] UtilMem:75 - After build in PCC Used Memory: 891598904 Bytes (1073741824)
2026-04-22 16:35:39,618 [INFO] IPUIPlugin:80 - create IPUIPlugin
2026-04-22 16:35:39,619 [INFO] IPUIPlugin:80 - create IPUIPlugin
2026-04-22 16:35:39,619 [INFO] IPUIPlugin:80 - create IPUIPlugin
2026-04-22 16:35:39,620 [INFO] IPUIPlugin:80 - create IPUIPlugin
2026-04-22 16:35:39,620 [INFO] IPUIPlugin:80 - create IPUIPlugin
2026-04-22 16:35:39,620 [INFO] IPUIPlugin:80 - create IPUIPlugin
2026-04-22 16:35:39,620 [INFO] IPUIPlugin:80 - create IPUIPlugin
2026-04-22 16:35:39,620 [INFO] IPUIPlugin:80 - create IPUIPlugin
2026-04-22 16:35:39,621 [INFO] IPUIPlugin:80 - create IPUIPlugin
2026-04-22 16:35:39,621 [INFO] IPUIPlugin:80 - create IPUIPlugin
2026-04-22 16:35:39,622 [INFO] IPUIPlugin:80 - create IPUIPlugin
2026-04-22 16:35:39,622 [INFO] IPUIPlugin:80 - create IPUIPlugin
2026-04-22 16:35:39,622 [INFO] IPUIPlugin:80 - create IPUIPlugin
2026-04-22 16:35:39,622 [INFO] IPUIPlugin:80 - create IPUIPlugin
2026-04-22 16:35:39,622 [INFO] IPUIPlugin:80 - create IPUIPlugin
2026-04-22 16:35:39,622 [INFO] IPUIPlugin:80 - create IPUIPlugin
2026-04-22 16:35:39,623 [INFO] IPUIPlugin:80 - create IPUIPlugin
2026-04-22 16:35:39,623 [INFO] IPUIPlugin:80 - create IPUIPlugin
2026-04-22 16:35:39,623 [INFO] IPUIPlugin:80 - create IPUIPlugin
2026-04-22 16:35:39,623 [INFO] IPUIPlugin:80 - create IPUIPlugin
2026-04-22 16:35:39,623 [INFO] IPUIPlugin:80 - create IPUIPlugin
2026-04-22 16:35:39,623 [INFO] IPUIPlugin:80 - create IPUIPlugin
2026-04-22 16:35:39,623 [INFO] IPUIPlugin:80 - create IPUIPlugin
2026-04-22 16:35:39,623 [INFO] IPUIPlugin:80 - create IPUIPlugin
2026-04-22 16:35:39,623 [INFO] IPUIPlugin:80 - create IPUIPlugin
2026-04-22 16:35:39,623 [INFO] IPUIPlugin:80 - create IPUIPlugin
2026-04-22 16:35:39,624 [INFO] IPUIPlugin:80 - create IPUIPlugin
2026-04-22 16:35:39,624 [INFO] IPUIPlugin:80 - create IPUIPlugin
2026-04-22 16:35:39,624 [INFO] IPUIPlugin:80 - create IPUIPlugin
2026-04-22 16:35:39,624 [INFO] IPUIPlugin:80 - create IPUIPlugin
2026-04-22 16:35:39,624 [INFO] IPUIPlugin:80 - create IPUIPlugin
2026-04-22 16:35:39,624 [INFO] IPUIPlugin:80 - create IPUIPlugin
2026-04-22 16:35:39,624 [INFO] IPUIPlugin:80 - create IPUIPlugin
2026-04-22 16:35:39,624 [INFO] IPUIPlugin:80 - create IPUIPlugin
2026-04-22 16:35:39,624 [INFO] IPUIPlugin:80 - create IPUIPlugin
2026-04-22 16:35:39,624 [INFO] IPUIPlugin:80 - create IPUIPlugin
2026-04-22 16:35:39,624 [INFO] IPUIPlugin:80 - create IPUIPlugin
2026-04-22 16:35:39,625 [INFO] IPUIPlugin:80 - create IPUIPlugin
2026-04-22 16:35:39,625 [INFO] IPUIPlugin:80 - create IPUIPlugin
2026-04-22 16:35:39,625 [INFO] IPUIPlugin:80 - create IPUIPlugin
2026-04-22 16:35:39,625 [INFO] IPUIPlugin:80 - create IPUIPlugin
2026-04-22 16:35:39,702 [INFO] CADModel:165 - CPN selected for project levelSTM32L432KCU3
2026-04-22 16:35:39,703 [INFO] CADModel:114 - Register for checkConnection events
2026-04-22 16:35:39,740 [INFO] OpenFileManager:386 - Restore cursor
2026-04-22 16:35:39,753 [INFO] ApiDb:581 - Connected to CubeFinder SQLite database (/Users/cristianpetramale/.stmcufinder/plugins/mcufinder/mcu/cube-finder-db.db)
2026-04-22 16:35:49,508 [INFO] MainUpdater:2872 - connection check result : 10
2026-04-22 16:35:49,509 [INFO] MainUpdater:2872 - connection check result : 10
2026-04-22 16:35:49,633 [INFO] MicroXplorer:468 - Change Database Path : 
2026-04-22 16:35:49,634 [INFO] MicroXplorer:498 - Change Database Version : DB.6.0.150
2026-04-22 16:35:49,651 [ERROR] ProjectManagerView:395 - 
java.lang.NullPointerException: Cannot invoke "javax.swing.JTextField.getText()" because the return value of "java.util.List.get(int)" is null
	at com.st.microxplorer.plugins.projectmanager.gui.ProjectChoiceTab$9.caretUpdate(ProjectChoiceTab.java:2706) ~[filemanager.jar:?]
	at javax.swing.text.JTextComponent.fireCaretUpdate(JTextComponent.java:408) ~[?:?]
	at javax.swing.text.JTextComponent$MutableCaretEvent.fire(JTextComponent.java:4484) ~[?:?]
	at javax.swing.text.JTextComponent$MutableCaretEvent.stateChanged(JTextComponent.java:4506) ~[?:?]
	at javax.swing.text.DefaultCaret.fireStateChanged(DefaultCaret.java:857) ~[?:?]
	at javax.swing.text.DefaultCaret.changeCaretPosition(DefaultCaret.java:1343) ~[?:?]
	at javax.swing.text.DefaultCaret.handleSetDot(DefaultCaret.java:1242) ~[?:?]
	at javax.swing.text.DefaultCaret.setDot(DefaultCaret.java:1223) ~[?:?]
	at javax.swing.text.DefaultCaret$Handler.insertUpdate(DefaultCaret.java:1819) ~[?:?]
	at javax.swing.text.AbstractDocument.fireInsertUpdate(AbstractDocument.java:227) ~[?:?]
	at javax.swing.text.AbstractDocument.handleInsertString(AbstractDocument.java:781) ~[?:?]
	at javax.swing.text.AbstractDocument.insertString(AbstractDocument.java:740) ~[?:?]
	at javax.swing.text.PlainDocument.insertString(PlainDocument.java:131) ~[?:?]
	at javax.swing.text.AbstractDocument.replace(AbstractDocument.java:699) ~[?:?]
	at javax.swing.text.JTextComponent.setText(JTextComponent.java:1725) ~[?:?]
	at com.st.microxplorer.plugins.projectmanager.gui.ProjectChoiceTab.createHeapStackFields(ProjectChoiceTab.java:993) ~[filemanager.jar:?]
	at com.st.microxplorer.plugins.projectmanager.gui.ProjectChoiceTab.buildLinkSettingsPanel(ProjectChoiceTab.java:3813) ~[filemanager.jar:?]
	at com.st.microxplorer.plugins.projectmanager.gui.ProjectChoiceTab.defineWindowsFields(ProjectChoiceTab.java:1987) ~[filemanager.jar:?]
	at com.st.microxplorer.plugins.projectmanager.gui.ProjectChoiceTab.updateSettings(ProjectChoiceTab.java:558) ~[filemanager.jar:?]
	at com.st.microxplorer.plugins.projectmanager.gui.ProjectSettingsPanel.UpdateDialog(ProjectSettingsPanel.java:247) ~[filemanager.jar:?]
	at com.st.microxplorer.plugins.projectmanager.ProjectManagerView.propertyChange(ProjectManagerView.java:392) ~[filemanager.jar:?]
	at java.beans.PropertyChangeSupport.fire(PropertyChangeSupport.java:343) ~[?:?]
	at java.beans.PropertyChangeSupport.firePropertyChange(PropertyChangeSupport.java:335) ~[?:?]
	at java.beans.PropertyChangeSupport.firePropertyChange(PropertyChangeSupport.java:268) ~[?:?]
	at com.st.microxplorer.util.MXPropertyChangeSupport.firePropertyChange(MXPropertyChangeSupport.java:54) ~[STM32CubeMX.jar:?]
	at com.st.microxplorer.mxsystem.MxSystem.closeConfig(MxSystem.java:899) ~[STM32CubeMX.jar:?]
	at com.st.microxplorer.maingui.MainPanel.closeConfig(MainPanel.java:792) ~[STM32CubeMX.jar:?]
	at com.st.microxplorer.plugins.filemanager.engine.OpenFileManager.loadConfigurationFile(OpenFileManager.java:288) ~[filemanager.jar:?]
	at com.st.microxplorer.plugins.filemanager.engine.MainFileManager.userLoadConfig(MainFileManager.java:364) ~[filemanager.jar:?]
	at com.st.microxplorer.plugins.filemanager.engine.MainFileManager.userLoadConfig(MainFileManager.java:342) ~[filemanager.jar:?]
	at com.st.microxplorer.plugins.filemanager.FileManagerView.getSpecificTask(FileManagerView.java:264) ~[filemanager.jar:?]
	at com.st.stm32cube.common.mx.editor.CubeMxEditor.getMxTabbedPaneInstance(CubeMxEditor.java:1198) ~[com.st.stm32cube.common.mx_6.15.0.202507011659/:?]
	at com.st.stm32cube.common.mx.editor.CubeMxEditor$12$1.createSwingComponent(CubeMxEditor.java:1068) ~[com.st.stm32cube.common.mx_6.15.0.202507011659/:?]
	at com.st.stm32cube.common.mx.oss.core.awtswtbridge.EmbeddedSwingComposite.doComponentCreation(EmbeddedSwingComposite.java:492) ~[com.st.stm32cube.common.mx.oss_6.15.0.202507011659/:?]
	at com.st.stm32cube.common.mx.oss.core.awtswtbridge.EmbeddedSwingComposite$4.run(EmbeddedSwingComposite.java:291) ~[com.st.stm32cube.common.mx.oss_6.15.0.202507011659/:?]
	at com.st.stm32cube.common.mx.oss.core.awtswtbridge.AwtEnvironment$2.run(AwtEnvironment.java:166) ~[com.st.stm32cube.common.mx.oss_6.15.0.202507011659/:?]
	at java.awt.event.InvocationEvent.dispatch(InvocationEvent.java:318) ~[?:?]
	at java.awt.EventQueue.dispatchEventImpl(EventQueue.java:773) ~[?:?]
	at java.awt.EventQueue$4.run(EventQueue.java:720) ~[?:?]
	at java.awt.EventQueue$4.run(EventQueue.java:714) ~[?:?]
	at java.security.AccessController.doPrivileged(AccessController.java:400) ~[?:?]
	at java.security.ProtectionDomain$JavaSecurityAccessImpl.doIntersectionPrivilege(ProtectionDomain.java:87) ~[?:?]
	at java.awt.EventQueue.dispatchEvent(EventQueue.java:742) ~[?:?]
	at java.awt.EventDispatchThread.pumpOneEventForFilters(EventDispatchThread.java:203) ~[?:?]
	at java.awt.EventDispatchThread.pumpEventsForFilter(EventDispatchThread.java:124) ~[?:?]
	at java.awt.EventDispatchThread.pumpEventsForHierarchy(EventDispatchThread.java:113) ~[?:?]
	at java.awt.EventDispatchThread.pumpEvents(EventDispatchThread.java:109) ~[?:?]
	at java.awt.EventDispatchThread.pumpEvents(EventDispatchThread.java:101) ~[?:?]
	at java.awt.EventDispatchThread.run(EventDispatchThread.java:90) ~[?:?]
2026-04-22 16:35:49,654 [WARN] ThirdParty:871 - waiting for thirdparty lock release [close project]
2026-04-22 16:35:49,654 [INFO] ThirdParty:873 - entering critical section [close project]
2026-04-22 16:35:49,654 [INFO] ThirdParty:883 - exiting critical section [close project]
2026-04-22 16:35:49,655 [INFO] PinOutPanel:1589 - setPackage(No Configuration,No Configuration)
2026-04-22 16:35:49,657 [INFO] UtilMem:75 - Begin LoadConfig() Used Memory: 999602232 Bytes (1073741824)
2026-04-22 16:35:49,659 [INFO] MicroXplorer:468 - Change Database Path : 
2026-04-22 16:35:49,659 [INFO] MicroXplorer:498 - Change Database Version : DB.6.0.150
2026-04-22 16:35:49,659 [INFO] OpenFileManager:355 - Change cursor
2026-04-22 16:35:49,670 [INFO] Mcu:2029 - Initializing MCU STM32L432K(B-C)Ux STM32L432KCUx STM32L432KCU3
2026-04-22 16:35:50,668 [INFO] Context:786 - Trying to add GPIOservice into a context  which must be forbidden
2026-04-22 16:35:51,007 [INFO] ImportTextPane:234 - (OptionalMessage_ERROR) Pin0 (VP_RIF_VS_RIF1) cannot be retrieved for this MCU
2026-04-22 16:35:51,065 [INFO] RtosManager:558 - Registered RTOS mode: class=CMSIS, group=RTOS, mode=CMSIS_V1, owner=FREERTOS
2026-04-22 16:35:51,066 [INFO] RtosManager:558 - Registered RTOS mode: class=CMSIS, group=RTOS2, mode=CMSIS_V2, owner=FREERTOS
2026-04-22 16:35:51,066 [INFO] RtosManager:558 - Registered RTOS mode: class=RTOS, group=Core, mode=CMSIS_V1, owner=FREERTOS
2026-04-22 16:35:51,066 [INFO] RtosManager:558 - Registered RTOS mode: class=RTOS, group=Core, mode=CMSIS_V2, owner=FREERTOS
2026-04-22 16:35:51,066 [WARN] ModelIntegratedComponent:184 - Missing modes for component STMicroelectronics:FreeRTOS:0.0.1:STMicroelectronics:RTOS:FreeRTOS:Core:::10.2.0:
2026-04-22 16:35:51,080 [WARN] ModelIntegratedComponent:63 - No mode defined for component null
2026-04-22 16:35:51,080 [WARN] ModelIntegratedComponent:63 - No mode defined for component null
2026-04-22 16:35:51,080 [WARN] ModelIntegratedComponent:63 - No mode defined for component null
2026-04-22 16:35:51,080 [WARN] ModelIntegratedComponent:63 - No mode defined for component null
2026-04-22 16:35:51,080 [WARN] ModelIntegratedComponent:63 - No mode defined for component null
2026-04-22 16:35:51,081 [WARN] ModelIntegratedComponent:63 - No mode defined for component null
2026-04-22 16:35:51,081 [WARN] ModelIntegratedComponent:63 - No mode defined for component null
2026-04-22 16:35:51,081 [WARN] ModelIntegratedComponent:63 - No mode defined for component null
2026-04-22 16:35:51,081 [WARN] ModelIntegratedComponent:63 - No mode defined for component null
2026-04-22 16:35:51,081 [WARN] ModelIntegratedComponent:63 - No mode defined for component null
2026-04-22 16:35:51,081 [WARN] ModelIntegratedComponent:63 - No mode defined for component null
2026-04-22 16:35:51,081 [WARN] ModelIntegratedComponent:63 - No mode defined for component null
2026-04-22 16:35:51,081 [WARN] ModelIntegratedComponent:63 - No mode defined for component null
2026-04-22 16:35:51,081 [WARN] ModelIntegratedComponent:63 - No mode defined for component null
2026-04-22 16:35:51,081 [WARN] ModelIntegratedComponent:63 - No mode defined for component null
2026-04-22 16:35:51,081 [WARN] ModelIntegratedComponent:63 - No mode defined for component null
2026-04-22 16:35:51,081 [WARN] ModelIntegratedComponent:63 - No mode defined for component null
2026-04-22 16:35:51,081 [WARN] ModelIntegratedComponent:63 - No mode defined for component null
2026-04-22 16:35:51,081 [WARN] ModelIntegratedComponent:63 - No mode defined for component null
2026-04-22 16:35:51,081 [WARN] ModelIntegratedComponent:63 - No mode defined for component null
2026-04-22 16:35:51,081 [WARN] ModelIntegratedComponent:63 - No mode defined for component null
2026-04-22 16:35:51,081 [WARN] ModelIntegratedComponent:63 - No mode defined for component null
2026-04-22 16:35:51,081 [WARN] ModelIntegratedComponent:63 - No mode defined for component null
2026-04-22 16:35:51,081 [WARN] ModelIntegratedComponent:63 - No mode defined for component null
2026-04-22 16:35:51,081 [WARN] ModelIntegratedComponent:63 - No mode defined for component null
2026-04-22 16:35:51,081 [WARN] ModelIntegratedComponent:63 - No mode defined for component null
2026-04-22 16:35:51,081 [WARN] ModelIntegratedComponent:63 - No mode defined for component null
2026-04-22 16:35:51,081 [WARN] ModelIntegratedComponent:63 - No mode defined for component null
2026-04-22 16:35:51,081 [WARN] ModelIntegratedComponent:63 - No mode defined for component null
2026-04-22 16:35:51,081 [WARN] ModelIntegratedComponent:63 - No mode defined for component null
2026-04-22 16:35:51,081 [WARN] ModelIntegratedComponent:63 - No mode defined for component null
2026-04-22 16:35:51,081 [WARN] ModelIntegratedComponent:63 - No mode defined for component null
2026-04-22 16:35:51,081 [WARN] ModelIntegratedComponent:63 - No mode defined for component null
2026-04-22 16:35:51,081 [WARN] ModelIntegratedComponent:63 - No mode defined for component null
2026-04-22 16:35:51,081 [WARN] ModelIntegratedComponent:63 - No mode defined for component null
2026-04-22 16:35:51,082 [WARN] ModelPack:524 - Component already loaded: STMicroelectronics:HAL Drivers:0.0.0:STMicroelectronics:Device:STMicro_Driver:XSPI:HAL::0.0.1:HAL_XSPI
2026-04-22 16:35:51,098 [INFO] ThirdPartyModel:298 - Start build external matchings
2026-04-22 16:35:51,159 [INFO] ThirdPartyModel:316 - End build external matchings
2026-04-22 16:35:51,283 [INFO] UtilMem:75 - End LoadConfig() Used Memory: 878355816 Bytes (1073741824)
2026-04-22 16:35:51,366 [WARN] ThirdParty:833 - waiting for thirdparty lock release [change project]
2026-04-22 16:35:51,371 [INFO] ThirdParty:835 - entering critical section [change project]
2026-04-22 16:35:51,371 [INFO] ThirdParty:1030 - CMSIS Pack Vendor :STMicroelectronics X-CUBE-AZRTOS-H7 3.5.0
2026-04-22 16:35:51,372 [INFO] ThirdParty:1030 - CMSIS Pack Vendor :STMicroelectronics X-CUBE-PM33A1 1.0.0
2026-04-22 16:35:51,372 [INFO] ThirdParty:1030 - CMSIS Pack Vendor :STMicroelectronics USBPD 4.1
2026-04-22 16:35:51,372 [INFO] ThirdParty:1030 - CMSIS Pack Vendor :STMicroelectronics X-CUBE-NFC9 1.0.0
2026-04-22 16:35:51,372 [INFO] ThirdParty:1030 - CMSIS Pack Vendor :STMicroelectronics USB_HOST 2.0.0
2026-04-22 16:35:51,372 [INFO] ThirdParty:1030 - CMSIS Pack Vendor :STMicroelectronics X-CUBE-AZRTOS-F4 1.1.0
2026-04-22 16:35:51,372 [INFO] ThirdParty:1030 - CMSIS Pack Vendor :STMicroelectronics LIBJPEG 8.0.0
2026-04-22 16:35:51,372 [INFO] ThirdParty:1030 - CMSIS Pack Vendor :STMicroelectronics FP-ATR-ASTRA1 2.0.2
2026-04-22 16:35:51,372 [INFO] ThirdParty:1030 - CMSIS Pack Vendor :STMicroelectronics X-CUBE-BLE1 7.1.0
2026-04-22 16:35:51,372 [INFO] ThirdParty:1030 - CMSIS Pack Vendor :STMicroelectronics X-CUBE-SMBUS 2.1.0
2026-04-22 16:35:51,372 [INFO] ThirdParty:1030 - CMSIS Pack Vendor :wolfSSL I-CUBE-wolfMQTT 1.19.2
2026-04-22 16:35:51,372 [INFO] ThirdParty:1030 - CMSIS Pack Vendor :STMicroelectronics USB_DEVICE 3.0.0
2026-04-22 16:35:51,372 [INFO] ThirdParty:1030 - CMSIS Pack Vendor :STMicroelectronics X-CUBE-ISPU 2.1.0
2026-04-22 16:35:51,372 [INFO] ThirdParty:1030 - CMSIS Pack Vendor :STMicroelectronics eDS-WB_DPC_TT-BIDIR 2.1.1
2026-04-22 16:35:51,372 [INFO] ThirdParty:1030 - CMSIS Pack Vendor :STMicroelectronics X-CUBE-AZRTOS-WB 2.0.0
2026-04-22 16:35:51,372 [INFO] ThirdParty:1030 - CMSIS Pack Vendor :wolfSSL I-CUBE-wolfSSL 5.8.4
2026-04-22 16:35:51,372 [INFO] ThirdParty:1030 - CMSIS Pack Vendor :Cesanta I-CUBE-Mongoose 7.20.0
2026-04-22 16:35:51,372 [INFO] ThirdParty:1030 - CMSIS Pack Vendor :STMicroelectronics X-CUBE-AZRTOS-F7 1.1.0
2026-04-22 16:35:51,372 [INFO] ThirdParty:1030 - CMSIS Pack Vendor :STMicroelectronics X-CUBE-AZRTOS-L5 2.0.0
2026-04-22 16:35:51,372 [INFO] ThirdParty:1030 - CMSIS Pack Vendor :STMicroelectronics USB_DEVICE 2.0.0
2026-04-22 16:35:51,372 [INFO] ThirdParty:1030 - CMSIS Pack Vendor :quantropi X-CUBE-qispace-sdk-base 2.1.0
2026-04-22 16:35:51,372 [INFO] ThirdParty:1030 - CMSIS Pack Vendor :STMicroelectronics X-CUBE-STSE01 2.0.0
2026-04-22 16:35:51,372 [INFO] ThirdParty:1030 - CMSIS Pack Vendor :STMicroelectronics FreeRTOS 0.0.1
2026-04-22 16:35:51,372 [INFO] ThirdParty:1030 - CMSIS Pack Vendor :STMicroelectronics X-CUBE-AZRTOS-G0 1.1.0
2026-04-22 16:35:51,372 [INFO] ThirdParty:1030 - CMSIS Pack Vendor :STMicroelectronics X-CUBE-NFC4 3.0.0
2026-04-22 16:35:51,372 [INFO] ThirdParty:1030 - CMSIS Pack Vendor :STMicroelectronics X-CUBE-SUBG2 5.0.0
2026-04-22 16:35:51,372 [INFO] ThirdParty:1030 - CMSIS Pack Vendor :STMicroelectronics STM32_WPAN 1.0.0
2026-04-22 16:35:51,372 [INFO] ThirdParty:1030 - CMSIS Pack Vendor :STMicroelectronics eDS-WB_DPC_VIENNA 1.2.0
2026-04-22 16:35:51,372 [INFO] ThirdParty:1030 - CMSIS Pack Vendor :EmbeddedOffice I-CUBE-FS-RTOS 1.0.1
2026-04-22 16:35:51,372 [INFO] ThirdParty:1030 - CMSIS Pack Vendor :STMicroelectronics lwIP 2.0.3
2026-04-22 16:35:51,372 [INFO] ThirdParty:1030 - CMSIS Pack Vendor :WES I-CUBE-Cesium 1.4.0
2026-04-22 16:35:51,372 [INFO] ThirdParty:1030 - CMSIS Pack Vendor :STMicroelectronics eDS-WB_DPC_3PH2L-BIDIR 1.1.1
2026-04-22 16:35:51,372 [INFO] ThirdParty:1030 - CMSIS Pack Vendor :STMicroelectronics USB_HOST 1.0.0
2026-04-22 16:35:51,372 [INFO] ThirdParty:1030 - CMSIS Pack Vendor :STMicroelectronics X-CUBE-AZRTOS-G4 2.0.0
2026-04-22 16:35:51,372 [INFO] ThirdParty:1030 - CMSIS Pack Vendor :STMicroelectronics PDM2PCM 3.1.0
2026-04-22 16:35:51,372 [INFO] ThirdParty:1030 - CMSIS Pack Vendor :STMicroelectronics PDM2PCM 3.3.0
2026-04-22 16:35:51,372 [INFO] ThirdParty:1030 - CMSIS Pack Vendor :wolfSSL I-CUBE-wolfTPM 3.8.0
2026-04-22 16:35:51,372 [INFO] ThirdParty:1030 - CMSIS Pack Vendor :STMicroelectronics X-CUBE-DISPLAY 3.0.0
2026-04-22 16:35:51,372 [INFO] ThirdParty:1030 - CMSIS Pack Vendor :wolfSSL I-CUBE-wolfSSH 1.4.20
2026-04-22 16:35:51,372 [INFO] ThirdParty:1030 - CMSIS Pack Vendor :STMicroelectronics X-CUBE-NFC7 2.0.0
2026-04-22 16:35:51,372 [INFO] ThirdParty:1030 - CMSIS Pack Vendor :STMicroelectronics X-CUBE-TCPP 4.2.0
2026-04-22 16:35:51,372 [INFO] ThirdParty:1030 - CMSIS Pack Vendor :RealThread X-CUBE-RT-Thread_Nano 4.1.1
2026-04-22 16:35:51,372 [INFO] ThirdParty:1030 - CMSIS Pack Vendor :STMicroelectronics FP-ATR-SIGFOX1 3.2.0
2026-04-22 16:35:51,372 [INFO] ThirdParty:1030 - CMSIS Pack Vendor :STMicroelectronics X-CUBE-NFC10 1.0.0
2026-04-22 16:35:51,372 [INFO] ThirdParty:1030 - CMSIS Pack Vendor :STMicroelectronics HAL Drivers 0.0.0
2026-04-22 16:35:51,372 [INFO] ThirdParty:1030 - CMSIS Pack Vendor :STMicroelectronics MBEDTLS 2.16.2
2026-04-22 16:35:51,372 [INFO] ThirdParty:1030 - CMSIS Pack Vendor :STMicroelectronics X-CUBE-ST60 1.1.0
2026-04-22 16:35:51,372 [INFO] ThirdParty:1030 - CMSIS Pack Vendor :STMicroelectronics X-CUBE-ALS 1.0.2
2026-04-22 16:35:51,372 [INFO] ThirdParty:1030 - CMSIS Pack Vendor :emotas I-CUBE-CANOPEN 1.3.0
2026-04-22 16:35:51,372 [INFO] ThirdParty:1030 - CMSIS Pack Vendor :STMicroelectronics MBEDTLS 2.14.1
2026-04-22 16:35:51,372 [INFO] ThirdParty:1030 - CMSIS Pack Vendor :ITTIA_DB I-CUBE-ITTIADB 8.9.0
2026-04-22 16:35:51,372 [INFO] ThirdParty:1030 - CMSIS Pack Vendor :STMicroelectronics X-CUBE-TOUCHGFX 4.26.1
2026-04-22 16:35:51,372 [INFO] ThirdParty:1030 - CMSIS Pack Vendor :STMicroelectronics ThreadX 1.0.0
2026-04-22 16:35:51,372 [INFO] ThirdParty:1030 - CMSIS Pack Vendor :STMicroelectronics FP-SNS-SMARTAG2 1.2.0
2026-04-22 16:35:51,372 [INFO] ThirdParty:1030 - CMSIS Pack Vendor :STMicroelectronics FP-SNS-FLIGHT1 5.1.0
2026-04-22 16:35:51,372 [INFO] ThirdParty:1030 - CMSIS Pack Vendor :STMicroelectronics X-CUBE-AZRTOS-WL 2.0.0
2026-04-22 16:35:51,372 [INFO] ThirdParty:1030 - CMSIS Pack Vendor :SEGGER I-CUBE-embOS 1.3.1
2026-04-22 16:35:51,372 [INFO] ThirdParty:1030 - CMSIS Pack Vendor :STMicroelectronics X-CUBE-ALGOBUILD 1.4.0
2026-04-22 16:35:51,372 [INFO] ThirdParty:1030 - CMSIS Pack Vendor :STMicroelectronics X-CUBE-DPower 1.3.0
2026-04-22 16:35:51,372 [INFO] ThirdParty:1030 - CMSIS Pack Vendor :STMicroelectronics USB_DEVICE 1.0.0
2026-04-22 16:35:51,372 [INFO] ThirdParty:1030 - CMSIS Pack Vendor :STMicroelectronics X-CUBE-AZRTOS-H7RS 1.2.0
2026-04-22 16:35:51,372 [INFO] ThirdParty:1030 - CMSIS Pack Vendor :STMicroelectronics X-CUBE-AZRTOS-L4 2.0.0
2026-04-22 16:35:51,372 [INFO] ThirdParty:1030 - CMSIS Pack Vendor :STMicroelectronics ThreadX 0.0.2
2026-04-22 16:35:51,372 [INFO] ThirdParty:1030 - CMSIS Pack Vendor :STMicroelectronics lwIP 2.1.2
2026-04-22 16:35:51,372 [INFO] ThirdParty:1030 - CMSIS Pack Vendor :STMicroelectronics X-CUBE-SFXS2LP1 4.0.0
2026-04-22 16:35:51,372 [INFO] ThirdParty:1030 - CMSIS Pack Vendor :STMicroelectronics X-CUBE-BLE2 3.3.0
2026-04-22 16:35:51,372 [INFO] ThirdParty:1030 - CMSIS Pack Vendor :Avnet-IOTCONNECT X-CUBE-iotc-st67-sdk 1.0.0
2026-04-22 16:35:51,373 [INFO] ThirdParty:1030 - CMSIS Pack Vendor :STMicroelectronics X-CUBE-TOF1 3.4.3
2026-04-22 16:35:51,373 [INFO] ThirdParty:1030 - CMSIS Pack Vendor :Infineon AIROC-Wi-Fi-Bluetooth-STM32 1.8.0
2026-04-22 16:35:51,373 [INFO] ThirdParty:1030 - CMSIS Pack Vendor :STMicroelectronics PDM2PCM 3.2.0
2026-04-22 16:35:51,373 [INFO] ThirdParty:1030 - CMSIS Pack Vendor :STMicroelectronics X-CUBE-WB05N 2.1.0
2026-04-22 16:35:51,373 [INFO] ThirdParty:1030 - CMSIS Pack Vendor :STMicroelectronics X-CUBE-ST67W61 1.2.0
2026-04-22 16:35:51,374 [INFO] ThirdParty:841 - exiting critical section [change project]
2026-04-22 16:35:51,760 [INFO] PinOutPanel:1589 - setPackage(No Configuration,No Configuration)
2026-04-22 16:35:51,763 [INFO] PinOutPanel:1589 - setPackage(STM32L432KCUx,UFQFPN32)
2026-04-22 16:35:52,284 [INFO] UtilMem:75 - Before build in PCC Used Memory: 677350856 Bytes (1073741824)
2026-04-22 16:35:52,887 [INFO] UtilMem:75 - After build in PCC Used Memory: 769103304 Bytes (1073741824)
2026-04-22 16:35:52,948 [INFO] IPUIPlugin:80 - create IPUIPlugin
2026-04-22 16:35:52,950 [INFO] IPUIPlugin:80 - create IPUIPlugin
2026-04-22 16:35:52,950 [INFO] IPUIPlugin:80 - create IPUIPlugin
2026-04-22 16:35:52,950 [INFO] IPUIPlugin:80 - create IPUIPlugin
2026-04-22 16:35:52,950 [INFO] IPUIPlugin:80 - create IPUIPlugin
2026-04-22 16:35:52,950 [INFO] IPUIPlugin:80 - create IPUIPlugin
2026-04-22 16:35:52,951 [INFO] IPUIPlugin:80 - create IPUIPlugin
2026-04-22 16:35:52,951 [INFO] IPUIPlugin:80 - create IPUIPlugin
2026-04-22 16:35:52,951 [INFO] IPUIPlugin:80 - create IPUIPlugin
2026-04-22 16:35:52,951 [INFO] IPUIPlugin:80 - create IPUIPlugin
2026-04-22 16:35:52,951 [INFO] IPUIPlugin:80 - create IPUIPlugin
2026-04-22 16:35:52,951 [INFO] IPUIPlugin:80 - create IPUIPlugin
2026-04-22 16:35:52,951 [INFO] IPUIPlugin:80 - create IPUIPlugin
2026-04-22 16:35:52,951 [INFO] IPUIPlugin:80 - create IPUIPlugin
2026-04-22 16:35:52,952 [INFO] IPUIPlugin:80 - create IPUIPlugin
2026-04-22 16:35:52,952 [INFO] IPUIPlugin:80 - create IPUIPlugin
2026-04-22 16:35:52,952 [INFO] IPUIPlugin:80 - create IPUIPlugin
2026-04-22 16:35:52,952 [INFO] IPUIPlugin:80 - create IPUIPlugin
2026-04-22 16:35:52,952 [INFO] IPUIPlugin:80 - create IPUIPlugin
2026-04-22 16:35:52,952 [INFO] IPUIPlugin:80 - create IPUIPlugin
2026-04-22 16:35:52,952 [INFO] IPUIPlugin:80 - create IPUIPlugin
2026-04-22 16:35:52,953 [INFO] IPUIPlugin:80 - create IPUIPlugin
2026-04-22 16:35:52,953 [INFO] IPUIPlugin:80 - create IPUIPlugin
2026-04-22 16:35:52,953 [INFO] IPUIPlugin:80 - create IPUIPlugin
2026-04-22 16:35:52,953 [INFO] IPUIPlugin:80 - create IPUIPlugin
2026-04-22 16:35:52,953 [INFO] IPUIPlugin:80 - create IPUIPlugin
2026-04-22 16:35:52,953 [INFO] IPUIPlugin:80 - create IPUIPlugin
2026-04-22 16:35:52,953 [INFO] IPUIPlugin:80 - create IPUIPlugin
2026-04-22 16:35:52,953 [INFO] IPUIPlugin:80 - create IPUIPlugin
2026-04-22 16:35:52,953 [INFO] IPUIPlugin:80 - create IPUIPlugin
2026-04-22 16:35:52,953 [INFO] IPUIPlugin:80 - create IPUIPlugin
2026-04-22 16:35:52,953 [INFO] IPUIPlugin:80 - create IPUIPlugin
2026-04-22 16:35:52,954 [INFO] IPUIPlugin:80 - create IPUIPlugin
2026-04-22 16:35:52,954 [INFO] IPUIPlugin:80 - create IPUIPlugin
2026-04-22 16:35:52,954 [INFO] IPUIPlugin:80 - create IPUIPlugin
2026-04-22 16:35:52,955 [INFO] IPUIPlugin:80 - create IPUIPlugin
2026-04-22 16:35:52,959 [INFO] IPUIPlugin:80 - create IPUIPlugin
2026-04-22 16:35:52,960 [INFO] IPUIPlugin:80 - create IPUIPlugin
2026-04-22 16:35:52,960 [INFO] IPUIPlugin:80 - create IPUIPlugin
2026-04-22 16:35:52,960 [INFO] IPUIPlugin:80 - create IPUIPlugin
2026-04-22 16:35:52,960 [INFO] IPUIPlugin:80 - create IPUIPlugin
2026-04-22 16:35:53,026 [INFO] CADModel:165 - CPN selected for project levelSTM32L432KCU3
2026-04-22 16:35:53,026 [INFO] CADModel:114 - Register for checkConnection events
2026-04-22 16:35:53,073 [INFO] OpenFileManager:386 - Restore cursor
2026-04-22 16:36:26,765 [INFO] MainUpdater:2872 - connection check result : 10
2026-04-22 16:36:26,953 [INFO] McuFinderGlobals:76 - Set McuFinderConnectedMode to true
2026-04-22 16:36:26,956 [INFO] MultiScanPanel:200 - Auto-refresh data requested => check proxy status ongoing
2026-04-22 16:36:26,958 [INFO] FinderPluginLoader:96 - Searching for filters in installed packs
2026-04-22 16:36:28,211 [INFO] LoadUrlFilesThread:185 - End of LoadServerUrlFiles without Thread
2026-04-22 16:36:28,213 [INFO] DetailPanel:341 - Set advertising image to /Users/cristianpetramale/STM32Cube/Repository//en.prom-stm32u3b5-u3c5-0426.jpg
2026-04-22 16:36:31,492 [INFO] McuFinderGlobals:76 - Set McuFinderConnectedMode to true
2026-04-22 16:36:34,156 [INFO] ApiDb:448 - Save user favorites file /Users/cristianpetramale/.stm32cubeide/favorites.mcus.txt: 0 item(s)
2026-04-22 16:36:34,159 [INFO] ApiDb:452 - User favorites MCUs=[]
2026-04-22 16:37:22,207 [INFO] Activator:176 - 


2026-04-22 16:37:22,209 [INFO] Activator:177 - !SESSION log4j initialized
2026-04-22 16:37:25,702 [INFO] LogOutputStream:77 - [STDOUT_REDIRECT] 
2026-04-22 16:37:26,638 [ERROR] LogOutputStream:75 - [STDERR_REDIRECT] 
2026-04-22 16:37:28,481 [INFO] LogOutputStream:77 - [STDOUT_REDIRECT] 
2026-04-22 16:37:29,662 [INFO] ApplicationProperties:184 - Using Application install path: /Applications/STM32CubeIDE.app/Contents/Eclipse/plugins/com.st.stm32cube.common.mx_6.15.0.202507011659
2026-04-22 16:37:29,692 [INFO] DbMcusXml:78 - Set database path to: /Applications/STM32CubeIDE.app/Contents/Eclipse/plugins/com.st.stm32cube.common.mx_6.15.0.202507011659//db//mcu/
2026-04-22 16:37:29,693 [INFO] ApiDb:274 - Set plugin database path to: /Applications/STM32CubeIDE.app/Contents/Eclipse/plugins/com.st.stm32cube.common.mx_6.15.0.202507011659//db//plugins/boardmanager/
2026-04-22 16:37:29,697 [WARN] ApiDb:259 - Overriding images path with different value:  => /Applications/STM32CubeIDE.app/Contents/Eclipse/plugins/com.st.stm32cube.common.mx_6.15.0.202507011659//db//plugins/mcufinder/images/
2026-04-22 16:37:29,710 [INFO] ApiDb:250 - Set database path to: /Users/cristianpetramale/.stmcufinder/plugins/mcufinder//mcu/
2026-04-22 16:37:29,711 [INFO] DbMcusAds:125 - Set database path to: /Users/cristianpetramale/.stmcufinder/plugins/mcufinder//mcu/
2026-04-22 16:37:29,712 [INFO] CrossReferenceDbSqlite:203 - Set database path to: /Users/cristianpetramale/.stmcufinder/plugins/mcufinder//mcu/cs/
2026-04-22 16:37:29,863 [INFO] RulesReader:64 - Compatibility file has been processed (317 Rules)
2026-04-22 16:37:29,909 [INFO] DbMcusXml:78 - Set database path to: /Applications/STM32CubeIDE.app/Contents/Eclipse/plugins/com.st.stm32cube.common.mx_6.15.0.202507011659//db//mcu/
2026-04-22 16:37:29,909 [INFO] ApiDb:274 - Set plugin database path to: /Applications/STM32CubeIDE.app/Contents/Eclipse/plugins/com.st.stm32cube.common.mx_6.15.0.202507011659//db//plugins/boardmanager/
2026-04-22 16:37:29,909 [INFO] ApiDb:261 - Set plugin images path to: /Applications/STM32CubeIDE.app/Contents/Eclipse/plugins/com.st.stm32cube.common.mx_6.15.0.202507011659//db//plugins/mcufinder/images/
2026-04-22 16:37:29,910 [WARN] DbFile:41 - Overriding database path with different value: /Users/cristianpetramale/.stmcufinder/plugins/mcufinder/ => /Users/cristianpetramale/.stmcufinder/plugins/mcufinder
2026-04-22 16:37:29,910 [INFO] ApiDb:250 - Set database path to: /Users/cristianpetramale/.stmcufinder/plugins/mcufinder//mcu/
2026-04-22 16:37:29,910 [WARN] DbFile:41 - Overriding database path with different value: /Users/cristianpetramale/.stmcufinder/plugins/mcufinder/ => /Users/cristianpetramale/.stmcufinder/plugins/mcufinder
2026-04-22 16:37:29,910 [INFO] DbMcusAds:125 - Set database path to: /Users/cristianpetramale/.stmcufinder/plugins/mcufinder//mcu/
2026-04-22 16:37:29,910 [WARN] DbFile:41 - Overriding database path with different value: /Users/cristianpetramale/.stmcufinder/plugins/mcufinder/ => /Users/cristianpetramale/.stmcufinder/plugins/mcufinder
2026-04-22 16:37:29,910 [WARN] DbFile:41 - Overriding database path with different value: /Users/cristianpetramale/.stmcufinder/plugins/mcufinder/ => /Users/cristianpetramale/.stmcufinder/plugins/mcufinder
2026-04-22 16:37:29,910 [INFO] CrossReferenceDbSqlite:203 - Set database path to: /Users/cristianpetramale/.stmcufinder/plugins/mcufinder//mcu/cs/
2026-04-22 16:37:29,973 [INFO] MainPanel:274 - HeapMemory: 268435456
2026-04-22 16:37:30,313 [INFO] DbMcusXml:78 - Set database path to: /Applications/STM32CubeIDE.app/Contents/Eclipse/plugins/com.st.stm32cube.common.mx_6.15.0.202507011659//db//mcu/
2026-04-22 16:37:30,313 [INFO] ApiDb:274 - Set plugin database path to: /Applications/STM32CubeIDE.app/Contents/Eclipse/plugins/com.st.stm32cube.common.mx_6.15.0.202507011659//db//plugins/boardmanager/
2026-04-22 16:37:30,313 [INFO] ApiDb:261 - Set plugin images path to: /Applications/STM32CubeIDE.app/Contents/Eclipse/plugins/com.st.stm32cube.common.mx_6.15.0.202507011659//db//plugins/mcufinder/images/
2026-04-22 16:37:30,314 [WARN] DbFile:41 - Overriding database path with different value: /Users/cristianpetramale/.stmcufinder/plugins/mcufinder/ => /Users/cristianpetramale/.stmcufinder/plugins/mcufinder
2026-04-22 16:37:30,314 [INFO] ApiDb:250 - Set database path to: /Users/cristianpetramale/.stmcufinder/plugins/mcufinder//mcu/
2026-04-22 16:37:30,314 [WARN] DbFile:41 - Overriding database path with different value: /Users/cristianpetramale/.stmcufinder/plugins/mcufinder/ => /Users/cristianpetramale/.stmcufinder/plugins/mcufinder
2026-04-22 16:37:30,314 [INFO] DbMcusAds:125 - Set database path to: /Users/cristianpetramale/.stmcufinder/plugins/mcufinder//mcu/
2026-04-22 16:37:30,314 [WARN] DbFile:41 - Overriding database path with different value: /Users/cristianpetramale/.stmcufinder/plugins/mcufinder/ => /Users/cristianpetramale/.stmcufinder/plugins/mcufinder
2026-04-22 16:37:30,314 [WARN] DbFile:41 - Overriding database path with different value: /Users/cristianpetramale/.stmcufinder/plugins/mcufinder/ => /Users/cristianpetramale/.stmcufinder/plugins/mcufinder
2026-04-22 16:37:30,314 [INFO] CrossReferenceDbSqlite:203 - Set database path to: /Users/cristianpetramale/.stmcufinder/plugins/mcufinder//mcu/cs/
2026-04-22 16:37:30,333 [INFO] ApplicationProperties:184 - Using Application install path: /Applications/STM32CubeIDE.app/Contents/Eclipse/plugins/com.st.stm32cube.common.mx_6.15.0.202507011659
2026-04-22 16:37:30,334 [INFO] PluginManage:196 - Search for loadable plugins [exclusion list=, ]
2026-04-22 16:37:30,335 [INFO] PluginManage:310 - Check plugin analytics
2026-04-22 16:37:30,570 [INFO] AnalyticsPlugin:253 - Accepted Software Licenses: 
2026-04-22 16:37:30,570 [INFO] AnalyticsPlugin:255 - Accepted CMSIS Pack Licenses: 
2026-04-22 16:37:30,570 [INFO] AnalyticsPlugin:257 - Accepted Firmware Licenses: FW.L4.1.18.0
2026-04-22 16:37:30,571 [INFO] PluginManage:359 - Loaded plugin analytics (category:tool,tabindex:-1)
2026-04-22 16:37:30,576 [INFO] PluginManage:310 - Check plugin cadmodel
2026-04-22 16:37:30,595 [INFO] CADModel:105 - Init CAD model plugin
2026-04-22 16:37:30,595 [INFO] PluginManage:359 - Loaded plugin cadmodel (category:power,tabindex:5)
2026-04-22 16:37:30,596 [INFO] PluginManage:310 - Check plugin clock
2026-04-22 16:37:30,605 [INFO] PluginManage:359 - Loaded plugin clock (category:base,tabindex:2)
2026-04-22 16:37:30,605 [INFO] PluginManage:310 - Check plugin ddr
2026-04-22 16:37:30,607 [INFO] PluginManage:359 - Loaded plugin ddr (category:tool,tabindex:6)
2026-04-22 16:37:30,607 [INFO] PluginManage:310 - Check plugin filemanager
2026-04-22 16:37:30,739 [INFO] PluginManage:359 - Loaded plugin filemanager (category:base,tabindex:10)
2026-04-22 16:37:30,740 [INFO] PluginManage:310 - Check plugin ipmanager
2026-04-22 16:37:30,745 [INFO] PluginManage:359 - Loaded plugin ipmanager (category:base,tabindex:5)
2026-04-22 16:37:30,745 [INFO] PluginManage:310 - Check plugin lpbam
2026-04-22 16:37:30,752 [INFO] PluginManage:359 - Loaded plugin lpbam (category:base,tabindex:0)
2026-04-22 16:37:30,752 [INFO] PluginManage:310 - Check plugin memorymap
2026-04-22 16:37:30,762 [INFO] PluginManage:359 - Loaded plugin memorymap (category:base,tabindex:4)
2026-04-22 16:37:30,762 [INFO] PluginManage:310 - Check plugin pinoutandconfiguration
2026-04-22 16:37:30,768 [INFO] PluginManage:359 - Loaded plugin pinoutandconfiguration (category:base,tabindex:1)
2026-04-22 16:37:30,768 [INFO] PluginManage:310 - Check plugin pinoutconfig
2026-04-22 16:37:30,842 [WARN] SupportedApi:132 - Cannot load RTOS API schema: s4s-elt-must-match.1: The content of 'definitions' must match (annotation?, (simpleType | complexType)?, (unique | key | keyref)*)). A problem was found starting at: attribute.
2026-04-22 16:37:30,958 [INFO] PluginManage:359 - Loaded plugin pinoutconfig (category:base,tabindex:0)
2026-04-22 16:37:30,958 [INFO] PluginManage:310 - Check plugin power
2026-04-22 16:37:30,969 [INFO] PluginManage:359 - Loaded plugin power (category:power,tabindex:4)
2026-04-22 16:37:30,969 [INFO] PluginManage:310 - Check plugin projectmanager
2026-04-22 16:37:30,992 [INFO] PluginManage:359 - Loaded plugin projectmanager (category:projectmanager,tabindex:4)
2026-04-22 16:37:30,992 [INFO] PluginManage:310 - Check plugin rif
2026-04-22 16:37:30,997 [INFO] PluginManage:359 - Loaded plugin rif (category:base,tabindex:3)
2026-04-22 16:37:30,998 [INFO] PluginManage:310 - Check plugin thirdparty
2026-04-22 16:37:31,122 [INFO] PluginManage:359 - Loaded plugin thirdparty (category:base,tabindex:-1)
2026-04-22 16:37:31,122 [WARN] IntegrityCheckThread:84 - waiting for thirdparty lock release [integrity check]
2026-04-22 16:37:31,123 [INFO] PluginManage:310 - Check plugin tools
2026-04-22 16:37:31,123 [INFO] IntegrityCheckThread:86 - entering critical section [integrity check]
2026-04-22 16:37:31,123 [INFO] ThirdPartyUpdaterWithRetryManager:70 - Updater plugin not ready yet. [1/15]
2026-04-22 16:37:31,127 [INFO] PluginManage:359 - Loaded plugin tools (category:base,tabindex:7)
2026-04-22 16:37:31,127 [INFO] PluginManage:310 - Check plugin tutovideos
2026-04-22 16:37:31,279 [INFO] PluginManage:359 - Loaded plugin tutovideos (category:base,tabindex:-1)
2026-04-22 16:37:31,280 [INFO] PluginManage:310 - Check plugin updater
2026-04-22 16:37:31,303 [INFO] PluginManage:359 - Loaded plugin updater (category:base,tabindex:12)
2026-04-22 16:37:31,304 [INFO] PluginManage:310 - Check plugin userauth
2026-04-22 16:37:31,307 [INFO] UserAuth:118 - Init User Auth plugin
2026-04-22 16:37:31,308 [INFO] PluginManage:359 - Loaded plugin userauth (category:base,tabindex:14)
2026-04-22 16:37:31,308 [INFO] PluginManage:283 - PluginManage : Loaded plugins [18]
2026-04-22 16:37:31,496 [INFO] PinOutPanel:1589 - setPackage(No Configuration,No Configuration)
2026-04-22 16:37:31,552 [INFO] CADModel:165 - CPN selected for project level
2026-04-22 16:37:31,552 [INFO] CADModel:114 - Register for checkConnection events
2026-04-22 16:37:31,560 [INFO] IPUIPlugin:80 - create IPUIPlugin
2026-04-22 16:37:31,560 [INFO] PluginManager:220 - loadIPPluginJar : add mdma
2026-04-22 16:37:31,565 [INFO] IPUIPlugin:80 - create IPUIPlugin
2026-04-22 16:37:31,566 [INFO] PluginManager:220 - loadIPPluginJar : add freertos
2026-04-22 16:37:31,569 [INFO] IPUIPlugin:80 - create IPUIPlugin
2026-04-22 16:37:31,569 [INFO] PluginManager:220 - loadIPPluginJar : add gic
2026-04-22 16:37:31,575 [INFO] IPUIPlugin:80 - create IPUIPlugin
2026-04-22 16:37:31,575 [INFO] PluginManager:220 - loadIPPluginJar : add adc
2026-04-22 16:37:31,576 [INFO] IPUIPlugin:80 - create IPUIPlugin
2026-04-22 16:37:31,576 [INFO] PluginManager:220 - loadIPPluginJar : add gtzc
2026-04-22 16:37:31,578 [INFO] IPUIPlugin:80 - create IPUIPlugin
2026-04-22 16:37:31,578 [INFO] PluginManager:220 - loadIPPluginJar : add quadspi
2026-04-22 16:37:31,580 [INFO] IPUIPlugin:80 - create IPUIPlugin
2026-04-22 16:37:31,580 [INFO] PluginManager:220 - loadIPPluginJar : add aes
2026-04-22 16:37:31,581 [INFO] IPUIPlugin:80 - create IPUIPlugin
2026-04-22 16:37:31,581 [INFO] PluginManager:220 - loadIPPluginJar : add pdm2pcm
2026-04-22 16:37:31,582 [INFO] IPUIPlugin:80 - create IPUIPlugin
2026-04-22 16:37:31,582 [INFO] PluginManager:220 - loadIPPluginJar : add hash
2026-04-22 16:37:31,583 [INFO] IPUIPlugin:80 - create IPUIPlugin
2026-04-22 16:37:31,583 [INFO] PluginManager:220 - loadIPPluginJar : add tim
2026-04-22 16:37:31,584 [INFO] IPUIPlugin:80 - create IPUIPlugin
2026-04-22 16:37:31,584 [INFO] PluginManager:220 - loadIPPluginJar : add tsc
2026-04-22 16:37:31,586 [INFO] IPUIPlugin:80 - create IPUIPlugin
2026-04-22 16:37:31,586 [INFO] PluginManager:220 - loadIPPluginJar : add extmemmanager
2026-04-22 16:37:31,587 [INFO] IPUIPlugin:80 - create IPUIPlugin
2026-04-22 16:37:31,587 [INFO] PluginManager:220 - loadIPPluginJar : add ts
2026-04-22 16:37:31,588 [INFO] IPUIPlugin:80 - create IPUIPlugin
2026-04-22 16:37:31,588 [INFO] PluginManager:220 - loadIPPluginJar : add radio
2026-04-22 16:37:31,589 [INFO] IPUIPlugin:80 - create IPUIPlugin
2026-04-22 16:37:31,589 [INFO] PluginManager:220 - loadIPPluginJar : add can
2026-04-22 16:37:31,590 [INFO] IPUIPlugin:80 - create IPUIPlugin
2026-04-22 16:37:31,590 [INFO] PluginManager:220 - loadIPPluginJar : add dma3
2026-04-22 16:37:31,592 [INFO] IPUIPlugin:80 - create IPUIPlugin
2026-04-22 16:37:31,592 [INFO] PluginManager:220 - loadIPPluginJar : add dfsdm
2026-04-22 16:37:31,594 [INFO] IPUIPlugin:80 - create IPUIPlugin
2026-04-22 16:37:31,594 [INFO] PluginManager:220 - loadIPPluginJar : add spi
2026-04-22 16:37:31,596 [INFO] IPUIPlugin:80 - create IPUIPlugin
2026-04-22 16:37:31,597 [INFO] PluginManager:220 - loadIPPluginJar : add gfxmmu
2026-04-22 16:37:31,599 [INFO] IPUIPlugin:80 - create IPUIPlugin
2026-04-22 16:37:31,599 [INFO] PluginManager:220 - loadIPPluginJar : add genericplugin
2026-04-22 16:37:31,600 [INFO] IPUIPlugin:80 - create IPUIPlugin
2026-04-22 16:37:31,601 [INFO] PluginManager:220 - loadIPPluginJar : add cryp
2026-04-22 16:37:31,603 [INFO] IPUIPlugin:80 - create IPUIPlugin
2026-04-22 16:37:31,604 [INFO] PluginManager:220 - loadIPPluginJar : add gpio
2026-04-22 16:37:31,607 [INFO] IPUIPlugin:80 - create IPUIPlugin
2026-04-22 16:37:31,607 [INFO] PluginManager:220 - loadIPPluginJar : add ddr_ctrl_phy
2026-04-22 16:37:31,609 [INFO] IPUIPlugin:80 - create IPUIPlugin
2026-04-22 16:37:31,609 [INFO] PluginManager:220 - loadIPPluginJar : add comp
2026-04-22 16:37:31,611 [INFO] IPUIPlugin:80 - create IPUIPlugin
2026-04-22 16:37:31,611 [INFO] PluginManager:220 - loadIPPluginJar : add tracer_emb
2026-04-22 16:37:31,613 [INFO] IPUIPlugin:80 - create IPUIPlugin
2026-04-22 16:37:31,613 [INFO] PluginManager:220 - loadIPPluginJar : add openamp
2026-04-22 16:37:31,616 [INFO] IPUIPlugin:80 - create IPUIPlugin
2026-04-22 16:37:31,616 [INFO] PluginManager:220 - loadIPPluginJar : add stm32_wpan
2026-04-22 16:37:31,619 [INFO] IPUIPlugin:80 - create IPUIPlugin
2026-04-22 16:37:31,620 [INFO] PluginManager:220 - loadIPPluginJar : add plateformsettings
2026-04-22 16:37:31,622 [INFO] IPUIPlugin:80 - create IPUIPlugin
2026-04-22 16:37:31,622 [INFO] PluginManager:220 - loadIPPluginJar : add ipddr
2026-04-22 16:37:31,623 [INFO] IPUIPlugin:80 - create IPUIPlugin
2026-04-22 16:37:31,623 [INFO] PluginManager:220 - loadIPPluginJar : add usart
2026-04-22 16:37:31,624 [INFO] IPUIPlugin:80 - create IPUIPlugin
2026-04-22 16:37:31,624 [INFO] PluginManager:220 - loadIPPluginJar : add ltdc
2026-04-22 16:37:31,625 [INFO] IPUIPlugin:80 - create IPUIPlugin
2026-04-22 16:37:31,625 [INFO] PluginManager:220 - loadIPPluginJar : add nvic
2026-04-22 16:37:31,625 [INFO] IPUIPlugin:80 - create IPUIPlugin
2026-04-22 16:37:31,626 [INFO] PluginManager:220 - loadIPPluginJar : add fatfs
2026-04-22 16:37:31,629 [INFO] IPUIPlugin:80 - create IPUIPlugin
2026-04-22 16:37:31,629 [INFO] PluginManager:220 - loadIPPluginJar : add linkedlist
2026-04-22 16:37:31,632 [INFO] IPUIPlugin:80 - create IPUIPlugin
2026-04-22 16:37:31,633 [INFO] PluginManager:220 - loadIPPluginJar : add dma
2026-04-22 16:37:31,635 [INFO] IPUIPlugin:80 - create IPUIPlugin
2026-04-22 16:37:31,635 [INFO] PluginManager:220 - loadIPPluginJar : add fmc
2026-04-22 16:37:31,636 [INFO] IPUIPlugin:80 - create IPUIPlugin
2026-04-22 16:37:31,636 [INFO] PluginManager:220 - loadIPPluginJar : add i2s
2026-04-22 16:37:31,637 [INFO] IPUIPlugin:80 - create IPUIPlugin
2026-04-22 16:37:31,637 [INFO] PluginManager:220 - loadIPPluginJar : add ucpd
2026-04-22 16:37:31,638 [INFO] IPUIPlugin:80 - create IPUIPlugin
2026-04-22 16:37:31,639 [INFO] PluginManager:220 - loadIPPluginJar : add lorawan
2026-04-22 16:37:31,640 [INFO] IPUIPlugin:80 - create IPUIPlugin
2026-04-22 16:37:31,640 [INFO] PluginManager:220 - loadIPPluginJar : add opamp
2026-04-22 16:37:31,641 [INFO] IPUIPlugin:80 - create IPUIPlugin
2026-04-22 16:37:31,641 [INFO] PluginManager:220 - loadIPPluginJar : add i3c
2026-04-22 16:37:31,643 [INFO] IPUIPlugin:80 - create IPUIPlugin
2026-04-22 16:37:31,643 [INFO] PluginManager:220 - loadIPPluginJar : add touchsensing
2026-04-22 16:37:31,645 [INFO] IPUIPlugin:80 - create IPUIPlugin
2026-04-22 16:37:31,645 [INFO] PluginManager:220 - loadIPPluginJar : add i2c
2026-04-22 16:37:31,647 [INFO] IPUIPlugin:80 - create IPUIPlugin
2026-04-22 16:37:31,648 [INFO] PluginManager:220 - loadIPPluginJar : add resmgrutility
2026-04-22 16:37:31,649 [INFO] IPUIPlugin:80 - create IPUIPlugin
2026-04-22 16:37:31,650 [INFO] PluginManager:220 - loadIPPluginJar : add sai
2026-04-22 16:37:31,652 [INFO] IPUIPlugin:80 - create IPUIPlugin
2026-04-22 16:37:31,652 [INFO] PluginManager:220 - loadIPPluginJar : add usbx
2026-04-22 16:37:31,769 [FATAL] Updater:351 - Updater called before beeing initialized
2026-04-22 16:37:31,812 [INFO] RulesReader:64 - Compatibility file has been processed (317 Rules)
2026-04-22 16:37:31,826 [INFO] RulesReader:64 - Compatibility file has been processed (317 Rules)
2026-04-22 16:37:31,832 [INFO] CADModel:165 - CPN selected for project level
2026-04-22 16:37:31,832 [INFO] CADModel:114 - Register for checkConnection events
2026-04-22 16:37:31,832 [FATAL] Updater:351 - Updater called before beeing initialized
2026-04-22 16:37:31,833 [ERROR] CADModel:125 - Updater not yet initialized, retry later 
2026-04-22 16:37:32,036 [FATAL] Updater:351 - Updater called before beeing initialized
2026-04-22 16:37:32,037 [INFO] CADModel:165 - CPN selected for project level
2026-04-22 16:37:32,037 [INFO] CADModel:114 - Register for checkConnection events
2026-04-22 16:37:32,037 [FATAL] Updater:351 - Updater called before beeing initialized
2026-04-22 16:37:32,038 [ERROR] CADModel:125 - Updater not yet initialized, retry later 
2026-04-22 16:37:32,040 [FATAL] Updater:351 - Updater called before beeing initialized
2026-04-22 16:37:32,164 [FATAL] Updater:351 - Updater called before beeing initialized
2026-04-22 16:37:32,167 [INFO] DbMcusAds:53 - JSON generation date=Fri Apr 10 11:19:02 CEST 2026 (1775812742310)
2026-04-22 16:37:32,167 [FATAL] Updater:351 - Updater called before beeing initialized
2026-04-22 16:37:32,213 [WARN] DetailPanel:346 - Failed to get advertising image, set to default
2026-04-22 16:37:32,269 [FATAL] Updater:351 - Updater called before beeing initialized
2026-04-22 16:37:32,271 [FATAL] Updater:351 - Updater called before beeing initialized
2026-04-22 16:37:32,271 [FATAL] Updater:351 - Updater called before beeing initialized
2026-04-22 16:37:32,272 [WARN] DetailPanel:346 - Failed to get advertising image, set to default
2026-04-22 16:37:32,273 [FATAL] Updater:351 - Updater called before beeing initialized
2026-04-22 16:37:32,334 [ERROR] Updater:1198 - MainUpdater not yet initialized. External WinMGr cannot be set.
2026-04-22 16:37:32,343 [INFO] Updater:1134 - Updater Version found : 6.15.0
2026-04-22 16:37:32,355 [INFO] ApplicationProperties:184 - Using Application install path: /Applications/STM32CubeIDE.app/Contents/Eclipse/plugins/com.st.stm32cube.common.mx_6.15.0.202507011659
2026-04-22 16:37:32,860 [INFO] MainUpdater:2872 - connection check result : 10
2026-04-22 16:37:32,861 [INFO] MainUpdater:289 - Updater Check For Update Now.
2026-04-22 16:37:32,861 [INFO] MicroXplorer:498 - Change Database Version : DB.6.0.150
2026-04-22 16:37:32,867 [INFO] McuFinderGlobals:63 - Set McuFinder mode to 2 (CubeIDE integrated)
2026-04-22 16:37:32,869 [INFO] UserAuth:487 - Internet connection configuration mode: 1
2026-04-22 16:37:32,883 [INFO] JxBrowserEngine:152 - Initiate JxBrowser Engine with user profile folder
2026-04-22 16:37:33,129 [INFO] CheckServerUpdateThread:120 - End of CheckServer Thread
2026-04-22 16:37:34,318 [WARN] PackLoader:240 - Cannot read IP mode file for STMicroelectronics.X-CUBE-AZRTOS-H7.3.5.0
2026-04-22 16:37:34,351 [WARN] PackLoader:240 - Cannot read IP mode file for STMicroelectronics.FP-ATR-ASTRA1.2.0.2
2026-04-22 16:37:34,363 [WARN] PackLoader:240 - Cannot read IP mode file for STMicroelectronics.X-CUBE-SMBUS.2.1.0
2026-04-22 16:37:34,390 [WARN] PackLoader:240 - Cannot read IP mode file for STMicroelectronics.X-CUBE-AZRTOS-F7.1.1.0
2026-04-22 16:37:34,423 [WARN] PackLoader:240 - Cannot read IP mode file for WES.I-CUBE-Cesium.1.4.0
2026-04-22 16:37:34,465 [WARN] PackLoader:240 - Cannot read IP mode file for STMicroelectronics.X-CUBE-DISPLAY.3.0.0
2026-04-22 16:37:34,491 [WARN] PackLoader:240 - Cannot read IP mode file for STMicroelectronics.X-CUBE-NFC10.1.0.0
2026-04-22 16:37:34,504 [WARN] PackLoader:240 - Cannot read IP mode file for STMicroelectronics.X-CUBE-ST60.1.1.0
2026-04-22 16:37:34,511 [WARN] PackLoader:240 - Cannot read IP mode file for emotas.I-CUBE-CANOPEN.1.3.0
2026-04-22 16:37:34,518 [WARN] PackLoader:240 - Cannot read IP mode file for STMicroelectronics.FP-SNS-SMARTAG2.1.2.0
2026-04-22 16:37:34,526 [WARN] PackLoader:240 - Cannot read IP mode file for STMicroelectronics.FP-SNS-FLIGHT1.5.1.0
2026-04-22 16:37:34,541 [INFO] LogOutputStream:77 - [STDOUT_REDIRECT] 1 : Invalid condition id : UX_CORESTACK_Condition cause : null
2026-04-22 16:37:34,542 [INFO] LogOutputStream:77 - [STDOUT_REDIRECT] 1 : Invalid condition id : UX_CORESTACK_Condition cause : null
2026-04-22 16:37:34,542 [INFO] LogOutputStream:77 - [STDOUT_REDIRECT] 1 : Invalid condition id : UX_CORESTACK_Condition cause : null
2026-04-22 16:37:34,543 [INFO] LogOutputStream:77 - [STDOUT_REDIRECT] 1 : Invalid condition id : UX_CORESTACK_Condition cause : null
2026-04-22 16:37:34,543 [INFO] LogOutputStream:77 - [STDOUT_REDIRECT] 1 : Invalid condition id : UX_CORESTACK_Condition cause : null
2026-04-22 16:37:34,552 [WARN] PackLoader:240 - Cannot read IP mode file for STMicroelectronics.X-CUBE-AZRTOS-WL.2.0.0
2026-04-22 16:37:34,622 [WARN] PackLoader:240 - Cannot read IP mode file for STMicroelectronics.X-CUBE-AZRTOS-H7RS.1.2.0
2026-04-22 16:37:34,643 [WARN] PackLoader:240 - Cannot read IP mode file for STMicroelectronics.X-CUBE-BLE2.3.3.0
2026-04-22 16:37:34,701 [WARN] PackLoader:240 - Cannot read IP mode file for Infineon.AIROC-Wi-Fi-Bluetooth-STM32.1.8.0
2026-04-22 16:37:34,737 [WARN] PackLoader:240 - Cannot read IP mode file for STMicroelectronics.X-CUBE-NFC9.1.0.0
2026-04-22 16:37:34,745 [WARN] PackLoader:240 - Cannot read IP mode file for STMicroelectronics.X-CUBE-BLE1.7.1.0
2026-04-22 16:37:34,748 [WARN] PackLoader:240 - Cannot read IP mode file for wolfSSL.I-CUBE-wolfMQTT.1.19.2
2026-04-22 16:37:34,752 [WARN] PackLoader:240 - Cannot read IP mode file for wolfSSL.I-CUBE-wolfSSL.5.8.4
2026-04-22 16:37:34,756 [WARN] PackLoader:240 - Cannot read IP mode file for Cesanta.I-CUBE-Mongoose.7.20.0
2026-04-22 16:37:34,777 [WARN] PackLoader:240 - Cannot read IP mode file for STMicroelectronics.X-CUBE-AZRTOS-G0.1.1.0
2026-04-22 16:37:34,788 [WARN] PackLoader:240 - Cannot read IP mode file for STMicroelectronics.X-CUBE-NFC4.3.0.0
2026-04-22 16:37:34,801 [WARN] PackLoader:240 - Cannot read IP mode file for EmbeddedOffice.I-CUBE-FS-RTOS.1.0.1
2026-04-22 16:37:34,810 [WARN] PackLoader:240 - Cannot read IP mode file for wolfSSL.I-CUBE-wolfTPM.3.8.0
2026-04-22 16:37:34,817 [WARN] PackLoader:240 - Cannot read IP mode file for STMicroelectronics.X-CUBE-TCPP.4.2.0
2026-04-22 16:37:34,836 [WARN] PackLoader:240 - Cannot read IP mode file for RealThread.X-CUBE-RT-Thread_Nano.4.1.1
2026-04-22 16:37:34,845 [WARN] PackLoader:240 - Cannot read IP mode file for STMicroelectronics.FP-ATR-SIGFOX1.3.2.0
2026-04-22 16:37:34,889 [WARN] PackLoader:240 - Cannot read IP mode file for ITTIA_DB.I-CUBE-ITTIADB.8.9.0
2026-04-22 16:37:35,002 [WARN] PackLoader:240 - Cannot read IP mode file for SEGGER.I-CUBE-embOS.1.3.1
2026-04-22 16:37:35,078 [WARN] PackLoader:240 - Cannot read IP mode file for STMicroelectronics.X-CUBE-ALGOBUILD.1.4.0
2026-04-22 16:37:35,084 [WARN] PackLoader:240 - Cannot read IP mode file for STMicroelectronics.X-CUBE-PM33A1.1.0.0
2026-04-22 16:37:35,105 [WARN] PackLoader:240 - Cannot read IP mode file for STMicroelectronics.X-CUBE-AZRTOS-F4.1.1.0
2026-04-22 16:37:35,123 [WARN] PackLoader:240 - Cannot read IP mode file for STMicroelectronics.X-CUBE-ISPU.2.1.0
2026-04-22 16:37:35,126 [WARN] PackLoader:240 - Cannot read IP mode file for STMicroelectronics.eDS-WB_DPC_TT-BIDIR.2.1.1
2026-04-22 16:37:35,146 [WARN] PackLoader:240 - Cannot read IP mode file for STMicroelectronics.X-CUBE-AZRTOS-L5.2.0.0
2026-04-22 16:37:35,152 [WARN] PackLoader:240 - Cannot read IP mode file for STMicroelectronics.eDS-WB_DPC_VIENNA.1.2.0
2026-04-22 16:37:35,154 [WARN] PackLoader:240 - Cannot read IP mode file for STMicroelectronics.eDS-WB_DPC_3PH2L-BIDIR.1.1.1
2026-04-22 16:37:35,159 [ERROR] Engine:466 - /Users/cristianpetramale/.stm32cubemx/thirdparties/pdsc/STMicroelectronics.X-CUBE-ST67W61.1.3.0.pdsc: PDSC version is not supported
2026-04-22 16:37:35,166 [WARN] PackLoader:240 - Cannot read IP mode file for STMicroelectronics.X-CUBE-TOUCHGFX.4.26.1
2026-04-22 16:37:35,170 [WARN] PackLoader:240 - Cannot read IP mode file for STMicroelectronics.X-CUBE-DPower.1.3.0
2026-04-22 16:37:35,191 [WARN] ConditionMgr:438 - getConditionDescription Invalid condition id : LAN8742 Phy interface Condition cause : null
2026-04-22 16:37:35,193 [WARN] PackLoader:240 - Cannot read IP mode file for STMicroelectronics.X-CUBE-AZRTOS-L4.2.0.0
2026-04-22 16:37:35,198 [WARN] ConditionMgr:1044 - genDependencies : Invalid condition id : LAN8742 Phy interface Condition cause : null
2026-04-22 16:37:35,198 [WARN] ConditionMgr:1044 - genDependencies : Invalid condition id : LAN8742 Phy interface Condition cause : null
2026-04-22 16:37:35,199 [WARN] ConditionMgr:1044 - genDependencies : Invalid condition id : LAN8742 Phy interface Condition cause : null
2026-04-22 16:37:35,209 [WARN] PackLoader:240 - Cannot read IP mode file for STMicroelectronics.X-CUBE-SFXS2LP1.4.0.0
2026-04-22 16:37:35,225 [WARN] PackLoader:240 - Cannot read IP mode file for STMicroelectronics.X-CUBE-WB05N.2.1.0
2026-04-22 16:37:35,234 [WARN] PackLoader:240 - Cannot read IP mode file for STMicroelectronics.X-CUBE-ST67W61.1.2.0
2026-04-22 16:37:35,247 [WARN] ConditionMgr:438 - getConditionDescription Invalid condition id : UX DEVICE CLASS RTOS Condition cause : null
2026-04-22 16:37:35,247 [WARN] ConditionMgr:438 - getConditionDescription Invalid condition id : UX DEVICE CLASS RTOS Condition cause : null
2026-04-22 16:37:35,250 [WARN] PackLoader:240 - Cannot read IP mode file for STMicroelectronics.X-CUBE-AZRTOS-WB.2.0.0
2026-04-22 16:37:35,251 [WARN] ConditionMgr:1044 - genDependencies : Invalid condition id : UX DEVICE CLASS RTOS Condition cause : null
2026-04-22 16:37:35,253 [WARN] ConditionMgr:1044 - genDependencies : Invalid condition id : UX DEVICE CLASS RTOS Condition cause : null
2026-04-22 16:37:35,255 [WARN] ConditionMgr:1044 - genDependencies : Invalid condition id : UX DEVICE CLASS RTOS Condition cause : null
2026-04-22 16:37:35,256 [WARN] ConditionMgr:1044 - genDependencies : Invalid condition id : UX DEVICE CLASS RTOS Condition cause : null
2026-04-22 16:37:35,256 [WARN] ConditionMgr:1044 - genDependencies : Invalid condition id : UX DEVICE CLASS RTOS Condition cause : null
2026-04-22 16:37:35,258 [WARN] ConditionMgr:438 - getConditionDescription Invalid condition id : Cortex-A Device cause : null
2026-04-22 16:37:35,267 [WARN] ConditionMgr:1044 - genDependencies : Invalid condition id : Cortex-A Device cause : null
2026-04-22 16:37:35,267 [WARN] ConditionMgr:1044 - genDependencies : Invalid condition id : Cortex-A Device cause : null
2026-04-22 16:37:35,267 [WARN] ConditionMgr:1044 - genDependencies : Invalid condition id : Cortex-A Device cause : null
2026-04-22 16:37:35,273 [WARN] PackLoader:240 - Cannot read IP mode file for STMicroelectronics.X-CUBE-STSE01.2.0.0
2026-04-22 16:37:35,287 [WARN] PackLoader:240 - Cannot read IP mode file for STMicroelectronics.X-CUBE-SUBG2.5.0.0
2026-04-22 16:37:35,306 [WARN] PackLoader:240 - Cannot read IP mode file for STMicroelectronics.X-CUBE-AZRTOS-G4.2.0.0
2026-04-22 16:37:35,311 [WARN] PackLoader:240 - Cannot read IP mode file for wolfSSL.I-CUBE-wolfSSH.1.4.20
2026-04-22 16:37:35,315 [WARN] PackLoader:240 - Cannot read IP mode file for STMicroelectronics.X-CUBE-NFC7.2.0.0
2026-04-22 16:37:35,318 [WARN] PackLoader:240 - Cannot read IP mode file for STMicroelectronics.X-CUBE-ALS.1.0.2
2026-04-22 16:37:35,330 [WARN] PackLoader:240 - Cannot read IP mode file for STMicroelectronics.X-CUBE-TOF1.3.4.3
2026-04-22 16:37:35,340 [INFO] ThirdParty:978 - Integrity check success = true
2026-04-22 16:37:35,341 [INFO] IntegrityCheckThread:100 - exiting critical section [integrity check]
2026-04-22 16:37:35,341 [INFO] IntegrityCheckThread:103 - End integrity checks thread
2026-04-22 16:37:37,469 [INFO] WebApp:169 - Instantiating new browser for Auth
2026-04-22 16:37:38,789 [INFO] WebApp:463 - Apply proxy settings
2026-04-22 16:37:38,834 [INFO] WebApp:508 - Chromium authenticates against Manually configured proxy
2026-04-22 16:37:38,853 [INFO] WebApp:516 - Username used for proxy authentication: 
2026-04-22 16:37:38,895 [INFO] WebApp:900 - Register for checkConnection events
2026-04-22 16:37:38,896 [INFO] WebApp:463 - Apply proxy settings
2026-04-22 16:37:38,904 [INFO] WebApp:508 - Chromium authenticates against Manually configured proxy
2026-04-22 16:37:38,904 [INFO] WebApp:516 - Username used for proxy authentication: 
2026-04-22 16:37:39,049 [INFO] WebApp:225 - Starting web application
2026-04-22 16:37:39,049 [INFO] WebApp:593 - Web application path used /Applications/STM32CubeIDE.app/Contents/Eclipse/plugins/com.st.stm32cube.common.mx_6.15.0.202507011659/db/plugins/mcufinder/reactClient1/index.html
2026-04-22 16:37:39,559 [INFO] McuFinderGlobals:63 - Set McuFinder mode to 2 (CubeIDE integrated)
2026-04-22 16:37:39,566 [INFO] MainUpdater:2872 - connection check result : 10
2026-04-22 16:37:39,685 [INFO] UserAuth:487 - Internet connection configuration mode: 1
2026-04-22 16:37:40,179 [INFO] WebApp:191 - Connection restablished
2026-04-22 16:37:40,907 [INFO] ApiDb:581 - Connected to CubeFinder SQLite database (/Users/cristianpetramale/.stmcufinder/plugins/mcufinder/mcu/cube-finder-db.db)
2026-04-22 16:37:40,954 [INFO] ApiDb:668 - CubeFinder database Data Model version=2.1
2026-04-22 16:37:40,955 [INFO] ApiDb:669 - CubeFinder database Configuration version=3.0.42
2026-04-22 16:37:40,956 [INFO] ApiDb:670 - CubeFinder database generation date=2026-03-11 (1773229989)
2026-04-22 16:37:40,956 [INFO] ApiDb:671 - CubeFinder database FW Pack versions=[FP-ATR-ASTRA1_V2.0.0, FP-SNS-FLIGHT1_V5.1.0, FP-SNS-MOTENV1_V5.1.0, FP-SNS-MOTENVWB1_V1.5.0, FP-SNS-SMARTAG2_V1.2.0, FP-SNS-STBOX1_V2.1.0, STM32Cube_FW_C0_V1.4.0, STM32Cube_FW_F4_V1.28.3, STM32Cube_FW_F7_V1.17.4, STM32Cube_FW_G0_V1.6.3, STM32Cube_FW_G4_V1.6.2, STM32Cube_FW_H5_V1.6.0, STM32Cube_FW_H7RS_V1.3.0, STM32Cube_FW_H7_V1.13.0, STM32Cube_FW_L0_V1.12.2, STM32Cube_FW_L4_V1.18.2, STM32Cube_FW_L5_V1.6.0, STM32Cube_FW_N6_V1.3.0, STM32Cube_FW_U0_V1.3.0, STM32Cube_FW_U3_V1.3.0, STM32Cube_FW_U5_V1.8.0, STM32Cube_FW_WB0_V1.4.0, STM32Cube_FW_WBA_V1.9.0, STM32Cube_FW_WB_V1.24.0, STM32Cube_FW_WL3_V1.4.0, STM32Cube_FW_WL_V1.5.0, X-CUBE-ALGOBUILD_V1.4.0, X-CUBE-ALS_V1.0.2, X-CUBE-AZRTOS-F4_V1.1.0, X-CUBE-AZRTOS-F7_V1.1.0, X-CUBE-AZRTOS-G0_V1.1.0, X-CUBE-AZRTOS-G4_V2.0.0, X-CUBE-AZRTOS-H7RS_V1.1.0, X-CUBE-AZRTOS-H7_V3.4.0, X-CUBE-AZRTOS-L4_V2.0.0, X-CUBE-AZRTOS-L5_V2.0.0, X-CUBE-AZRTOS-WB_V2.0.0, X-CUBE-AZRTOS-WL_V2.0.0, X-CUBE-BLE1_V7.1.0, X-CUBE-BLE2_V3.3.0, X-CUBE-BLEMGR_V4.1.0, X-CUBE-EEPRMA1_V5.2.0, X-CUBE-FREERTOS_V1.5.0, X-CUBE-GNSS1_V6.0.0, X-CUBE-MEMS1_V12.0.0, X-CUBE-NFC4_V3.0.0, X-CUBE-NFC7_V2.0.0, X-CUBE-SFXS2LP1_V4.0.0, X-CUBE-ST67W61_V1.2.0, X-CUBE-SUBG2_V5.0.0, X-CUBE-TOF1_V3.4.3]
2026-04-22 16:37:42,533 [INFO] ApiDb:240 - Found 880 in-development CPN: [B-G473E-ZEST1S, B-WB1M-WPAN1, B-WBA5M-WPAN, B-WL5M-SUBG1, NUCLEO-C031C6, NUCLEO-C051C8, NUCLEO-C071RB, NUCLEO-C092RC, NUCLEO-H503RB, NUCLEO-H533RE, NUCLEO-H563ZI, NUCLEO-H7S3L8, NUCLEO-N657X0-Q, NUCLEO-U031R8, NUCLEO-U083RC, NUCLEO-U385RG-Q, NUCLEO-U545RE-Q, NUCLEO-U5A5ZJ-Q, NUCLEO-WB05KZ, NUCLEO-WB07CC, NUCLEO-WB09KE, NUCLEO-WBA52CG, NUCLEO-WBA55CG, NUCLEO-WL33CC1, NUCLEO-WL33CC2, STEVAL-PROTEUS1, STEVAL-SMARTAG2, STEVAL-STWINBX1, STM320518-EVAL, STM32C0116-DK, STM32C011D6Y3TR, STM32C011D6Y6TR, STM32C011F4P3, STM32C011F4P6, STM32C011F4U3, STM32C011F4U6TR, STM32C011F6P3, STM32C011F6P6, STM32C011F6U3, STM32C011F6U6TR, STM32C011J4M3, STM32C011J4M6, STM32C011J6M3, STM32C011J6M6, STM32C0316-DK, STM32C031C4T3, STM32C031C4T6, STM32C031C4U3, STM32C031C4U6, STM32C031C6T3, STM32C031C6T6, STM32C031C6U3, STM32C031C6U6, STM32C031F4P3, STM32C031F4P6, STM32C031F6P3, STM32C031F6P6, STM32C031G4U3, STM32C031G4U6, STM32C031G6U3, STM32C031G6U6, STM32C031K4T3, STM32C031K4T6, STM32C031K4U3, STM32C031K4U6, STM32C031K6T3, STM32C031K6T6, STM32C031K6U3, STM32C031K6U6, STM32C051C6T6, STM32C051C6U6, STM32C051C8T6, STM32C051C8U6, STM32C051D8Y6TR, STM32C051F6P6, STM32C051F8P6, STM32C051G6U6, STM32C051G8U6, STM32C051K6T6, STM32C051K6U6, STM32C051K8T6, STM32C071C8T6, STM32C071C8T6N, STM32C071C8U6, STM32C071C8U6N, STM32C071CBT6, STM32C071CBT6N, STM32C071CBU6, STM32C071CBU6N, STM32C071F8P6, STM32C071F8P6N, STM32C071FBP6, STM32C071FBP6N, STM32C071FBY6TR, STM32C071G8U6, STM32C071G8U6N, STM32C071GBU6, STM32C071GBU6N, STM32C071K8T6, STM32C071K8T6N, STM32C071K8U6, STM32C071K8U6N, STM32C071KBT6, STM32C071KBT6N, STM32C071KBU6, STM32C071KBU6N, STM32C071R8T6, STM32C071R8T6N, STM32C071RBI6N, STM32C071RBT6, STM32C071RBT6N, STM32C091CBT6, STM32C091CBU6, STM32C091CCT6, STM32C091CCU6, STM32C091ECY6TR, STM32C091FBP6, STM32C091FCP6, STM32C091GBU6, STM32C091GCU6, STM32C091KBT6, STM32C091KBU6, STM32C091KCT6, STM32C091KCU6, STM32C091RBT6, STM32C091RCI6, STM32C091RCT6, STM32C092CBT6, STM32C092CBU6, STM32C092CCT6, STM32C092CCU6, STM32C092ECY6TR, STM32C092FBP6, STM32C092FCP6, STM32C092GBU6, STM32C092GCU6, STM32C092KBT6, STM32C092KBU6, STM32C092KCT6, STM32C092KCU6, STM32C092RBT6, STM32C092RCI6, STM32C092RCT6, STM32G071K8TXN, STM32G071K8UXN, STM32G081GBU6N, STM32G081KBT6N, STM32G081KBUXN, STM32G0B1CCT6N, STM32G0B1KCT6, STM32G0B1NEY6TR, STM32G0B1RCT6N, STM32G0C1CCT6, STM32G0C1CCT6N, STM32G0C1CCU6N, STM32G0C1CET6N, STM32G0C1CEU6N, STM32G0C1KCT6, STM32G0C1NEY6TR, STM32G0C1RCI6N, STM32G0C1RCT6N, STM32G0C1REI6N, STM32G0C1RET6N, STM32G0C1VCI6, STM32G0C1VEI6, STM32G411C6T3, STM32G411C6T6, STM32G411C6U3, STM32G411C6U6, STM32G411C8T3, STM32G411C8T6, STM32G411C8U3, STM32G411C8U6, STM32G411CBT3, STM32G411CBT6, STM32G411CBU3, STM32G411CBU6, STM32G411K6T3, STM32G411K6T6, STM32G411K6U3, STM32G411K6U6, STM32G411K8T3, STM32G411K8T6, STM32G411K8U3, STM32G411K8U6, STM32G411KBT3, STM32G411KBT6, STM32G411KBU3, STM32G411KBU6, STM32G411M6T3, STM32G411M6T6, STM32G411M8T3, STM32G411M8T6, STM32G411MBT3, STM32G411MBT6, STM32G411R6T3, STM32G411R6T6, STM32G411R8T3, STM32G411R8T6, STM32G411RBT3, STM32G411RBT6, STM32G414CBT3, STM32G414CBT6, STM32G414CBU3, STM32G414CBU6, STM32G414CCT3, STM32G414CCT6, STM32G414CCU3, STM32G414CCU6, STM32G414MBT3, STM32G414MBT6, STM32G414MCT3, STM32G414MCT6, STM32G414RBT3, STM32G414RBT6, STM32G414RCT3, STM32G414RCT6, STM32G414VBT3, STM32G414VBT6, STM32G414VCT3, STM32G414VCT6, STM32G431CBT3Z, STM32G431RBT3Z, STM32G471CCT6, STM32G471CCU6, STM32G471CET3, STM32G471CET6, STM32G471CEU3, STM32G471CEU6, STM32G471MCT6, STM32G471MET3, STM32G471MET6, STM32G471MEY6TR, STM32G471QCT6, STM32G471QET3, STM32G471RCT6, STM32G471RET3, STM32G471RET6, STM32G471VCH6, STM32G471VCI6, STM32G471VCT6, STM32G471VEH3, STM32G471VEH6, STM32G471VEI3, STM32G471VEI6, STM32G471VET3, STM32G471VET6, STM32G473QET3Z, STM32G473RET3Z, STM32G474CCT6, STM32G491RET3Z, STM32H503CBT6, STM32H503CBU6, STM32H503EBY6TR, STM32H503KBU6, STM32H503RBT6, STM32H523CCT6, STM32H523CCU6, STM32H523CET6, STM32H523CEU6, STM32H523HEY6TR, STM32H523RCT6, STM32H523RET6, STM32H523VCI6, STM32H523VCT6, STM32H523VEI6, STM32H523VET6, STM32H523ZCJ6, STM32H523ZCT6, STM32H523ZEJ6, STM32H523ZET6, STM32H533CET6, STM32H533CEU6, STM32H533HEY6TR, STM32H533RET6, STM32H533VEI6, STM32H533VET6, STM32H533ZEJ6, STM32H533ZET6, STM32H562AGI6, STM32H562AII6, STM32H562IGK6, STM32H562IGT6, STM32H562IIK6, STM32H562IIT6, STM32H562RGT6, STM32H562RGV6, STM32H562RIT6, STM32H562RIV6, STM32H562VGT6, STM32H562VIT6, STM32H562ZGT6, STM32H562ZIT6, STM32H563AGI6, STM32H563AII3Q, STM32H563AII6, STM32H563IGK6, STM32H563IGT6, STM32H563IIK3Q, STM32H563IIK6, STM32H563IIT3Q, STM32H563IIT6, STM32H563MIY3QTR, STM32H563RGT6, STM32H563RGV6, STM32H563RIT6, STM32H563RIV6, STM32H563VGT6, STM32H563VIT3Q, STM32H563VIT6, STM32H563ZGT6, STM32H563ZIT3Q, STM32H563ZIT6, STM32H573AII3Q, STM32H573AII6, STM32H573I-DK, STM32H573IIK3Q, STM32H573IIK6, STM32H573IIT3Q, STM32H573IIT6, STM32H573MIY3QTR, STM32H573RIT6, STM32H573RIV6, STM32H573VIT3Q, STM32H573VIT6, STM32H573ZIT3Q, STM32H573ZIT6, STM32H7R3A8I6, STM32H7R3I8K6, STM32H7R3I8T6, STM32H7R3L8H6, STM32H7R3L8H6H, STM32H7R3R8V6, STM32H7R3V8H6, STM32H7R3V8T6, STM32H7R3V8Y6TR, STM32H7R3Z8J6, STM32H7R3Z8T6, STM32H7R7A8I6, STM32H7R7I8K6, STM32H7R7I8T6, STM32H7R7L8H6, STM32H7R7L8H6H, STM32H7R7Z8J6, STM32H7S3A8I6, STM32H7S3I8K6, STM32H7S3I8T6, STM32H7S3L8H6, STM32H7S3L8H6H, STM32H7S3R8V6, STM32H7S3V8H6, STM32H7S3V8T6, STM32H7S3V8Y6TR, STM32H7S3Z8J6, STM32H7S3Z8T6, STM32H7S78-DK, STM32H7S7A8I6, STM32H7S7I8K6, STM32H7S7I8T6, STM32H7S7L8H6, STM32H7S7L8H6H, STM32H7S7Z8J6, STM32L4R5QGI6STR, STM32MP131AAE3, STM32MP131AAF3, STM32MP131AAG3, STM32MP131CAE3, STM32MP131CAF3, STM32MP131CAG3, STM32MP131DAE7, STM32MP131DAF7, STM32MP131DAG7, STM32MP131FAE7, STM32MP131FAF7, STM32MP131FAG7, STM32MP133AAE3, STM32MP133AAF3, STM32MP133AAG3, STM32MP133CAE3, STM32MP133CAF3, STM32MP133CAG3, STM32MP133DAE7, STM32MP133DAF7, STM32MP133DAG7, STM32MP133FAE7, STM32MP133FAF7, STM32MP133FAG7, STM32MP135AAE3, STM32MP135AAF3, STM32MP135AAG3, STM32MP135CAE3, STM32MP135CAF3, STM32MP135CAG3, STM32MP135DAE7, STM32MP135DAF7, STM32MP135DAG7, STM32MP135F-DK, STM32MP135FAE7, STM32MP135FAF7, STM32MP135FAF7T, STM32MP135FAF7U, STM32MP135FAG7, STM32MP211AAL3, STM32MP211AAM3, STM32MP211AAN3, STM32MP211AAO3, STM32MP211CAL3, STM32MP211CAM3, STM32MP211CAN3, STM32MP211CAO3, STM32MP211DAL3, STM32MP211DAM3, STM32MP211DAN3, STM32MP211DAO3, STM32MP211FAL3, STM32MP211FAM3, STM32MP211FAN3, STM32MP211FAO3, STM32MP213AAL3, STM32MP213AAM3, STM32MP213AAN3, STM32MP213AAO3, STM32MP213CAL3, STM32MP213CAM3, STM32MP213CAN3, STM32MP213CAO3, STM32MP213DAL3, STM32MP213DAM3, STM32MP213DAN3, STM32MP213DAO3, STM32MP213FAL3, STM32MP213FAM3, STM32MP213FAN3, STM32MP213FAO3, STM32MP215AAL3, STM32MP215AAM3, STM32MP215AAN3, STM32MP215AAO3, STM32MP215CAL3, STM32MP215CAM3, STM32MP215CAN3, STM32MP215CAO3, STM32MP215DAL3, STM32MP215DAM3, STM32MP215DAN3, STM32MP215DAO3, STM32MP215F-DK, STM32MP215FAL3, STM32MP215FAM3, STM32MP215FAN3, STM32MP215FAO3, STM32MP231AAJ3, STM32MP231AAK3, STM32MP231AAL3, STM32MP231CAJ3, STM32MP231CAK3, STM32MP231CAL3, STM32MP231DAJ3, STM32MP231DAK3, STM32MP231DAL3, STM32MP231FAJ3, STM32MP231FAK3, STM32MP231FAL3, STM32MP233AAJ3, STM32MP233AAK3, STM32MP233AAL3, STM32MP233CAJ3, STM32MP233CAK3, STM32MP233CAL3, STM32MP233DAJ3, STM32MP233DAK3, STM32MP233DAL3, STM32MP233FAJ3, STM32MP233FAK3, STM32MP233FAL3, STM32MP235AAJ3, STM32MP235AAK3, STM32MP235AAL3, STM32MP235CAJ3, STM32MP235CAK3, STM32MP235CAL3, STM32MP235DAJ3, STM32MP235DAK3, STM32MP235DAL3, STM32MP235FAJ3, STM32MP235FAK3, STM32MP235FAL3, STM32MP251AAI3, STM32MP251AAK3, STM32MP251AAL3, STM32MP251CAI3, STM32MP251CAK3, STM32MP251CAL3, STM32MP251DAI3, STM32MP251DAK3, STM32MP251DAL3, STM32MP251FAI3, STM32MP251FAK3, STM32MP251FAL3, STM32MP253AAI3, STM32MP253AAK3, STM32MP253AAL3, STM32MP253CAI3, STM32MP253CAK3, STM32MP253CAL3, STM32MP253DAI3, STM32MP253DAK3, STM32MP253DAL3, STM32MP253FAI3, STM32MP253FAK3, STM32MP253FAL3, STM32MP255AAI3, STM32MP255AAK3, STM32MP255AAL3, STM32MP255CAI3, STM32MP255CAK3, STM32MP255CAL3, STM32MP255DAI3, STM32MP255DAK3, STM32MP255DAL3, STM32MP255FAI3, STM32MP255FAK3, STM32MP255FAL3, STM32MP257AAI3, STM32MP257AAK3, STM32MP257AAL3, STM32MP257CAI3, STM32MP257CAK3, STM32MP257CAL3, STM32MP257DAI3, STM32MP257DAK3, STM32MP257DAL3, STM32MP257F-DK, STM32MP257F-EV1, STM32MP257FAI3, STM32MP257FAK3, STM32MP257FAL3, STM32N645A0H3Q, STM32N645B0H3Q, STM32N645I0H3Q, STM32N645L0H3Q, STM32N645X0H3Q, STM32N645Z0H3Q, STM32N647A0H3Q, STM32N647B0H3Q, STM32N647I0H3Q, STM32N647L0H3Q, STM32N647X0H3Q, STM32N647Z0H3Q, STM32N655A0H3Q, STM32N655B0H3Q, STM32N655I0H3Q, STM32N655L0H3Q, STM32N655X0H3Q, STM32N655Z0H3Q, STM32N6570-DK, STM32N657A0H3Q, STM32N657B0H3Q, STM32N657I0H3Q, STM32N657L0H3Q, STM32N657X0H3Q, STM32N657Z0H3Q, STM32U031C6T6, STM32U031C6U6, STM32U031C8T6, STM32U031C8U6, STM32U031F4P6, STM32U031F6P6, STM32U031F8P6, STM32U031G6Y6TR, STM32U031G8Y6TR, STM32U031K4U6, STM32U031K6U6, STM32U031K8U6, STM32U031R6I6, STM32U031R6T6, STM32U031R8I6, STM32U031R8T6, STM32U073C8T6, STM32U073C8U6, STM32U073CBT6, STM32U073CBU6, STM32U073CCT6, STM32U073CCU6, STM32U073H8Y6TR, STM32U073HBY6TR, STM32U073HCY6TR, STM32U073K8U6, STM32U073KBU6, STM32U073KCU6, STM32U073M8I6, STM32U073M8T6, STM32U073MBI6, STM32U073MBT6, STM32U073MCI6, STM32U073MCT6, STM32U073R8I6, STM32U073R8T6, STM32U073RBI6, STM32U073RBT6, STM32U073RCI6, STM32U073RCT6, STM32U083C-DK, STM32U083CCT6, STM32U083CCU6, STM32U083HCY6TR, STM32U083KCU6, STM32U083MCI6, STM32U083MCT6, STM32U083RCI6, STM32U083RCT6, STM32U375CET6, STM32U375CET6Q, STM32U375CEU6, STM32U375CEU6Q, STM32U375CEY6QTR, STM32U375CGT6, STM32U375CGT6Q, STM32U375CGU6, STM32U375CGU6Q, STM32U375CGY6QTR, STM32U375KEU6, STM32U375KGU6, STM32U375REI6, STM32U375REI6Q, STM32U375RET6, STM32U375RET6Q, STM32U375REY6GTR, STM32U375REY6QTR, STM32U375RGI6, STM32U375RGI6Q, STM32U375RGT6, STM32U375RGT6Q, STM32U375RGY6GTR, STM32U375RGY6QTR, STM32U375VEI6, STM32U375VEI6Q, STM32U375VET6, STM32U375VET6Q, STM32U375VGI6, STM32U375VGI6Q, STM32U375VGT6, STM32U375VGT6Q, STM32U385CGT6, STM32U385CGT6Q, STM32U385CGU6, STM32U385CGU6Q, STM32U385CGY6QTR, STM32U385KGU6, STM32U385RGI6, STM32U385RGI6Q, STM32U385RGT6, STM32U385RGT6Q, STM32U385RGY6GTR, STM32U385RGY6QTR, STM32U385VGI6, STM32U385VGI6Q, STM32U385VGT6, STM32U385VGT6Q, STM32U535CBT6, STM32U535CBT6Q, STM32U535CBU6, STM32U535CBU6Q, STM32U535CCT6, STM32U535CCT6Q, STM32U535CCU6, STM32U535CCU6Q, STM32U535CET6, STM32U535CET6Q, STM32U535CEU6, STM32U535CEU6Q, STM32U535JEY6QTR, STM32U535NCY6QTR, STM32U535NEY6QTR, STM32U535RBI6, STM32U535RBI6Q, STM32U535RBT6, STM32U535RBT6Q, STM32U535RCI6, STM32U535RCI6Q, STM32U535RCT6, STM32U535RCT6Q, STM32U535REI6, STM32U535REI6Q, STM32U535RET6, STM32U535RET6Q, STM32U535VCI6, STM32U535VCI6Q, STM32U535VCT6, STM32U535VCT6Q, STM32U535VEI6, STM32U535VEI6Q, STM32U535VET6, STM32U535VET6Q, STM32U545CET6, STM32U545CET6Q, STM32U545CEU6, STM32U545CEU6Q, STM32U545JEY6QTR, STM32U545NEY6QTR, STM32U545REI6, STM32U545REI6Q, STM32U545RET6, STM32U545RET6Q, STM32U545VEI6, STM32U545VEI6Q, STM32U545VET6, STM32U545VET6Q, STM32U595AIH6, STM32U595AIH6Q, STM32U595AJH6, STM32U595AJH6Q, STM32U595QII6, STM32U595QII6Q, STM32U595QJI6, STM32U595QJI6Q, STM32U595RIT6, STM32U595RIT6Q, STM32U595RJT6, STM32U595RJT6Q, STM32U595VIT6, STM32U595VIT6Q, STM32U595VJT6, STM32U595VJT6Q, STM32U595ZIT6, STM32U595ZIT6Q, STM32U595ZIY6QTR, STM32U595ZJT6, STM32U595ZJT6Q, STM32U595ZJY6QTR, STM32U599BJY6QTR, STM32U599NIH6Q, STM32U599NJH6Q, STM32U599VIT6Q, STM32U599VJT6, STM32U599VJT6Q, STM32U599ZIT6Q, STM32U599ZIY6QTR, STM32U599ZJT6Q, STM32U599ZJY6QTR, STM32U5A5AJH6, STM32U5A5AJH6Q, STM32U5A5QII3Q , STM32U5A5QJI6, STM32U5A5QJI6Q, STM32U5A5RJT6, STM32U5A5RJT6Q, STM32U5A5VJT6, STM32U5A5VJT6Q, STM32U5A5ZJT6, STM32U5A5ZJT6Q, STM32U5A5ZJY6QTR, STM32U5A9BJY6QTR, STM32U5A9J-DK, STM32U5A9NJH6Q, STM32U5A9VJT6Q, STM32U5A9ZJT6Q, STM32U5A9ZJY6QTR, STM32U5F7VIT6, STM32U5F7VIT6Q, STM32U5F7VJT6, STM32U5F7VJT6Q, STM32U5F9BJY6QTR, STM32U5F9NJH6Q, STM32U5F9VIT6Q, STM32U5F9VJT6Q, STM32U5F9ZIJ6QTR, STM32U5F9ZIT6Q, STM32U5F9ZJJ6QTR, STM32U5F9ZJT6Q, STM32U5G7VJT6, STM32U5G7VJT6Q, STM32U5G9BJY6QTR, STM32U5G9J-DK1, STM32U5G9J-DK2, STM32U5G9NJH6Q, STM32U5G9VJT6Q, STM32U5G9ZJJ6QTR, STM32U5G9ZJT6Q, STM32WB05KZV6TR, STM32WB05KZV7TR, STM32WB05TZF6TR, STM32WB05TZF7TR, STM32WB06CCF6TR, STM32WB06CCF7TR, STM32WB06CCV6TR, STM32WB06CCV7TR, STM32WB06KCV6TR, STM32WB06KCV7TR, STM32WB07CCF6TR, STM32WB07CCF7TR, STM32WB07CCV6TR, STM32WB07CCV7TR, STM32WB07KCV6TR, STM32WB07KCV7TR, STM32WB09KEV6TR, STM32WB09KEV7TR, STM32WB09TEF6TR, STM32WB09TEF7TR, STM32WB1MMCH6, STM32WBA50KGU6, STM32WBA50KGU6TR, STM32WBA52CEU6, STM32WBA52CEU6TR, STM32WBA52CEU7, STM32WBA52CEU7TR, STM32WBA52CGU6, STM32WBA52CGU6TR, STM32WBA52CGU6U, STM32WBA52CGU7, STM32WBA52CGU7TR, STM32WBA52KEU6, STM32WBA52KEU6TR, STM32WBA52KGU6, STM32WBA52KGU6TR, STM32WBA54CEU6, STM32WBA54CEU6TR, STM32WBA54CEU7, STM32WBA54CEU7TR, STM32WBA54CGU6, STM32WBA54CGU6TR, STM32WBA54CGU7, STM32WBA54CGU7TR, STM32WBA54KEU6, STM32WBA54KEU6TR, STM32WBA54KEU7, STM32WBA54KEU7TR, STM32WBA54KGU6, STM32WBA54KGU6TR, STM32WBA54KGU7, STM32WBA54KGU7TR, STM32WBA55CEU6, STM32WBA55CEU6TR, STM32WBA55CEU7, STM32WBA55CEU7TR, STM32WBA55CGU6, STM32WBA55CGU6TR, STM32WBA55CGU6U, STM32WBA55CGU7, STM32WBA55CGU7TR, STM32WBA55G-DK1, STM32WBA55HEF6, STM32WBA55HEF7, STM32WBA55HGF6, STM32WBA55HGF7, STM32WBA55UEI6, STM32WBA55UEI6TR, STM32WBA55UEI7, STM32WBA55UEI7TR, STM32WBA55UGI6, STM32WBA55UGI6TR, STM32WBA55UGI7, STM32WBA55UGI7TR, STM32WBA5MMGH6TR, STM32WBA62MGF6, STM32WBA62MIF6, STM32WBA65MGF7, STM32WBA65MIF6, STM32WBA65MIF7, STM32WL30K8V6, STM32WL30KBV6, STM32WL31C8V6, STM32WL31CBV6, STM32WL31K8V6, STM32WL31KBV6, STM32WL33C8V6, STM32WL33C8V6X, STM32WL33CBV6, STM32WL33CBV6X, STM32WL33CCV6, STM32WL33CCV6A, STM32WL33CCV6X, STM32WL33K8V7, STM32WL33K8V7X, STM32WL33KBV7 , STM32WL33KBV7X, STM32WL33KCV7, STM32WL33KCV7X, STM32WL5MOCH6, STM32WL5MOCH6TR]
2026-04-22 16:37:42,541 [INFO] DbMcus:218 - Found 5055 MCUs, 4968 are supported
2026-04-22 16:37:42,542 [INFO] ApiDb:423 - Load user favorites file /Users/cristianpetramale/.stm32cubeide/favorites.mcus.txt: 0 item(s)
2026-04-22 16:37:42,543 [INFO] ApiDb:427 - User favorites MCUs=[]
2026-04-22 16:37:42,543 [INFO] DbMcus:224 - Set 0 / 0 favorites MCUs
2026-04-22 16:37:42,863 [INFO] ApiDb:668 - CubeFinder database Data Model version=2.1
2026-04-22 16:37:42,864 [INFO] ApiDb:669 - CubeFinder database Configuration version=3.0.42
2026-04-22 16:37:42,864 [INFO] ApiDb:670 - CubeFinder database generation date=2026-03-11 (1773229989)
2026-04-22 16:37:42,864 [INFO] ApiDb:671 - CubeFinder database FW Pack versions=[FP-ATR-ASTRA1_V2.0.0, FP-SNS-FLIGHT1_V5.1.0, FP-SNS-MOTENV1_V5.1.0, FP-SNS-MOTENVWB1_V1.5.0, FP-SNS-SMARTAG2_V1.2.0, FP-SNS-STBOX1_V2.1.0, STM32Cube_FW_C0_V1.4.0, STM32Cube_FW_F4_V1.28.3, STM32Cube_FW_F7_V1.17.4, STM32Cube_FW_G0_V1.6.3, STM32Cube_FW_G4_V1.6.2, STM32Cube_FW_H5_V1.6.0, STM32Cube_FW_H7RS_V1.3.0, STM32Cube_FW_H7_V1.13.0, STM32Cube_FW_L0_V1.12.2, STM32Cube_FW_L4_V1.18.2, STM32Cube_FW_L5_V1.6.0, STM32Cube_FW_N6_V1.3.0, STM32Cube_FW_U0_V1.3.0, STM32Cube_FW_U3_V1.3.0, STM32Cube_FW_U5_V1.8.0, STM32Cube_FW_WB0_V1.4.0, STM32Cube_FW_WBA_V1.9.0, STM32Cube_FW_WB_V1.24.0, STM32Cube_FW_WL3_V1.4.0, STM32Cube_FW_WL_V1.5.0, X-CUBE-ALGOBUILD_V1.4.0, X-CUBE-ALS_V1.0.2, X-CUBE-AZRTOS-F4_V1.1.0, X-CUBE-AZRTOS-F7_V1.1.0, X-CUBE-AZRTOS-G0_V1.1.0, X-CUBE-AZRTOS-G4_V2.0.0, X-CUBE-AZRTOS-H7RS_V1.1.0, X-CUBE-AZRTOS-H7_V3.4.0, X-CUBE-AZRTOS-L4_V2.0.0, X-CUBE-AZRTOS-L5_V2.0.0, X-CUBE-AZRTOS-WB_V2.0.0, X-CUBE-AZRTOS-WL_V2.0.0, X-CUBE-BLE1_V7.1.0, X-CUBE-BLE2_V3.3.0, X-CUBE-BLEMGR_V4.1.0, X-CUBE-EEPRMA1_V5.2.0, X-CUBE-FREERTOS_V1.5.0, X-CUBE-GNSS1_V6.0.0, X-CUBE-MEMS1_V12.0.0, X-CUBE-NFC4_V3.0.0, X-CUBE-NFC7_V2.0.0, X-CUBE-SFXS2LP1_V4.0.0, X-CUBE-ST67W61_V1.2.0, X-CUBE-SUBG2_V5.0.0, X-CUBE-TOF1_V3.4.3]
2026-04-22 16:37:42,904 [INFO] DbBoardsSqlite:226 - include board P-NUCLEO-WB55-NUCLEO as a kit item of type 'Nucleo-64'
2026-04-22 16:37:42,904 [INFO] DbBoardsSqlite:226 - include board P-NUCLEO-WB55-USBDONGLE as a kit item of type 'Nucleo USB Dongle'
2026-04-22 16:37:42,904 [INFO] DbBoardsSqlite:226 - include board STEVAL-IDP005V1 as a kit item of type 'Evaluation Board'
2026-04-22 16:37:42,904 [INFO] DbBoardsSqlite:226 - include board STEVAL-IDP005V2 as a kit item of type 'Evaluation Board'
2026-04-22 16:37:42,938 [INFO] ApiDb:240 - Found 880 in-development CPN: [B-G473E-ZEST1S, B-WB1M-WPAN1, B-WBA5M-WPAN, B-WL5M-SUBG1, NUCLEO-C031C6, NUCLEO-C051C8, NUCLEO-C071RB, NUCLEO-C092RC, NUCLEO-H503RB, NUCLEO-H533RE, NUCLEO-H563ZI, NUCLEO-H7S3L8, NUCLEO-N657X0-Q, NUCLEO-U031R8, NUCLEO-U083RC, NUCLEO-U385RG-Q, NUCLEO-U545RE-Q, NUCLEO-U5A5ZJ-Q, NUCLEO-WB05KZ, NUCLEO-WB07CC, NUCLEO-WB09KE, NUCLEO-WBA52CG, NUCLEO-WBA55CG, NUCLEO-WL33CC1, NUCLEO-WL33CC2, STEVAL-PROTEUS1, STEVAL-SMARTAG2, STEVAL-STWINBX1, STM320518-EVAL, STM32C0116-DK, STM32C011D6Y3TR, STM32C011D6Y6TR, STM32C011F4P3, STM32C011F4P6, STM32C011F4U3, STM32C011F4U6TR, STM32C011F6P3, STM32C011F6P6, STM32C011F6U3, STM32C011F6U6TR, STM32C011J4M3, STM32C011J4M6, STM32C011J6M3, STM32C011J6M6, STM32C0316-DK, STM32C031C4T3, STM32C031C4T6, STM32C031C4U3, STM32C031C4U6, STM32C031C6T3, STM32C031C6T6, STM32C031C6U3, STM32C031C6U6, STM32C031F4P3, STM32C031F4P6, STM32C031F6P3, STM32C031F6P6, STM32C031G4U3, STM32C031G4U6, STM32C031G6U3, STM32C031G6U6, STM32C031K4T3, STM32C031K4T6, STM32C031K4U3, STM32C031K4U6, STM32C031K6T3, STM32C031K6T6, STM32C031K6U3, STM32C031K6U6, STM32C051C6T6, STM32C051C6U6, STM32C051C8T6, STM32C051C8U6, STM32C051D8Y6TR, STM32C051F6P6, STM32C051F8P6, STM32C051G6U6, STM32C051G8U6, STM32C051K6T6, STM32C051K6U6, STM32C051K8T6, STM32C071C8T6, STM32C071C8T6N, STM32C071C8U6, STM32C071C8U6N, STM32C071CBT6, STM32C071CBT6N, STM32C071CBU6, STM32C071CBU6N, STM32C071F8P6, STM32C071F8P6N, STM32C071FBP6, STM32C071FBP6N, STM32C071FBY6TR, STM32C071G8U6, STM32C071G8U6N, STM32C071GBU6, STM32C071GBU6N, STM32C071K8T6, STM32C071K8T6N, STM32C071K8U6, STM32C071K8U6N, STM32C071KBT6, STM32C071KBT6N, STM32C071KBU6, STM32C071KBU6N, STM32C071R8T6, STM32C071R8T6N, STM32C071RBI6N, STM32C071RBT6, STM32C071RBT6N, STM32C091CBT6, STM32C091CBU6, STM32C091CCT6, STM32C091CCU6, STM32C091ECY6TR, STM32C091FBP6, STM32C091FCP6, STM32C091GBU6, STM32C091GCU6, STM32C091KBT6, STM32C091KBU6, STM32C091KCT6, STM32C091KCU6, STM32C091RBT6, STM32C091RCI6, STM32C091RCT6, STM32C092CBT6, STM32C092CBU6, STM32C092CCT6, STM32C092CCU6, STM32C092ECY6TR, STM32C092FBP6, STM32C092FCP6, STM32C092GBU6, STM32C092GCU6, STM32C092KBT6, STM32C092KBU6, STM32C092KCT6, STM32C092KCU6, STM32C092RBT6, STM32C092RCI6, STM32C092RCT6, STM32G071K8TXN, STM32G071K8UXN, STM32G081GBU6N, STM32G081KBT6N, STM32G081KBUXN, STM32G0B1CCT6N, STM32G0B1KCT6, STM32G0B1NEY6TR, STM32G0B1RCT6N, STM32G0C1CCT6, STM32G0C1CCT6N, STM32G0C1CCU6N, STM32G0C1CET6N, STM32G0C1CEU6N, STM32G0C1KCT6, STM32G0C1NEY6TR, STM32G0C1RCI6N, STM32G0C1RCT6N, STM32G0C1REI6N, STM32G0C1RET6N, STM32G0C1VCI6, STM32G0C1VEI6, STM32G411C6T3, STM32G411C6T6, STM32G411C6U3, STM32G411C6U6, STM32G411C8T3, STM32G411C8T6, STM32G411C8U3, STM32G411C8U6, STM32G411CBT3, STM32G411CBT6, STM32G411CBU3, STM32G411CBU6, STM32G411K6T3, STM32G411K6T6, STM32G411K6U3, STM32G411K6U6, STM32G411K8T3, STM32G411K8T6, STM32G411K8U3, STM32G411K8U6, STM32G411KBT3, STM32G411KBT6, STM32G411KBU3, STM32G411KBU6, STM32G411M6T3, STM32G411M6T6, STM32G411M8T3, STM32G411M8T6, STM32G411MBT3, STM32G411MBT6, STM32G411R6T3, STM32G411R6T6, STM32G411R8T3, STM32G411R8T6, STM32G411RBT3, STM32G411RBT6, STM32G414CBT3, STM32G414CBT6, STM32G414CBU3, STM32G414CBU6, STM32G414CCT3, STM32G414CCT6, STM32G414CCU3, STM32G414CCU6, STM32G414MBT3, STM32G414MBT6, STM32G414MCT3, STM32G414MCT6, STM32G414RBT3, STM32G414RBT6, STM32G414RCT3, STM32G414RCT6, STM32G414VBT3, STM32G414VBT6, STM32G414VCT3, STM32G414VCT6, STM32G431CBT3Z, STM32G431RBT3Z, STM32G471CCT6, STM32G471CCU6, STM32G471CET3, STM32G471CET6, STM32G471CEU3, STM32G471CEU6, STM32G471MCT6, STM32G471MET3, STM32G471MET6, STM32G471MEY6TR, STM32G471QCT6, STM32G471QET3, STM32G471RCT6, STM32G471RET3, STM32G471RET6, STM32G471VCH6, STM32G471VCI6, STM32G471VCT6, STM32G471VEH3, STM32G471VEH6, STM32G471VEI3, STM32G471VEI6, STM32G471VET3, STM32G471VET6, STM32G473QET3Z, STM32G473RET3Z, STM32G474CCT6, STM32G491RET3Z, STM32H503CBT6, STM32H503CBU6, STM32H503EBY6TR, STM32H503KBU6, STM32H503RBT6, STM32H523CCT6, STM32H523CCU6, STM32H523CET6, STM32H523CEU6, STM32H523HEY6TR, STM32H523RCT6, STM32H523RET6, STM32H523VCI6, STM32H523VCT6, STM32H523VEI6, STM32H523VET6, STM32H523ZCJ6, STM32H523ZCT6, STM32H523ZEJ6, STM32H523ZET6, STM32H533CET6, STM32H533CEU6, STM32H533HEY6TR, STM32H533RET6, STM32H533VEI6, STM32H533VET6, STM32H533ZEJ6, STM32H533ZET6, STM32H562AGI6, STM32H562AII6, STM32H562IGK6, STM32H562IGT6, STM32H562IIK6, STM32H562IIT6, STM32H562RGT6, STM32H562RGV6, STM32H562RIT6, STM32H562RIV6, STM32H562VGT6, STM32H562VIT6, STM32H562ZGT6, STM32H562ZIT6, STM32H563AGI6, STM32H563AII3Q, STM32H563AII6, STM32H563IGK6, STM32H563IGT6, STM32H563IIK3Q, STM32H563IIK6, STM32H563IIT3Q, STM32H563IIT6, STM32H563MIY3QTR, STM32H563RGT6, STM32H563RGV6, STM32H563RIT6, STM32H563RIV6, STM32H563VGT6, STM32H563VIT3Q, STM32H563VIT6, STM32H563ZGT6, STM32H563ZIT3Q, STM32H563ZIT6, STM32H573AII3Q, STM32H573AII6, STM32H573I-DK, STM32H573IIK3Q, STM32H573IIK6, STM32H573IIT3Q, STM32H573IIT6, STM32H573MIY3QTR, STM32H573RIT6, STM32H573RIV6, STM32H573VIT3Q, STM32H573VIT6, STM32H573ZIT3Q, STM32H573ZIT6, STM32H7R3A8I6, STM32H7R3I8K6, STM32H7R3I8T6, STM32H7R3L8H6, STM32H7R3L8H6H, STM32H7R3R8V6, STM32H7R3V8H6, STM32H7R3V8T6, STM32H7R3V8Y6TR, STM32H7R3Z8J6, STM32H7R3Z8T6, STM32H7R7A8I6, STM32H7R7I8K6, STM32H7R7I8T6, STM32H7R7L8H6, STM32H7R7L8H6H, STM32H7R7Z8J6, STM32H7S3A8I6, STM32H7S3I8K6, STM32H7S3I8T6, STM32H7S3L8H6, STM32H7S3L8H6H, STM32H7S3R8V6, STM32H7S3V8H6, STM32H7S3V8T6, STM32H7S3V8Y6TR, STM32H7S3Z8J6, STM32H7S3Z8T6, STM32H7S78-DK, STM32H7S7A8I6, STM32H7S7I8K6, STM32H7S7I8T6, STM32H7S7L8H6, STM32H7S7L8H6H, STM32H7S7Z8J6, STM32L4R5QGI6STR, STM32MP131AAE3, STM32MP131AAF3, STM32MP131AAG3, STM32MP131CAE3, STM32MP131CAF3, STM32MP131CAG3, STM32MP131DAE7, STM32MP131DAF7, STM32MP131DAG7, STM32MP131FAE7, STM32MP131FAF7, STM32MP131FAG7, STM32MP133AAE3, STM32MP133AAF3, STM32MP133AAG3, STM32MP133CAE3, STM32MP133CAF3, STM32MP133CAG3, STM32MP133DAE7, STM32MP133DAF7, STM32MP133DAG7, STM32MP133FAE7, STM32MP133FAF7, STM32MP133FAG7, STM32MP135AAE3, STM32MP135AAF3, STM32MP135AAG3, STM32MP135CAE3, STM32MP135CAF3, STM32MP135CAG3, STM32MP135DAE7, STM32MP135DAF7, STM32MP135DAG7, STM32MP135F-DK, STM32MP135FAE7, STM32MP135FAF7, STM32MP135FAF7T, STM32MP135FAF7U, STM32MP135FAG7, STM32MP211AAL3, STM32MP211AAM3, STM32MP211AAN3, STM32MP211AAO3, STM32MP211CAL3, STM32MP211CAM3, STM32MP211CAN3, STM32MP211CAO3, STM32MP211DAL3, STM32MP211DAM3, STM32MP211DAN3, STM32MP211DAO3, STM32MP211FAL3, STM32MP211FAM3, STM32MP211FAN3, STM32MP211FAO3, STM32MP213AAL3, STM32MP213AAM3, STM32MP213AAN3, STM32MP213AAO3, STM32MP213CAL3, STM32MP213CAM3, STM32MP213CAN3, STM32MP213CAO3, STM32MP213DAL3, STM32MP213DAM3, STM32MP213DAN3, STM32MP213DAO3, STM32MP213FAL3, STM32MP213FAM3, STM32MP213FAN3, STM32MP213FAO3, STM32MP215AAL3, STM32MP215AAM3, STM32MP215AAN3, STM32MP215AAO3, STM32MP215CAL3, STM32MP215CAM3, STM32MP215CAN3, STM32MP215CAO3, STM32MP215DAL3, STM32MP215DAM3, STM32MP215DAN3, STM32MP215DAO3, STM32MP215F-DK, STM32MP215FAL3, STM32MP215FAM3, STM32MP215FAN3, STM32MP215FAO3, STM32MP231AAJ3, STM32MP231AAK3, STM32MP231AAL3, STM32MP231CAJ3, STM32MP231CAK3, STM32MP231CAL3, STM32MP231DAJ3, STM32MP231DAK3, STM32MP231DAL3, STM32MP231FAJ3, STM32MP231FAK3, STM32MP231FAL3, STM32MP233AAJ3, STM32MP233AAK3, STM32MP233AAL3, STM32MP233CAJ3, STM32MP233CAK3, STM32MP233CAL3, STM32MP233DAJ3, STM32MP233DAK3, STM32MP233DAL3, STM32MP233FAJ3, STM32MP233FAK3, STM32MP233FAL3, STM32MP235AAJ3, STM32MP235AAK3, STM32MP235AAL3, STM32MP235CAJ3, STM32MP235CAK3, STM32MP235CAL3, STM32MP235DAJ3, STM32MP235DAK3, STM32MP235DAL3, STM32MP235FAJ3, STM32MP235FAK3, STM32MP235FAL3, STM32MP251AAI3, STM32MP251AAK3, STM32MP251AAL3, STM32MP251CAI3, STM32MP251CAK3, STM32MP251CAL3, STM32MP251DAI3, STM32MP251DAK3, STM32MP251DAL3, STM32MP251FAI3, STM32MP251FAK3, STM32MP251FAL3, STM32MP253AAI3, STM32MP253AAK3, STM32MP253AAL3, STM32MP253CAI3, STM32MP253CAK3, STM32MP253CAL3, STM32MP253DAI3, STM32MP253DAK3, STM32MP253DAL3, STM32MP253FAI3, STM32MP253FAK3, STM32MP253FAL3, STM32MP255AAI3, STM32MP255AAK3, STM32MP255AAL3, STM32MP255CAI3, STM32MP255CAK3, STM32MP255CAL3, STM32MP255DAI3, STM32MP255DAK3, STM32MP255DAL3, STM32MP255FAI3, STM32MP255FAK3, STM32MP255FAL3, STM32MP257AAI3, STM32MP257AAK3, STM32MP257AAL3, STM32MP257CAI3, STM32MP257CAK3, STM32MP257CAL3, STM32MP257DAI3, STM32MP257DAK3, STM32MP257DAL3, STM32MP257F-DK, STM32MP257F-EV1, STM32MP257FAI3, STM32MP257FAK3, STM32MP257FAL3, STM32N645A0H3Q, STM32N645B0H3Q, STM32N645I0H3Q, STM32N645L0H3Q, STM32N645X0H3Q, STM32N645Z0H3Q, STM32N647A0H3Q, STM32N647B0H3Q, STM32N647I0H3Q, STM32N647L0H3Q, STM32N647X0H3Q, STM32N647Z0H3Q, STM32N655A0H3Q, STM32N655B0H3Q, STM32N655I0H3Q, STM32N655L0H3Q, STM32N655X0H3Q, STM32N655Z0H3Q, STM32N6570-DK, STM32N657A0H3Q, STM32N657B0H3Q, STM32N657I0H3Q, STM32N657L0H3Q, STM32N657X0H3Q, STM32N657Z0H3Q, STM32U031C6T6, STM32U031C6U6, STM32U031C8T6, STM32U031C8U6, STM32U031F4P6, STM32U031F6P6, STM32U031F8P6, STM32U031G6Y6TR, STM32U031G8Y6TR, STM32U031K4U6, STM32U031K6U6, STM32U031K8U6, STM32U031R6I6, STM32U031R6T6, STM32U031R8I6, STM32U031R8T6, STM32U073C8T6, STM32U073C8U6, STM32U073CBT6, STM32U073CBU6, STM32U073CCT6, STM32U073CCU6, STM32U073H8Y6TR, STM32U073HBY6TR, STM32U073HCY6TR, STM32U073K8U6, STM32U073KBU6, STM32U073KCU6, STM32U073M8I6, STM32U073M8T6, STM32U073MBI6, STM32U073MBT6, STM32U073MCI6, STM32U073MCT6, STM32U073R8I6, STM32U073R8T6, STM32U073RBI6, STM32U073RBT6, STM32U073RCI6, STM32U073RCT6, STM32U083C-DK, STM32U083CCT6, STM32U083CCU6, STM32U083HCY6TR, STM32U083KCU6, STM32U083MCI6, STM32U083MCT6, STM32U083RCI6, STM32U083RCT6, STM32U375CET6, STM32U375CET6Q, STM32U375CEU6, STM32U375CEU6Q, STM32U375CEY6QTR, STM32U375CGT6, STM32U375CGT6Q, STM32U375CGU6, STM32U375CGU6Q, STM32U375CGY6QTR, STM32U375KEU6, STM32U375KGU6, STM32U375REI6, STM32U375REI6Q, STM32U375RET6, STM32U375RET6Q, STM32U375REY6GTR, STM32U375REY6QTR, STM32U375RGI6, STM32U375RGI6Q, STM32U375RGT6, STM32U375RGT6Q, STM32U375RGY6GTR, STM32U375RGY6QTR, STM32U375VEI6, STM32U375VEI6Q, STM32U375VET6, STM32U375VET6Q, STM32U375VGI6, STM32U375VGI6Q, STM32U375VGT6, STM32U375VGT6Q, STM32U385CGT6, STM32U385CGT6Q, STM32U385CGU6, STM32U385CGU6Q, STM32U385CGY6QTR, STM32U385KGU6, STM32U385RGI6, STM32U385RGI6Q, STM32U385RGT6, STM32U385RGT6Q, STM32U385RGY6GTR, STM32U385RGY6QTR, STM32U385VGI6, STM32U385VGI6Q, STM32U385VGT6, STM32U385VGT6Q, STM32U535CBT6, STM32U535CBT6Q, STM32U535CBU6, STM32U535CBU6Q, STM32U535CCT6, STM32U535CCT6Q, STM32U535CCU6, STM32U535CCU6Q, STM32U535CET6, STM32U535CET6Q, STM32U535CEU6, STM32U535CEU6Q, STM32U535JEY6QTR, STM32U535NCY6QTR, STM32U535NEY6QTR, STM32U535RBI6, STM32U535RBI6Q, STM32U535RBT6, STM32U535RBT6Q, STM32U535RCI6, STM32U535RCI6Q, STM32U535RCT6, STM32U535RCT6Q, STM32U535REI6, STM32U535REI6Q, STM32U535RET6, STM32U535RET6Q, STM32U535VCI6, STM32U535VCI6Q, STM32U535VCT6, STM32U535VCT6Q, STM32U535VEI6, STM32U535VEI6Q, STM32U535VET6, STM32U535VET6Q, STM32U545CET6, STM32U545CET6Q, STM32U545CEU6, STM32U545CEU6Q, STM32U545JEY6QTR, STM32U545NEY6QTR, STM32U545REI6, STM32U545REI6Q, STM32U545RET6, STM32U545RET6Q, STM32U545VEI6, STM32U545VEI6Q, STM32U545VET6, STM32U545VET6Q, STM32U595AIH6, STM32U595AIH6Q, STM32U595AJH6, STM32U595AJH6Q, STM32U595QII6, STM32U595QII6Q, STM32U595QJI6, STM32U595QJI6Q, STM32U595RIT6, STM32U595RIT6Q, STM32U595RJT6, STM32U595RJT6Q, STM32U595VIT6, STM32U595VIT6Q, STM32U595VJT6, STM32U595VJT6Q, STM32U595ZIT6, STM32U595ZIT6Q, STM32U595ZIY6QTR, STM32U595ZJT6, STM32U595ZJT6Q, STM32U595ZJY6QTR, STM32U599BJY6QTR, STM32U599NIH6Q, STM32U599NJH6Q, STM32U599VIT6Q, STM32U599VJT6, STM32U599VJT6Q, STM32U599ZIT6Q, STM32U599ZIY6QTR, STM32U599ZJT6Q, STM32U599ZJY6QTR, STM32U5A5AJH6, STM32U5A5AJH6Q, STM32U5A5QII3Q , STM32U5A5QJI6, STM32U5A5QJI6Q, STM32U5A5RJT6, STM32U5A5RJT6Q, STM32U5A5VJT6, STM32U5A5VJT6Q, STM32U5A5ZJT6, STM32U5A5ZJT6Q, STM32U5A5ZJY6QTR, STM32U5A9BJY6QTR, STM32U5A9J-DK, STM32U5A9NJH6Q, STM32U5A9VJT6Q, STM32U5A9ZJT6Q, STM32U5A9ZJY6QTR, STM32U5F7VIT6, STM32U5F7VIT6Q, STM32U5F7VJT6, STM32U5F7VJT6Q, STM32U5F9BJY6QTR, STM32U5F9NJH6Q, STM32U5F9VIT6Q, STM32U5F9VJT6Q, STM32U5F9ZIJ6QTR, STM32U5F9ZIT6Q, STM32U5F9ZJJ6QTR, STM32U5F9ZJT6Q, STM32U5G7VJT6, STM32U5G7VJT6Q, STM32U5G9BJY6QTR, STM32U5G9J-DK1, STM32U5G9J-DK2, STM32U5G9NJH6Q, STM32U5G9VJT6Q, STM32U5G9ZJJ6QTR, STM32U5G9ZJT6Q, STM32WB05KZV6TR, STM32WB05KZV7TR, STM32WB05TZF6TR, STM32WB05TZF7TR, STM32WB06CCF6TR, STM32WB06CCF7TR, STM32WB06CCV6TR, STM32WB06CCV7TR, STM32WB06KCV6TR, STM32WB06KCV7TR, STM32WB07CCF6TR, STM32WB07CCF7TR, STM32WB07CCV6TR, STM32WB07CCV7TR, STM32WB07KCV6TR, STM32WB07KCV7TR, STM32WB09KEV6TR, STM32WB09KEV7TR, STM32WB09TEF6TR, STM32WB09TEF7TR, STM32WB1MMCH6, STM32WBA50KGU6, STM32WBA50KGU6TR, STM32WBA52CEU6, STM32WBA52CEU6TR, STM32WBA52CEU7, STM32WBA52CEU7TR, STM32WBA52CGU6, STM32WBA52CGU6TR, STM32WBA52CGU6U, STM32WBA52CGU7, STM32WBA52CGU7TR, STM32WBA52KEU6, STM32WBA52KEU6TR, STM32WBA52KGU6, STM32WBA52KGU6TR, STM32WBA54CEU6, STM32WBA54CEU6TR, STM32WBA54CEU7, STM32WBA54CEU7TR, STM32WBA54CGU6, STM32WBA54CGU6TR, STM32WBA54CGU7, STM32WBA54CGU7TR, STM32WBA54KEU6, STM32WBA54KEU6TR, STM32WBA54KEU7, STM32WBA54KEU7TR, STM32WBA54KGU6, STM32WBA54KGU6TR, STM32WBA54KGU7, STM32WBA54KGU7TR, STM32WBA55CEU6, STM32WBA55CEU6TR, STM32WBA55CEU7, STM32WBA55CEU7TR, STM32WBA55CGU6, STM32WBA55CGU6TR, STM32WBA55CGU6U, STM32WBA55CGU7, STM32WBA55CGU7TR, STM32WBA55G-DK1, STM32WBA55HEF6, STM32WBA55HEF7, STM32WBA55HGF6, STM32WBA55HGF7, STM32WBA55UEI6, STM32WBA55UEI6TR, STM32WBA55UEI7, STM32WBA55UEI7TR, STM32WBA55UGI6, STM32WBA55UGI6TR, STM32WBA55UGI7, STM32WBA55UGI7TR, STM32WBA5MMGH6TR, STM32WBA62MGF6, STM32WBA62MIF6, STM32WBA65MGF7, STM32WBA65MIF6, STM32WBA65MIF7, STM32WL30K8V6, STM32WL30KBV6, STM32WL31C8V6, STM32WL31CBV6, STM32WL31K8V6, STM32WL31KBV6, STM32WL33C8V6, STM32WL33C8V6X, STM32WL33CBV6, STM32WL33CBV6X, STM32WL33CCV6, STM32WL33CCV6A, STM32WL33CCV6X, STM32WL33K8V7, STM32WL33K8V7X, STM32WL33KBV7 , STM32WL33KBV7X, STM32WL33KCV7, STM32WL33KCV7X, STM32WL5MOCH6, STM32WL5MOCH6TR]
2026-04-22 16:37:43,031 [INFO] BoardInfo:889 - No configuration file found for board NUCLEO-H5E5ZJ
2026-04-22 16:37:43,032 [INFO] DbBoards:161 - Board is not supported: NUCLEO-H5E5ZJ
2026-04-22 16:37:43,067 [INFO] BoardInfo:889 - No configuration file found for board NUCLEO-U3C5ZI-Q
2026-04-22 16:37:43,070 [INFO] DbBoards:161 - Board is not supported: NUCLEO-U3C5ZI-Q
2026-04-22 16:37:43,081 [INFO] BoardInfo:889 - No configuration file found for board NUCLEO-WBA25CE1
2026-04-22 16:37:43,086 [INFO] DbBoards:161 - Board is not supported: NUCLEO-WBA25CE1
2026-04-22 16:37:43,096 [INFO] BoardInfo:889 - No configuration file found for board NUCLEO-WL3RKB1
2026-04-22 16:37:43,101 [INFO] DbBoards:161 - Board is not supported: NUCLEO-WL3RKB1
2026-04-22 16:37:43,107 [INFO] BoardInfo:889 - No configuration file found for board NUCLEO-WL3RKB2
2026-04-22 16:37:43,111 [INFO] DbBoards:161 - Board is not supported: NUCLEO-WL3RKB2
2026-04-22 16:37:43,119 [INFO] BoardInfo:889 - No configuration file found for board P-NUCLEO-WB55
2026-04-22 16:37:43,123 [INFO] DbBoards:161 - Kit is not supported: P-NUCLEO-WB55
2026-04-22 16:37:43,130 [INFO] BoardInfo:889 - No configuration file found for board STEVAL-BFA001V1B
2026-04-22 16:37:43,131 [INFO] DbBoards:161 - Kit is not supported: STEVAL-BFA001V1B
2026-04-22 16:37:43,136 [INFO] BoardInfo:889 - No configuration file found for board STEVAL-BFA001V2B
2026-04-22 16:37:43,140 [INFO] DbBoards:161 - Kit is not supported: STEVAL-BFA001V2B
2026-04-22 16:37:43,272 [INFO] BoardInfo:889 - No configuration file found for board STM32H5F5J-DK
2026-04-22 16:37:43,284 [INFO] DbBoards:161 - Board is not supported: STM32H5F5J-DK
2026-04-22 16:37:43,344 [INFO] DbBoards:168 - Found 218 boards, 209 are supported
2026-04-22 16:37:43,347 [INFO] DbBoards:169 - Found 218 boards, 43 of them is supported for  Bsp
2026-04-22 16:37:43,357 [INFO] ApiDb:423 - Load user favorites file /Users/cristianpetramale/.stm32cubeide/favorites.boards.txt: 0 item(s)
2026-04-22 16:37:43,359 [INFO] ApiDb:427 - User favorites Boards=[]
2026-04-22 16:37:43,359 [INFO] DbBoards:198 - Set 0 / 0 favorites Boards
2026-04-22 16:37:43,362 [INFO] McuFinderGlobals:76 - Set McuFinderConnectedMode to true
2026-04-22 16:37:43,435 [INFO] MultiScanPanel:200 - Auto-refresh data requested => check proxy status ongoing
2026-04-22 16:37:43,445 [INFO] FinderPluginLoader:96 - Searching for filters in installed packs
2026-04-22 16:37:44,894 [INFO] LoadUrlFilesThread:185 - End of LoadServerUrlFiles without Thread
2026-04-22 16:37:44,991 [INFO] DetailPanel:341 - Set advertising image to /Users/cristianpetramale/STM32Cube/Repository//en.prom-stm32u3b5-u3c5-0426.jpg
2026-04-22 16:38:15,984 [INFO] MainUpdater:2872 - connection check result : 10
2026-04-22 16:38:15,989 [INFO] MainUpdater:2872 - connection check result : 10
2026-04-22 16:38:16,595 [INFO] MicroXplorer:468 - Change Database Path : 
2026-04-22 16:38:16,596 [INFO] MicroXplorer:498 - Change Database Version : DB.6.0.150
2026-04-22 16:38:16,601 [WARN] ThirdParty:871 - waiting for thirdparty lock release [close project]
2026-04-22 16:38:16,601 [INFO] ThirdParty:873 - entering critical section [close project]
2026-04-22 16:38:16,610 [INFO] ThirdParty:883 - exiting critical section [close project]
2026-04-22 16:38:16,619 [INFO] PinOutPanel:1589 - setPackage(No Configuration,No Configuration)
2026-04-22 16:38:16,624 [INFO] UtilMem:75 - Begin LoadConfig() Used Memory: 415752992 Bytes (550502400)
2026-04-22 16:38:16,626 [INFO] MicroXplorer:468 - Change Database Path : 
2026-04-22 16:38:16,626 [INFO] MicroXplorer:498 - Change Database Version : DB.6.0.150
2026-04-22 16:38:16,626 [INFO] OpenFileManager:355 - Change cursor
2026-04-22 16:38:16,804 [INFO] Mcu:2029 - Initializing MCU STM32L432KCUx STM32L432KCUx STM32L432KCU3
2026-04-22 16:38:17,899 [INFO] Context:786 - Trying to add GPIOservice into a context  which must be forbidden
2026-04-22 16:38:19,121 [INFO] ImportTextPane:234 - (OptionalMessage_ERROR) Unable to find key (Mcu.ThirdPartyNb) in loaded IOC file
2026-04-22 16:38:19,130 [INFO] ImportTextPane:234 - (OptionalMessage_ERROR) Unable to find key (Mcu.PinsNb) in loaded IOC file
2026-04-22 16:38:19,133 [INFO] ImportTextPane:234 - (OptionalMessage_ERROR) Pin0 (VP_RIF_VS_RIF1) cannot be retrieved for this MCU
2026-04-22 16:38:19,133 [INFO] ImportTextPane:234 - (OptionalMessage_ERROR) Unable to find key (Mcu.IPNb) in loaded IOC file
2026-04-22 16:38:19,327 [INFO] RtosManager:558 - Registered RTOS mode: class=CMSIS, group=RTOS, mode=CMSIS_V1, owner=FREERTOS
2026-04-22 16:38:19,328 [INFO] RtosManager:558 - Registered RTOS mode: class=CMSIS, group=RTOS2, mode=CMSIS_V2, owner=FREERTOS
2026-04-22 16:38:19,328 [INFO] RtosManager:558 - Registered RTOS mode: class=RTOS, group=Core, mode=CMSIS_V1, owner=FREERTOS
2026-04-22 16:38:19,328 [INFO] RtosManager:558 - Registered RTOS mode: class=RTOS, group=Core, mode=CMSIS_V2, owner=FREERTOS
2026-04-22 16:38:19,328 [WARN] ModelIntegratedComponent:184 - Missing modes for component STMicroelectronics:FreeRTOS:0.0.1:STMicroelectronics:RTOS:FreeRTOS:Core:::10.2.0:
2026-04-22 16:38:19,371 [WARN] ModelIntegratedComponent:63 - No mode defined for component null
2026-04-22 16:38:19,372 [WARN] ModelIntegratedComponent:63 - No mode defined for component null
2026-04-22 16:38:19,372 [WARN] ModelIntegratedComponent:63 - No mode defined for component null
2026-04-22 16:38:19,372 [WARN] ModelIntegratedComponent:63 - No mode defined for component null
2026-04-22 16:38:19,372 [WARN] ModelIntegratedComponent:63 - No mode defined for component null
2026-04-22 16:38:19,372 [WARN] ModelIntegratedComponent:63 - No mode defined for component null
2026-04-22 16:38:19,372 [WARN] ModelIntegratedComponent:63 - No mode defined for component null
2026-04-22 16:38:19,372 [WARN] ModelIntegratedComponent:63 - No mode defined for component null
2026-04-22 16:38:19,372 [WARN] ModelIntegratedComponent:63 - No mode defined for component null
2026-04-22 16:38:19,372 [WARN] ModelIntegratedComponent:63 - No mode defined for component null
2026-04-22 16:38:19,372 [WARN] ModelIntegratedComponent:63 - No mode defined for component null
2026-04-22 16:38:19,372 [WARN] ModelIntegratedComponent:63 - No mode defined for component null
2026-04-22 16:38:19,372 [WARN] ModelIntegratedComponent:63 - No mode defined for component null
2026-04-22 16:38:19,372 [WARN] ModelIntegratedComponent:63 - No mode defined for component null
2026-04-22 16:38:19,372 [WARN] ModelIntegratedComponent:63 - No mode defined for component null
2026-04-22 16:38:19,372 [WARN] ModelIntegratedComponent:63 - No mode defined for component null
2026-04-22 16:38:19,372 [WARN] ModelIntegratedComponent:63 - No mode defined for component null
2026-04-22 16:38:19,372 [WARN] ModelIntegratedComponent:63 - No mode defined for component null
2026-04-22 16:38:19,372 [WARN] ModelIntegratedComponent:63 - No mode defined for component null
2026-04-22 16:38:19,373 [WARN] ModelIntegratedComponent:63 - No mode defined for component null
2026-04-22 16:38:19,373 [WARN] ModelIntegratedComponent:63 - No mode defined for component null
2026-04-22 16:38:19,373 [WARN] ModelIntegratedComponent:63 - No mode defined for component null
2026-04-22 16:38:19,373 [WARN] ModelIntegratedComponent:63 - No mode defined for component null
2026-04-22 16:38:19,373 [WARN] ModelIntegratedComponent:63 - No mode defined for component null
2026-04-22 16:38:19,373 [WARN] ModelIntegratedComponent:63 - No mode defined for component null
2026-04-22 16:38:19,373 [WARN] ModelIntegratedComponent:63 - No mode defined for component null
2026-04-22 16:38:19,373 [WARN] ModelIntegratedComponent:63 - No mode defined for component null
2026-04-22 16:38:19,373 [WARN] ModelIntegratedComponent:63 - No mode defined for component null
2026-04-22 16:38:19,373 [WARN] ModelIntegratedComponent:63 - No mode defined for component null
2026-04-22 16:38:19,373 [WARN] ModelIntegratedComponent:63 - No mode defined for component null
2026-04-22 16:38:19,373 [WARN] ModelIntegratedComponent:63 - No mode defined for component null
2026-04-22 16:38:19,373 [WARN] ModelIntegratedComponent:63 - No mode defined for component null
2026-04-22 16:38:19,373 [WARN] ModelIntegratedComponent:63 - No mode defined for component null
2026-04-22 16:38:19,373 [WARN] ModelIntegratedComponent:63 - No mode defined for component null
2026-04-22 16:38:19,373 [WARN] ModelIntegratedComponent:63 - No mode defined for component null
2026-04-22 16:38:19,373 [WARN] ModelPack:524 - Component already loaded: STMicroelectronics:HAL Drivers:0.0.0:STMicroelectronics:Device:STMicro_Driver:XSPI:HAL::0.0.1:HAL_XSPI
2026-04-22 16:38:19,416 [INFO] ThirdPartyModel:298 - Start build external matchings
2026-04-22 16:38:19,591 [INFO] ThirdPartyModel:316 - End build external matchings
2026-04-22 16:38:19,780 [INFO] UtilMem:75 - End LoadConfig() Used Memory: 598580736 Bytes (611319808)
2026-04-22 16:38:19,840 [WARN] ThirdParty:833 - waiting for thirdparty lock release [change project]
2026-04-22 16:38:19,845 [INFO] ThirdParty:835 - entering critical section [change project]
2026-04-22 16:38:19,845 [INFO] ThirdParty:1030 - CMSIS Pack Vendor :STMicroelectronics X-CUBE-AZRTOS-H7 3.5.0
2026-04-22 16:38:19,845 [INFO] ThirdParty:1030 - CMSIS Pack Vendor :STMicroelectronics X-CUBE-PM33A1 1.0.0
2026-04-22 16:38:19,846 [INFO] ThirdParty:1030 - CMSIS Pack Vendor :STMicroelectronics USBPD 4.1
2026-04-22 16:38:19,846 [INFO] ThirdParty:1030 - CMSIS Pack Vendor :STMicroelectronics X-CUBE-NFC9 1.0.0
2026-04-22 16:38:19,846 [INFO] ThirdParty:1030 - CMSIS Pack Vendor :STMicroelectronics USB_HOST 2.0.0
2026-04-22 16:38:19,846 [INFO] ThirdParty:1030 - CMSIS Pack Vendor :STMicroelectronics X-CUBE-AZRTOS-F4 1.1.0
2026-04-22 16:38:19,846 [INFO] ThirdParty:1030 - CMSIS Pack Vendor :STMicroelectronics LIBJPEG 8.0.0
2026-04-22 16:38:19,846 [INFO] ThirdParty:1030 - CMSIS Pack Vendor :STMicroelectronics FP-ATR-ASTRA1 2.0.2
2026-04-22 16:38:19,846 [INFO] ThirdParty:1030 - CMSIS Pack Vendor :STMicroelectronics X-CUBE-BLE1 7.1.0
2026-04-22 16:38:19,846 [INFO] ThirdParty:1030 - CMSIS Pack Vendor :STMicroelectronics X-CUBE-SMBUS 2.1.0
2026-04-22 16:38:19,846 [INFO] ThirdParty:1030 - CMSIS Pack Vendor :wolfSSL I-CUBE-wolfMQTT 1.19.2
2026-04-22 16:38:19,846 [INFO] ThirdParty:1030 - CMSIS Pack Vendor :STMicroelectronics USB_DEVICE 3.0.0
2026-04-22 16:38:19,846 [INFO] ThirdParty:1030 - CMSIS Pack Vendor :STMicroelectronics X-CUBE-ISPU 2.1.0
2026-04-22 16:38:19,846 [INFO] ThirdParty:1030 - CMSIS Pack Vendor :STMicroelectronics eDS-WB_DPC_TT-BIDIR 2.1.1
2026-04-22 16:38:19,846 [INFO] ThirdParty:1030 - CMSIS Pack Vendor :STMicroelectronics X-CUBE-AZRTOS-WB 2.0.0
2026-04-22 16:38:19,846 [INFO] ThirdParty:1030 - CMSIS Pack Vendor :wolfSSL I-CUBE-wolfSSL 5.8.4
2026-04-22 16:38:19,846 [INFO] ThirdParty:1030 - CMSIS Pack Vendor :Cesanta I-CUBE-Mongoose 7.20.0
2026-04-22 16:38:19,846 [INFO] ThirdParty:1030 - CMSIS Pack Vendor :STMicroelectronics X-CUBE-AZRTOS-F7 1.1.0
2026-04-22 16:38:19,846 [INFO] ThirdParty:1030 - CMSIS Pack Vendor :STMicroelectronics X-CUBE-AZRTOS-L5 2.0.0
2026-04-22 16:38:19,846 [INFO] ThirdParty:1030 - CMSIS Pack Vendor :STMicroelectronics USB_DEVICE 2.0.0
2026-04-22 16:38:19,846 [INFO] ThirdParty:1030 - CMSIS Pack Vendor :quantropi X-CUBE-qispace-sdk-base 2.1.0
2026-04-22 16:38:19,846 [INFO] ThirdParty:1030 - CMSIS Pack Vendor :STMicroelectronics X-CUBE-STSE01 2.0.0
2026-04-22 16:38:19,846 [INFO] ThirdParty:1030 - CMSIS Pack Vendor :STMicroelectronics FreeRTOS 0.0.1
2026-04-22 16:38:19,846 [INFO] ThirdParty:1030 - CMSIS Pack Vendor :STMicroelectronics X-CUBE-AZRTOS-G0 1.1.0
2026-04-22 16:38:19,846 [INFO] ThirdParty:1030 - CMSIS Pack Vendor :STMicroelectronics X-CUBE-NFC4 3.0.0
2026-04-22 16:38:19,846 [INFO] ThirdParty:1030 - CMSIS Pack Vendor :STMicroelectronics X-CUBE-SUBG2 5.0.0
2026-04-22 16:38:19,846 [INFO] ThirdParty:1030 - CMSIS Pack Vendor :STMicroelectronics STM32_WPAN 1.0.0
2026-04-22 16:38:19,846 [INFO] ThirdParty:1030 - CMSIS Pack Vendor :STMicroelectronics eDS-WB_DPC_VIENNA 1.2.0
2026-04-22 16:38:19,846 [INFO] ThirdParty:1030 - CMSIS Pack Vendor :EmbeddedOffice I-CUBE-FS-RTOS 1.0.1
2026-04-22 16:38:19,846 [INFO] ThirdParty:1030 - CMSIS Pack Vendor :STMicroelectronics lwIP 2.0.3
2026-04-22 16:38:19,846 [INFO] ThirdParty:1030 - CMSIS Pack Vendor :WES I-CUBE-Cesium 1.4.0
2026-04-22 16:38:19,846 [INFO] ThirdParty:1030 - CMSIS Pack Vendor :STMicroelectronics eDS-WB_DPC_3PH2L-BIDIR 1.1.1
2026-04-22 16:38:19,846 [INFO] ThirdParty:1030 - CMSIS Pack Vendor :STMicroelectronics USB_HOST 1.0.0
2026-04-22 16:38:19,846 [INFO] ThirdParty:1030 - CMSIS Pack Vendor :STMicroelectronics X-CUBE-AZRTOS-G4 2.0.0
2026-04-22 16:38:19,846 [INFO] ThirdParty:1030 - CMSIS Pack Vendor :STMicroelectronics PDM2PCM 3.1.0
2026-04-22 16:38:19,846 [INFO] ThirdParty:1030 - CMSIS Pack Vendor :STMicroelectronics PDM2PCM 3.3.0
2026-04-22 16:38:19,846 [INFO] ThirdParty:1030 - CMSIS Pack Vendor :wolfSSL I-CUBE-wolfTPM 3.8.0
2026-04-22 16:38:19,846 [INFO] ThirdParty:1030 - CMSIS Pack Vendor :STMicroelectronics X-CUBE-DISPLAY 3.0.0
2026-04-22 16:38:19,846 [INFO] ThirdParty:1030 - CMSIS Pack Vendor :wolfSSL I-CUBE-wolfSSH 1.4.20
2026-04-22 16:38:19,846 [INFO] ThirdParty:1030 - CMSIS Pack Vendor :STMicroelectronics X-CUBE-NFC7 2.0.0
2026-04-22 16:38:19,846 [INFO] ThirdParty:1030 - CMSIS Pack Vendor :STMicroelectronics X-CUBE-TCPP 4.2.0
2026-04-22 16:38:19,846 [INFO] ThirdParty:1030 - CMSIS Pack Vendor :RealThread X-CUBE-RT-Thread_Nano 4.1.1
2026-04-22 16:38:19,846 [INFO] ThirdParty:1030 - CMSIS Pack Vendor :STMicroelectronics FP-ATR-SIGFOX1 3.2.0
2026-04-22 16:38:19,846 [INFO] ThirdParty:1030 - CMSIS Pack Vendor :STMicroelectronics X-CUBE-NFC10 1.0.0
2026-04-22 16:38:19,846 [INFO] ThirdParty:1030 - CMSIS Pack Vendor :STMicroelectronics HAL Drivers 0.0.0
2026-04-22 16:38:19,846 [INFO] ThirdParty:1030 - CMSIS Pack Vendor :STMicroelectronics MBEDTLS 2.16.2
2026-04-22 16:38:19,846 [INFO] ThirdParty:1030 - CMSIS Pack Vendor :STMicroelectronics X-CUBE-ST60 1.1.0
2026-04-22 16:38:19,846 [INFO] ThirdParty:1030 - CMSIS Pack Vendor :STMicroelectronics X-CUBE-ALS 1.0.2
2026-04-22 16:38:19,846 [INFO] ThirdParty:1030 - CMSIS Pack Vendor :emotas I-CUBE-CANOPEN 1.3.0
2026-04-22 16:38:19,846 [INFO] ThirdParty:1030 - CMSIS Pack Vendor :STMicroelectronics MBEDTLS 2.14.1
2026-04-22 16:38:19,846 [INFO] ThirdParty:1030 - CMSIS Pack Vendor :ITTIA_DB I-CUBE-ITTIADB 8.9.0
2026-04-22 16:38:19,846 [INFO] ThirdParty:1030 - CMSIS Pack Vendor :STMicroelectronics X-CUBE-TOUCHGFX 4.26.1
2026-04-22 16:38:19,846 [INFO] ThirdParty:1030 - CMSIS Pack Vendor :STMicroelectronics ThreadX 1.0.0
2026-04-22 16:38:19,846 [INFO] ThirdParty:1030 - CMSIS Pack Vendor :STMicroelectronics FP-SNS-SMARTAG2 1.2.0
2026-04-22 16:38:19,846 [INFO] ThirdParty:1030 - CMSIS Pack Vendor :STMicroelectronics FP-SNS-FLIGHT1 5.1.0
2026-04-22 16:38:19,846 [INFO] ThirdParty:1030 - CMSIS Pack Vendor :STMicroelectronics X-CUBE-AZRTOS-WL 2.0.0
2026-04-22 16:38:19,847 [INFO] ThirdParty:1030 - CMSIS Pack Vendor :SEGGER I-CUBE-embOS 1.3.1
2026-04-22 16:38:19,847 [INFO] ThirdParty:1030 - CMSIS Pack Vendor :STMicroelectronics X-CUBE-ALGOBUILD 1.4.0
2026-04-22 16:38:19,847 [INFO] ThirdParty:1030 - CMSIS Pack Vendor :STMicroelectronics X-CUBE-DPower 1.3.0
2026-04-22 16:38:19,847 [INFO] ThirdParty:1030 - CMSIS Pack Vendor :STMicroelectronics USB_DEVICE 1.0.0
2026-04-22 16:38:19,847 [INFO] ThirdParty:1030 - CMSIS Pack Vendor :STMicroelectronics X-CUBE-AZRTOS-H7RS 1.2.0
2026-04-22 16:38:19,847 [INFO] ThirdParty:1030 - CMSIS Pack Vendor :STMicroelectronics X-CUBE-AZRTOS-L4 2.0.0
2026-04-22 16:38:19,847 [INFO] ThirdParty:1030 - CMSIS Pack Vendor :STMicroelectronics ThreadX 0.0.2
2026-04-22 16:38:19,847 [INFO] ThirdParty:1030 - CMSIS Pack Vendor :STMicroelectronics lwIP 2.1.2
2026-04-22 16:38:19,847 [INFO] ThirdParty:1030 - CMSIS Pack Vendor :STMicroelectronics X-CUBE-SFXS2LP1 4.0.0
2026-04-22 16:38:19,847 [INFO] ThirdParty:1030 - CMSIS Pack Vendor :STMicroelectronics X-CUBE-BLE2 3.3.0
2026-04-22 16:38:19,847 [INFO] ThirdParty:1030 - CMSIS Pack Vendor :Avnet-IOTCONNECT X-CUBE-iotc-st67-sdk 1.0.0
2026-04-22 16:38:19,847 [INFO] ThirdParty:1030 - CMSIS Pack Vendor :STMicroelectronics X-CUBE-TOF1 3.4.3
2026-04-22 16:38:19,847 [INFO] ThirdParty:1030 - CMSIS Pack Vendor :Infineon AIROC-Wi-Fi-Bluetooth-STM32 1.8.0
2026-04-22 16:38:19,847 [INFO] ThirdParty:1030 - CMSIS Pack Vendor :STMicroelectronics PDM2PCM 3.2.0
2026-04-22 16:38:19,847 [INFO] ThirdParty:1030 - CMSIS Pack Vendor :STMicroelectronics X-CUBE-WB05N 2.1.0
2026-04-22 16:38:19,847 [INFO] ThirdParty:1030 - CMSIS Pack Vendor :STMicroelectronics X-CUBE-ST67W61 1.2.0
2026-04-22 16:38:19,848 [INFO] ThirdParty:841 - exiting critical section [change project]
2026-04-22 16:38:21,359 [INFO] PinOutPanel:1589 - setPackage(No Configuration,No Configuration)
2026-04-22 16:38:21,370 [INFO] PinOutPanel:1589 - setPackage(STM32L432KCUx,UFQFPN32)
2026-04-22 16:38:22,086 [INFO] UtilMem:75 - Before build in PCC Used Memory: 388186872 Bytes (662700032)
2026-04-22 16:38:23,661 [INFO] UtilMem:75 - After build in PCC Used Memory: 600475648 Bytes (662700032)
2026-04-22 16:38:23,827 [INFO] IPUIPlugin:80 - create IPUIPlugin
2026-04-22 16:38:23,831 [INFO] IPUIPlugin:80 - create IPUIPlugin
2026-04-22 16:38:23,832 [INFO] IPUIPlugin:80 - create IPUIPlugin
2026-04-22 16:38:23,832 [INFO] IPUIPlugin:80 - create IPUIPlugin
2026-04-22 16:38:23,832 [INFO] IPUIPlugin:80 - create IPUIPlugin
2026-04-22 16:38:23,832 [INFO] IPUIPlugin:80 - create IPUIPlugin
2026-04-22 16:38:23,832 [INFO] IPUIPlugin:80 - create IPUIPlugin
2026-04-22 16:38:23,833 [INFO] IPUIPlugin:80 - create IPUIPlugin
2026-04-22 16:38:23,833 [INFO] IPUIPlugin:80 - create IPUIPlugin
2026-04-22 16:38:23,833 [INFO] IPUIPlugin:80 - create IPUIPlugin
2026-04-22 16:38:23,834 [INFO] IPUIPlugin:80 - create IPUIPlugin
2026-04-22 16:38:23,834 [INFO] IPUIPlugin:80 - create IPUIPlugin
2026-04-22 16:38:23,834 [INFO] IPUIPlugin:80 - create IPUIPlugin
2026-04-22 16:38:23,838 [INFO] IPUIPlugin:80 - create IPUIPlugin
2026-04-22 16:38:23,838 [INFO] IPUIPlugin:80 - create IPUIPlugin
2026-04-22 16:38:23,838 [INFO] IPUIPlugin:80 - create IPUIPlugin
2026-04-22 16:38:23,839 [INFO] IPUIPlugin:80 - create IPUIPlugin
2026-04-22 16:38:23,839 [INFO] IPUIPlugin:80 - create IPUIPlugin
2026-04-22 16:38:23,839 [INFO] IPUIPlugin:80 - create IPUIPlugin
2026-04-22 16:38:23,839 [INFO] IPUIPlugin:80 - create IPUIPlugin
2026-04-22 16:38:23,839 [INFO] IPUIPlugin:80 - create IPUIPlugin
2026-04-22 16:38:23,839 [INFO] IPUIPlugin:80 - create IPUIPlugin
2026-04-22 16:38:23,839 [INFO] IPUIPlugin:80 - create IPUIPlugin
2026-04-22 16:38:23,839 [INFO] IPUIPlugin:80 - create IPUIPlugin
2026-04-22 16:38:23,839 [INFO] IPUIPlugin:80 - create IPUIPlugin
2026-04-22 16:38:23,839 [INFO] IPUIPlugin:80 - create IPUIPlugin
2026-04-22 16:38:23,840 [INFO] IPUIPlugin:80 - create IPUIPlugin
2026-04-22 16:38:23,840 [INFO] IPUIPlugin:80 - create IPUIPlugin
2026-04-22 16:38:23,840 [INFO] IPUIPlugin:80 - create IPUIPlugin
2026-04-22 16:38:23,840 [INFO] IPUIPlugin:80 - create IPUIPlugin
2026-04-22 16:38:23,840 [INFO] IPUIPlugin:80 - create IPUIPlugin
2026-04-22 16:38:23,840 [INFO] IPUIPlugin:80 - create IPUIPlugin
2026-04-22 16:38:23,840 [INFO] IPUIPlugin:80 - create IPUIPlugin
2026-04-22 16:38:23,840 [INFO] IPUIPlugin:80 - create IPUIPlugin
2026-04-22 16:38:23,840 [INFO] IPUIPlugin:80 - create IPUIPlugin
2026-04-22 16:38:23,841 [INFO] IPUIPlugin:80 - create IPUIPlugin
2026-04-22 16:38:23,841 [INFO] IPUIPlugin:80 - create IPUIPlugin
2026-04-22 16:38:23,841 [INFO] IPUIPlugin:80 - create IPUIPlugin
2026-04-22 16:38:23,841 [INFO] IPUIPlugin:80 - create IPUIPlugin
2026-04-22 16:38:23,845 [INFO] IPUIPlugin:80 - create IPUIPlugin
2026-04-22 16:38:23,847 [INFO] IPUIPlugin:80 - create IPUIPlugin
2026-04-22 16:38:24,224 [INFO] CADModel:165 - CPN selected for project levelSTM32L432KCU3
2026-04-22 16:38:24,224 [INFO] CADModel:114 - Register for checkConnection events
2026-04-22 16:38:24,300 [INFO] OpenFileManager:386 - Restore cursor
2026-04-22 16:38:25,429 [INFO] UtilMem:75 - End SaveConfig() Used Memory: 473078648 Bytes (662700032)
2026-04-22 16:38:25,496 [INFO] UtilMem:75 - End SaveConfig() Used Memory: 510868936 Bytes (662700032)
2026-04-22 16:38:26,967 [INFO] BlockDiagram:2775 - set Specific Code input for plugin: NVIC
2026-04-22 16:38:26,977 [INFO] BlockDiagram:2775 - set Specific Code input for plugin: RCC
2026-04-22 16:38:26,979 [INFO] CodeGenerator:892 - code generatio: config db path: /Applications/STM32CubeIDE.app/Contents/Eclipse/plugins/com.st.stm32cube.common.mx_6.15.0.202507011659//db/
2026-04-22 16:38:27,185 [INFO] CodeEngine:265 - oldGeneratedFile, /Users/cristianpetramale/Biomed_projects/STMWorkSpace/ProgettoUART/MXTmpFiles/license.tmp_save
2026-04-22 16:38:27,752 [INFO] CodeEngine:289 - Generated code: /Users/cristianpetramale/Biomed_projects/STMWorkSpace/ProgettoUART/MXTmpFiles/license.tmp
2026-04-22 16:38:27,769 [INFO] CodeEngine:265 - oldGeneratedFile, /Users/cristianpetramale/Biomed_projects/STMWorkSpace/ProgettoUART/Core/Src/stm32l4xx_it.c_save
2026-04-22 16:38:27,968 [INFO] CodeEngine:289 - Generated code: /Users/cristianpetramale/Biomed_projects/STMWorkSpace/ProgettoUART/Core/Src/stm32l4xx_it.c
2026-04-22 16:38:27,970 [INFO] CodeEngine:265 - oldGeneratedFile, /Users/cristianpetramale/Biomed_projects/STMWorkSpace/ProgettoUART/Core/Inc/stm32l4xx_it.h_save
2026-04-22 16:38:28,110 [INFO] CodeEngine:289 - Generated code: /Users/cristianpetramale/Biomed_projects/STMWorkSpace/ProgettoUART/Core/Inc/stm32l4xx_it.h
2026-04-22 16:38:28,243 [INFO] CodeEngine:265 - oldGeneratedFile, /Users/cristianpetramale/Biomed_projects/STMWorkSpace/ProgettoUART/Core/Src/stm32l4xx_hal_msp.c_save
2026-04-22 16:38:28,447 [INFO] CodeEngine:289 - Generated code: /Users/cristianpetramale/Biomed_projects/STMWorkSpace/ProgettoUART/Core/Src/stm32l4xx_hal_msp.c
2026-04-22 16:38:28,451 [INFO] CodeEngine:265 - oldGeneratedFile, /Users/cristianpetramale/Biomed_projects/STMWorkSpace/ProgettoUART/MXTmpFiles/system.tmp_save
2026-04-22 16:38:28,539 [INFO] CodeEngine:289 - Generated code: /Users/cristianpetramale/Biomed_projects/STMWorkSpace/ProgettoUART/MXTmpFiles/system.tmp
2026-04-22 16:38:28,545 [INFO] CodeEngine:321 - oldGeneratedFile, /Users/cristianpetramale/Biomed_projects/STMWorkSpace/ProgettoUART/Core/Inc/stm32l4xx_hal_conf.h_save
2026-04-22 16:38:28,612 [INFO] CodeEngine:345 - Generated code: /Users/cristianpetramale/Biomed_projects/STMWorkSpace/ProgettoUART/Core/Inc/stm32l4xx_hal_conf.h
2026-04-22 16:38:28,696 [INFO] ApiDbMcu:532 - Load IP Config File for RCC
2026-04-22 16:38:28,703 [INFO] CodeEngine:265 - oldGeneratedFile, /Users/cristianpetramale/Biomed_projects/STMWorkSpace/ProgettoUART/Core/Inc/main.h_save
2026-04-22 16:38:29,409 [INFO] CodeEngine:289 - Generated code: /Users/cristianpetramale/Biomed_projects/STMWorkSpace/ProgettoUART/Core/Inc/main.h
2026-04-22 16:38:29,447 [INFO] CodeEngine:265 - oldGeneratedFile, /Users/cristianpetramale/Biomed_projects/STMWorkSpace/ProgettoUART/Core/Src/main.c_save
2026-04-22 16:38:29,818 [INFO] CodeEngine:289 - Generated code: /Users/cristianpetramale/Biomed_projects/STMWorkSpace/ProgettoUART/Core/Src/main.c
2026-04-22 16:38:30,229 [INFO] ProjectBuilder:3606 - Time for Copy HAL[1] : 54mS.
2026-04-22 16:38:30,243 [INFO] ProjectBuilder:5216 - Project Generator version: 4.7.0-B52
2026-04-22 16:38:30,338 [INFO] ConfigFileManager:1595 - The Die is : DIE435
2026-04-22 16:38:30,364 [INFO] ApiDbMcu:532 - Load IP Config File for FATFS
2026-04-22 16:38:30,374 [INFO] ApiDbMcu:532 - Load IP Config File for FREERTOS
2026-04-22 16:38:30,387 [INFO] ApiDbMcu:532 - Load IP Config File for TOUCHSENSING
2026-04-22 16:38:30,402 [INFO] ApiDbMcu:532 - Load IP Config File for USB_DEVICE
2026-04-22 16:38:30,842 [INFO] LogOutputStream:77 - [STDOUT_REDIRECT] 
2026-04-22 16:38:34,299 [INFO] ProjectBuilder:5496 - Time for Generating toolchain IDE Files: 4046mS.
2026-04-22 16:38:34,307 [INFO] ProjectBuilder:3463 - Time for Copy CMSIS : 1mS.
2026-04-22 16:38:34,309 [INFO] ProjectBuilder:3463 - Time for Copy CMSIS : 0mS.
2026-04-22 16:38:35,542 [INFO] McuFinderGlobals:76 - Set McuFinderConnectedMode to true
2026-04-22 16:38:35,551 [INFO] ApiDb:448 - Save user favorites file /Users/cristianpetramale/.stm32cubeide/favorites.mcus.txt: 0 item(s)
2026-04-22 16:38:35,551 [INFO] ApiDb:452 - User favorites MCUs=[]
2026-04-22 16:54:17,481 [INFO] UtilMem:75 - End SaveConfig() Used Memory: 1028667752 Bytes (1073741824)
2026-04-22 16:54:18,984 [FATAL] RifView:1496 - Exception caught
java.lang.NullPointerException: Cannot invoke "com.st.microxplorer.mcu.rif.RIFService.getRisupmodel()" because the return value of "com.st.microxplorer.mcu.Mcu.getRIFService()" is null
	at com.st.microxplorer.plugins.rifgui.RifView.fillRisupTable(RifView.java:2595) ~[ipmanager.jar:?]
	at com.st.microxplorer.plugins.rifgui.RifView.generatePdfReport(RifView.java:1338) ~[ipmanager.jar:?]
	at com.st.microxplorer.plugins.projectmanager.engine.ConfigurationReport.generatePDF(ConfigurationReport.java:329) ~[filemanager.jar:?]
	at com.st.microxplorer.plugins.projectmanager.engine.ReportBuilder.startGenerateReport(ReportBuilder.java:226) ~[filemanager.jar:?]
	at com.st.microxplorer.plugins.projectmanager.engine.MainProjectManager.startGenerateReport(MainProjectManager.java:1540) ~[filemanager.jar:?]
	at com.st.microxplorer.plugins.filemanager.FileManagerView$10.actionPerformed(FileManagerView.java:768) ~[filemanager.jar:?]
	at com.st.stm32cube.common.mx.editor.CubeMxEditor$28.run(CubeMxEditor.java:2831) ~[com.st.stm32cube.common.mx_6.15.0.202507011659/:?]
	at com.st.stm32cube.common.mx.oss.core.awtswtbridge.AwtEnvironment$2.run(AwtEnvironment.java:166) ~[com.st.stm32cube.common.mx.oss_6.15.0.202507011659/:?]
	at java.awt.event.InvocationEvent.dispatch(InvocationEvent.java:318) ~[?:?]
	at java.awt.EventQueue.dispatchEventImpl(EventQueue.java:773) ~[?:?]
	at java.awt.EventQueue$4.run(EventQueue.java:720) ~[?:?]
	at java.awt.EventQueue$4.run(EventQueue.java:714) ~[?:?]
	at java.security.AccessController.doPrivileged(AccessController.java:400) ~[?:?]
	at java.security.ProtectionDomain$JavaSecurityAccessImpl.doIntersectionPrivilege(ProtectionDomain.java:87) ~[?:?]
	at java.awt.EventQueue.dispatchEvent(EventQueue.java:742) ~[?:?]
	at java.awt.EventDispatchThread.pumpOneEventForFilters(EventDispatchThread.java:203) ~[?:?]
	at java.awt.EventDispatchThread.pumpEventsForFilter(EventDispatchThread.java:124) ~[?:?]
	at java.awt.EventDispatchThread.pumpEventsForHierarchy(EventDispatchThread.java:113) ~[?:?]
	at java.awt.EventDispatchThread.pumpEvents(EventDispatchThread.java:109) ~[?:?]
	at java.awt.EventDispatchThread.pumpEvents(EventDispatchThread.java:101) ~[?:?]
	at java.awt.EventDispatchThread.run(EventDispatchThread.java:90) ~[?:?]
2026-04-22 16:54:19,106 [INFO] IPUIPlugin:80 - create IPUIPlugin
2026-04-22 16:54:19,107 [INFO] IPUIPlugin:80 - create IPUIPlugin
2026-04-22 16:54:19,108 [INFO] IPUIPlugin:80 - create IPUIPlugin
2026-04-22 16:54:19,180 [INFO] IPUIPlugin:80 - create IPUIPlugin
2026-04-22 16:55:14,924 [INFO] UtilMem:75 - End SaveConfig() Used Memory: 987904352 Bytes (1073741824)
2026-04-22 16:55:16,236 [INFO] BlockDiagram:2775 - set Specific Code input for plugin: NVIC
2026-04-22 16:55:16,242 [INFO] BlockDiagram:2775 - set Specific Code input for plugin: USART
2026-04-22 16:55:16,243 [INFO] BlockDiagram:2775 - set Specific Code input for plugin: SYS
2026-04-22 16:55:16,245 [INFO] BlockDiagram:2775 - set Specific Code input for plugin: GPIO
2026-04-22 16:55:16,247 [INFO] BlockDiagram:2775 - set Specific Code input for plugin: RCC
2026-04-22 16:55:16,247 [INFO] CodeGenerator:892 - code generatio: config db path: /Applications/STM32CubeIDE.app/Contents/Eclipse/plugins/com.st.stm32cube.common.mx_6.15.0.202507011659//db/
2026-04-22 16:55:16,442 [INFO] CodeEngine:265 - oldGeneratedFile, /Users/cristianpetramale/Biomed_projects/STMWorkSpace/ProgettoUART/MXTmpFiles/license.tmp_save
2026-04-22 16:55:16,803 [INFO] CodeEngine:289 - Generated code: /Users/cristianpetramale/Biomed_projects/STMWorkSpace/ProgettoUART/MXTmpFiles/license.tmp
2026-04-22 16:55:16,927 [INFO] CodeEngine:265 - oldGeneratedFile, /Users/cristianpetramale/Biomed_projects/STMWorkSpace/ProgettoUART/MXTmpFiles/gpio.tmp_save
2026-04-22 16:55:17,071 [INFO] CodeEngine:289 - Generated code: /Users/cristianpetramale/Biomed_projects/STMWorkSpace/ProgettoUART/MXTmpFiles/gpio.tmp
2026-04-22 16:55:17,430 [INFO] CodeEngine:265 - oldGeneratedFile, /Users/cristianpetramale/Biomed_projects/STMWorkSpace/ProgettoUART/Core/Src/stm32l4xx_it.c_save
2026-04-22 16:55:17,641 [INFO] CodeEngine:289 - Generated code: /Users/cristianpetramale/Biomed_projects/STMWorkSpace/ProgettoUART/Core/Src/stm32l4xx_it.c
2026-04-22 16:55:17,646 [INFO] CodeEngine:265 - oldGeneratedFile, /Users/cristianpetramale/Biomed_projects/STMWorkSpace/ProgettoUART/Core/Inc/stm32l4xx_it.h_save
2026-04-22 16:55:17,799 [INFO] CodeEngine:289 - Generated code: /Users/cristianpetramale/Biomed_projects/STMWorkSpace/ProgettoUART/Core/Inc/stm32l4xx_it.h
2026-04-22 16:55:17,804 [INFO] CodeEngine:265 - oldGeneratedFile, /Users/cristianpetramale/Biomed_projects/STMWorkSpace/ProgettoUART/Core/Src/stm32l4xx_hal_msp.c_save
2026-04-22 16:55:17,993 [INFO] CodeEngine:289 - Generated code: /Users/cristianpetramale/Biomed_projects/STMWorkSpace/ProgettoUART/Core/Src/stm32l4xx_hal_msp.c
2026-04-22 16:55:17,996 [INFO] CodeEngine:265 - oldGeneratedFile, /Users/cristianpetramale/Biomed_projects/STMWorkSpace/ProgettoUART/MXTmpFiles/system.tmp_save
2026-04-22 16:55:18,068 [INFO] CodeEngine:289 - Generated code: /Users/cristianpetramale/Biomed_projects/STMWorkSpace/ProgettoUART/MXTmpFiles/system.tmp
2026-04-22 16:55:18,073 [INFO] CodeEngine:321 - oldGeneratedFile, /Users/cristianpetramale/Biomed_projects/STMWorkSpace/ProgettoUART/Core/Inc/stm32l4xx_hal_conf.h_save
2026-04-22 16:55:18,141 [INFO] CodeEngine:345 - Generated code: /Users/cristianpetramale/Biomed_projects/STMWorkSpace/ProgettoUART/Core/Inc/stm32l4xx_hal_conf.h
2026-04-22 16:55:18,221 [INFO] ApiDbMcu:532 - Load IP Config File for USART2
2026-04-22 16:55:18,227 [INFO] CodeEngine:265 - oldGeneratedFile, /Users/cristianpetramale/Biomed_projects/STMWorkSpace/ProgettoUART/Core/Inc/main.h_save
2026-04-22 16:55:18,317 [INFO] CodeEngine:289 - Generated code: /Users/cristianpetramale/Biomed_projects/STMWorkSpace/ProgettoUART/Core/Inc/main.h
2026-04-22 16:55:18,319 [INFO] CodeEngine:265 - oldGeneratedFile, /Users/cristianpetramale/Biomed_projects/STMWorkSpace/ProgettoUART/Core/Src/main.c_save
2026-04-22 16:55:18,424 [INFO] CodeEngine:289 - Generated code: /Users/cristianpetramale/Biomed_projects/STMWorkSpace/ProgettoUART/Core/Src/main.c
2026-04-22 16:55:18,619 [INFO] ProjectBuilder:3606 - Time for Copy HAL[1] : 62mS.
2026-04-22 16:55:18,625 [INFO] ProjectBuilder:5216 - Project Generator version: 4.7.0-B52
2026-04-22 16:55:18,691 [INFO] ConfigFileManager:1595 - The Die is : DIE435
2026-04-22 16:55:21,490 [INFO] ProjectBuilder:5496 - Time for Generating toolchain IDE Files: 2857mS.
2026-04-22 16:55:21,499 [INFO] ProjectBuilder:3463 - Time for Copy CMSIS : 2mS.
2026-04-22 16:55:21,502 [INFO] ProjectBuilder:3463 - Time for Copy CMSIS : 0mS.
2026-04-22 16:57:40,180 [ERROR] LogOutputStream:75 - [STDERR_REDIRECT] 
2026-04-22 17:00:05,193 [INFO] Activator:176 - 


2026-04-22 17:00:05,194 [INFO] Activator:177 - !SESSION log4j initialized
2026-04-22 17:00:08,875 [INFO] LogOutputStream:77 - [STDOUT_REDIRECT] 
2026-04-22 17:00:10,033 [ERROR] LogOutputStream:75 - [STDERR_REDIRECT] 
2026-04-22 17:00:15,140 [INFO] LogOutputStream:77 - [STDOUT_REDIRECT] 
2026-04-22 17:00:16,240 [INFO] ApplicationProperties:184 - Using Application install path: /Applications/STM32CubeIDE.app/Contents/Eclipse/plugins/com.st.stm32cube.common.mx_6.15.0.202507011659
2026-04-22 17:00:16,252 [INFO] DbMcusXml:78 - Set database path to: /Applications/STM32CubeIDE.app/Contents/Eclipse/plugins/com.st.stm32cube.common.mx_6.15.0.202507011659//db//mcu/
2026-04-22 17:00:16,252 [INFO] ApiDb:274 - Set plugin database path to: /Applications/STM32CubeIDE.app/Contents/Eclipse/plugins/com.st.stm32cube.common.mx_6.15.0.202507011659//db//plugins/boardmanager/
2026-04-22 17:00:16,253 [WARN] ApiDb:259 - Overriding images path with different value:  => /Applications/STM32CubeIDE.app/Contents/Eclipse/plugins/com.st.stm32cube.common.mx_6.15.0.202507011659//db//plugins/mcufinder/images/
2026-04-22 17:00:16,258 [INFO] ApiDb:250 - Set database path to: /Users/cristianpetramale/.stmcufinder/plugins/mcufinder//mcu/
2026-04-22 17:00:16,258 [INFO] DbMcusAds:125 - Set database path to: /Users/cristianpetramale/.stmcufinder/plugins/mcufinder//mcu/
2026-04-22 17:00:16,260 [INFO] CrossReferenceDbSqlite:203 - Set database path to: /Users/cristianpetramale/.stmcufinder/plugins/mcufinder//mcu/cs/
2026-04-22 17:00:16,394 [INFO] RulesReader:64 - Compatibility file has been processed (317 Rules)
2026-04-22 17:00:16,438 [INFO] DbMcusXml:78 - Set database path to: /Applications/STM32CubeIDE.app/Contents/Eclipse/plugins/com.st.stm32cube.common.mx_6.15.0.202507011659//db//mcu/
2026-04-22 17:00:16,438 [INFO] ApiDb:274 - Set plugin database path to: /Applications/STM32CubeIDE.app/Contents/Eclipse/plugins/com.st.stm32cube.common.mx_6.15.0.202507011659//db//plugins/boardmanager/
2026-04-22 17:00:16,439 [INFO] ApiDb:261 - Set plugin images path to: /Applications/STM32CubeIDE.app/Contents/Eclipse/plugins/com.st.stm32cube.common.mx_6.15.0.202507011659//db//plugins/mcufinder/images/
2026-04-22 17:00:16,439 [WARN] DbFile:41 - Overriding database path with different value: /Users/cristianpetramale/.stmcufinder/plugins/mcufinder/ => /Users/cristianpetramale/.stmcufinder/plugins/mcufinder
2026-04-22 17:00:16,439 [INFO] ApiDb:250 - Set database path to: /Users/cristianpetramale/.stmcufinder/plugins/mcufinder//mcu/
2026-04-22 17:00:16,440 [WARN] DbFile:41 - Overriding database path with different value: /Users/cristianpetramale/.stmcufinder/plugins/mcufinder/ => /Users/cristianpetramale/.stmcufinder/plugins/mcufinder
2026-04-22 17:00:16,440 [INFO] DbMcusAds:125 - Set database path to: /Users/cristianpetramale/.stmcufinder/plugins/mcufinder//mcu/
2026-04-22 17:00:16,440 [WARN] DbFile:41 - Overriding database path with different value: /Users/cristianpetramale/.stmcufinder/plugins/mcufinder/ => /Users/cristianpetramale/.stmcufinder/plugins/mcufinder
2026-04-22 17:00:16,440 [WARN] DbFile:41 - Overriding database path with different value: /Users/cristianpetramale/.stmcufinder/plugins/mcufinder/ => /Users/cristianpetramale/.stmcufinder/plugins/mcufinder
2026-04-22 17:00:16,440 [INFO] CrossReferenceDbSqlite:203 - Set database path to: /Users/cristianpetramale/.stmcufinder/plugins/mcufinder//mcu/cs/
2026-04-22 17:00:16,499 [INFO] MainPanel:274 - HeapMemory: 268435456
2026-04-22 17:00:16,864 [INFO] DbMcusXml:78 - Set database path to: /Applications/STM32CubeIDE.app/Contents/Eclipse/plugins/com.st.stm32cube.common.mx_6.15.0.202507011659//db//mcu/
2026-04-22 17:00:16,865 [INFO] ApiDb:274 - Set plugin database path to: /Applications/STM32CubeIDE.app/Contents/Eclipse/plugins/com.st.stm32cube.common.mx_6.15.0.202507011659//db//plugins/boardmanager/
2026-04-22 17:00:16,865 [INFO] ApiDb:261 - Set plugin images path to: /Applications/STM32CubeIDE.app/Contents/Eclipse/plugins/com.st.stm32cube.common.mx_6.15.0.202507011659//db//plugins/mcufinder/images/
2026-04-22 17:00:16,866 [WARN] DbFile:41 - Overriding database path with different value: /Users/cristianpetramale/.stmcufinder/plugins/mcufinder/ => /Users/cristianpetramale/.stmcufinder/plugins/mcufinder
2026-04-22 17:00:16,866 [INFO] ApiDb:250 - Set database path to: /Users/cristianpetramale/.stmcufinder/plugins/mcufinder//mcu/
2026-04-22 17:00:16,866 [WARN] DbFile:41 - Overriding database path with different value: /Users/cristianpetramale/.stmcufinder/plugins/mcufinder/ => /Users/cristianpetramale/.stmcufinder/plugins/mcufinder
2026-04-22 17:00:16,866 [INFO] DbMcusAds:125 - Set database path to: /Users/cristianpetramale/.stmcufinder/plugins/mcufinder//mcu/
2026-04-22 17:00:16,866 [WARN] DbFile:41 - Overriding database path with different value: /Users/cristianpetramale/.stmcufinder/plugins/mcufinder/ => /Users/cristianpetramale/.stmcufinder/plugins/mcufinder
2026-04-22 17:00:16,866 [WARN] DbFile:41 - Overriding database path with different value: /Users/cristianpetramale/.stmcufinder/plugins/mcufinder/ => /Users/cristianpetramale/.stmcufinder/plugins/mcufinder
2026-04-22 17:00:16,866 [INFO] CrossReferenceDbSqlite:203 - Set database path to: /Users/cristianpetramale/.stmcufinder/plugins/mcufinder//mcu/cs/
2026-04-22 17:00:16,880 [INFO] ApplicationProperties:184 - Using Application install path: /Applications/STM32CubeIDE.app/Contents/Eclipse/plugins/com.st.stm32cube.common.mx_6.15.0.202507011659
2026-04-22 17:00:16,881 [INFO] PluginManage:196 - Search for loadable plugins [exclusion list=, ]
2026-04-22 17:00:16,883 [INFO] PluginManage:310 - Check plugin analytics
2026-04-22 17:00:17,069 [INFO] AnalyticsPlugin:253 - Accepted Software Licenses: 
2026-04-22 17:00:17,069 [INFO] AnalyticsPlugin:255 - Accepted CMSIS Pack Licenses: 
2026-04-22 17:00:17,069 [INFO] AnalyticsPlugin:257 - Accepted Firmware Licenses: FW.L4.1.18.0
2026-04-22 17:00:17,073 [INFO] PluginManage:359 - Loaded plugin analytics (category:tool,tabindex:-1)
2026-04-22 17:00:17,075 [INFO] PluginManage:310 - Check plugin cadmodel
2026-04-22 17:00:17,087 [INFO] CADModel:105 - Init CAD model plugin
2026-04-22 17:00:17,087 [INFO] PluginManage:359 - Loaded plugin cadmodel (category:power,tabindex:5)
2026-04-22 17:00:17,087 [INFO] PluginManage:310 - Check plugin clock
2026-04-22 17:00:17,096 [INFO] PluginManage:359 - Loaded plugin clock (category:base,tabindex:2)
2026-04-22 17:00:17,096 [INFO] PluginManage:310 - Check plugin ddr
2026-04-22 17:00:17,097 [INFO] PluginManage:359 - Loaded plugin ddr (category:tool,tabindex:6)
2026-04-22 17:00:17,098 [INFO] PluginManage:310 - Check plugin filemanager
2026-04-22 17:00:17,236 [INFO] PluginManage:359 - Loaded plugin filemanager (category:base,tabindex:10)
2026-04-22 17:00:17,237 [INFO] PluginManage:310 - Check plugin ipmanager
2026-04-22 17:00:17,242 [INFO] PluginManage:359 - Loaded plugin ipmanager (category:base,tabindex:5)
2026-04-22 17:00:17,242 [INFO] PluginManage:310 - Check plugin lpbam
2026-04-22 17:00:17,249 [INFO] PluginManage:359 - Loaded plugin lpbam (category:base,tabindex:0)
2026-04-22 17:00:17,249 [INFO] PluginManage:310 - Check plugin memorymap
2026-04-22 17:00:17,257 [INFO] PluginManage:359 - Loaded plugin memorymap (category:base,tabindex:4)
2026-04-22 17:00:17,257 [INFO] PluginManage:310 - Check plugin pinoutandconfiguration
2026-04-22 17:00:17,268 [INFO] PluginManage:359 - Loaded plugin pinoutandconfiguration (category:base,tabindex:1)
2026-04-22 17:00:17,268 [INFO] PluginManage:310 - Check plugin pinoutconfig
2026-04-22 17:00:17,339 [WARN] SupportedApi:132 - Cannot load RTOS API schema: s4s-elt-must-match.1: The content of 'definitions' must match (annotation?, (simpleType | complexType)?, (unique | key | keyref)*)). A problem was found starting at: attribute.
2026-04-22 17:00:17,467 [INFO] PluginManage:359 - Loaded plugin pinoutconfig (category:base,tabindex:0)
2026-04-22 17:00:17,467 [INFO] PluginManage:310 - Check plugin power
2026-04-22 17:00:17,475 [INFO] PluginManage:359 - Loaded plugin power (category:power,tabindex:4)
2026-04-22 17:00:17,475 [INFO] PluginManage:310 - Check plugin projectmanager
2026-04-22 17:00:17,499 [INFO] PluginManage:359 - Loaded plugin projectmanager (category:projectmanager,tabindex:4)
2026-04-22 17:00:17,499 [INFO] PluginManage:310 - Check plugin rif
2026-04-22 17:00:17,508 [INFO] PluginManage:359 - Loaded plugin rif (category:base,tabindex:3)
2026-04-22 17:00:17,508 [INFO] PluginManage:310 - Check plugin thirdparty
2026-04-22 17:00:17,662 [INFO] PluginManage:359 - Loaded plugin thirdparty (category:base,tabindex:-1)
2026-04-22 17:00:17,662 [WARN] IntegrityCheckThread:84 - waiting for thirdparty lock release [integrity check]
2026-04-22 17:00:17,662 [INFO] PluginManage:310 - Check plugin tools
2026-04-22 17:00:17,663 [INFO] IntegrityCheckThread:86 - entering critical section [integrity check]
2026-04-22 17:00:17,663 [INFO] ThirdPartyUpdaterWithRetryManager:70 - Updater plugin not ready yet. [1/15]
2026-04-22 17:00:17,664 [INFO] PluginManage:359 - Loaded plugin tools (category:base,tabindex:7)
2026-04-22 17:00:17,664 [INFO] PluginManage:310 - Check plugin tutovideos
2026-04-22 17:00:17,821 [INFO] PluginManage:359 - Loaded plugin tutovideos (category:base,tabindex:-1)
2026-04-22 17:00:17,822 [INFO] PluginManage:310 - Check plugin updater
2026-04-22 17:00:17,846 [INFO] PluginManage:359 - Loaded plugin updater (category:base,tabindex:12)
2026-04-22 17:00:17,846 [INFO] PluginManage:310 - Check plugin userauth
2026-04-22 17:00:17,850 [INFO] UserAuth:118 - Init User Auth plugin
2026-04-22 17:00:17,852 [INFO] PluginManage:359 - Loaded plugin userauth (category:base,tabindex:14)
2026-04-22 17:00:17,853 [INFO] PluginManage:283 - PluginManage : Loaded plugins [18]
2026-04-22 17:00:19,555 [INFO] PinOutPanel:1589 - setPackage(No Configuration,No Configuration)
2026-04-22 17:00:19,646 [INFO] CADModel:165 - CPN selected for project level
2026-04-22 17:00:19,647 [INFO] CADModel:114 - Register for checkConnection events
2026-04-22 17:00:19,660 [INFO] IPUIPlugin:80 - create IPUIPlugin
2026-04-22 17:00:19,660 [INFO] PluginManager:220 - loadIPPluginJar : add mdma
2026-04-22 17:00:19,668 [INFO] IPUIPlugin:80 - create IPUIPlugin
2026-04-22 17:00:19,668 [INFO] PluginManager:220 - loadIPPluginJar : add freertos
2026-04-22 17:00:19,677 [INFO] IPUIPlugin:80 - create IPUIPlugin
2026-04-22 17:00:19,677 [INFO] PluginManager:220 - loadIPPluginJar : add gic
2026-04-22 17:00:19,691 [INFO] IPUIPlugin:80 - create IPUIPlugin
2026-04-22 17:00:19,691 [INFO] PluginManager:220 - loadIPPluginJar : add adc
2026-04-22 17:00:19,694 [INFO] IPUIPlugin:80 - create IPUIPlugin
2026-04-22 17:00:19,694 [INFO] PluginManager:220 - loadIPPluginJar : add gtzc
2026-04-22 17:00:19,697 [INFO] IPUIPlugin:80 - create IPUIPlugin
2026-04-22 17:00:19,697 [INFO] PluginManager:220 - loadIPPluginJar : add quadspi
2026-04-22 17:00:19,699 [INFO] IPUIPlugin:80 - create IPUIPlugin
2026-04-22 17:00:19,699 [INFO] PluginManager:220 - loadIPPluginJar : add aes
2026-04-22 17:00:19,703 [INFO] IPUIPlugin:80 - create IPUIPlugin
2026-04-22 17:00:19,703 [INFO] PluginManager:220 - loadIPPluginJar : add pdm2pcm
2026-04-22 17:00:19,704 [INFO] IPUIPlugin:80 - create IPUIPlugin
2026-04-22 17:00:19,704 [INFO] PluginManager:220 - loadIPPluginJar : add hash
2026-04-22 17:00:19,708 [INFO] IPUIPlugin:80 - create IPUIPlugin
2026-04-22 17:00:19,708 [INFO] PluginManager:220 - loadIPPluginJar : add tim
2026-04-22 17:00:19,710 [INFO] IPUIPlugin:80 - create IPUIPlugin
2026-04-22 17:00:19,710 [INFO] PluginManager:220 - loadIPPluginJar : add tsc
2026-04-22 17:00:19,713 [INFO] IPUIPlugin:80 - create IPUIPlugin
2026-04-22 17:00:19,713 [INFO] PluginManager:220 - loadIPPluginJar : add extmemmanager
2026-04-22 17:00:19,715 [INFO] IPUIPlugin:80 - create IPUIPlugin
2026-04-22 17:00:19,715 [INFO] PluginManager:220 - loadIPPluginJar : add ts
2026-04-22 17:00:19,717 [INFO] IPUIPlugin:80 - create IPUIPlugin
2026-04-22 17:00:19,718 [INFO] PluginManager:220 - loadIPPluginJar : add radio
2026-04-22 17:00:19,721 [INFO] IPUIPlugin:80 - create IPUIPlugin
2026-04-22 17:00:19,722 [INFO] PluginManager:220 - loadIPPluginJar : add can
2026-04-22 17:00:19,727 [INFO] IPUIPlugin:80 - create IPUIPlugin
2026-04-22 17:00:19,727 [INFO] PluginManager:220 - loadIPPluginJar : add dma3
2026-04-22 17:00:19,731 [INFO] IPUIPlugin:80 - create IPUIPlugin
2026-04-22 17:00:19,731 [INFO] PluginManager:220 - loadIPPluginJar : add dfsdm
2026-04-22 17:00:19,733 [INFO] IPUIPlugin:80 - create IPUIPlugin
2026-04-22 17:00:19,733 [INFO] PluginManager:220 - loadIPPluginJar : add spi
2026-04-22 17:00:19,734 [INFO] IPUIPlugin:80 - create IPUIPlugin
2026-04-22 17:00:19,735 [INFO] PluginManager:220 - loadIPPluginJar : add gfxmmu
2026-04-22 17:00:19,737 [INFO] IPUIPlugin:80 - create IPUIPlugin
2026-04-22 17:00:19,737 [INFO] PluginManager:220 - loadIPPluginJar : add genericplugin
2026-04-22 17:00:19,740 [INFO] IPUIPlugin:80 - create IPUIPlugin
2026-04-22 17:00:19,741 [INFO] PluginManager:220 - loadIPPluginJar : add cryp
2026-04-22 17:00:19,744 [INFO] IPUIPlugin:80 - create IPUIPlugin
2026-04-22 17:00:19,744 [INFO] PluginManager:220 - loadIPPluginJar : add gpio
2026-04-22 17:00:19,748 [INFO] IPUIPlugin:80 - create IPUIPlugin
2026-04-22 17:00:19,748 [INFO] PluginManager:220 - loadIPPluginJar : add ddr_ctrl_phy
2026-04-22 17:00:19,750 [INFO] IPUIPlugin:80 - create IPUIPlugin
2026-04-22 17:00:19,751 [INFO] PluginManager:220 - loadIPPluginJar : add comp
2026-04-22 17:00:19,754 [INFO] IPUIPlugin:80 - create IPUIPlugin
2026-04-22 17:00:19,755 [INFO] PluginManager:220 - loadIPPluginJar : add tracer_emb
2026-04-22 17:00:19,759 [INFO] IPUIPlugin:80 - create IPUIPlugin
2026-04-22 17:00:19,759 [INFO] PluginManager:220 - loadIPPluginJar : add openamp
2026-04-22 17:00:19,764 [INFO] IPUIPlugin:80 - create IPUIPlugin
2026-04-22 17:00:19,764 [INFO] PluginManager:220 - loadIPPluginJar : add stm32_wpan
2026-04-22 17:00:19,769 [INFO] IPUIPlugin:80 - create IPUIPlugin
2026-04-22 17:00:19,771 [INFO] PluginManager:220 - loadIPPluginJar : add plateformsettings
2026-04-22 17:00:19,774 [INFO] IPUIPlugin:80 - create IPUIPlugin
2026-04-22 17:00:19,774 [INFO] PluginManager:220 - loadIPPluginJar : add ipddr
2026-04-22 17:00:19,777 [INFO] IPUIPlugin:80 - create IPUIPlugin
2026-04-22 17:00:19,777 [INFO] PluginManager:220 - loadIPPluginJar : add usart
2026-04-22 17:00:19,778 [INFO] IPUIPlugin:80 - create IPUIPlugin
2026-04-22 17:00:19,778 [INFO] PluginManager:220 - loadIPPluginJar : add ltdc
2026-04-22 17:00:19,780 [INFO] IPUIPlugin:80 - create IPUIPlugin
2026-04-22 17:00:19,781 [INFO] PluginManager:220 - loadIPPluginJar : add nvic
2026-04-22 17:00:19,782 [INFO] IPUIPlugin:80 - create IPUIPlugin
2026-04-22 17:00:19,782 [INFO] PluginManager:220 - loadIPPluginJar : add fatfs
2026-04-22 17:00:19,787 [INFO] IPUIPlugin:80 - create IPUIPlugin
2026-04-22 17:00:19,787 [INFO] PluginManager:220 - loadIPPluginJar : add linkedlist
2026-04-22 17:00:19,791 [INFO] IPUIPlugin:80 - create IPUIPlugin
2026-04-22 17:00:19,791 [INFO] PluginManager:220 - loadIPPluginJar : add dma
2026-04-22 17:00:19,795 [INFO] IPUIPlugin:80 - create IPUIPlugin
2026-04-22 17:00:19,795 [INFO] PluginManager:220 - loadIPPluginJar : add fmc
2026-04-22 17:00:19,797 [INFO] IPUIPlugin:80 - create IPUIPlugin
2026-04-22 17:00:19,797 [INFO] PluginManager:220 - loadIPPluginJar : add i2s
2026-04-22 17:00:19,798 [INFO] IPUIPlugin:80 - create IPUIPlugin
2026-04-22 17:00:19,798 [INFO] PluginManager:220 - loadIPPluginJar : add ucpd
2026-04-22 17:00:19,799 [INFO] IPUIPlugin:80 - create IPUIPlugin
2026-04-22 17:00:19,799 [INFO] PluginManager:220 - loadIPPluginJar : add lorawan
2026-04-22 17:00:19,801 [INFO] IPUIPlugin:80 - create IPUIPlugin
2026-04-22 17:00:19,801 [INFO] PluginManager:220 - loadIPPluginJar : add opamp
2026-04-22 17:00:19,803 [INFO] IPUIPlugin:80 - create IPUIPlugin
2026-04-22 17:00:19,803 [INFO] PluginManager:220 - loadIPPluginJar : add i3c
2026-04-22 17:00:19,805 [INFO] IPUIPlugin:80 - create IPUIPlugin
2026-04-22 17:00:19,806 [INFO] PluginManager:220 - loadIPPluginJar : add touchsensing
2026-04-22 17:00:19,807 [INFO] IPUIPlugin:80 - create IPUIPlugin
2026-04-22 17:00:19,807 [INFO] PluginManager:220 - loadIPPluginJar : add i2c
2026-04-22 17:00:19,809 [INFO] IPUIPlugin:80 - create IPUIPlugin
2026-04-22 17:00:19,809 [INFO] PluginManager:220 - loadIPPluginJar : add resmgrutility
2026-04-22 17:00:19,810 [INFO] IPUIPlugin:80 - create IPUIPlugin
2026-04-22 17:00:19,811 [INFO] PluginManager:220 - loadIPPluginJar : add sai
2026-04-22 17:00:19,813 [INFO] IPUIPlugin:80 - create IPUIPlugin
2026-04-22 17:00:19,813 [INFO] PluginManager:220 - loadIPPluginJar : add usbx
2026-04-22 17:00:19,921 [FATAL] Updater:351 - Updater called before beeing initialized
2026-04-22 17:00:19,955 [INFO] RulesReader:64 - Compatibility file has been processed (317 Rules)
2026-04-22 17:00:19,964 [INFO] RulesReader:64 - Compatibility file has been processed (317 Rules)
2026-04-22 17:00:19,972 [INFO] CADModel:165 - CPN selected for project level
2026-04-22 17:00:19,972 [INFO] CADModel:114 - Register for checkConnection events
2026-04-22 17:00:19,972 [FATAL] Updater:351 - Updater called before beeing initialized
2026-04-22 17:00:19,972 [ERROR] CADModel:125 - Updater not yet initialized, retry later 
2026-04-22 17:01:07,153 [INFO] Activator:176 - 


2026-04-22 17:01:07,154 [INFO] Activator:177 - !SESSION log4j initialized
2026-04-22 17:01:10,879 [INFO] LogOutputStream:77 - [STDOUT_REDIRECT] 
2026-04-22 17:01:11,813 [ERROR] LogOutputStream:75 - [STDERR_REDIRECT] 
2026-04-22 17:01:14,187 [INFO] LogOutputStream:77 - [STDOUT_REDIRECT] 
2026-04-22 17:01:15,358 [INFO] ApplicationProperties:184 - Using Application install path: /Applications/STM32CubeIDE.app/Contents/Eclipse/plugins/com.st.stm32cube.common.mx_6.15.0.202507011659
2026-04-22 17:01:15,371 [INFO] DbMcusXml:78 - Set database path to: /Applications/STM32CubeIDE.app/Contents/Eclipse/plugins/com.st.stm32cube.common.mx_6.15.0.202507011659//db//mcu/
2026-04-22 17:01:15,372 [INFO] ApiDb:274 - Set plugin database path to: /Applications/STM32CubeIDE.app/Contents/Eclipse/plugins/com.st.stm32cube.common.mx_6.15.0.202507011659//db//plugins/boardmanager/
2026-04-22 17:01:15,372 [WARN] ApiDb:259 - Overriding images path with different value:  => /Applications/STM32CubeIDE.app/Contents/Eclipse/plugins/com.st.stm32cube.common.mx_6.15.0.202507011659//db//plugins/mcufinder/images/
2026-04-22 17:01:15,380 [INFO] ApiDb:250 - Set database path to: /Users/cristianpetramale/.stmcufinder/plugins/mcufinder//mcu/
2026-04-22 17:01:15,380 [INFO] DbMcusAds:125 - Set database path to: /Users/cristianpetramale/.stmcufinder/plugins/mcufinder//mcu/
2026-04-22 17:01:15,381 [INFO] CrossReferenceDbSqlite:203 - Set database path to: /Users/cristianpetramale/.stmcufinder/plugins/mcufinder//mcu/cs/
2026-04-22 17:01:15,516 [INFO] RulesReader:64 - Compatibility file has been processed (317 Rules)
2026-04-22 17:01:15,559 [INFO] DbMcusXml:78 - Set database path to: /Applications/STM32CubeIDE.app/Contents/Eclipse/plugins/com.st.stm32cube.common.mx_6.15.0.202507011659//db//mcu/
2026-04-22 17:01:15,559 [INFO] ApiDb:274 - Set plugin database path to: /Applications/STM32CubeIDE.app/Contents/Eclipse/plugins/com.st.stm32cube.common.mx_6.15.0.202507011659//db//plugins/boardmanager/
2026-04-22 17:01:15,559 [INFO] ApiDb:261 - Set plugin images path to: /Applications/STM32CubeIDE.app/Contents/Eclipse/plugins/com.st.stm32cube.common.mx_6.15.0.202507011659//db//plugins/mcufinder/images/
2026-04-22 17:01:15,560 [WARN] DbFile:41 - Overriding database path with different value: /Users/cristianpetramale/.stmcufinder/plugins/mcufinder/ => /Users/cristianpetramale/.stmcufinder/plugins/mcufinder
2026-04-22 17:01:15,560 [INFO] ApiDb:250 - Set database path to: /Users/cristianpetramale/.stmcufinder/plugins/mcufinder//mcu/
2026-04-22 17:01:15,560 [WARN] DbFile:41 - Overriding database path with different value: /Users/cristianpetramale/.stmcufinder/plugins/mcufinder/ => /Users/cristianpetramale/.stmcufinder/plugins/mcufinder
2026-04-22 17:01:15,560 [INFO] DbMcusAds:125 - Set database path to: /Users/cristianpetramale/.stmcufinder/plugins/mcufinder//mcu/
2026-04-22 17:01:15,560 [WARN] DbFile:41 - Overriding database path with different value: /Users/cristianpetramale/.stmcufinder/plugins/mcufinder/ => /Users/cristianpetramale/.stmcufinder/plugins/mcufinder
2026-04-22 17:01:15,560 [WARN] DbFile:41 - Overriding database path with different value: /Users/cristianpetramale/.stmcufinder/plugins/mcufinder/ => /Users/cristianpetramale/.stmcufinder/plugins/mcufinder
2026-04-22 17:01:15,560 [INFO] CrossReferenceDbSqlite:203 - Set database path to: /Users/cristianpetramale/.stmcufinder/plugins/mcufinder//mcu/cs/
2026-04-22 17:01:15,618 [INFO] MainPanel:274 - HeapMemory: 268435456
2026-04-22 17:01:15,831 [INFO] DbMcusXml:78 - Set database path to: /Applications/STM32CubeIDE.app/Contents/Eclipse/plugins/com.st.stm32cube.common.mx_6.15.0.202507011659//db//mcu/
2026-04-22 17:01:15,832 [INFO] ApiDb:274 - Set plugin database path to: /Applications/STM32CubeIDE.app/Contents/Eclipse/plugins/com.st.stm32cube.common.mx_6.15.0.202507011659//db//plugins/boardmanager/
2026-04-22 17:01:15,832 [INFO] ApiDb:261 - Set plugin images path to: /Applications/STM32CubeIDE.app/Contents/Eclipse/plugins/com.st.stm32cube.common.mx_6.15.0.202507011659//db//plugins/mcufinder/images/
2026-04-22 17:01:15,833 [WARN] DbFile:41 - Overriding database path with different value: /Users/cristianpetramale/.stmcufinder/plugins/mcufinder/ => /Users/cristianpetramale/.stmcufinder/plugins/mcufinder
2026-04-22 17:01:15,833 [INFO] ApiDb:250 - Set database path to: /Users/cristianpetramale/.stmcufinder/plugins/mcufinder//mcu/
2026-04-22 17:01:15,833 [WARN] DbFile:41 - Overriding database path with different value: /Users/cristianpetramale/.stmcufinder/plugins/mcufinder/ => /Users/cristianpetramale/.stmcufinder/plugins/mcufinder
2026-04-22 17:01:15,833 [INFO] DbMcusAds:125 - Set database path to: /Users/cristianpetramale/.stmcufinder/plugins/mcufinder//mcu/
2026-04-22 17:01:15,833 [WARN] DbFile:41 - Overriding database path with different value: /Users/cristianpetramale/.stmcufinder/plugins/mcufinder/ => /Users/cristianpetramale/.stmcufinder/plugins/mcufinder
2026-04-22 17:01:15,833 [WARN] DbFile:41 - Overriding database path with different value: /Users/cristianpetramale/.stmcufinder/plugins/mcufinder/ => /Users/cristianpetramale/.stmcufinder/plugins/mcufinder
2026-04-22 17:01:15,833 [INFO] CrossReferenceDbSqlite:203 - Set database path to: /Users/cristianpetramale/.stmcufinder/plugins/mcufinder//mcu/cs/
2026-04-22 17:01:15,848 [INFO] ApplicationProperties:184 - Using Application install path: /Applications/STM32CubeIDE.app/Contents/Eclipse/plugins/com.st.stm32cube.common.mx_6.15.0.202507011659
2026-04-22 17:01:15,849 [INFO] PluginManage:196 - Search for loadable plugins [exclusion list=, ]
2026-04-22 17:01:15,851 [INFO] PluginManage:310 - Check plugin analytics
2026-04-22 17:01:16,029 [INFO] AnalyticsPlugin:253 - Accepted Software Licenses: 
2026-04-22 17:01:16,030 [INFO] AnalyticsPlugin:255 - Accepted CMSIS Pack Licenses: 
2026-04-22 17:01:16,030 [INFO] AnalyticsPlugin:257 - Accepted Firmware Licenses: FW.L4.1.18.0
2026-04-22 17:01:16,035 [INFO] PluginManage:359 - Loaded plugin analytics (category:tool,tabindex:-1)
2026-04-22 17:01:16,036 [INFO] PluginManage:310 - Check plugin cadmodel
2026-04-22 17:01:16,049 [INFO] CADModel:105 - Init CAD model plugin
2026-04-22 17:01:16,049 [INFO] PluginManage:359 - Loaded plugin cadmodel (category:power,tabindex:5)
2026-04-22 17:01:16,049 [INFO] PluginManage:310 - Check plugin clock
2026-04-22 17:01:16,057 [INFO] PluginManage:359 - Loaded plugin clock (category:base,tabindex:2)
2026-04-22 17:01:16,057 [INFO] PluginManage:310 - Check plugin ddr
2026-04-22 17:01:16,059 [INFO] PluginManage:359 - Loaded plugin ddr (category:tool,tabindex:6)
2026-04-22 17:01:16,059 [INFO] PluginManage:310 - Check plugin filemanager
2026-04-22 17:01:16,194 [INFO] PluginManage:359 - Loaded plugin filemanager (category:base,tabindex:10)
2026-04-22 17:01:16,194 [INFO] PluginManage:310 - Check plugin ipmanager
2026-04-22 17:01:16,201 [INFO] PluginManage:359 - Loaded plugin ipmanager (category:base,tabindex:5)
2026-04-22 17:01:16,201 [INFO] PluginManage:310 - Check plugin lpbam
2026-04-22 17:01:16,209 [INFO] PluginManage:359 - Loaded plugin lpbam (category:base,tabindex:0)
2026-04-22 17:01:16,209 [INFO] PluginManage:310 - Check plugin memorymap
2026-04-22 17:01:16,217 [INFO] PluginManage:359 - Loaded plugin memorymap (category:base,tabindex:4)
2026-04-22 17:01:16,217 [INFO] PluginManage:310 - Check plugin pinoutandconfiguration
2026-04-22 17:01:16,224 [INFO] PluginManage:359 - Loaded plugin pinoutandconfiguration (category:base,tabindex:1)
2026-04-22 17:01:16,224 [INFO] PluginManage:310 - Check plugin pinoutconfig
2026-04-22 17:01:16,302 [WARN] SupportedApi:132 - Cannot load RTOS API schema: s4s-elt-must-match.1: The content of 'definitions' must match (annotation?, (simpleType | complexType)?, (unique | key | keyref)*)). A problem was found starting at: attribute.
2026-04-22 17:01:16,418 [INFO] PluginManage:359 - Loaded plugin pinoutconfig (category:base,tabindex:0)
2026-04-22 17:01:16,418 [INFO] PluginManage:310 - Check plugin power
2026-04-22 17:01:16,426 [INFO] PluginManage:359 - Loaded plugin power (category:power,tabindex:4)
2026-04-22 17:01:16,426 [INFO] PluginManage:310 - Check plugin projectmanager
2026-04-22 17:01:16,472 [INFO] PluginManage:359 - Loaded plugin projectmanager (category:projectmanager,tabindex:4)
2026-04-22 17:01:16,472 [INFO] PluginManage:310 - Check plugin rif
2026-04-22 17:01:16,478 [INFO] PluginManage:359 - Loaded plugin rif (category:base,tabindex:3)
2026-04-22 17:01:16,478 [INFO] PluginManage:310 - Check plugin thirdparty
2026-04-22 17:01:16,600 [INFO] PluginManage:359 - Loaded plugin thirdparty (category:base,tabindex:-1)
2026-04-22 17:01:16,600 [WARN] IntegrityCheckThread:84 - waiting for thirdparty lock release [integrity check]
2026-04-22 17:01:16,601 [INFO] PluginManage:310 - Check plugin tools
2026-04-22 17:01:16,601 [INFO] IntegrityCheckThread:86 - entering critical section [integrity check]
2026-04-22 17:01:16,602 [INFO] ThirdPartyUpdaterWithRetryManager:70 - Updater plugin not ready yet. [1/15]
2026-04-22 17:01:16,604 [INFO] PluginManage:359 - Loaded plugin tools (category:base,tabindex:7)
2026-04-22 17:01:16,605 [INFO] PluginManage:310 - Check plugin tutovideos
2026-04-22 17:01:16,764 [INFO] PluginManage:359 - Loaded plugin tutovideos (category:base,tabindex:-1)
2026-04-22 17:01:16,765 [INFO] PluginManage:310 - Check plugin updater
2026-04-22 17:01:16,793 [INFO] PluginManage:359 - Loaded plugin updater (category:base,tabindex:12)
2026-04-22 17:01:16,793 [INFO] PluginManage:310 - Check plugin userauth
2026-04-22 17:01:16,796 [INFO] UserAuth:118 - Init User Auth plugin
2026-04-22 17:01:16,798 [INFO] PluginManage:359 - Loaded plugin userauth (category:base,tabindex:14)
2026-04-22 17:01:16,798 [INFO] PluginManage:283 - PluginManage : Loaded plugins [18]
2026-04-22 17:01:16,995 [INFO] PinOutPanel:1589 - setPackage(No Configuration,No Configuration)
2026-04-22 17:01:17,057 [INFO] CADModel:165 - CPN selected for project level
2026-04-22 17:01:17,058 [INFO] CADModel:114 - Register for checkConnection events
2026-04-22 17:01:17,066 [INFO] IPUIPlugin:80 - create IPUIPlugin
2026-04-22 17:01:17,066 [INFO] PluginManager:220 - loadIPPluginJar : add mdma
2026-04-22 17:01:17,071 [INFO] IPUIPlugin:80 - create IPUIPlugin
2026-04-22 17:01:17,071 [INFO] PluginManager:220 - loadIPPluginJar : add freertos
2026-04-22 17:01:17,074 [INFO] IPUIPlugin:80 - create IPUIPlugin
2026-04-22 17:01:17,074 [INFO] PluginManager:220 - loadIPPluginJar : add gic
2026-04-22 17:01:17,080 [INFO] IPUIPlugin:80 - create IPUIPlugin
2026-04-22 17:01:17,080 [INFO] PluginManager:220 - loadIPPluginJar : add adc
2026-04-22 17:01:17,081 [INFO] IPUIPlugin:80 - create IPUIPlugin
2026-04-22 17:01:17,081 [INFO] PluginManager:220 - loadIPPluginJar : add gtzc
2026-04-22 17:01:17,082 [INFO] IPUIPlugin:80 - create IPUIPlugin
2026-04-22 17:01:17,082 [INFO] PluginManager:220 - loadIPPluginJar : add quadspi
2026-04-22 17:01:17,083 [INFO] IPUIPlugin:80 - create IPUIPlugin
2026-04-22 17:01:17,083 [INFO] PluginManager:220 - loadIPPluginJar : add aes
2026-04-22 17:01:17,084 [INFO] IPUIPlugin:80 - create IPUIPlugin
2026-04-22 17:01:17,084 [INFO] PluginManager:220 - loadIPPluginJar : add pdm2pcm
2026-04-22 17:01:17,085 [INFO] IPUIPlugin:80 - create IPUIPlugin
2026-04-22 17:01:17,085 [INFO] PluginManager:220 - loadIPPluginJar : add hash
2026-04-22 17:01:17,086 [INFO] IPUIPlugin:80 - create IPUIPlugin
2026-04-22 17:01:17,086 [INFO] PluginManager:220 - loadIPPluginJar : add tim
2026-04-22 17:01:17,087 [INFO] IPUIPlugin:80 - create IPUIPlugin
2026-04-22 17:01:17,087 [INFO] PluginManager:220 - loadIPPluginJar : add tsc
2026-04-22 17:01:17,089 [INFO] IPUIPlugin:80 - create IPUIPlugin
2026-04-22 17:01:17,089 [INFO] PluginManager:220 - loadIPPluginJar : add extmemmanager
2026-04-22 17:01:17,090 [INFO] IPUIPlugin:80 - create IPUIPlugin
2026-04-22 17:01:17,090 [INFO] PluginManager:220 - loadIPPluginJar : add ts
2026-04-22 17:01:17,091 [INFO] IPUIPlugin:80 - create IPUIPlugin
2026-04-22 17:01:17,091 [INFO] PluginManager:220 - loadIPPluginJar : add radio
2026-04-22 17:01:17,092 [INFO] IPUIPlugin:80 - create IPUIPlugin
2026-04-22 17:01:17,092 [INFO] PluginManager:220 - loadIPPluginJar : add can
2026-04-22 17:01:17,093 [INFO] IPUIPlugin:80 - create IPUIPlugin
2026-04-22 17:01:17,093 [INFO] PluginManager:220 - loadIPPluginJar : add dma3
2026-04-22 17:01:17,094 [INFO] IPUIPlugin:80 - create IPUIPlugin
2026-04-22 17:01:17,094 [INFO] PluginManager:220 - loadIPPluginJar : add dfsdm
2026-04-22 17:01:17,095 [INFO] IPUIPlugin:80 - create IPUIPlugin
2026-04-22 17:01:17,095 [INFO] PluginManager:220 - loadIPPluginJar : add spi
2026-04-22 17:01:17,096 [INFO] IPUIPlugin:80 - create IPUIPlugin
2026-04-22 17:01:17,096 [INFO] PluginManager:220 - loadIPPluginJar : add gfxmmu
2026-04-22 17:01:17,098 [INFO] IPUIPlugin:80 - create IPUIPlugin
2026-04-22 17:01:17,098 [INFO] PluginManager:220 - loadIPPluginJar : add genericplugin
2026-04-22 17:01:17,099 [INFO] IPUIPlugin:80 - create IPUIPlugin
2026-04-22 17:01:17,099 [INFO] PluginManager:220 - loadIPPluginJar : add cryp
2026-04-22 17:01:17,101 [INFO] IPUIPlugin:80 - create IPUIPlugin
2026-04-22 17:01:17,101 [INFO] PluginManager:220 - loadIPPluginJar : add gpio
2026-04-22 17:01:17,103 [INFO] IPUIPlugin:80 - create IPUIPlugin
2026-04-22 17:01:17,103 [INFO] PluginManager:220 - loadIPPluginJar : add ddr_ctrl_phy
2026-04-22 17:01:17,104 [INFO] IPUIPlugin:80 - create IPUIPlugin
2026-04-22 17:01:17,104 [INFO] PluginManager:220 - loadIPPluginJar : add comp
2026-04-22 17:01:17,105 [INFO] IPUIPlugin:80 - create IPUIPlugin
2026-04-22 17:01:17,106 [INFO] PluginManager:220 - loadIPPluginJar : add tracer_emb
2026-04-22 17:01:17,108 [INFO] IPUIPlugin:80 - create IPUIPlugin
2026-04-22 17:01:17,108 [INFO] PluginManager:220 - loadIPPluginJar : add openamp
2026-04-22 17:01:17,111 [INFO] IPUIPlugin:80 - create IPUIPlugin
2026-04-22 17:01:17,111 [INFO] PluginManager:220 - loadIPPluginJar : add stm32_wpan
2026-04-22 17:01:17,113 [INFO] IPUIPlugin:80 - create IPUIPlugin
2026-04-22 17:01:17,115 [INFO] PluginManager:220 - loadIPPluginJar : add plateformsettings
2026-04-22 17:01:17,117 [INFO] IPUIPlugin:80 - create IPUIPlugin
2026-04-22 17:01:17,117 [INFO] PluginManager:220 - loadIPPluginJar : add ipddr
2026-04-22 17:01:17,118 [INFO] IPUIPlugin:80 - create IPUIPlugin
2026-04-22 17:01:17,118 [INFO] PluginManager:220 - loadIPPluginJar : add usart
2026-04-22 17:01:17,119 [INFO] IPUIPlugin:80 - create IPUIPlugin
2026-04-22 17:01:17,119 [INFO] PluginManager:220 - loadIPPluginJar : add ltdc
2026-04-22 17:01:17,120 [INFO] IPUIPlugin:80 - create IPUIPlugin
2026-04-22 17:01:17,120 [INFO] PluginManager:220 - loadIPPluginJar : add nvic
2026-04-22 17:01:17,121 [INFO] IPUIPlugin:80 - create IPUIPlugin
2026-04-22 17:01:17,121 [INFO] PluginManager:220 - loadIPPluginJar : add fatfs
2026-04-22 17:01:17,125 [INFO] IPUIPlugin:80 - create IPUIPlugin
2026-04-22 17:01:17,125 [INFO] PluginManager:220 - loadIPPluginJar : add linkedlist
2026-04-22 17:01:17,127 [INFO] IPUIPlugin:80 - create IPUIPlugin
2026-04-22 17:01:17,128 [INFO] PluginManager:220 - loadIPPluginJar : add dma
2026-04-22 17:01:17,130 [INFO] IPUIPlugin:80 - create IPUIPlugin
2026-04-22 17:01:17,130 [INFO] PluginManager:220 - loadIPPluginJar : add fmc
2026-04-22 17:01:17,131 [INFO] IPUIPlugin:80 - create IPUIPlugin
2026-04-22 17:01:17,131 [INFO] PluginManager:220 - loadIPPluginJar : add i2s
2026-04-22 17:01:17,131 [INFO] IPUIPlugin:80 - create IPUIPlugin
2026-04-22 17:01:17,132 [INFO] PluginManager:220 - loadIPPluginJar : add ucpd
2026-04-22 17:01:17,132 [INFO] IPUIPlugin:80 - create IPUIPlugin
2026-04-22 17:01:17,133 [INFO] PluginManager:220 - loadIPPluginJar : add lorawan
2026-04-22 17:01:17,134 [INFO] IPUIPlugin:80 - create IPUIPlugin
2026-04-22 17:01:17,134 [INFO] PluginManager:220 - loadIPPluginJar : add opamp
2026-04-22 17:01:17,135 [INFO] IPUIPlugin:80 - create IPUIPlugin
2026-04-22 17:01:17,135 [INFO] PluginManager:220 - loadIPPluginJar : add i3c
2026-04-22 17:01:17,136 [INFO] IPUIPlugin:80 - create IPUIPlugin
2026-04-22 17:01:17,136 [INFO] PluginManager:220 - loadIPPluginJar : add touchsensing
2026-04-22 17:01:17,138 [INFO] IPUIPlugin:80 - create IPUIPlugin
2026-04-22 17:01:17,138 [INFO] PluginManager:220 - loadIPPluginJar : add i2c
2026-04-22 17:01:17,140 [INFO] IPUIPlugin:80 - create IPUIPlugin
2026-04-22 17:01:17,140 [INFO] PluginManager:220 - loadIPPluginJar : add resmgrutility
2026-04-22 17:01:17,142 [INFO] IPUIPlugin:80 - create IPUIPlugin
2026-04-22 17:01:17,142 [INFO] PluginManager:220 - loadIPPluginJar : add sai
2026-04-22 17:01:17,143 [INFO] IPUIPlugin:80 - create IPUIPlugin
2026-04-22 17:01:17,143 [INFO] PluginManager:220 - loadIPPluginJar : add usbx
2026-04-22 17:01:17,250 [FATAL] Updater:351 - Updater called before beeing initialized
2026-04-22 17:01:17,293 [INFO] RulesReader:64 - Compatibility file has been processed (317 Rules)
2026-04-22 17:01:17,304 [INFO] RulesReader:64 - Compatibility file has been processed (317 Rules)
2026-04-22 17:01:17,312 [INFO] CADModel:165 - CPN selected for project level
2026-04-22 17:01:17,312 [INFO] CADModel:114 - Register for checkConnection events
2026-04-22 17:01:17,312 [FATAL] Updater:351 - Updater called before beeing initialized
2026-04-22 17:01:17,312 [ERROR] CADModel:125 - Updater not yet initialized, retry later 
2026-04-22 17:01:17,526 [FATAL] Updater:351 - Updater called before beeing initialized
2026-04-22 17:01:17,527 [INFO] CADModel:165 - CPN selected for project level
2026-04-22 17:01:17,527 [INFO] CADModel:114 - Register for checkConnection events
2026-04-22 17:01:17,527 [FATAL] Updater:351 - Updater called before beeing initialized
2026-04-22 17:01:17,527 [ERROR] CADModel:125 - Updater not yet initialized, retry later 
2026-04-22 17:01:17,530 [FATAL] Updater:351 - Updater called before beeing initialized
2026-04-22 17:01:17,669 [FATAL] Updater:351 - Updater called before beeing initialized
2026-04-22 17:01:17,675 [INFO] DbMcusAds:53 - JSON generation date=Fri Apr 10 11:19:02 CEST 2026 (1775812742310)
2026-04-22 17:01:17,675 [FATAL] Updater:351 - Updater called before beeing initialized
2026-04-22 17:01:17,730 [WARN] DetailPanel:346 - Failed to get advertising image, set to default
2026-04-22 17:01:17,785 [FATAL] Updater:351 - Updater called before beeing initialized
2026-04-22 17:01:17,788 [FATAL] Updater:351 - Updater called before beeing initialized
2026-04-22 17:01:17,789 [FATAL] Updater:351 - Updater called before beeing initialized
2026-04-22 17:01:17,789 [WARN] DetailPanel:346 - Failed to get advertising image, set to default
2026-04-22 17:01:17,791 [FATAL] Updater:351 - Updater called before beeing initialized
2026-04-22 17:01:17,839 [ERROR] Updater:1198 - MainUpdater not yet initialized. External WinMGr cannot be set.
2026-04-22 17:01:17,842 [INFO] Updater:1134 - Updater Version found : 6.15.0
2026-04-22 17:01:17,854 [INFO] ApplicationProperties:184 - Using Application install path: /Applications/STM32CubeIDE.app/Contents/Eclipse/plugins/com.st.stm32cube.common.mx_6.15.0.202507011659
2026-04-22 17:01:18,554 [INFO] MainUpdater:2872 - connection check result : 10
2026-04-22 17:01:18,555 [INFO] MainUpdater:289 - Updater Check For Update Now.
2026-04-22 17:01:18,555 [INFO] MicroXplorer:498 - Change Database Version : DB.6.0.150
2026-04-22 17:01:18,563 [INFO] McuFinderGlobals:63 - Set McuFinder mode to 2 (CubeIDE integrated)
2026-04-22 17:01:18,566 [INFO] UserAuth:487 - Internet connection configuration mode: 1
2026-04-22 17:01:18,590 [INFO] JxBrowserEngine:152 - Initiate JxBrowser Engine with user profile folder
2026-04-22 17:01:18,834 [INFO] CheckServerUpdateThread:120 - End of CheckServer Thread
2026-04-22 17:01:19,824 [WARN] PackLoader:240 - Cannot read IP mode file for STMicroelectronics.X-CUBE-AZRTOS-H7.3.5.0
2026-04-22 17:01:19,861 [WARN] PackLoader:240 - Cannot read IP mode file for STMicroelectronics.FP-ATR-ASTRA1.2.0.2
2026-04-22 17:01:19,872 [WARN] PackLoader:240 - Cannot read IP mode file for STMicroelectronics.X-CUBE-SMBUS.2.1.0
2026-04-22 17:01:19,916 [WARN] PackLoader:240 - Cannot read IP mode file for STMicroelectronics.X-CUBE-AZRTOS-F7.1.1.0
2026-04-22 17:01:19,944 [WARN] PackLoader:240 - Cannot read IP mode file for WES.I-CUBE-Cesium.1.4.0
2026-04-22 17:01:19,965 [WARN] PackLoader:240 - Cannot read IP mode file for STMicroelectronics.X-CUBE-DISPLAY.3.0.0
2026-04-22 17:01:19,991 [WARN] PackLoader:240 - Cannot read IP mode file for STMicroelectronics.X-CUBE-NFC10.1.0.0
2026-04-22 17:01:20,003 [WARN] PackLoader:240 - Cannot read IP mode file for STMicroelectronics.X-CUBE-ST60.1.1.0
2026-04-22 17:01:20,011 [WARN] PackLoader:240 - Cannot read IP mode file for emotas.I-CUBE-CANOPEN.1.3.0
2026-04-22 17:01:20,022 [WARN] PackLoader:240 - Cannot read IP mode file for STMicroelectronics.FP-SNS-SMARTAG2.1.2.0
2026-04-22 17:01:20,029 [WARN] PackLoader:240 - Cannot read IP mode file for STMicroelectronics.FP-SNS-FLIGHT1.5.1.0
2026-04-22 17:01:20,039 [INFO] LogOutputStream:77 - [STDOUT_REDIRECT] 1 : Invalid condition id : UX_CORESTACK_Condition cause : null
2026-04-22 17:01:20,041 [INFO] LogOutputStream:77 - [STDOUT_REDIRECT] 1 : Invalid condition id : UX_CORESTACK_Condition cause : null
2026-04-22 17:01:20,041 [INFO] LogOutputStream:77 - [STDOUT_REDIRECT] 1 : Invalid condition id : UX_CORESTACK_Condition cause : null
2026-04-22 17:01:20,042 [INFO] LogOutputStream:77 - [STDOUT_REDIRECT] 1 : Invalid condition id : UX_CORESTACK_Condition cause : null
2026-04-22 17:01:20,042 [INFO] LogOutputStream:77 - [STDOUT_REDIRECT] 1 : Invalid condition id : UX_CORESTACK_Condition cause : null
2026-04-22 17:01:20,057 [WARN] PackLoader:240 - Cannot read IP mode file for STMicroelectronics.X-CUBE-AZRTOS-WL.2.0.0
2026-04-22 17:01:20,094 [WARN] PackLoader:240 - Cannot read IP mode file for STMicroelectronics.X-CUBE-AZRTOS-H7RS.1.2.0
2026-04-22 17:01:20,112 [WARN] PackLoader:240 - Cannot read IP mode file for STMicroelectronics.X-CUBE-BLE2.3.3.0
2026-04-22 17:01:20,168 [WARN] PackLoader:240 - Cannot read IP mode file for Infineon.AIROC-Wi-Fi-Bluetooth-STM32.1.8.0
2026-04-22 17:01:20,189 [WARN] PackLoader:240 - Cannot read IP mode file for STMicroelectronics.X-CUBE-NFC9.1.0.0
2026-04-22 17:01:20,205 [WARN] PackLoader:240 - Cannot read IP mode file for STMicroelectronics.X-CUBE-BLE1.7.1.0
2026-04-22 17:01:20,209 [WARN] PackLoader:240 - Cannot read IP mode file for wolfSSL.I-CUBE-wolfMQTT.1.19.2
2026-04-22 17:01:20,212 [WARN] PackLoader:240 - Cannot read IP mode file for wolfSSL.I-CUBE-wolfSSL.5.8.4
2026-04-22 17:01:20,216 [WARN] PackLoader:240 - Cannot read IP mode file for Cesanta.I-CUBE-Mongoose.7.20.0
2026-04-22 17:01:20,235 [WARN] PackLoader:240 - Cannot read IP mode file for STMicroelectronics.X-CUBE-AZRTOS-G0.1.1.0
2026-04-22 17:01:20,250 [WARN] PackLoader:240 - Cannot read IP mode file for STMicroelectronics.X-CUBE-NFC4.3.0.0
2026-04-22 17:01:20,261 [WARN] PackLoader:240 - Cannot read IP mode file for EmbeddedOffice.I-CUBE-FS-RTOS.1.0.1
2026-04-22 17:01:20,265 [WARN] PackLoader:240 - Cannot read IP mode file for wolfSSL.I-CUBE-wolfTPM.3.8.0
2026-04-22 17:01:20,270 [WARN] PackLoader:240 - Cannot read IP mode file for STMicroelectronics.X-CUBE-TCPP.4.2.0
2026-04-22 17:01:20,287 [WARN] PackLoader:240 - Cannot read IP mode file for RealThread.X-CUBE-RT-Thread_Nano.4.1.1
2026-04-22 17:01:20,299 [WARN] PackLoader:240 - Cannot read IP mode file for STMicroelectronics.FP-ATR-SIGFOX1.3.2.0
2026-04-22 17:01:20,309 [WARN] PackLoader:240 - Cannot read IP mode file for ITTIA_DB.I-CUBE-ITTIADB.8.9.0
2026-04-22 17:01:20,364 [WARN] PackLoader:240 - Cannot read IP mode file for SEGGER.I-CUBE-embOS.1.3.1
2026-04-22 17:01:20,752 [WARN] PackLoader:240 - Cannot read IP mode file for STMicroelectronics.X-CUBE-ALGOBUILD.1.4.0
2026-04-22 17:01:20,849 [WARN] PackLoader:240 - Cannot read IP mode file for STMicroelectronics.X-CUBE-PM33A1.1.0.0
2026-04-22 17:01:20,890 [WARN] PackLoader:240 - Cannot read IP mode file for STMicroelectronics.X-CUBE-AZRTOS-F4.1.1.0
2026-04-22 17:01:20,906 [WARN] PackLoader:240 - Cannot read IP mode file for STMicroelectronics.X-CUBE-ISPU.2.1.0
2026-04-22 17:01:20,910 [WARN] PackLoader:240 - Cannot read IP mode file for STMicroelectronics.eDS-WB_DPC_TT-BIDIR.2.1.1
2026-04-22 17:01:20,938 [WARN] PackLoader:240 - Cannot read IP mode file for STMicroelectronics.X-CUBE-AZRTOS-L5.2.0.0
2026-04-22 17:01:20,950 [WARN] PackLoader:240 - Cannot read IP mode file for STMicroelectronics.eDS-WB_DPC_VIENNA.1.2.0
2026-04-22 17:01:20,952 [WARN] PackLoader:240 - Cannot read IP mode file for STMicroelectronics.eDS-WB_DPC_3PH2L-BIDIR.1.1.1
2026-04-22 17:01:20,986 [ERROR] Engine:466 - /Users/cristianpetramale/.stm32cubemx/thirdparties/pdsc/STMicroelectronics.X-CUBE-ST67W61.1.3.0.pdsc: PDSC version is not supported
2026-04-22 17:01:21,001 [WARN] PackLoader:240 - Cannot read IP mode file for STMicroelectronics.X-CUBE-TOUCHGFX.4.26.1
2026-04-22 17:01:21,010 [WARN] PackLoader:240 - Cannot read IP mode file for STMicroelectronics.X-CUBE-DPower.1.3.0
2026-04-22 17:01:21,034 [WARN] ConditionMgr:438 - getConditionDescription Invalid condition id : LAN8742 Phy interface Condition cause : null
2026-04-22 17:01:21,035 [WARN] PackLoader:240 - Cannot read IP mode file for STMicroelectronics.X-CUBE-AZRTOS-L4.2.0.0
2026-04-22 17:01:21,038 [WARN] ConditionMgr:1044 - genDependencies : Invalid condition id : LAN8742 Phy interface Condition cause : null
2026-04-22 17:01:21,039 [WARN] ConditionMgr:1044 - genDependencies : Invalid condition id : LAN8742 Phy interface Condition cause : null
2026-04-22 17:01:21,040 [WARN] ConditionMgr:1044 - genDependencies : Invalid condition id : LAN8742 Phy interface Condition cause : null
2026-04-22 17:01:21,053 [WARN] PackLoader:240 - Cannot read IP mode file for STMicroelectronics.X-CUBE-SFXS2LP1.4.0.0
2026-04-22 17:01:21,067 [WARN] PackLoader:240 - Cannot read IP mode file for STMicroelectronics.X-CUBE-WB05N.2.1.0
2026-04-22 17:01:21,078 [WARN] PackLoader:240 - Cannot read IP mode file for STMicroelectronics.X-CUBE-ST67W61.1.2.0
2026-04-22 17:01:21,092 [WARN] ConditionMgr:438 - getConditionDescription Invalid condition id : UX DEVICE CLASS RTOS Condition cause : null
2026-04-22 17:01:21,092 [WARN] ConditionMgr:438 - getConditionDescription Invalid condition id : UX DEVICE CLASS RTOS Condition cause : null
2026-04-22 17:01:21,095 [WARN] PackLoader:240 - Cannot read IP mode file for STMicroelectronics.X-CUBE-AZRTOS-WB.2.0.0
2026-04-22 17:01:21,097 [WARN] ConditionMgr:1044 - genDependencies : Invalid condition id : UX DEVICE CLASS RTOS Condition cause : null
2026-04-22 17:01:21,098 [WARN] ConditionMgr:1044 - genDependencies : Invalid condition id : UX DEVICE CLASS RTOS Condition cause : null
2026-04-22 17:01:21,100 [WARN] ConditionMgr:1044 - genDependencies : Invalid condition id : UX DEVICE CLASS RTOS Condition cause : null
2026-04-22 17:01:21,101 [WARN] ConditionMgr:1044 - genDependencies : Invalid condition id : UX DEVICE CLASS RTOS Condition cause : null
2026-04-22 17:01:21,101 [WARN] ConditionMgr:1044 - genDependencies : Invalid condition id : UX DEVICE CLASS RTOS Condition cause : null
2026-04-22 17:01:21,107 [WARN] ConditionMgr:438 - getConditionDescription Invalid condition id : Cortex-A Device cause : null
2026-04-22 17:01:21,130 [WARN] ConditionMgr:1044 - genDependencies : Invalid condition id : Cortex-A Device cause : null
2026-04-22 17:01:21,130 [WARN] ConditionMgr:1044 - genDependencies : Invalid condition id : Cortex-A Device cause : null
2026-04-22 17:01:21,130 [WARN] ConditionMgr:1044 - genDependencies : Invalid condition id : Cortex-A Device cause : null
2026-04-22 17:01:21,140 [WARN] PackLoader:240 - Cannot read IP mode file for STMicroelectronics.X-CUBE-STSE01.2.0.0
2026-04-22 17:01:21,155 [WARN] PackLoader:240 - Cannot read IP mode file for STMicroelectronics.X-CUBE-SUBG2.5.0.0
2026-04-22 17:01:21,177 [WARN] PackLoader:240 - Cannot read IP mode file for STMicroelectronics.X-CUBE-AZRTOS-G4.2.0.0
2026-04-22 17:01:21,183 [WARN] PackLoader:240 - Cannot read IP mode file for wolfSSL.I-CUBE-wolfSSH.1.4.20
2026-04-22 17:01:21,188 [WARN] PackLoader:240 - Cannot read IP mode file for STMicroelectronics.X-CUBE-NFC7.2.0.0
2026-04-22 17:01:21,192 [WARN] PackLoader:240 - Cannot read IP mode file for STMicroelectronics.X-CUBE-ALS.1.0.2
2026-04-22 17:01:21,209 [WARN] PackLoader:240 - Cannot read IP mode file for STMicroelectronics.X-CUBE-TOF1.3.4.3
2026-04-22 17:01:21,223 [INFO] ThirdParty:978 - Integrity check success = true
2026-04-22 17:01:21,223 [INFO] IntegrityCheckThread:100 - exiting critical section [integrity check]
2026-04-22 17:01:21,223 [INFO] IntegrityCheckThread:103 - End integrity checks thread
2026-04-22 17:01:23,494 [INFO] WebApp:169 - Instantiating new browser for Auth
2026-04-22 17:01:24,941 [INFO] WebApp:463 - Apply proxy settings
2026-04-22 17:01:24,950 [INFO] WebApp:508 - Chromium authenticates against Manually configured proxy
2026-04-22 17:01:24,963 [INFO] WebApp:516 - Username used for proxy authentication: 
2026-04-22 17:01:25,005 [INFO] WebApp:900 - Register for checkConnection events
2026-04-22 17:01:25,005 [INFO] WebApp:463 - Apply proxy settings
2026-04-22 17:01:25,008 [INFO] WebApp:508 - Chromium authenticates against Manually configured proxy
2026-04-22 17:01:25,009 [INFO] WebApp:516 - Username used for proxy authentication: 
2026-04-22 17:01:25,155 [INFO] WebApp:225 - Starting web application
2026-04-22 17:01:25,155 [INFO] WebApp:593 - Web application path used /Applications/STM32CubeIDE.app/Contents/Eclipse/plugins/com.st.stm32cube.common.mx_6.15.0.202507011659/db/plugins/mcufinder/reactClient1/index.html
2026-04-22 17:01:25,739 [INFO] UserAuth:487 - Internet connection configuration mode: 1
2026-04-22 17:01:26,510 [INFO] WebApp:191 - Connection restablished
2026-04-22 17:01:29,599 [INFO] McuFinderGlobals:63 - Set McuFinder mode to 2 (CubeIDE integrated)
2026-04-22 17:01:29,603 [INFO] MainUpdater:2872 - connection check result : 10
2026-04-22 17:01:29,603 [INFO] MainUpdater:2872 - connection check result : 10
2026-04-22 17:01:30,212 [INFO] MicroXplorer:468 - Change Database Path : 
2026-04-22 17:01:30,213 [INFO] MicroXplorer:498 - Change Database Version : DB.6.0.150
2026-04-22 17:01:30,220 [WARN] ThirdParty:871 - waiting for thirdparty lock release [close project]
2026-04-22 17:01:30,220 [INFO] ThirdParty:873 - entering critical section [close project]
2026-04-22 17:01:30,221 [INFO] ThirdParty:883 - exiting critical section [close project]
2026-04-22 17:01:30,226 [INFO] PinOutPanel:1589 - setPackage(No Configuration,No Configuration)
2026-04-22 17:01:30,231 [INFO] UtilMem:75 - Begin LoadConfig() Used Memory: 237920504 Bytes (273678336)
2026-04-22 17:01:30,232 [INFO] MicroXplorer:468 - Change Database Path : 
2026-04-22 17:01:30,232 [INFO] MicroXplorer:498 - Change Database Version : DB.6.0.150
2026-04-22 17:01:30,233 [INFO] OpenFileManager:355 - Change cursor
2026-04-22 17:01:30,308 [INFO] Mcu:2029 - Initializing MCU STM32L432K(B-C)Ux STM32L432KCUx STM32L432KCU3
2026-04-22 17:01:32,021 [INFO] Context:786 - Trying to add GPIOservice into a context  which must be forbidden
2026-04-22 17:01:32,698 [INFO] ImportTextPane:234 - (OptionalMessage_ERROR) Pin3 (VP_RIF_VS_RIF1) cannot be retrieved for this MCU
2026-04-22 17:01:32,857 [INFO] RtosManager:558 - Registered RTOS mode: class=CMSIS, group=RTOS, mode=CMSIS_V1, owner=FREERTOS
2026-04-22 17:01:32,857 [INFO] RtosManager:558 - Registered RTOS mode: class=CMSIS, group=RTOS2, mode=CMSIS_V2, owner=FREERTOS
2026-04-22 17:01:32,857 [INFO] RtosManager:558 - Registered RTOS mode: class=RTOS, group=Core, mode=CMSIS_V1, owner=FREERTOS
2026-04-22 17:01:32,858 [INFO] RtosManager:558 - Registered RTOS mode: class=RTOS, group=Core, mode=CMSIS_V2, owner=FREERTOS
2026-04-22 17:01:32,858 [WARN] ModelIntegratedComponent:184 - Missing modes for component STMicroelectronics:FreeRTOS:0.0.1:STMicroelectronics:RTOS:FreeRTOS:Core:::10.2.0:
2026-04-22 17:01:32,884 [WARN] ModelIntegratedComponent:63 - No mode defined for component null
2026-04-22 17:01:32,884 [WARN] ModelIntegratedComponent:63 - No mode defined for component null
2026-04-22 17:01:32,884 [WARN] ModelIntegratedComponent:63 - No mode defined for component null
2026-04-22 17:01:32,884 [WARN] ModelIntegratedComponent:63 - No mode defined for component null
2026-04-22 17:01:32,884 [WARN] ModelIntegratedComponent:63 - No mode defined for component null
2026-04-22 17:01:32,884 [WARN] ModelIntegratedComponent:63 - No mode defined for component null
2026-04-22 17:01:32,884 [WARN] ModelIntegratedComponent:63 - No mode defined for component null
2026-04-22 17:01:32,884 [WARN] ModelIntegratedComponent:63 - No mode defined for component null
2026-04-22 17:01:32,884 [WARN] ModelIntegratedComponent:63 - No mode defined for component null
2026-04-22 17:01:32,884 [WARN] ModelIntegratedComponent:63 - No mode defined for component null
2026-04-22 17:01:32,884 [WARN] ModelIntegratedComponent:63 - No mode defined for component null
2026-04-22 17:01:32,884 [WARN] ModelIntegratedComponent:63 - No mode defined for component null
2026-04-22 17:01:32,884 [WARN] ModelIntegratedComponent:63 - No mode defined for component null
2026-04-22 17:01:32,884 [WARN] ModelIntegratedComponent:63 - No mode defined for component null
2026-04-22 17:01:32,884 [WARN] ModelIntegratedComponent:63 - No mode defined for component null
2026-04-22 17:01:32,884 [WARN] ModelIntegratedComponent:63 - No mode defined for component null
2026-04-22 17:01:32,884 [WARN] ModelIntegratedComponent:63 - No mode defined for component null
2026-04-22 17:01:32,884 [WARN] ModelIntegratedComponent:63 - No mode defined for component null
2026-04-22 17:01:32,884 [WARN] ModelIntegratedComponent:63 - No mode defined for component null
2026-04-22 17:01:32,884 [WARN] ModelIntegratedComponent:63 - No mode defined for component null
2026-04-22 17:01:32,885 [WARN] ModelIntegratedComponent:63 - No mode defined for component null
2026-04-22 17:01:32,885 [WARN] ModelIntegratedComponent:63 - No mode defined for component null
2026-04-22 17:01:32,885 [WARN] ModelIntegratedComponent:63 - No mode defined for component null
2026-04-22 17:01:32,885 [WARN] ModelIntegratedComponent:63 - No mode defined for component null
2026-04-22 17:01:32,885 [WARN] ModelIntegratedComponent:63 - No mode defined for component null
2026-04-22 17:01:32,885 [WARN] ModelIntegratedComponent:63 - No mode defined for component null
2026-04-22 17:01:32,885 [WARN] ModelIntegratedComponent:63 - No mode defined for component null
2026-04-22 17:01:32,885 [WARN] ModelIntegratedComponent:63 - No mode defined for component null
2026-04-22 17:01:32,885 [WARN] ModelIntegratedComponent:63 - No mode defined for component null
2026-04-22 17:01:32,885 [WARN] ModelIntegratedComponent:63 - No mode defined for component null
2026-04-22 17:01:32,885 [WARN] ModelIntegratedComponent:63 - No mode defined for component null
2026-04-22 17:01:32,885 [WARN] ModelIntegratedComponent:63 - No mode defined for component null
2026-04-22 17:01:32,885 [WARN] ModelIntegratedComponent:63 - No mode defined for component null
2026-04-22 17:01:32,885 [WARN] ModelIntegratedComponent:63 - No mode defined for component null
2026-04-22 17:01:32,885 [WARN] ModelIntegratedComponent:63 - No mode defined for component null
2026-04-22 17:01:32,885 [WARN] ModelPack:524 - Component already loaded: STMicroelectronics:HAL Drivers:0.0.0:STMicroelectronics:Device:STMicro_Driver:XSPI:HAL::0.0.1:HAL_XSPI
2026-04-22 17:01:32,920 [INFO] ThirdPartyModel:298 - Start build external matchings
2026-04-22 17:01:33,098 [INFO] ThirdPartyModel:316 - End build external matchings
2026-04-22 17:01:34,319 [INFO] ApiDb:581 - Connected to CubeFinder SQLite database (/Users/cristianpetramale/.stmcufinder/plugins/mcufinder/mcu/cube-finder-db.db)
2026-04-22 17:01:34,367 [INFO] ApiDb:668 - CubeFinder database Data Model version=2.1
2026-04-22 17:01:34,367 [INFO] ApiDb:669 - CubeFinder database Configuration version=3.0.42
2026-04-22 17:01:34,368 [INFO] ApiDb:670 - CubeFinder database generation date=2026-03-11 (1773229989)
2026-04-22 17:01:34,368 [INFO] ApiDb:671 - CubeFinder database FW Pack versions=[FP-ATR-ASTRA1_V2.0.0, FP-SNS-FLIGHT1_V5.1.0, FP-SNS-MOTENV1_V5.1.0, FP-SNS-MOTENVWB1_V1.5.0, FP-SNS-SMARTAG2_V1.2.0, FP-SNS-STBOX1_V2.1.0, STM32Cube_FW_C0_V1.4.0, STM32Cube_FW_F4_V1.28.3, STM32Cube_FW_F7_V1.17.4, STM32Cube_FW_G0_V1.6.3, STM32Cube_FW_G4_V1.6.2, STM32Cube_FW_H5_V1.6.0, STM32Cube_FW_H7RS_V1.3.0, STM32Cube_FW_H7_V1.13.0, STM32Cube_FW_L0_V1.12.2, STM32Cube_FW_L4_V1.18.2, STM32Cube_FW_L5_V1.6.0, STM32Cube_FW_N6_V1.3.0, STM32Cube_FW_U0_V1.3.0, STM32Cube_FW_U3_V1.3.0, STM32Cube_FW_U5_V1.8.0, STM32Cube_FW_WB0_V1.4.0, STM32Cube_FW_WBA_V1.9.0, STM32Cube_FW_WB_V1.24.0, STM32Cube_FW_WL3_V1.4.0, STM32Cube_FW_WL_V1.5.0, X-CUBE-ALGOBUILD_V1.4.0, X-CUBE-ALS_V1.0.2, X-CUBE-AZRTOS-F4_V1.1.0, X-CUBE-AZRTOS-F7_V1.1.0, X-CUBE-AZRTOS-G0_V1.1.0, X-CUBE-AZRTOS-G4_V2.0.0, X-CUBE-AZRTOS-H7RS_V1.1.0, X-CUBE-AZRTOS-H7_V3.4.0, X-CUBE-AZRTOS-L4_V2.0.0, X-CUBE-AZRTOS-L5_V2.0.0, X-CUBE-AZRTOS-WB_V2.0.0, X-CUBE-AZRTOS-WL_V2.0.0, X-CUBE-BLE1_V7.1.0, X-CUBE-BLE2_V3.3.0, X-CUBE-BLEMGR_V4.1.0, X-CUBE-EEPRMA1_V5.2.0, X-CUBE-FREERTOS_V1.5.0, X-CUBE-GNSS1_V6.0.0, X-CUBE-MEMS1_V12.0.0, X-CUBE-NFC4_V3.0.0, X-CUBE-NFC7_V2.0.0, X-CUBE-SFXS2LP1_V4.0.0, X-CUBE-ST67W61_V1.2.0, X-CUBE-SUBG2_V5.0.0, X-CUBE-TOF1_V3.4.3]
2026-04-22 17:01:34,442 [INFO] DbBoardsSqlite:226 - include board P-NUCLEO-WB55-NUCLEO as a kit item of type 'Nucleo-64'
2026-04-22 17:01:34,446 [INFO] DbBoardsSqlite:226 - include board P-NUCLEO-WB55-USBDONGLE as a kit item of type 'Nucleo USB Dongle'
2026-04-22 17:01:34,447 [INFO] DbBoardsSqlite:226 - include board STEVAL-IDP005V1 as a kit item of type 'Evaluation Board'
2026-04-22 17:01:34,447 [INFO] DbBoardsSqlite:226 - include board STEVAL-IDP005V2 as a kit item of type 'Evaluation Board'
2026-04-22 17:01:34,552 [INFO] ApiDb:240 - Found 880 in-development CPN: [B-G473E-ZEST1S, B-WB1M-WPAN1, B-WBA5M-WPAN, B-WL5M-SUBG1, NUCLEO-C031C6, NUCLEO-C051C8, NUCLEO-C071RB, NUCLEO-C092RC, NUCLEO-H503RB, NUCLEO-H533RE, NUCLEO-H563ZI, NUCLEO-H7S3L8, NUCLEO-N657X0-Q, NUCLEO-U031R8, NUCLEO-U083RC, NUCLEO-U385RG-Q, NUCLEO-U545RE-Q, NUCLEO-U5A5ZJ-Q, NUCLEO-WB05KZ, NUCLEO-WB07CC, NUCLEO-WB09KE, NUCLEO-WBA52CG, NUCLEO-WBA55CG, NUCLEO-WL33CC1, NUCLEO-WL33CC2, STEVAL-PROTEUS1, STEVAL-SMARTAG2, STEVAL-STWINBX1, STM320518-EVAL, STM32C0116-DK, STM32C011D6Y3TR, STM32C011D6Y6TR, STM32C011F4P3, STM32C011F4P6, STM32C011F4U3, STM32C011F4U6TR, STM32C011F6P3, STM32C011F6P6, STM32C011F6U3, STM32C011F6U6TR, STM32C011J4M3, STM32C011J4M6, STM32C011J6M3, STM32C011J6M6, STM32C0316-DK, STM32C031C4T3, STM32C031C4T6, STM32C031C4U3, STM32C031C4U6, STM32C031C6T3, STM32C031C6T6, STM32C031C6U3, STM32C031C6U6, STM32C031F4P3, STM32C031F4P6, STM32C031F6P3, STM32C031F6P6, STM32C031G4U3, STM32C031G4U6, STM32C031G6U3, STM32C031G6U6, STM32C031K4T3, STM32C031K4T6, STM32C031K4U3, STM32C031K4U6, STM32C031K6T3, STM32C031K6T6, STM32C031K6U3, STM32C031K6U6, STM32C051C6T6, STM32C051C6U6, STM32C051C8T6, STM32C051C8U6, STM32C051D8Y6TR, STM32C051F6P6, STM32C051F8P6, STM32C051G6U6, STM32C051G8U6, STM32C051K6T6, STM32C051K6U6, STM32C051K8T6, STM32C071C8T6, STM32C071C8T6N, STM32C071C8U6, STM32C071C8U6N, STM32C071CBT6, STM32C071CBT6N, STM32C071CBU6, STM32C071CBU6N, STM32C071F8P6, STM32C071F8P6N, STM32C071FBP6, STM32C071FBP6N, STM32C071FBY6TR, STM32C071G8U6, STM32C071G8U6N, STM32C071GBU6, STM32C071GBU6N, STM32C071K8T6, STM32C071K8T6N, STM32C071K8U6, STM32C071K8U6N, STM32C071KBT6, STM32C071KBT6N, STM32C071KBU6, STM32C071KBU6N, STM32C071R8T6, STM32C071R8T6N, STM32C071RBI6N, STM32C071RBT6, STM32C071RBT6N, STM32C091CBT6, STM32C091CBU6, STM32C091CCT6, STM32C091CCU6, STM32C091ECY6TR, STM32C091FBP6, STM32C091FCP6, STM32C091GBU6, STM32C091GCU6, STM32C091KBT6, STM32C091KBU6, STM32C091KCT6, STM32C091KCU6, STM32C091RBT6, STM32C091RCI6, STM32C091RCT6, STM32C092CBT6, STM32C092CBU6, STM32C092CCT6, STM32C092CCU6, STM32C092ECY6TR, STM32C092FBP6, STM32C092FCP6, STM32C092GBU6, STM32C092GCU6, STM32C092KBT6, STM32C092KBU6, STM32C092KCT6, STM32C092KCU6, STM32C092RBT6, STM32C092RCI6, STM32C092RCT6, STM32G071K8TXN, STM32G071K8UXN, STM32G081GBU6N, STM32G081KBT6N, STM32G081KBUXN, STM32G0B1CCT6N, STM32G0B1KCT6, STM32G0B1NEY6TR, STM32G0B1RCT6N, STM32G0C1CCT6, STM32G0C1CCT6N, STM32G0C1CCU6N, STM32G0C1CET6N, STM32G0C1CEU6N, STM32G0C1KCT6, STM32G0C1NEY6TR, STM32G0C1RCI6N, STM32G0C1RCT6N, STM32G0C1REI6N, STM32G0C1RET6N, STM32G0C1VCI6, STM32G0C1VEI6, STM32G411C6T3, STM32G411C6T6, STM32G411C6U3, STM32G411C6U6, STM32G411C8T3, STM32G411C8T6, STM32G411C8U3, STM32G411C8U6, STM32G411CBT3, STM32G411CBT6, STM32G411CBU3, STM32G411CBU6, STM32G411K6T3, STM32G411K6T6, STM32G411K6U3, STM32G411K6U6, STM32G411K8T3, STM32G411K8T6, STM32G411K8U3, STM32G411K8U6, STM32G411KBT3, STM32G411KBT6, STM32G411KBU3, STM32G411KBU6, STM32G411M6T3, STM32G411M6T6, STM32G411M8T3, STM32G411M8T6, STM32G411MBT3, STM32G411MBT6, STM32G411R6T3, STM32G411R6T6, STM32G411R8T3, STM32G411R8T6, STM32G411RBT3, STM32G411RBT6, STM32G414CBT3, STM32G414CBT6, STM32G414CBU3, STM32G414CBU6, STM32G414CCT3, STM32G414CCT6, STM32G414CCU3, STM32G414CCU6, STM32G414MBT3, STM32G414MBT6, STM32G414MCT3, STM32G414MCT6, STM32G414RBT3, STM32G414RBT6, STM32G414RCT3, STM32G414RCT6, STM32G414VBT3, STM32G414VBT6, STM32G414VCT3, STM32G414VCT6, STM32G431CBT3Z, STM32G431RBT3Z, STM32G471CCT6, STM32G471CCU6, STM32G471CET3, STM32G471CET6, STM32G471CEU3, STM32G471CEU6, STM32G471MCT6, STM32G471MET3, STM32G471MET6, STM32G471MEY6TR, STM32G471QCT6, STM32G471QET3, STM32G471RCT6, STM32G471RET3, STM32G471RET6, STM32G471VCH6, STM32G471VCI6, STM32G471VCT6, STM32G471VEH3, STM32G471VEH6, STM32G471VEI3, STM32G471VEI6, STM32G471VET3, STM32G471VET6, STM32G473QET3Z, STM32G473RET3Z, STM32G474CCT6, STM32G491RET3Z, STM32H503CBT6, STM32H503CBU6, STM32H503EBY6TR, STM32H503KBU6, STM32H503RBT6, STM32H523CCT6, STM32H523CCU6, STM32H523CET6, STM32H523CEU6, STM32H523HEY6TR, STM32H523RCT6, STM32H523RET6, STM32H523VCI6, STM32H523VCT6, STM32H523VEI6, STM32H523VET6, STM32H523ZCJ6, STM32H523ZCT6, STM32H523ZEJ6, STM32H523ZET6, STM32H533CET6, STM32H533CEU6, STM32H533HEY6TR, STM32H533RET6, STM32H533VEI6, STM32H533VET6, STM32H533ZEJ6, STM32H533ZET6, STM32H562AGI6, STM32H562AII6, STM32H562IGK6, STM32H562IGT6, STM32H562IIK6, STM32H562IIT6, STM32H562RGT6, STM32H562RGV6, STM32H562RIT6, STM32H562RIV6, STM32H562VGT6, STM32H562VIT6, STM32H562ZGT6, STM32H562ZIT6, STM32H563AGI6, STM32H563AII3Q, STM32H563AII6, STM32H563IGK6, STM32H563IGT6, STM32H563IIK3Q, STM32H563IIK6, STM32H563IIT3Q, STM32H563IIT6, STM32H563MIY3QTR, STM32H563RGT6, STM32H563RGV6, STM32H563RIT6, STM32H563RIV6, STM32H563VGT6, STM32H563VIT3Q, STM32H563VIT6, STM32H563ZGT6, STM32H563ZIT3Q, STM32H563ZIT6, STM32H573AII3Q, STM32H573AII6, STM32H573I-DK, STM32H573IIK3Q, STM32H573IIK6, STM32H573IIT3Q, STM32H573IIT6, STM32H573MIY3QTR, STM32H573RIT6, STM32H573RIV6, STM32H573VIT3Q, STM32H573VIT6, STM32H573ZIT3Q, STM32H573ZIT6, STM32H7R3A8I6, STM32H7R3I8K6, STM32H7R3I8T6, STM32H7R3L8H6, STM32H7R3L8H6H, STM32H7R3R8V6, STM32H7R3V8H6, STM32H7R3V8T6, STM32H7R3V8Y6TR, STM32H7R3Z8J6, STM32H7R3Z8T6, STM32H7R7A8I6, STM32H7R7I8K6, STM32H7R7I8T6, STM32H7R7L8H6, STM32H7R7L8H6H, STM32H7R7Z8J6, STM32H7S3A8I6, STM32H7S3I8K6, STM32H7S3I8T6, STM32H7S3L8H6, STM32H7S3L8H6H, STM32H7S3R8V6, STM32H7S3V8H6, STM32H7S3V8T6, STM32H7S3V8Y6TR, STM32H7S3Z8J6, STM32H7S3Z8T6, STM32H7S78-DK, STM32H7S7A8I6, STM32H7S7I8K6, STM32H7S7I8T6, STM32H7S7L8H6, STM32H7S7L8H6H, STM32H7S7Z8J6, STM32L4R5QGI6STR, STM32MP131AAE3, STM32MP131AAF3, STM32MP131AAG3, STM32MP131CAE3, STM32MP131CAF3, STM32MP131CAG3, STM32MP131DAE7, STM32MP131DAF7, STM32MP131DAG7, STM32MP131FAE7, STM32MP131FAF7, STM32MP131FAG7, STM32MP133AAE3, STM32MP133AAF3, STM32MP133AAG3, STM32MP133CAE3, STM32MP133CAF3, STM32MP133CAG3, STM32MP133DAE7, STM32MP133DAF7, STM32MP133DAG7, STM32MP133FAE7, STM32MP133FAF7, STM32MP133FAG7, STM32MP135AAE3, STM32MP135AAF3, STM32MP135AAG3, STM32MP135CAE3, STM32MP135CAF3, STM32MP135CAG3, STM32MP135DAE7, STM32MP135DAF7, STM32MP135DAG7, STM32MP135F-DK, STM32MP135FAE7, STM32MP135FAF7, STM32MP135FAF7T, STM32MP135FAF7U, STM32MP135FAG7, STM32MP211AAL3, STM32MP211AAM3, STM32MP211AAN3, STM32MP211AAO3, STM32MP211CAL3, STM32MP211CAM3, STM32MP211CAN3, STM32MP211CAO3, STM32MP211DAL3, STM32MP211DAM3, STM32MP211DAN3, STM32MP211DAO3, STM32MP211FAL3, STM32MP211FAM3, STM32MP211FAN3, STM32MP211FAO3, STM32MP213AAL3, STM32MP213AAM3, STM32MP213AAN3, STM32MP213AAO3, STM32MP213CAL3, STM32MP213CAM3, STM32MP213CAN3, STM32MP213CAO3, STM32MP213DAL3, STM32MP213DAM3, STM32MP213DAN3, STM32MP213DAO3, STM32MP213FAL3, STM32MP213FAM3, STM32MP213FAN3, STM32MP213FAO3, STM32MP215AAL3, STM32MP215AAM3, STM32MP215AAN3, STM32MP215AAO3, STM32MP215CAL3, STM32MP215CAM3, STM32MP215CAN3, STM32MP215CAO3, STM32MP215DAL3, STM32MP215DAM3, STM32MP215DAN3, STM32MP215DAO3, STM32MP215F-DK, STM32MP215FAL3, STM32MP215FAM3, STM32MP215FAN3, STM32MP215FAO3, STM32MP231AAJ3, STM32MP231AAK3, STM32MP231AAL3, STM32MP231CAJ3, STM32MP231CAK3, STM32MP231CAL3, STM32MP231DAJ3, STM32MP231DAK3, STM32MP231DAL3, STM32MP231FAJ3, STM32MP231FAK3, STM32MP231FAL3, STM32MP233AAJ3, STM32MP233AAK3, STM32MP233AAL3, STM32MP233CAJ3, STM32MP233CAK3, STM32MP233CAL3, STM32MP233DAJ3, STM32MP233DAK3, STM32MP233DAL3, STM32MP233FAJ3, STM32MP233FAK3, STM32MP233FAL3, STM32MP235AAJ3, STM32MP235AAK3, STM32MP235AAL3, STM32MP235CAJ3, STM32MP235CAK3, STM32MP235CAL3, STM32MP235DAJ3, STM32MP235DAK3, STM32MP235DAL3, STM32MP235FAJ3, STM32MP235FAK3, STM32MP235FAL3, STM32MP251AAI3, STM32MP251AAK3, STM32MP251AAL3, STM32MP251CAI3, STM32MP251CAK3, STM32MP251CAL3, STM32MP251DAI3, STM32MP251DAK3, STM32MP251DAL3, STM32MP251FAI3, STM32MP251FAK3, STM32MP251FAL3, STM32MP253AAI3, STM32MP253AAK3, STM32MP253AAL3, STM32MP253CAI3, STM32MP253CAK3, STM32MP253CAL3, STM32MP253DAI3, STM32MP253DAK3, STM32MP253DAL3, STM32MP253FAI3, STM32MP253FAK3, STM32MP253FAL3, STM32MP255AAI3, STM32MP255AAK3, STM32MP255AAL3, STM32MP255CAI3, STM32MP255CAK3, STM32MP255CAL3, STM32MP255DAI3, STM32MP255DAK3, STM32MP255DAL3, STM32MP255FAI3, STM32MP255FAK3, STM32MP255FAL3, STM32MP257AAI3, STM32MP257AAK3, STM32MP257AAL3, STM32MP257CAI3, STM32MP257CAK3, STM32MP257CAL3, STM32MP257DAI3, STM32MP257DAK3, STM32MP257DAL3, STM32MP257F-DK, STM32MP257F-EV1, STM32MP257FAI3, STM32MP257FAK3, STM32MP257FAL3, STM32N645A0H3Q, STM32N645B0H3Q, STM32N645I0H3Q, STM32N645L0H3Q, STM32N645X0H3Q, STM32N645Z0H3Q, STM32N647A0H3Q, STM32N647B0H3Q, STM32N647I0H3Q, STM32N647L0H3Q, STM32N647X0H3Q, STM32N647Z0H3Q, STM32N655A0H3Q, STM32N655B0H3Q, STM32N655I0H3Q, STM32N655L0H3Q, STM32N655X0H3Q, STM32N655Z0H3Q, STM32N6570-DK, STM32N657A0H3Q, STM32N657B0H3Q, STM32N657I0H3Q, STM32N657L0H3Q, STM32N657X0H3Q, STM32N657Z0H3Q, STM32U031C6T6, STM32U031C6U6, STM32U031C8T6, STM32U031C8U6, STM32U031F4P6, STM32U031F6P6, STM32U031F8P6, STM32U031G6Y6TR, STM32U031G8Y6TR, STM32U031K4U6, STM32U031K6U6, STM32U031K8U6, STM32U031R6I6, STM32U031R6T6, STM32U031R8I6, STM32U031R8T6, STM32U073C8T6, STM32U073C8U6, STM32U073CBT6, STM32U073CBU6, STM32U073CCT6, STM32U073CCU6, STM32U073H8Y6TR, STM32U073HBY6TR, STM32U073HCY6TR, STM32U073K8U6, STM32U073KBU6, STM32U073KCU6, STM32U073M8I6, STM32U073M8T6, STM32U073MBI6, STM32U073MBT6, STM32U073MCI6, STM32U073MCT6, STM32U073R8I6, STM32U073R8T6, STM32U073RBI6, STM32U073RBT6, STM32U073RCI6, STM32U073RCT6, STM32U083C-DK, STM32U083CCT6, STM32U083CCU6, STM32U083HCY6TR, STM32U083KCU6, STM32U083MCI6, STM32U083MCT6, STM32U083RCI6, STM32U083RCT6, STM32U375CET6, STM32U375CET6Q, STM32U375CEU6, STM32U375CEU6Q, STM32U375CEY6QTR, STM32U375CGT6, STM32U375CGT6Q, STM32U375CGU6, STM32U375CGU6Q, STM32U375CGY6QTR, STM32U375KEU6, STM32U375KGU6, STM32U375REI6, STM32U375REI6Q, STM32U375RET6, STM32U375RET6Q, STM32U375REY6GTR, STM32U375REY6QTR, STM32U375RGI6, STM32U375RGI6Q, STM32U375RGT6, STM32U375RGT6Q, STM32U375RGY6GTR, STM32U375RGY6QTR, STM32U375VEI6, STM32U375VEI6Q, STM32U375VET6, STM32U375VET6Q, STM32U375VGI6, STM32U375VGI6Q, STM32U375VGT6, STM32U375VGT6Q, STM32U385CGT6, STM32U385CGT6Q, STM32U385CGU6, STM32U385CGU6Q, STM32U385CGY6QTR, STM32U385KGU6, STM32U385RGI6, STM32U385RGI6Q, STM32U385RGT6, STM32U385RGT6Q, STM32U385RGY6GTR, STM32U385RGY6QTR, STM32U385VGI6, STM32U385VGI6Q, STM32U385VGT6, STM32U385VGT6Q, STM32U535CBT6, STM32U535CBT6Q, STM32U535CBU6, STM32U535CBU6Q, STM32U535CCT6, STM32U535CCT6Q, STM32U535CCU6, STM32U535CCU6Q, STM32U535CET6, STM32U535CET6Q, STM32U535CEU6, STM32U535CEU6Q, STM32U535JEY6QTR, STM32U535NCY6QTR, STM32U535NEY6QTR, STM32U535RBI6, STM32U535RBI6Q, STM32U535RBT6, STM32U535RBT6Q, STM32U535RCI6, STM32U535RCI6Q, STM32U535RCT6, STM32U535RCT6Q, STM32U535REI6, STM32U535REI6Q, STM32U535RET6, STM32U535RET6Q, STM32U535VCI6, STM32U535VCI6Q, STM32U535VCT6, STM32U535VCT6Q, STM32U535VEI6, STM32U535VEI6Q, STM32U535VET6, STM32U535VET6Q, STM32U545CET6, STM32U545CET6Q, STM32U545CEU6, STM32U545CEU6Q, STM32U545JEY6QTR, STM32U545NEY6QTR, STM32U545REI6, STM32U545REI6Q, STM32U545RET6, STM32U545RET6Q, STM32U545VEI6, STM32U545VEI6Q, STM32U545VET6, STM32U545VET6Q, STM32U595AIH6, STM32U595AIH6Q, STM32U595AJH6, STM32U595AJH6Q, STM32U595QII6, STM32U595QII6Q, STM32U595QJI6, STM32U595QJI6Q, STM32U595RIT6, STM32U595RIT6Q, STM32U595RJT6, STM32U595RJT6Q, STM32U595VIT6, STM32U595VIT6Q, STM32U595VJT6, STM32U595VJT6Q, STM32U595ZIT6, STM32U595ZIT6Q, STM32U595ZIY6QTR, STM32U595ZJT6, STM32U595ZJT6Q, STM32U595ZJY6QTR, STM32U599BJY6QTR, STM32U599NIH6Q, STM32U599NJH6Q, STM32U599VIT6Q, STM32U599VJT6, STM32U599VJT6Q, STM32U599ZIT6Q, STM32U599ZIY6QTR, STM32U599ZJT6Q, STM32U599ZJY6QTR, STM32U5A5AJH6, STM32U5A5AJH6Q, STM32U5A5QII3Q , STM32U5A5QJI6, STM32U5A5QJI6Q, STM32U5A5RJT6, STM32U5A5RJT6Q, STM32U5A5VJT6, STM32U5A5VJT6Q, STM32U5A5ZJT6, STM32U5A5ZJT6Q, STM32U5A5ZJY6QTR, STM32U5A9BJY6QTR, STM32U5A9J-DK, STM32U5A9NJH6Q, STM32U5A9VJT6Q, STM32U5A9ZJT6Q, STM32U5A9ZJY6QTR, STM32U5F7VIT6, STM32U5F7VIT6Q, STM32U5F7VJT6, STM32U5F7VJT6Q, STM32U5F9BJY6QTR, STM32U5F9NJH6Q, STM32U5F9VIT6Q, STM32U5F9VJT6Q, STM32U5F9ZIJ6QTR, STM32U5F9ZIT6Q, STM32U5F9ZJJ6QTR, STM32U5F9ZJT6Q, STM32U5G7VJT6, STM32U5G7VJT6Q, STM32U5G9BJY6QTR, STM32U5G9J-DK1, STM32U5G9J-DK2, STM32U5G9NJH6Q, STM32U5G9VJT6Q, STM32U5G9ZJJ6QTR, STM32U5G9ZJT6Q, STM32WB05KZV6TR, STM32WB05KZV7TR, STM32WB05TZF6TR, STM32WB05TZF7TR, STM32WB06CCF6TR, STM32WB06CCF7TR, STM32WB06CCV6TR, STM32WB06CCV7TR, STM32WB06KCV6TR, STM32WB06KCV7TR, STM32WB07CCF6TR, STM32WB07CCF7TR, STM32WB07CCV6TR, STM32WB07CCV7TR, STM32WB07KCV6TR, STM32WB07KCV7TR, STM32WB09KEV6TR, STM32WB09KEV7TR, STM32WB09TEF6TR, STM32WB09TEF7TR, STM32WB1MMCH6, STM32WBA50KGU6, STM32WBA50KGU6TR, STM32WBA52CEU6, STM32WBA52CEU6TR, STM32WBA52CEU7, STM32WBA52CEU7TR, STM32WBA52CGU6, STM32WBA52CGU6TR, STM32WBA52CGU6U, STM32WBA52CGU7, STM32WBA52CGU7TR, STM32WBA52KEU6, STM32WBA52KEU6TR, STM32WBA52KGU6, STM32WBA52KGU6TR, STM32WBA54CEU6, STM32WBA54CEU6TR, STM32WBA54CEU7, STM32WBA54CEU7TR, STM32WBA54CGU6, STM32WBA54CGU6TR, STM32WBA54CGU7, STM32WBA54CGU7TR, STM32WBA54KEU6, STM32WBA54KEU6TR, STM32WBA54KEU7, STM32WBA54KEU7TR, STM32WBA54KGU6, STM32WBA54KGU6TR, STM32WBA54KGU7, STM32WBA54KGU7TR, STM32WBA55CEU6, STM32WBA55CEU6TR, STM32WBA55CEU7, STM32WBA55CEU7TR, STM32WBA55CGU6, STM32WBA55CGU6TR, STM32WBA55CGU6U, STM32WBA55CGU7, STM32WBA55CGU7TR, STM32WBA55G-DK1, STM32WBA55HEF6, STM32WBA55HEF7, STM32WBA55HGF6, STM32WBA55HGF7, STM32WBA55UEI6, STM32WBA55UEI6TR, STM32WBA55UEI7, STM32WBA55UEI7TR, STM32WBA55UGI6, STM32WBA55UGI6TR, STM32WBA55UGI7, STM32WBA55UGI7TR, STM32WBA5MMGH6TR, STM32WBA62MGF6, STM32WBA62MIF6, STM32WBA65MGF7, STM32WBA65MIF6, STM32WBA65MIF7, STM32WL30K8V6, STM32WL30KBV6, STM32WL31C8V6, STM32WL31CBV6, STM32WL31K8V6, STM32WL31KBV6, STM32WL33C8V6, STM32WL33C8V6X, STM32WL33CBV6, STM32WL33CBV6X, STM32WL33CCV6, STM32WL33CCV6A, STM32WL33CCV6X, STM32WL33K8V7, STM32WL33K8V7X, STM32WL33KBV7 , STM32WL33KBV7X, STM32WL33KCV7, STM32WL33KCV7X, STM32WL5MOCH6, STM32WL5MOCH6TR]
2026-04-22 17:01:34,557 [INFO] ApiDb:668 - CubeFinder database Data Model version=2.1
2026-04-22 17:01:34,558 [INFO] ApiDb:669 - CubeFinder database Configuration version=3.0.42
2026-04-22 17:01:34,558 [INFO] ApiDb:670 - CubeFinder database generation date=2026-03-11 (1773229989)
2026-04-22 17:01:34,558 [INFO] ApiDb:671 - CubeFinder database FW Pack versions=[FP-ATR-ASTRA1_V2.0.0, FP-SNS-FLIGHT1_V5.1.0, FP-SNS-MOTENV1_V5.1.0, FP-SNS-MOTENVWB1_V1.5.0, FP-SNS-SMARTAG2_V1.2.0, FP-SNS-STBOX1_V2.1.0, STM32Cube_FW_C0_V1.4.0, STM32Cube_FW_F4_V1.28.3, STM32Cube_FW_F7_V1.17.4, STM32Cube_FW_G0_V1.6.3, STM32Cube_FW_G4_V1.6.2, STM32Cube_FW_H5_V1.6.0, STM32Cube_FW_H7RS_V1.3.0, STM32Cube_FW_H7_V1.13.0, STM32Cube_FW_L0_V1.12.2, STM32Cube_FW_L4_V1.18.2, STM32Cube_FW_L5_V1.6.0, STM32Cube_FW_N6_V1.3.0, STM32Cube_FW_U0_V1.3.0, STM32Cube_FW_U3_V1.3.0, STM32Cube_FW_U5_V1.8.0, STM32Cube_FW_WB0_V1.4.0, STM32Cube_FW_WBA_V1.9.0, STM32Cube_FW_WB_V1.24.0, STM32Cube_FW_WL3_V1.4.0, STM32Cube_FW_WL_V1.5.0, X-CUBE-ALGOBUILD_V1.4.0, X-CUBE-ALS_V1.0.2, X-CUBE-AZRTOS-F4_V1.1.0, X-CUBE-AZRTOS-F7_V1.1.0, X-CUBE-AZRTOS-G0_V1.1.0, X-CUBE-AZRTOS-G4_V2.0.0, X-CUBE-AZRTOS-H7RS_V1.1.0, X-CUBE-AZRTOS-H7_V3.4.0, X-CUBE-AZRTOS-L4_V2.0.0, X-CUBE-AZRTOS-L5_V2.0.0, X-CUBE-AZRTOS-WB_V2.0.0, X-CUBE-AZRTOS-WL_V2.0.0, X-CUBE-BLE1_V7.1.0, X-CUBE-BLE2_V3.3.0, X-CUBE-BLEMGR_V4.1.0, X-CUBE-EEPRMA1_V5.2.0, X-CUBE-FREERTOS_V1.5.0, X-CUBE-GNSS1_V6.0.0, X-CUBE-MEMS1_V12.0.0, X-CUBE-NFC4_V3.0.0, X-CUBE-NFC7_V2.0.0, X-CUBE-SFXS2LP1_V4.0.0, X-CUBE-ST67W61_V1.2.0, X-CUBE-SUBG2_V5.0.0, X-CUBE-TOF1_V3.4.3]
2026-04-22 17:01:36,048 [INFO] ApiDb:240 - Found 880 in-development CPN: [B-G473E-ZEST1S, B-WB1M-WPAN1, B-WBA5M-WPAN, B-WL5M-SUBG1, NUCLEO-C031C6, NUCLEO-C051C8, NUCLEO-C071RB, NUCLEO-C092RC, NUCLEO-H503RB, NUCLEO-H533RE, NUCLEO-H563ZI, NUCLEO-H7S3L8, NUCLEO-N657X0-Q, NUCLEO-U031R8, NUCLEO-U083RC, NUCLEO-U385RG-Q, NUCLEO-U545RE-Q, NUCLEO-U5A5ZJ-Q, NUCLEO-WB05KZ, NUCLEO-WB07CC, NUCLEO-WB09KE, NUCLEO-WBA52CG, NUCLEO-WBA55CG, NUCLEO-WL33CC1, NUCLEO-WL33CC2, STEVAL-PROTEUS1, STEVAL-SMARTAG2, STEVAL-STWINBX1, STM320518-EVAL, STM32C0116-DK, STM32C011D6Y3TR, STM32C011D6Y6TR, STM32C011F4P3, STM32C011F4P6, STM32C011F4U3, STM32C011F4U6TR, STM32C011F6P3, STM32C011F6P6, STM32C011F6U3, STM32C011F6U6TR, STM32C011J4M3, STM32C011J4M6, STM32C011J6M3, STM32C011J6M6, STM32C0316-DK, STM32C031C4T3, STM32C031C4T6, STM32C031C4U3, STM32C031C4U6, STM32C031C6T3, STM32C031C6T6, STM32C031C6U3, STM32C031C6U6, STM32C031F4P3, STM32C031F4P6, STM32C031F6P3, STM32C031F6P6, STM32C031G4U3, STM32C031G4U6, STM32C031G6U3, STM32C031G6U6, STM32C031K4T3, STM32C031K4T6, STM32C031K4U3, STM32C031K4U6, STM32C031K6T3, STM32C031K6T6, STM32C031K6U3, STM32C031K6U6, STM32C051C6T6, STM32C051C6U6, STM32C051C8T6, STM32C051C8U6, STM32C051D8Y6TR, STM32C051F6P6, STM32C051F8P6, STM32C051G6U6, STM32C051G8U6, STM32C051K6T6, STM32C051K6U6, STM32C051K8T6, STM32C071C8T6, STM32C071C8T6N, STM32C071C8U6, STM32C071C8U6N, STM32C071CBT6, STM32C071CBT6N, STM32C071CBU6, STM32C071CBU6N, STM32C071F8P6, STM32C071F8P6N, STM32C071FBP6, STM32C071FBP6N, STM32C071FBY6TR, STM32C071G8U6, STM32C071G8U6N, STM32C071GBU6, STM32C071GBU6N, STM32C071K8T6, STM32C071K8T6N, STM32C071K8U6, STM32C071K8U6N, STM32C071KBT6, STM32C071KBT6N, STM32C071KBU6, STM32C071KBU6N, STM32C071R8T6, STM32C071R8T6N, STM32C071RBI6N, STM32C071RBT6, STM32C071RBT6N, STM32C091CBT6, STM32C091CBU6, STM32C091CCT6, STM32C091CCU6, STM32C091ECY6TR, STM32C091FBP6, STM32C091FCP6, STM32C091GBU6, STM32C091GCU6, STM32C091KBT6, STM32C091KBU6, STM32C091KCT6, STM32C091KCU6, STM32C091RBT6, STM32C091RCI6, STM32C091RCT6, STM32C092CBT6, STM32C092CBU6, STM32C092CCT6, STM32C092CCU6, STM32C092ECY6TR, STM32C092FBP6, STM32C092FCP6, STM32C092GBU6, STM32C092GCU6, STM32C092KBT6, STM32C092KBU6, STM32C092KCT6, STM32C092KCU6, STM32C092RBT6, STM32C092RCI6, STM32C092RCT6, STM32G071K8TXN, STM32G071K8UXN, STM32G081GBU6N, STM32G081KBT6N, STM32G081KBUXN, STM32G0B1CCT6N, STM32G0B1KCT6, STM32G0B1NEY6TR, STM32G0B1RCT6N, STM32G0C1CCT6, STM32G0C1CCT6N, STM32G0C1CCU6N, STM32G0C1CET6N, STM32G0C1CEU6N, STM32G0C1KCT6, STM32G0C1NEY6TR, STM32G0C1RCI6N, STM32G0C1RCT6N, STM32G0C1REI6N, STM32G0C1RET6N, STM32G0C1VCI6, STM32G0C1VEI6, STM32G411C6T3, STM32G411C6T6, STM32G411C6U3, STM32G411C6U6, STM32G411C8T3, STM32G411C8T6, STM32G411C8U3, STM32G411C8U6, STM32G411CBT3, STM32G411CBT6, STM32G411CBU3, STM32G411CBU6, STM32G411K6T3, STM32G411K6T6, STM32G411K6U3, STM32G411K6U6, STM32G411K8T3, STM32G411K8T6, STM32G411K8U3, STM32G411K8U6, STM32G411KBT3, STM32G411KBT6, STM32G411KBU3, STM32G411KBU6, STM32G411M6T3, STM32G411M6T6, STM32G411M8T3, STM32G411M8T6, STM32G411MBT3, STM32G411MBT6, STM32G411R6T3, STM32G411R6T6, STM32G411R8T3, STM32G411R8T6, STM32G411RBT3, STM32G411RBT6, STM32G414CBT3, STM32G414CBT6, STM32G414CBU3, STM32G414CBU6, STM32G414CCT3, STM32G414CCT6, STM32G414CCU3, STM32G414CCU6, STM32G414MBT3, STM32G414MBT6, STM32G414MCT3, STM32G414MCT6, STM32G414RBT3, STM32G414RBT6, STM32G414RCT3, STM32G414RCT6, STM32G414VBT3, STM32G414VBT6, STM32G414VCT3, STM32G414VCT6, STM32G431CBT3Z, STM32G431RBT3Z, STM32G471CCT6, STM32G471CCU6, STM32G471CET3, STM32G471CET6, STM32G471CEU3, STM32G471CEU6, STM32G471MCT6, STM32G471MET3, STM32G471MET6, STM32G471MEY6TR, STM32G471QCT6, STM32G471QET3, STM32G471RCT6, STM32G471RET3, STM32G471RET6, STM32G471VCH6, STM32G471VCI6, STM32G471VCT6, STM32G471VEH3, STM32G471VEH6, STM32G471VEI3, STM32G471VEI6, STM32G471VET3, STM32G471VET6, STM32G473QET3Z, STM32G473RET3Z, STM32G474CCT6, STM32G491RET3Z, STM32H503CBT6, STM32H503CBU6, STM32H503EBY6TR, STM32H503KBU6, STM32H503RBT6, STM32H523CCT6, STM32H523CCU6, STM32H523CET6, STM32H523CEU6, STM32H523HEY6TR, STM32H523RCT6, STM32H523RET6, STM32H523VCI6, STM32H523VCT6, STM32H523VEI6, STM32H523VET6, STM32H523ZCJ6, STM32H523ZCT6, STM32H523ZEJ6, STM32H523ZET6, STM32H533CET6, STM32H533CEU6, STM32H533HEY6TR, STM32H533RET6, STM32H533VEI6, STM32H533VET6, STM32H533ZEJ6, STM32H533ZET6, STM32H562AGI6, STM32H562AII6, STM32H562IGK6, STM32H562IGT6, STM32H562IIK6, STM32H562IIT6, STM32H562RGT6, STM32H562RGV6, STM32H562RIT6, STM32H562RIV6, STM32H562VGT6, STM32H562VIT6, STM32H562ZGT6, STM32H562ZIT6, STM32H563AGI6, STM32H563AII3Q, STM32H563AII6, STM32H563IGK6, STM32H563IGT6, STM32H563IIK3Q, STM32H563IIK6, STM32H563IIT3Q, STM32H563IIT6, STM32H563MIY3QTR, STM32H563RGT6, STM32H563RGV6, STM32H563RIT6, STM32H563RIV6, STM32H563VGT6, STM32H563VIT3Q, STM32H563VIT6, STM32H563ZGT6, STM32H563ZIT3Q, STM32H563ZIT6, STM32H573AII3Q, STM32H573AII6, STM32H573I-DK, STM32H573IIK3Q, STM32H573IIK6, STM32H573IIT3Q, STM32H573IIT6, STM32H573MIY3QTR, STM32H573RIT6, STM32H573RIV6, STM32H573VIT3Q, STM32H573VIT6, STM32H573ZIT3Q, STM32H573ZIT6, STM32H7R3A8I6, STM32H7R3I8K6, STM32H7R3I8T6, STM32H7R3L8H6, STM32H7R3L8H6H, STM32H7R3R8V6, STM32H7R3V8H6, STM32H7R3V8T6, STM32H7R3V8Y6TR, STM32H7R3Z8J6, STM32H7R3Z8T6, STM32H7R7A8I6, STM32H7R7I8K6, STM32H7R7I8T6, STM32H7R7L8H6, STM32H7R7L8H6H, STM32H7R7Z8J6, STM32H7S3A8I6, STM32H7S3I8K6, STM32H7S3I8T6, STM32H7S3L8H6, STM32H7S3L8H6H, STM32H7S3R8V6, STM32H7S3V8H6, STM32H7S3V8T6, STM32H7S3V8Y6TR, STM32H7S3Z8J6, STM32H7S3Z8T6, STM32H7S78-DK, STM32H7S7A8I6, STM32H7S7I8K6, STM32H7S7I8T6, STM32H7S7L8H6, STM32H7S7L8H6H, STM32H7S7Z8J6, STM32L4R5QGI6STR, STM32MP131AAE3, STM32MP131AAF3, STM32MP131AAG3, STM32MP131CAE3, STM32MP131CAF3, STM32MP131CAG3, STM32MP131DAE7, STM32MP131DAF7, STM32MP131DAG7, STM32MP131FAE7, STM32MP131FAF7, STM32MP131FAG7, STM32MP133AAE3, STM32MP133AAF3, STM32MP133AAG3, STM32MP133CAE3, STM32MP133CAF3, STM32MP133CAG3, STM32MP133DAE7, STM32MP133DAF7, STM32MP133DAG7, STM32MP133FAE7, STM32MP133FAF7, STM32MP133FAG7, STM32MP135AAE3, STM32MP135AAF3, STM32MP135AAG3, STM32MP135CAE3, STM32MP135CAF3, STM32MP135CAG3, STM32MP135DAE7, STM32MP135DAF7, STM32MP135DAG7, STM32MP135F-DK, STM32MP135FAE7, STM32MP135FAF7, STM32MP135FAF7T, STM32MP135FAF7U, STM32MP135FAG7, STM32MP211AAL3, STM32MP211AAM3, STM32MP211AAN3, STM32MP211AAO3, STM32MP211CAL3, STM32MP211CAM3, STM32MP211CAN3, STM32MP211CAO3, STM32MP211DAL3, STM32MP211DAM3, STM32MP211DAN3, STM32MP211DAO3, STM32MP211FAL3, STM32MP211FAM3, STM32MP211FAN3, STM32MP211FAO3, STM32MP213AAL3, STM32MP213AAM3, STM32MP213AAN3, STM32MP213AAO3, STM32MP213CAL3, STM32MP213CAM3, STM32MP213CAN3, STM32MP213CAO3, STM32MP213DAL3, STM32MP213DAM3, STM32MP213DAN3, STM32MP213DAO3, STM32MP213FAL3, STM32MP213FAM3, STM32MP213FAN3, STM32MP213FAO3, STM32MP215AAL3, STM32MP215AAM3, STM32MP215AAN3, STM32MP215AAO3, STM32MP215CAL3, STM32MP215CAM3, STM32MP215CAN3, STM32MP215CAO3, STM32MP215DAL3, STM32MP215DAM3, STM32MP215DAN3, STM32MP215DAO3, STM32MP215F-DK, STM32MP215FAL3, STM32MP215FAM3, STM32MP215FAN3, STM32MP215FAO3, STM32MP231AAJ3, STM32MP231AAK3, STM32MP231AAL3, STM32MP231CAJ3, STM32MP231CAK3, STM32MP231CAL3, STM32MP231DAJ3, STM32MP231DAK3, STM32MP231DAL3, STM32MP231FAJ3, STM32MP231FAK3, STM32MP231FAL3, STM32MP233AAJ3, STM32MP233AAK3, STM32MP233AAL3, STM32MP233CAJ3, STM32MP233CAK3, STM32MP233CAL3, STM32MP233DAJ3, STM32MP233DAK3, STM32MP233DAL3, STM32MP233FAJ3, STM32MP233FAK3, STM32MP233FAL3, STM32MP235AAJ3, STM32MP235AAK3, STM32MP235AAL3, STM32MP235CAJ3, STM32MP235CAK3, STM32MP235CAL3, STM32MP235DAJ3, STM32MP235DAK3, STM32MP235DAL3, STM32MP235FAJ3, STM32MP235FAK3, STM32MP235FAL3, STM32MP251AAI3, STM32MP251AAK3, STM32MP251AAL3, STM32MP251CAI3, STM32MP251CAK3, STM32MP251CAL3, STM32MP251DAI3, STM32MP251DAK3, STM32MP251DAL3, STM32MP251FAI3, STM32MP251FAK3, STM32MP251FAL3, STM32MP253AAI3, STM32MP253AAK3, STM32MP253AAL3, STM32MP253CAI3, STM32MP253CAK3, STM32MP253CAL3, STM32MP253DAI3, STM32MP253DAK3, STM32MP253DAL3, STM32MP253FAI3, STM32MP253FAK3, STM32MP253FAL3, STM32MP255AAI3, STM32MP255AAK3, STM32MP255AAL3, STM32MP255CAI3, STM32MP255CAK3, STM32MP255CAL3, STM32MP255DAI3, STM32MP255DAK3, STM32MP255DAL3, STM32MP255FAI3, STM32MP255FAK3, STM32MP255FAL3, STM32MP257AAI3, STM32MP257AAK3, STM32MP257AAL3, STM32MP257CAI3, STM32MP257CAK3, STM32MP257CAL3, STM32MP257DAI3, STM32MP257DAK3, STM32MP257DAL3, STM32MP257F-DK, STM32MP257F-EV1, STM32MP257FAI3, STM32MP257FAK3, STM32MP257FAL3, STM32N645A0H3Q, STM32N645B0H3Q, STM32N645I0H3Q, STM32N645L0H3Q, STM32N645X0H3Q, STM32N645Z0H3Q, STM32N647A0H3Q, STM32N647B0H3Q, STM32N647I0H3Q, STM32N647L0H3Q, STM32N647X0H3Q, STM32N647Z0H3Q, STM32N655A0H3Q, STM32N655B0H3Q, STM32N655I0H3Q, STM32N655L0H3Q, STM32N655X0H3Q, STM32N655Z0H3Q, STM32N6570-DK, STM32N657A0H3Q, STM32N657B0H3Q, STM32N657I0H3Q, STM32N657L0H3Q, STM32N657X0H3Q, STM32N657Z0H3Q, STM32U031C6T6, STM32U031C6U6, STM32U031C8T6, STM32U031C8U6, STM32U031F4P6, STM32U031F6P6, STM32U031F8P6, STM32U031G6Y6TR, STM32U031G8Y6TR, STM32U031K4U6, STM32U031K6U6, STM32U031K8U6, STM32U031R6I6, STM32U031R6T6, STM32U031R8I6, STM32U031R8T6, STM32U073C8T6, STM32U073C8U6, STM32U073CBT6, STM32U073CBU6, STM32U073CCT6, STM32U073CCU6, STM32U073H8Y6TR, STM32U073HBY6TR, STM32U073HCY6TR, STM32U073K8U6, STM32U073KBU6, STM32U073KCU6, STM32U073M8I6, STM32U073M8T6, STM32U073MBI6, STM32U073MBT6, STM32U073MCI6, STM32U073MCT6, STM32U073R8I6, STM32U073R8T6, STM32U073RBI6, STM32U073RBT6, STM32U073RCI6, STM32U073RCT6, STM32U083C-DK, STM32U083CCT6, STM32U083CCU6, STM32U083HCY6TR, STM32U083KCU6, STM32U083MCI6, STM32U083MCT6, STM32U083RCI6, STM32U083RCT6, STM32U375CET6, STM32U375CET6Q, STM32U375CEU6, STM32U375CEU6Q, STM32U375CEY6QTR, STM32U375CGT6, STM32U375CGT6Q, STM32U375CGU6, STM32U375CGU6Q, STM32U375CGY6QTR, STM32U375KEU6, STM32U375KGU6, STM32U375REI6, STM32U375REI6Q, STM32U375RET6, STM32U375RET6Q, STM32U375REY6GTR, STM32U375REY6QTR, STM32U375RGI6, STM32U375RGI6Q, STM32U375RGT6, STM32U375RGT6Q, STM32U375RGY6GTR, STM32U375RGY6QTR, STM32U375VEI6, STM32U375VEI6Q, STM32U375VET6, STM32U375VET6Q, STM32U375VGI6, STM32U375VGI6Q, STM32U375VGT6, STM32U375VGT6Q, STM32U385CGT6, STM32U385CGT6Q, STM32U385CGU6, STM32U385CGU6Q, STM32U385CGY6QTR, STM32U385KGU6, STM32U385RGI6, STM32U385RGI6Q, STM32U385RGT6, STM32U385RGT6Q, STM32U385RGY6GTR, STM32U385RGY6QTR, STM32U385VGI6, STM32U385VGI6Q, STM32U385VGT6, STM32U385VGT6Q, STM32U535CBT6, STM32U535CBT6Q, STM32U535CBU6, STM32U535CBU6Q, STM32U535CCT6, STM32U535CCT6Q, STM32U535CCU6, STM32U535CCU6Q, STM32U535CET6, STM32U535CET6Q, STM32U535CEU6, STM32U535CEU6Q, STM32U535JEY6QTR, STM32U535NCY6QTR, STM32U535NEY6QTR, STM32U535RBI6, STM32U535RBI6Q, STM32U535RBT6, STM32U535RBT6Q, STM32U535RCI6, STM32U535RCI6Q, STM32U535RCT6, STM32U535RCT6Q, STM32U535REI6, STM32U535REI6Q, STM32U535RET6, STM32U535RET6Q, STM32U535VCI6, STM32U535VCI6Q, STM32U535VCT6, STM32U535VCT6Q, STM32U535VEI6, STM32U535VEI6Q, STM32U535VET6, STM32U535VET6Q, STM32U545CET6, STM32U545CET6Q, STM32U545CEU6, STM32U545CEU6Q, STM32U545JEY6QTR, STM32U545NEY6QTR, STM32U545REI6, STM32U545REI6Q, STM32U545RET6, STM32U545RET6Q, STM32U545VEI6, STM32U545VEI6Q, STM32U545VET6, STM32U545VET6Q, STM32U595AIH6, STM32U595AIH6Q, STM32U595AJH6, STM32U595AJH6Q, STM32U595QII6, STM32U595QII6Q, STM32U595QJI6, STM32U595QJI6Q, STM32U595RIT6, STM32U595RIT6Q, STM32U595RJT6, STM32U595RJT6Q, STM32U595VIT6, STM32U595VIT6Q, STM32U595VJT6, STM32U595VJT6Q, STM32U595ZIT6, STM32U595ZIT6Q, STM32U595ZIY6QTR, STM32U595ZJT6, STM32U595ZJT6Q, STM32U595ZJY6QTR, STM32U599BJY6QTR, STM32U599NIH6Q, STM32U599NJH6Q, STM32U599VIT6Q, STM32U599VJT6, STM32U599VJT6Q, STM32U599ZIT6Q, STM32U599ZIY6QTR, STM32U599ZJT6Q, STM32U599ZJY6QTR, STM32U5A5AJH6, STM32U5A5AJH6Q, STM32U5A5QII3Q , STM32U5A5QJI6, STM32U5A5QJI6Q, STM32U5A5RJT6, STM32U5A5RJT6Q, STM32U5A5VJT6, STM32U5A5VJT6Q, STM32U5A5ZJT6, STM32U5A5ZJT6Q, STM32U5A5ZJY6QTR, STM32U5A9BJY6QTR, STM32U5A9J-DK, STM32U5A9NJH6Q, STM32U5A9VJT6Q, STM32U5A9ZJT6Q, STM32U5A9ZJY6QTR, STM32U5F7VIT6, STM32U5F7VIT6Q, STM32U5F7VJT6, STM32U5F7VJT6Q, STM32U5F9BJY6QTR, STM32U5F9NJH6Q, STM32U5F9VIT6Q, STM32U5F9VJT6Q, STM32U5F9ZIJ6QTR, STM32U5F9ZIT6Q, STM32U5F9ZJJ6QTR, STM32U5F9ZJT6Q, STM32U5G7VJT6, STM32U5G7VJT6Q, STM32U5G9BJY6QTR, STM32U5G9J-DK1, STM32U5G9J-DK2, STM32U5G9NJH6Q, STM32U5G9VJT6Q, STM32U5G9ZJJ6QTR, STM32U5G9ZJT6Q, STM32WB05KZV6TR, STM32WB05KZV7TR, STM32WB05TZF6TR, STM32WB05TZF7TR, STM32WB06CCF6TR, STM32WB06CCF7TR, STM32WB06CCV6TR, STM32WB06CCV7TR, STM32WB06KCV6TR, STM32WB06KCV7TR, STM32WB07CCF6TR, STM32WB07CCF7TR, STM32WB07CCV6TR, STM32WB07CCV7TR, STM32WB07KCV6TR, STM32WB07KCV7TR, STM32WB09KEV6TR, STM32WB09KEV7TR, STM32WB09TEF6TR, STM32WB09TEF7TR, STM32WB1MMCH6, STM32WBA50KGU6, STM32WBA50KGU6TR, STM32WBA52CEU6, STM32WBA52CEU6TR, STM32WBA52CEU7, STM32WBA52CEU7TR, STM32WBA52CGU6, STM32WBA52CGU6TR, STM32WBA52CGU6U, STM32WBA52CGU7, STM32WBA52CGU7TR, STM32WBA52KEU6, STM32WBA52KEU6TR, STM32WBA52KGU6, STM32WBA52KGU6TR, STM32WBA54CEU6, STM32WBA54CEU6TR, STM32WBA54CEU7, STM32WBA54CEU7TR, STM32WBA54CGU6, STM32WBA54CGU6TR, STM32WBA54CGU7, STM32WBA54CGU7TR, STM32WBA54KEU6, STM32WBA54KEU6TR, STM32WBA54KEU7, STM32WBA54KEU7TR, STM32WBA54KGU6, STM32WBA54KGU6TR, STM32WBA54KGU7, STM32WBA54KGU7TR, STM32WBA55CEU6, STM32WBA55CEU6TR, STM32WBA55CEU7, STM32WBA55CEU7TR, STM32WBA55CGU6, STM32WBA55CGU6TR, STM32WBA55CGU6U, STM32WBA55CGU7, STM32WBA55CGU7TR, STM32WBA55G-DK1, STM32WBA55HEF6, STM32WBA55HEF7, STM32WBA55HGF6, STM32WBA55HGF7, STM32WBA55UEI6, STM32WBA55UEI6TR, STM32WBA55UEI7, STM32WBA55UEI7TR, STM32WBA55UGI6, STM32WBA55UGI6TR, STM32WBA55UGI7, STM32WBA55UGI7TR, STM32WBA5MMGH6TR, STM32WBA62MGF6, STM32WBA62MIF6, STM32WBA65MGF7, STM32WBA65MIF6, STM32WBA65MIF7, STM32WL30K8V6, STM32WL30KBV6, STM32WL31C8V6, STM32WL31CBV6, STM32WL31K8V6, STM32WL31KBV6, STM32WL33C8V6, STM32WL33C8V6X, STM32WL33CBV6, STM32WL33CBV6X, STM32WL33CCV6, STM32WL33CCV6A, STM32WL33CCV6X, STM32WL33K8V7, STM32WL33K8V7X, STM32WL33KBV7 , STM32WL33KBV7X, STM32WL33KCV7, STM32WL33KCV7X, STM32WL5MOCH6, STM32WL5MOCH6TR]
2026-04-22 17:01:36,055 [INFO] DbMcus:218 - Found 5055 MCUs, 4968 are supported
2026-04-22 17:01:36,057 [INFO] ApiDb:423 - Load user favorites file /Users/cristianpetramale/.stm32cubeide/favorites.mcus.txt: 0 item(s)
2026-04-22 17:01:36,058 [INFO] ApiDb:427 - User favorites MCUs=[]
2026-04-22 17:01:36,058 [INFO] DbMcus:224 - Set 0 / 0 favorites MCUs
2026-04-22 17:01:36,521 [INFO] BoardInfo:889 - No configuration file found for board NUCLEO-H5E5ZJ
2026-04-22 17:01:36,541 [INFO] DbBoards:161 - Board is not supported: NUCLEO-H5E5ZJ
2026-04-22 17:01:36,576 [INFO] BoardInfo:889 - No configuration file found for board NUCLEO-U3C5ZI-Q
2026-04-22 17:01:36,576 [INFO] DbBoards:161 - Board is not supported: NUCLEO-U3C5ZI-Q
2026-04-22 17:01:36,584 [INFO] BoardInfo:889 - No configuration file found for board NUCLEO-WBA25CE1
2026-04-22 17:01:36,584 [INFO] DbBoards:161 - Board is not supported: NUCLEO-WBA25CE1
2026-04-22 17:01:36,594 [INFO] BoardInfo:889 - No configuration file found for board NUCLEO-WL3RKB1
2026-04-22 17:01:36,594 [INFO] DbBoards:161 - Board is not supported: NUCLEO-WL3RKB1
2026-04-22 17:01:36,595 [INFO] BoardInfo:889 - No configuration file found for board NUCLEO-WL3RKB2
2026-04-22 17:01:36,595 [INFO] DbBoards:161 - Board is not supported: NUCLEO-WL3RKB2
2026-04-22 17:01:36,600 [INFO] BoardInfo:889 - No configuration file found for board P-NUCLEO-WB55
2026-04-22 17:01:36,601 [INFO] DbBoards:161 - Kit is not supported: P-NUCLEO-WB55
2026-04-22 17:01:36,604 [INFO] BoardInfo:889 - No configuration file found for board STEVAL-BFA001V1B
2026-04-22 17:01:36,605 [INFO] DbBoards:161 - Kit is not supported: STEVAL-BFA001V1B
2026-04-22 17:01:36,605 [INFO] BoardInfo:889 - No configuration file found for board STEVAL-BFA001V2B
2026-04-22 17:01:36,606 [INFO] DbBoards:161 - Kit is not supported: STEVAL-BFA001V2B
2026-04-22 17:01:36,664 [INFO] BoardInfo:889 - No configuration file found for board STM32H5F5J-DK
2026-04-22 17:01:36,664 [INFO] DbBoards:161 - Board is not supported: STM32H5F5J-DK
2026-04-22 17:01:36,710 [INFO] DbBoards:168 - Found 218 boards, 209 are supported
2026-04-22 17:01:36,710 [INFO] DbBoards:169 - Found 218 boards, 43 of them is supported for  Bsp
2026-04-22 17:01:36,720 [INFO] ApiDb:423 - Load user favorites file /Users/cristianpetramale/.stm32cubeide/favorites.boards.txt: 0 item(s)
2026-04-22 17:01:36,722 [INFO] ApiDb:427 - User favorites Boards=[]
2026-04-22 17:01:36,723 [INFO] DbBoards:198 - Set 0 / 0 favorites Boards
2026-04-22 17:01:36,916 [INFO] UtilMem:75 - End LoadConfig() Used Memory: 301208872 Bytes (325058560)
2026-04-22 17:01:37,102 [WARN] ThirdParty:833 - waiting for thirdparty lock release [change project]
2026-04-22 17:01:37,109 [INFO] ThirdParty:835 - entering critical section [change project]
2026-04-22 17:01:37,112 [INFO] ThirdParty:1030 - CMSIS Pack Vendor :STMicroelectronics X-CUBE-AZRTOS-H7 3.5.0
2026-04-22 17:01:37,112 [INFO] ThirdParty:1030 - CMSIS Pack Vendor :STMicroelectronics X-CUBE-PM33A1 1.0.0
2026-04-22 17:01:37,112 [INFO] ThirdParty:1030 - CMSIS Pack Vendor :STMicroelectronics USBPD 4.1
2026-04-22 17:01:37,112 [INFO] ThirdParty:1030 - CMSIS Pack Vendor :STMicroelectronics X-CUBE-NFC9 1.0.0
2026-04-22 17:01:37,112 [INFO] ThirdParty:1030 - CMSIS Pack Vendor :STMicroelectronics USB_HOST 2.0.0
2026-04-22 17:01:37,112 [INFO] ThirdParty:1030 - CMSIS Pack Vendor :STMicroelectronics X-CUBE-AZRTOS-F4 1.1.0
2026-04-22 17:01:37,112 [INFO] ThirdParty:1030 - CMSIS Pack Vendor :STMicroelectronics LIBJPEG 8.0.0
2026-04-22 17:01:37,112 [INFO] ThirdParty:1030 - CMSIS Pack Vendor :STMicroelectronics FP-ATR-ASTRA1 2.0.2
2026-04-22 17:01:37,112 [INFO] ThirdParty:1030 - CMSIS Pack Vendor :STMicroelectronics X-CUBE-BLE1 7.1.0
2026-04-22 17:01:37,112 [INFO] ThirdParty:1030 - CMSIS Pack Vendor :STMicroelectronics X-CUBE-SMBUS 2.1.0
2026-04-22 17:01:37,112 [INFO] ThirdParty:1030 - CMSIS Pack Vendor :wolfSSL I-CUBE-wolfMQTT 1.19.2
2026-04-22 17:01:37,112 [INFO] ThirdParty:1030 - CMSIS Pack Vendor :STMicroelectronics USB_DEVICE 3.0.0
2026-04-22 17:01:37,112 [INFO] ThirdParty:1030 - CMSIS Pack Vendor :STMicroelectronics X-CUBE-ISPU 2.1.0
2026-04-22 17:01:37,112 [INFO] ThirdParty:1030 - CMSIS Pack Vendor :STMicroelectronics eDS-WB_DPC_TT-BIDIR 2.1.1
2026-04-22 17:01:37,112 [INFO] ThirdParty:1030 - CMSIS Pack Vendor :STMicroelectronics X-CUBE-AZRTOS-WB 2.0.0
2026-04-22 17:01:37,112 [INFO] ThirdParty:1030 - CMSIS Pack Vendor :wolfSSL I-CUBE-wolfSSL 5.8.4
2026-04-22 17:01:37,112 [INFO] ThirdParty:1030 - CMSIS Pack Vendor :Cesanta I-CUBE-Mongoose 7.20.0
2026-04-22 17:01:37,112 [INFO] ThirdParty:1030 - CMSIS Pack Vendor :STMicroelectronics X-CUBE-AZRTOS-F7 1.1.0
2026-04-22 17:01:37,112 [INFO] ThirdParty:1030 - CMSIS Pack Vendor :STMicroelectronics X-CUBE-AZRTOS-L5 2.0.0
2026-04-22 17:01:37,112 [INFO] ThirdParty:1030 - CMSIS Pack Vendor :STMicroelectronics USB_DEVICE 2.0.0
2026-04-22 17:01:37,112 [INFO] ThirdParty:1030 - CMSIS Pack Vendor :quantropi X-CUBE-qispace-sdk-base 2.1.0
2026-04-22 17:01:37,112 [INFO] ThirdParty:1030 - CMSIS Pack Vendor :STMicroelectronics X-CUBE-STSE01 2.0.0
2026-04-22 17:01:37,113 [INFO] ThirdParty:1030 - CMSIS Pack Vendor :STMicroelectronics FreeRTOS 0.0.1
2026-04-22 17:01:37,113 [INFO] ThirdParty:1030 - CMSIS Pack Vendor :STMicroelectronics X-CUBE-AZRTOS-G0 1.1.0
2026-04-22 17:01:37,113 [INFO] ThirdParty:1030 - CMSIS Pack Vendor :STMicroelectronics X-CUBE-NFC4 3.0.0
2026-04-22 17:01:37,113 [INFO] ThirdParty:1030 - CMSIS Pack Vendor :STMicroelectronics X-CUBE-SUBG2 5.0.0
2026-04-22 17:01:37,113 [INFO] ThirdParty:1030 - CMSIS Pack Vendor :STMicroelectronics STM32_WPAN 1.0.0
2026-04-22 17:01:37,113 [INFO] ThirdParty:1030 - CMSIS Pack Vendor :STMicroelectronics eDS-WB_DPC_VIENNA 1.2.0
2026-04-22 17:01:37,113 [INFO] ThirdParty:1030 - CMSIS Pack Vendor :EmbeddedOffice I-CUBE-FS-RTOS 1.0.1
2026-04-22 17:01:37,113 [INFO] ThirdParty:1030 - CMSIS Pack Vendor :STMicroelectronics lwIP 2.0.3
2026-04-22 17:01:37,113 [INFO] ThirdParty:1030 - CMSIS Pack Vendor :WES I-CUBE-Cesium 1.4.0
2026-04-22 17:01:37,113 [INFO] ThirdParty:1030 - CMSIS Pack Vendor :STMicroelectronics eDS-WB_DPC_3PH2L-BIDIR 1.1.1
2026-04-22 17:01:37,113 [INFO] ThirdParty:1030 - CMSIS Pack Vendor :STMicroelectronics USB_HOST 1.0.0
2026-04-22 17:01:37,113 [INFO] ThirdParty:1030 - CMSIS Pack Vendor :STMicroelectronics X-CUBE-AZRTOS-G4 2.0.0
2026-04-22 17:01:37,113 [INFO] ThirdParty:1030 - CMSIS Pack Vendor :STMicroelectronics PDM2PCM 3.1.0
2026-04-22 17:01:37,113 [INFO] ThirdParty:1030 - CMSIS Pack Vendor :STMicroelectronics PDM2PCM 3.3.0
2026-04-22 17:01:37,113 [INFO] ThirdParty:1030 - CMSIS Pack Vendor :wolfSSL I-CUBE-wolfTPM 3.8.0
2026-04-22 17:01:37,113 [INFO] ThirdParty:1030 - CMSIS Pack Vendor :STMicroelectronics X-CUBE-DISPLAY 3.0.0
2026-04-22 17:01:37,113 [INFO] ThirdParty:1030 - CMSIS Pack Vendor :wolfSSL I-CUBE-wolfSSH 1.4.20
2026-04-22 17:01:37,113 [INFO] ThirdParty:1030 - CMSIS Pack Vendor :STMicroelectronics X-CUBE-NFC7 2.0.0
2026-04-22 17:01:37,113 [INFO] ThirdParty:1030 - CMSIS Pack Vendor :STMicroelectronics X-CUBE-TCPP 4.2.0
2026-04-22 17:01:37,113 [INFO] ThirdParty:1030 - CMSIS Pack Vendor :RealThread X-CUBE-RT-Thread_Nano 4.1.1
2026-04-22 17:01:37,113 [INFO] ThirdParty:1030 - CMSIS Pack Vendor :STMicroelectronics FP-ATR-SIGFOX1 3.2.0
2026-04-22 17:01:37,113 [INFO] ThirdParty:1030 - CMSIS Pack Vendor :STMicroelectronics X-CUBE-NFC10 1.0.0
2026-04-22 17:01:37,113 [INFO] ThirdParty:1030 - CMSIS Pack Vendor :STMicroelectronics HAL Drivers 0.0.0
2026-04-22 17:01:37,113 [INFO] ThirdParty:1030 - CMSIS Pack Vendor :STMicroelectronics MBEDTLS 2.16.2
2026-04-22 17:01:37,113 [INFO] ThirdParty:1030 - CMSIS Pack Vendor :STMicroelectronics X-CUBE-ST60 1.1.0
2026-04-22 17:01:37,113 [INFO] ThirdParty:1030 - CMSIS Pack Vendor :STMicroelectronics X-CUBE-ALS 1.0.2
2026-04-22 17:01:37,113 [INFO] ThirdParty:1030 - CMSIS Pack Vendor :emotas I-CUBE-CANOPEN 1.3.0
2026-04-22 17:01:37,113 [INFO] ThirdParty:1030 - CMSIS Pack Vendor :STMicroelectronics MBEDTLS 2.14.1
2026-04-22 17:01:37,113 [INFO] ThirdParty:1030 - CMSIS Pack Vendor :ITTIA_DB I-CUBE-ITTIADB 8.9.0
2026-04-22 17:01:37,113 [INFO] ThirdParty:1030 - CMSIS Pack Vendor :STMicroelectronics X-CUBE-TOUCHGFX 4.26.1
2026-04-22 17:01:37,113 [INFO] ThirdParty:1030 - CMSIS Pack Vendor :STMicroelectronics ThreadX 1.0.0
2026-04-22 17:01:37,113 [INFO] ThirdParty:1030 - CMSIS Pack Vendor :STMicroelectronics FP-SNS-SMARTAG2 1.2.0
2026-04-22 17:01:37,113 [INFO] ThirdParty:1030 - CMSIS Pack Vendor :STMicroelectronics FP-SNS-FLIGHT1 5.1.0
2026-04-22 17:01:37,113 [INFO] ThirdParty:1030 - CMSIS Pack Vendor :STMicroelectronics X-CUBE-AZRTOS-WL 2.0.0
2026-04-22 17:01:37,113 [INFO] ThirdParty:1030 - CMSIS Pack Vendor :SEGGER I-CUBE-embOS 1.3.1
2026-04-22 17:01:37,113 [INFO] ThirdParty:1030 - CMSIS Pack Vendor :STMicroelectronics X-CUBE-ALGOBUILD 1.4.0
2026-04-22 17:01:37,113 [INFO] ThirdParty:1030 - CMSIS Pack Vendor :STMicroelectronics X-CUBE-DPower 1.3.0
2026-04-22 17:01:37,113 [INFO] ThirdParty:1030 - CMSIS Pack Vendor :STMicroelectronics USB_DEVICE 1.0.0
2026-04-22 17:01:37,113 [INFO] ThirdParty:1030 - CMSIS Pack Vendor :STMicroelectronics X-CUBE-AZRTOS-H7RS 1.2.0
2026-04-22 17:01:37,113 [INFO] ThirdParty:1030 - CMSIS Pack Vendor :STMicroelectronics X-CUBE-AZRTOS-L4 2.0.0
2026-04-22 17:01:37,113 [INFO] ThirdParty:1030 - CMSIS Pack Vendor :STMicroelectronics ThreadX 0.0.2
2026-04-22 17:01:37,114 [INFO] ThirdParty:1030 - CMSIS Pack Vendor :STMicroelectronics lwIP 2.1.2
2026-04-22 17:01:37,114 [INFO] ThirdParty:1030 - CMSIS Pack Vendor :STMicroelectronics X-CUBE-SFXS2LP1 4.0.0
2026-04-22 17:01:37,114 [INFO] ThirdParty:1030 - CMSIS Pack Vendor :STMicroelectronics X-CUBE-BLE2 3.3.0
2026-04-22 17:01:37,114 [INFO] ThirdParty:1030 - CMSIS Pack Vendor :Avnet-IOTCONNECT X-CUBE-iotc-st67-sdk 1.0.0
2026-04-22 17:01:37,114 [INFO] ThirdParty:1030 - CMSIS Pack Vendor :STMicroelectronics X-CUBE-TOF1 3.4.3
2026-04-22 17:01:37,114 [INFO] ThirdParty:1030 - CMSIS Pack Vendor :Infineon AIROC-Wi-Fi-Bluetooth-STM32 1.8.0
2026-04-22 17:01:37,114 [INFO] ThirdParty:1030 - CMSIS Pack Vendor :STMicroelectronics PDM2PCM 3.2.0
2026-04-22 17:01:37,114 [INFO] ThirdParty:1030 - CMSIS Pack Vendor :STMicroelectronics X-CUBE-WB05N 2.1.0
2026-04-22 17:01:37,114 [INFO] ThirdParty:1030 - CMSIS Pack Vendor :STMicroelectronics X-CUBE-ST67W61 1.2.0
2026-04-22 17:01:37,120 [INFO] ThirdParty:841 - exiting critical section [change project]
2026-04-22 17:01:37,922 [INFO] PinOutPanel:1589 - setPackage(No Configuration,No Configuration)
2026-04-22 17:01:37,932 [INFO] PinOutPanel:1589 - setPackage(STM32L432KCUx,UFQFPN32)
2026-04-22 17:01:39,167 [INFO] UtilMem:75 - Before build in PCC Used Memory: 267157872 Bytes (325058560)
2026-04-22 17:01:40,819 [INFO] UtilMem:75 - After build in PCC Used Memory: 295909968 Bytes (325058560)
2026-04-22 17:01:41,217 [INFO] IPUIPlugin:80 - create IPUIPlugin
2026-04-22 17:01:41,236 [INFO] IPUIPlugin:80 - create IPUIPlugin
2026-04-22 17:01:41,239 [INFO] IPUIPlugin:80 - create IPUIPlugin
2026-04-22 17:01:41,239 [INFO] IPUIPlugin:80 - create IPUIPlugin
2026-04-22 17:01:41,239 [INFO] IPUIPlugin:80 - create IPUIPlugin
2026-04-22 17:01:41,240 [INFO] IPUIPlugin:80 - create IPUIPlugin
2026-04-22 17:01:41,240 [INFO] IPUIPlugin:80 - create IPUIPlugin
2026-04-22 17:01:41,240 [INFO] IPUIPlugin:80 - create IPUIPlugin
2026-04-22 17:01:41,240 [INFO] IPUIPlugin:80 - create IPUIPlugin
2026-04-22 17:01:41,240 [INFO] IPUIPlugin:80 - create IPUIPlugin
2026-04-22 17:01:41,241 [INFO] IPUIPlugin:80 - create IPUIPlugin
2026-04-22 17:01:41,241 [INFO] IPUIPlugin:80 - create IPUIPlugin
2026-04-22 17:01:41,241 [INFO] IPUIPlugin:80 - create IPUIPlugin
2026-04-22 17:01:41,241 [INFO] IPUIPlugin:80 - create IPUIPlugin
2026-04-22 17:01:41,241 [INFO] IPUIPlugin:80 - create IPUIPlugin
2026-04-22 17:01:41,243 [INFO] IPUIPlugin:80 - create IPUIPlugin
2026-04-22 17:01:41,243 [INFO] IPUIPlugin:80 - create IPUIPlugin
2026-04-22 17:01:41,243 [INFO] IPUIPlugin:80 - create IPUIPlugin
2026-04-22 17:01:41,243 [INFO] IPUIPlugin:80 - create IPUIPlugin
2026-04-22 17:01:41,243 [INFO] IPUIPlugin:80 - create IPUIPlugin
2026-04-22 17:01:41,243 [INFO] IPUIPlugin:80 - create IPUIPlugin
2026-04-22 17:01:41,243 [INFO] IPUIPlugin:80 - create IPUIPlugin
2026-04-22 17:01:41,244 [INFO] IPUIPlugin:80 - create IPUIPlugin
2026-04-22 17:01:41,244 [INFO] IPUIPlugin:80 - create IPUIPlugin
2026-04-22 17:01:41,244 [INFO] IPUIPlugin:80 - create IPUIPlugin
2026-04-22 17:01:41,244 [INFO] IPUIPlugin:80 - create IPUIPlugin
2026-04-22 17:01:41,244 [INFO] IPUIPlugin:80 - create IPUIPlugin
2026-04-22 17:01:41,244 [INFO] IPUIPlugin:80 - create IPUIPlugin
2026-04-22 17:01:41,244 [INFO] IPUIPlugin:80 - create IPUIPlugin
2026-04-22 17:01:41,244 [INFO] IPUIPlugin:80 - create IPUIPlugin
2026-04-22 17:01:41,244 [INFO] IPUIPlugin:80 - create IPUIPlugin
2026-04-22 17:01:41,244 [INFO] IPUIPlugin:80 - create IPUIPlugin
2026-04-22 17:01:41,244 [INFO] IPUIPlugin:80 - create IPUIPlugin
2026-04-22 17:01:41,245 [INFO] IPUIPlugin:80 - create IPUIPlugin
2026-04-22 17:01:41,245 [INFO] IPUIPlugin:80 - create IPUIPlugin
2026-04-22 17:01:41,245 [INFO] IPUIPlugin:80 - create IPUIPlugin
2026-04-22 17:01:41,245 [INFO] IPUIPlugin:80 - create IPUIPlugin
2026-04-22 17:01:41,246 [INFO] IPUIPlugin:80 - create IPUIPlugin
2026-04-22 17:01:41,246 [INFO] IPUIPlugin:80 - create IPUIPlugin
2026-04-22 17:01:41,246 [INFO] IPUIPlugin:80 - create IPUIPlugin
2026-04-22 17:01:41,247 [INFO] IPUIPlugin:80 - create IPUIPlugin
2026-04-22 17:01:41,754 [INFO] CADModel:165 - CPN selected for project levelSTM32L432KCU3
2026-04-22 17:01:41,755 [INFO] CADModel:114 - Register for checkConnection events
2026-04-22 17:01:41,802 [INFO] OpenFileManager:386 - Restore cursor
2026-04-22 17:08:48,180 [INFO] WebApp:194 - Connection lost
2026-04-22 17:15:36,104 [INFO] WebApp:191 - Connection restablished
2026-04-22 17:25:51,609 [INFO] UtilMem:75 - End SaveConfig() Used Memory: 875071632 Bytes (1073741824)
2026-04-22 17:25:53,351 [INFO] UtilMem:75 - End SaveConfig() Used Memory: 931805800 Bytes (1073741824)
2026-04-22 17:25:54,984 [INFO] UtilMem:75 - End SaveConfig() Used Memory: 596496208 Bytes (1073741824)
2026-04-22 17:25:56,443 [INFO] BlockDiagram:2775 - set Specific Code input for plugin: NVIC
2026-04-22 17:25:56,448 [INFO] BlockDiagram:2775 - set Specific Code input for plugin: USART
2026-04-22 17:25:56,450 [INFO] BlockDiagram:2775 - set Specific Code input for plugin: USART
2026-04-22 17:25:56,450 [INFO] BlockDiagram:2775 - set Specific Code input for plugin: SYS
2026-04-22 17:25:56,450 [INFO] BlockDiagram:2775 - set Specific Code input for plugin: GPIO
2026-04-22 17:25:56,450 [INFO] BlockDiagram:2775 - set Specific Code input for plugin: RCC
2026-04-22 17:25:56,451 [INFO] CodeGenerator:892 - code generatio: config db path: /Applications/STM32CubeIDE.app/Contents/Eclipse/plugins/com.st.stm32cube.common.mx_6.15.0.202507011659//db/
2026-04-22 17:25:56,592 [INFO] CodeEngine:265 - oldGeneratedFile, /Users/cristianpetramale/Biomed_projects/STMWorkSpace/ProgettoUART/MXTmpFiles/license.tmp_save
2026-04-22 17:25:57,050 [INFO] CodeEngine:289 - Generated code: /Users/cristianpetramale/Biomed_projects/STMWorkSpace/ProgettoUART/MXTmpFiles/license.tmp
2026-04-22 17:25:57,189 [INFO] CodeEngine:265 - oldGeneratedFile, /Users/cristianpetramale/Biomed_projects/STMWorkSpace/ProgettoUART/MXTmpFiles/gpio.tmp_save
2026-04-22 17:25:57,355 [INFO] CodeEngine:289 - Generated code: /Users/cristianpetramale/Biomed_projects/STMWorkSpace/ProgettoUART/MXTmpFiles/gpio.tmp
2026-04-22 17:25:57,525 [INFO] CodeEngine:265 - oldGeneratedFile, /Users/cristianpetramale/Biomed_projects/STMWorkSpace/ProgettoUART/Core/Src/stm32l4xx_it.c_save
2026-04-22 17:25:57,663 [INFO] CodeEngine:289 - Generated code: /Users/cristianpetramale/Biomed_projects/STMWorkSpace/ProgettoUART/Core/Src/stm32l4xx_it.c
2026-04-22 17:25:57,665 [INFO] CodeEngine:265 - oldGeneratedFile, /Users/cristianpetramale/Biomed_projects/STMWorkSpace/ProgettoUART/Core/Inc/stm32l4xx_it.h_save
2026-04-22 17:25:57,752 [INFO] CodeEngine:289 - Generated code: /Users/cristianpetramale/Biomed_projects/STMWorkSpace/ProgettoUART/Core/Inc/stm32l4xx_it.h
2026-04-22 17:25:57,757 [INFO] CodeEngine:265 - oldGeneratedFile, /Users/cristianpetramale/Biomed_projects/STMWorkSpace/ProgettoUART/Core/Src/stm32l4xx_hal_msp.c_save
2026-04-22 17:25:57,913 [INFO] CodeEngine:289 - Generated code: /Users/cristianpetramale/Biomed_projects/STMWorkSpace/ProgettoUART/Core/Src/stm32l4xx_hal_msp.c
2026-04-22 17:25:57,916 [INFO] CodeEngine:265 - oldGeneratedFile, /Users/cristianpetramale/Biomed_projects/STMWorkSpace/ProgettoUART/MXTmpFiles/system.tmp_save
2026-04-22 17:25:57,981 [INFO] CodeEngine:289 - Generated code: /Users/cristianpetramale/Biomed_projects/STMWorkSpace/ProgettoUART/MXTmpFiles/system.tmp
2026-04-22 17:25:57,985 [INFO] CodeEngine:321 - oldGeneratedFile, /Users/cristianpetramale/Biomed_projects/STMWorkSpace/ProgettoUART/Core/Inc/stm32l4xx_hal_conf.h_save
2026-04-22 17:25:58,043 [INFO] CodeEngine:345 - Generated code: /Users/cristianpetramale/Biomed_projects/STMWorkSpace/ProgettoUART/Core/Inc/stm32l4xx_hal_conf.h
2026-04-22 17:25:58,122 [INFO] ApiDbMcu:532 - Load IP Config File for USART1
2026-04-22 17:25:58,133 [INFO] ApiDbMcu:532 - Load IP Config File for USART2
2026-04-22 17:25:58,136 [INFO] ApiDbMcu:532 - Load IP Config File for RCC
2026-04-22 17:25:58,141 [INFO] CodeEngine:265 - oldGeneratedFile, /Users/cristianpetramale/Biomed_projects/STMWorkSpace/ProgettoUART/Core/Inc/main.h_save
2026-04-22 17:25:58,231 [INFO] CodeEngine:289 - Generated code: /Users/cristianpetramale/Biomed_projects/STMWorkSpace/ProgettoUART/Core/Inc/main.h
2026-04-22 17:25:58,233 [INFO] CodeEngine:265 - oldGeneratedFile, /Users/cristianpetramale/Biomed_projects/STMWorkSpace/ProgettoUART/Core/Src/main.c_save
2026-04-22 17:25:58,432 [INFO] CodeEngine:289 - Generated code: /Users/cristianpetramale/Biomed_projects/STMWorkSpace/ProgettoUART/Core/Src/main.c
2026-04-22 17:25:58,638 [INFO] ProjectBuilder:3606 - Time for Copy HAL[1] : 60mS.
2026-04-22 17:25:58,644 [INFO] ProjectBuilder:5216 - Project Generator version: 4.7.0-B52
2026-04-22 17:25:58,753 [INFO] ConfigFileManager:1595 - The Die is : DIE435
2026-04-22 17:25:58,761 [INFO] ApiDbMcu:532 - Load IP Config File for FATFS
2026-04-22 17:25:58,765 [INFO] ApiDbMcu:532 - Load IP Config File for FREERTOS
2026-04-22 17:25:58,772 [INFO] ApiDbMcu:532 - Load IP Config File for TOUCHSENSING
2026-04-22 17:25:58,785 [INFO] ApiDbMcu:532 - Load IP Config File for USB_DEVICE
2026-04-22 17:25:59,193 [INFO] LogOutputStream:77 - [STDOUT_REDIRECT] 
2026-04-22 17:26:00,795 [INFO] ProjectBuilder:5496 - Time for Generating toolchain IDE Files: 2150mS.
2026-04-22 17:26:00,797 [INFO] ProjectBuilder:3463 - Time for Copy CMSIS : 1mS.
2026-04-22 17:26:00,798 [INFO] ProjectBuilder:3463 - Time for Copy CMSIS : 0mS.
2026-04-22 17:36:18,009 [INFO] NvicIntPanel:101 - NVIC parent = com.st.microxplorer.plugins.ip.nvic.MultiNvicIntPanel[,0,0,0x0,invalid,layout=javax.swing.BoxLayout,alignmentX=0.0,alignmentY=0.0,border=,flags=9,maximumSize=,minimumSize=,preferredSize=]
2026-04-22 17:36:18,337 [ERROR] LogOutputStream:75 - [STDERR_REDIRECT] Exception in thread "AWT-EventQueue-0" java.awt.IllegalComponentStateException: component must be showing on the screen to determine its location
2026-04-22 17:36:18,339 [ERROR] LogOutputStream:75 - [STDERR_REDIRECT] 	at java.desktop/java.awt.Component.getLocationOnScreen_NoTreeLock(Component.java:2113)
2026-04-22 17:36:18,339 [ERROR] LogOutputStream:75 - [STDERR_REDIRECT] 	at java.desktop/java.awt.Component.getLocationOnScreen(Component.java:2087)
2026-04-22 17:36:18,340 [ERROR] LogOutputStream:75 - [STDERR_REDIRECT] 	at java.desktop/javax.swing.JPopupMenu.show(JPopupMenu.java:982)
2026-04-22 17:36:18,340 [ERROR] LogOutputStream:75 - [STDERR_REDIRECT] 	at java.desktop/javax.swing.plaf.basic.BasicComboPopup.show(BasicComboPopup.java:235)
2026-04-22 17:36:18,340 [ERROR] LogOutputStream:75 - [STDERR_REDIRECT] 	at java.desktop/javax.swing.plaf.basic.BasicComboPopup.togglePopup(BasicComboPopup.java:1265)
2026-04-22 17:36:18,340 [ERROR] LogOutputStream:75 - [STDERR_REDIRECT] 	at java.desktop/javax.swing.plaf.basic.BasicComboPopup$Handler.mousePressed(BasicComboPopup.java:936)
2026-04-22 17:36:18,341 [ERROR] LogOutputStream:75 - [STDERR_REDIRECT] 	at java.desktop/java.awt.Component.processMouseEvent(Component.java:6618)
2026-04-22 17:36:18,341 [ERROR] LogOutputStream:75 - [STDERR_REDIRECT] 	at java.desktop/javax.swing.JComponent.processMouseEvent(JComponent.java:3398)
2026-04-22 17:36:18,342 [ERROR] LogOutputStream:75 - [STDERR_REDIRECT] 	at java.desktop/java.awt.Component.processEvent(Component.java:6386)
2026-04-22 17:36:18,342 [ERROR] LogOutputStream:75 - [STDERR_REDIRECT] 	at java.desktop/java.awt.Container.processEvent(Container.java:2266)
2026-04-22 17:36:18,342 [ERROR] LogOutputStream:75 - [STDERR_REDIRECT] 	at java.desktop/java.awt.Component.dispatchEventImpl(Component.java:4996)
2026-04-22 17:36:18,343 [ERROR] LogOutputStream:75 - [STDERR_REDIRECT] 	at java.desktop/java.awt.Container.dispatchEventImpl(Container.java:2324)
2026-04-22 17:36:18,343 [ERROR] LogOutputStream:75 - [STDERR_REDIRECT] 	at java.desktop/java.awt.Component.dispatchEvent(Component.java:4828)
2026-04-22 17:36:18,343 [ERROR] LogOutputStream:75 - [STDERR_REDIRECT] 	at java.desktop/javax.swing.plaf.basic.BasicTableUI$Handler.repostEvent(BasicTableUI.java:978)
2026-04-22 17:36:18,343 [ERROR] LogOutputStream:75 - [STDERR_REDIRECT] 	at java.desktop/javax.swing.plaf.basic.BasicTableUI$Handler.adjustSelection(BasicTableUI.java:1140)
2026-04-22 17:36:18,344 [ERROR] LogOutputStream:75 - [STDERR_REDIRECT] 	at java.desktop/javax.swing.plaf.basic.BasicTableUI$Handler.mousePressed(BasicTableUI.java:1068)
2026-04-22 17:36:18,344 [ERROR] LogOutputStream:75 - [STDERR_REDIRECT] 	at java.desktop/java.awt.AWTEventMulticaster.mousePressed(AWTEventMulticaster.java:288)
2026-04-22 17:36:18,344 [ERROR] LogOutputStream:75 - [STDERR_REDIRECT] 	at java.desktop/java.awt.AWTEventMulticaster.mousePressed(AWTEventMulticaster.java:287)
2026-04-22 17:36:18,344 [ERROR] LogOutputStream:75 - [STDERR_REDIRECT] 	at java.desktop/java.awt.AWTEventMulticaster.mousePressed(AWTEventMulticaster.java:287)
2026-04-22 17:36:18,344 [ERROR] LogOutputStream:75 - [STDERR_REDIRECT] 	at java.desktop/java.awt.AWTEventMulticaster.mousePressed(AWTEventMulticaster.java:287)
2026-04-22 17:36:18,345 [ERROR] LogOutputStream:75 - [STDERR_REDIRECT] 	at java.desktop/java.awt.Component.processMouseEvent(Component.java:6618)
2026-04-22 17:36:18,345 [ERROR] LogOutputStream:75 - [STDERR_REDIRECT] 	at java.desktop/javax.swing.JComponent.processMouseEvent(JComponent.java:3398)
2026-04-22 17:36:18,345 [ERROR] LogOutputStream:75 - [STDERR_REDIRECT] 	at java.desktop/java.awt.Component.processEvent(Component.java:6386)
2026-04-22 17:36:18,346 [ERROR] LogOutputStream:75 - [STDERR_REDIRECT] 	at java.desktop/java.awt.Container.processEvent(Container.java:2266)
2026-04-22 17:36:18,347 [ERROR] LogOutputStream:75 - [STDERR_REDIRECT] 	at java.desktop/java.awt.Component.dispatchEventImpl(Component.java:4996)
2026-04-22 17:36:18,348 [ERROR] LogOutputStream:75 - [STDERR_REDIRECT] 	at java.desktop/java.awt.Container.dispatchEventImpl(Container.java:2324)
2026-04-22 17:36:18,348 [ERROR] LogOutputStream:75 - [STDERR_REDIRECT] 	at java.desktop/java.awt.Component.dispatchEvent(Component.java:4828)
2026-04-22 17:36:18,348 [ERROR] LogOutputStream:75 - [STDERR_REDIRECT] 	at java.desktop/java.awt.LightweightDispatcher.retargetMouseEvent(Container.java:4948)
2026-04-22 17:36:18,348 [ERROR] LogOutputStream:75 - [STDERR_REDIRECT] 	at java.desktop/java.awt.LightweightDispatcher.processMouseEvent(Container.java:4572)
2026-04-22 17:36:18,348 [ERROR] LogOutputStream:75 - [STDERR_REDIRECT] 	at java.desktop/java.awt.LightweightDispatcher.dispatchEvent(Container.java:4516)
2026-04-22 17:36:18,348 [ERROR] LogOutputStream:75 - [STDERR_REDIRECT] 	at java.desktop/java.awt.Container.dispatchEventImpl(Container.java:2310)
2026-04-22 17:36:18,348 [ERROR] LogOutputStream:75 - [STDERR_REDIRECT] 	at java.desktop/java.awt.Component.dispatchEvent(Component.java:4828)
2026-04-22 17:36:18,348 [ERROR] LogOutputStream:75 - [STDERR_REDIRECT] 	at java.desktop/java.awt.EventQueue.dispatchEventImpl(EventQueue.java:775)
2026-04-22 17:36:18,349 [ERROR] LogOutputStream:75 - [STDERR_REDIRECT] 	at java.desktop/java.awt.EventQueue$4.run(EventQueue.java:720)
2026-04-22 17:36:18,349 [ERROR] LogOutputStream:75 - [STDERR_REDIRECT] 	at java.desktop/java.awt.EventQueue$4.run(EventQueue.java:714)
2026-04-22 17:36:18,349 [ERROR] LogOutputStream:75 - [STDERR_REDIRECT] 	at java.base/java.security.AccessController.doPrivileged(AccessController.java:400)
2026-04-22 17:36:18,349 [ERROR] LogOutputStream:75 - [STDERR_REDIRECT] 	at java.base/java.security.ProtectionDomain$JavaSecurityAccessImpl.doIntersectionPrivilege(ProtectionDomain.java:87)
2026-04-22 17:36:18,349 [ERROR] LogOutputStream:75 - [STDERR_REDIRECT] 	at java.base/java.security.ProtectionDomain$JavaSecurityAccessImpl.doIntersectionPrivilege(ProtectionDomain.java:98)
2026-04-22 17:36:18,349 [ERROR] LogOutputStream:75 - [STDERR_REDIRECT] 	at java.desktop/java.awt.EventQueue$5.run(EventQueue.java:747)
2026-04-22 17:36:18,349 [ERROR] LogOutputStream:75 - [STDERR_REDIRECT] 	at java.desktop/java.awt.EventQueue$5.run(EventQueue.java:745)
2026-04-22 17:36:18,349 [ERROR] LogOutputStream:75 - [STDERR_REDIRECT] 	at java.base/java.security.AccessController.doPrivileged(AccessController.java:400)
2026-04-22 17:36:18,349 [ERROR] LogOutputStream:75 - [STDERR_REDIRECT] 	at java.base/java.security.ProtectionDomain$JavaSecurityAccessImpl.doIntersectionPrivilege(ProtectionDomain.java:87)
2026-04-22 17:36:18,350 [ERROR] LogOutputStream:75 - [STDERR_REDIRECT] 	at java.desktop/java.awt.EventQueue.dispatchEvent(EventQueue.java:744)
2026-04-22 17:36:18,350 [ERROR] LogOutputStream:75 - [STDERR_REDIRECT] 	at java.desktop/java.awt.EventDispatchThread.pumpOneEventForFilters(EventDispatchThread.java:203)
2026-04-22 17:36:18,350 [ERROR] LogOutputStream:75 - [STDERR_REDIRECT] 	at java.desktop/java.awt.EventDispatchThread.pumpEventsForFilter(EventDispatchThread.java:124)
2026-04-22 17:36:18,350 [ERROR] LogOutputStream:75 - [STDERR_REDIRECT] 	at java.desktop/java.awt.EventDispatchThread.pumpEventsForHierarchy(EventDispatchThread.java:113)
2026-04-22 17:36:18,350 [ERROR] LogOutputStream:75 - [STDERR_REDIRECT] 	at java.desktop/java.awt.EventDispatchThread.pumpEvents(EventDispatchThread.java:109)
2026-04-22 17:36:18,350 [ERROR] LogOutputStream:75 - [STDERR_REDIRECT] 	at java.desktop/java.awt.EventDispatchThread.pumpEvents(EventDispatchThread.java:101)
2026-04-22 17:36:18,350 [ERROR] LogOutputStream:75 - [STDERR_REDIRECT] 	at java.desktop/java.awt.EventDispatchThread.run(EventDispatchThread.java:90)
2026-04-22 17:36:29,106 [INFO] UtilMem:75 - End SaveConfig() Used Memory: 948384336 Bytes (1073741824)
2026-04-22 17:36:33,033 [INFO] UtilMem:75 - End SaveConfig() Used Memory: 673439008 Bytes (1073741824)
2026-04-22 17:36:33,713 [INFO] BlockDiagram:2775 - set Specific Code input for plugin: NVIC
2026-04-22 17:36:33,715 [INFO] BlockDiagram:2775 - set Specific Code input for plugin: USART
2026-04-22 17:36:33,715 [INFO] BlockDiagram:2775 - set Specific Code input for plugin: USART
2026-04-22 17:36:33,715 [INFO] BlockDiagram:2775 - set Specific Code input for plugin: SYS
2026-04-22 17:36:33,716 [INFO] BlockDiagram:2775 - set Specific Code input for plugin: GPIO
2026-04-22 17:36:33,717 [INFO] BlockDiagram:2775 - set Specific Code input for plugin: RCC
2026-04-22 17:36:33,717 [INFO] CodeGenerator:892 - code generatio: config db path: /Applications/STM32CubeIDE.app/Contents/Eclipse/plugins/com.st.stm32cube.common.mx_6.15.0.202507011659//db/
2026-04-22 17:36:33,839 [INFO] CodeEngine:265 - oldGeneratedFile, /Users/cristianpetramale/Biomed_projects/STMWorkSpace/ProgettoUART/MXTmpFiles/license.tmp_save
2026-04-22 17:36:34,177 [INFO] CodeEngine:289 - Generated code: /Users/cristianpetramale/Biomed_projects/STMWorkSpace/ProgettoUART/MXTmpFiles/license.tmp
2026-04-22 17:36:34,274 [INFO] CodeEngine:265 - oldGeneratedFile, /Users/cristianpetramale/Biomed_projects/STMWorkSpace/ProgettoUART/MXTmpFiles/gpio.tmp_save
2026-04-22 17:36:34,412 [INFO] CodeEngine:289 - Generated code: /Users/cristianpetramale/Biomed_projects/STMWorkSpace/ProgettoUART/MXTmpFiles/gpio.tmp
2026-04-22 17:36:35,059 [INFO] CodeEngine:265 - oldGeneratedFile, /Users/cristianpetramale/Biomed_projects/STMWorkSpace/ProgettoUART/Core/Src/stm32l4xx_it.c_save
2026-04-22 17:36:35,272 [INFO] CodeEngine:289 - Generated code: /Users/cristianpetramale/Biomed_projects/STMWorkSpace/ProgettoUART/Core/Src/stm32l4xx_it.c
2026-04-22 17:36:35,274 [INFO] CodeEngine:265 - oldGeneratedFile, /Users/cristianpetramale/Biomed_projects/STMWorkSpace/ProgettoUART/Core/Inc/stm32l4xx_it.h_save
2026-04-22 17:36:35,421 [INFO] CodeEngine:289 - Generated code: /Users/cristianpetramale/Biomed_projects/STMWorkSpace/ProgettoUART/Core/Inc/stm32l4xx_it.h
2026-04-22 17:36:35,426 [INFO] CodeEngine:265 - oldGeneratedFile, /Users/cristianpetramale/Biomed_projects/STMWorkSpace/ProgettoUART/Core/Src/stm32l4xx_hal_msp.c_save
2026-04-22 17:36:35,583 [INFO] CodeEngine:289 - Generated code: /Users/cristianpetramale/Biomed_projects/STMWorkSpace/ProgettoUART/Core/Src/stm32l4xx_hal_msp.c
2026-04-22 17:36:35,585 [INFO] CodeEngine:265 - oldGeneratedFile, /Users/cristianpetramale/Biomed_projects/STMWorkSpace/ProgettoUART/MXTmpFiles/system.tmp_save
2026-04-22 17:36:35,652 [INFO] CodeEngine:289 - Generated code: /Users/cristianpetramale/Biomed_projects/STMWorkSpace/ProgettoUART/MXTmpFiles/system.tmp
2026-04-22 17:36:35,657 [INFO] CodeEngine:321 - oldGeneratedFile, /Users/cristianpetramale/Biomed_projects/STMWorkSpace/ProgettoUART/Core/Inc/stm32l4xx_hal_conf.h_save
2026-04-22 17:36:35,708 [INFO] CodeEngine:345 - Generated code: /Users/cristianpetramale/Biomed_projects/STMWorkSpace/ProgettoUART/Core/Inc/stm32l4xx_hal_conf.h
2026-04-22 17:36:35,770 [INFO] CodeEngine:265 - oldGeneratedFile, /Users/cristianpetramale/Biomed_projects/STMWorkSpace/ProgettoUART/Core/Inc/main.h_save
2026-04-22 17:36:35,847 [INFO] CodeEngine:289 - Generated code: /Users/cristianpetramale/Biomed_projects/STMWorkSpace/ProgettoUART/Core/Inc/main.h
2026-04-22 17:36:35,849 [INFO] CodeEngine:265 - oldGeneratedFile, /Users/cristianpetramale/Biomed_projects/STMWorkSpace/ProgettoUART/Core/Src/main.c_save
2026-04-22 17:36:35,944 [INFO] CodeEngine:289 - Generated code: /Users/cristianpetramale/Biomed_projects/STMWorkSpace/ProgettoUART/Core/Src/main.c
2026-04-22 17:36:36,136 [INFO] ProjectBuilder:3606 - Time for Copy HAL[1] : 45mS.
2026-04-22 17:36:36,139 [INFO] ProjectBuilder:5216 - Project Generator version: 4.7.0-B52
2026-04-22 17:36:36,214 [INFO] ConfigFileManager:1595 - The Die is : DIE435
2026-04-22 17:36:39,006 [INFO] ProjectBuilder:5496 - Time for Generating toolchain IDE Files: 2860mS.
2026-04-22 17:36:39,018 [INFO] ProjectBuilder:3463 - Time for Copy CMSIS : 1mS.
2026-04-22 17:36:39,023 [INFO] ProjectBuilder:3463 - Time for Copy CMSIS : 0mS.
2026-04-22 17:38:38,009 [INFO] NvicIntPanel:101 - NVIC parent = com.st.microxplorer.plugins.ip.nvic.MultiNvicIntPanel[,0,0,456x329,layout=javax.swing.BoxLayout,alignmentX=0.0,alignmentY=0.0,border=,flags=9,maximumSize=,minimumSize=,preferredSize=]
2026-04-22 17:38:39,217 [INFO] NvicIntPanel:101 - NVIC parent = com.st.microxplorer.plugins.ip.nvic.MultiNvicIntPanel[,0,0,0x0,invalid,layout=javax.swing.BoxLayout,alignmentX=0.0,alignmentY=0.0,border=,flags=9,maximumSize=,minimumSize=,preferredSize=]
2026-04-22 17:38:44,276 [INFO] NvicIntPanel:101 - NVIC parent = com.st.microxplorer.plugins.ip.nvic.MultiNvicIntPanel[,0,0,0x0,invalid,layout=javax.swing.BoxLayout,alignmentX=0.0,alignmentY=0.0,border=,flags=9,maximumSize=,minimumSize=,preferredSize=]
2026-04-22 17:38:45,534 [INFO] NvicIntPanel:101 - NVIC parent = com.st.microxplorer.plugins.ip.nvic.MultiNvicIntPanel[,0,0,0x0,invalid,layout=javax.swing.BoxLayout,alignmentX=0.0,alignmentY=0.0,border=,flags=9,maximumSize=,minimumSize=,preferredSize=]
2026-04-22 17:38:49,460 [INFO] UtilMem:75 - End SaveConfig() Used Memory: 944388520 Bytes (1073741824)
2026-04-22 17:38:52,230 [INFO] UtilMem:75 - End SaveConfig() Used Memory: 715438152 Bytes (1073741824)
2026-04-22 17:38:53,454 [INFO] BlockDiagram:2775 - set Specific Code input for plugin: NVIC
2026-04-22 17:38:53,471 [INFO] BlockDiagram:2775 - set Specific Code input for plugin: USART
2026-04-22 17:38:53,477 [INFO] BlockDiagram:2775 - set Specific Code input for plugin: USART
2026-04-22 17:38:53,478 [INFO] BlockDiagram:2775 - set Specific Code input for plugin: SYS
2026-04-22 17:38:53,481 [INFO] BlockDiagram:2775 - set Specific Code input for plugin: GPIO
2026-04-22 17:38:53,481 [INFO] BlockDiagram:2775 - set Specific Code input for plugin: RCC
2026-04-22 17:38:53,486 [INFO] CodeGenerator:892 - code generatio: config db path: /Applications/STM32CubeIDE.app/Contents/Eclipse/plugins/com.st.stm32cube.common.mx_6.15.0.202507011659//db/
2026-04-22 17:38:53,688 [INFO] CodeEngine:265 - oldGeneratedFile, /Users/cristianpetramale/Biomed_projects/STMWorkSpace/ProgettoUART/MXTmpFiles/license.tmp_save
2026-04-22 17:38:53,804 [INFO] CodeEngine:289 - Generated code: /Users/cristianpetramale/Biomed_projects/STMWorkSpace/ProgettoUART/MXTmpFiles/license.tmp
2026-04-22 17:38:53,855 [INFO] CodeEngine:265 - oldGeneratedFile, /Users/cristianpetramale/Biomed_projects/STMWorkSpace/ProgettoUART/MXTmpFiles/gpio.tmp_save
2026-04-22 17:38:53,934 [INFO] CodeEngine:289 - Generated code: /Users/cristianpetramale/Biomed_projects/STMWorkSpace/ProgettoUART/MXTmpFiles/gpio.tmp
2026-04-22 17:38:54,043 [INFO] CodeEngine:265 - oldGeneratedFile, /Users/cristianpetramale/Biomed_projects/STMWorkSpace/ProgettoUART/Core/Src/stm32l4xx_it.c_save
2026-04-22 17:38:54,162 [INFO] CodeEngine:289 - Generated code: /Users/cristianpetramale/Biomed_projects/STMWorkSpace/ProgettoUART/Core/Src/stm32l4xx_it.c
2026-04-22 17:38:54,164 [INFO] CodeEngine:265 - oldGeneratedFile, /Users/cristianpetramale/Biomed_projects/STMWorkSpace/ProgettoUART/Core/Inc/stm32l4xx_it.h_save
2026-04-22 17:38:54,215 [INFO] CodeEngine:289 - Generated code: /Users/cristianpetramale/Biomed_projects/STMWorkSpace/ProgettoUART/Core/Inc/stm32l4xx_it.h
2026-04-22 17:38:54,222 [INFO] CodeEngine:265 - oldGeneratedFile, /Users/cristianpetramale/Biomed_projects/STMWorkSpace/ProgettoUART/Core/Src/stm32l4xx_hal_msp.c_save
2026-04-22 17:38:54,313 [INFO] CodeEngine:289 - Generated code: /Users/cristianpetramale/Biomed_projects/STMWorkSpace/ProgettoUART/Core/Src/stm32l4xx_hal_msp.c
2026-04-22 17:38:54,315 [INFO] CodeEngine:265 - oldGeneratedFile, /Users/cristianpetramale/Biomed_projects/STMWorkSpace/ProgettoUART/MXTmpFiles/system.tmp_save
2026-04-22 17:38:54,358 [INFO] CodeEngine:289 - Generated code: /Users/cristianpetramale/Biomed_projects/STMWorkSpace/ProgettoUART/MXTmpFiles/system.tmp
2026-04-22 17:38:54,366 [INFO] CodeEngine:321 - oldGeneratedFile, /Users/cristianpetramale/Biomed_projects/STMWorkSpace/ProgettoUART/Core/Inc/stm32l4xx_hal_conf.h_save
2026-04-22 17:38:54,416 [INFO] CodeEngine:345 - Generated code: /Users/cristianpetramale/Biomed_projects/STMWorkSpace/ProgettoUART/Core/Inc/stm32l4xx_hal_conf.h
2026-04-22 17:38:54,441 [INFO] CodeEngine:265 - oldGeneratedFile, /Users/cristianpetramale/Biomed_projects/STMWorkSpace/ProgettoUART/Core/Inc/main.h_save
2026-04-22 17:38:54,506 [INFO] CodeEngine:289 - Generated code: /Users/cristianpetramale/Biomed_projects/STMWorkSpace/ProgettoUART/Core/Inc/main.h
2026-04-22 17:38:54,508 [INFO] CodeEngine:265 - oldGeneratedFile, /Users/cristianpetramale/Biomed_projects/STMWorkSpace/ProgettoUART/Core/Src/main.c_save
2026-04-22 17:38:54,580 [INFO] CodeEngine:289 - Generated code: /Users/cristianpetramale/Biomed_projects/STMWorkSpace/ProgettoUART/Core/Src/main.c
2026-04-22 17:38:54,724 [INFO] ProjectBuilder:3606 - Time for Copy HAL[1] : 32mS.
2026-04-22 17:38:54,728 [INFO] ProjectBuilder:5216 - Project Generator version: 4.7.0-B52
2026-04-22 17:38:54,783 [INFO] ConfigFileManager:1595 - The Die is : DIE435
2026-04-22 17:38:55,850 [INFO] ProjectBuilder:5496 - Time for Generating toolchain IDE Files: 1121mS.
2026-04-22 17:38:55,852 [INFO] ProjectBuilder:3463 - Time for Copy CMSIS : 1mS.
2026-04-22 17:38:55,852 [INFO] ProjectBuilder:3463 - Time for Copy CMSIS : 0mS.
2026-04-22 17:45:29,728 [INFO] NvicIntPanel:101 - NVIC parent = com.st.microxplorer.plugins.ip.nvic.MultiNvicIntPanel[,0,0,0x0,invalid,layout=javax.swing.BoxLayout,alignmentX=0.0,alignmentY=0.0,border=,flags=9,maximumSize=,minimumSize=,preferredSize=]
2026-04-22 17:45:30,054 [INFO] NvicIntPanel:101 - NVIC parent = com.st.microxplorer.plugins.ip.nvic.MultiNvicIntPanel[,0,0,0x0,invalid,layout=javax.swing.BoxLayout,alignmentX=0.0,alignmentY=0.0,border=,flags=9,maximumSize=,minimumSize=,preferredSize=]
2026-04-22 17:45:45,747 [INFO] NvicIntPanel:101 - NVIC parent = com.st.microxplorer.plugins.ip.nvic.MultiNvicIntPanel[,0,0,0x0,invalid,layout=javax.swing.BoxLayout,alignmentX=0.0,alignmentY=0.0,border=,flags=9,maximumSize=,minimumSize=,preferredSize=]
2026-04-22 17:46:15,275 [INFO] NvicIntPanel:101 - NVIC parent = com.st.microxplorer.plugins.ip.nvic.MultiNvicIntPanel[,0,0,0x0,invalid,layout=javax.swing.BoxLayout,alignmentX=0.0,alignmentY=0.0,border=,flags=9,maximumSize=,minimumSize=,preferredSize=]
2026-04-22 17:46:18,226 [INFO] NvicIntPanel:101 - NVIC parent = com.st.microxplorer.plugins.ip.nvic.MultiNvicIntPanel[,0,0,0x0,invalid,layout=javax.swing.BoxLayout,alignmentX=0.0,alignmentY=0.0,border=,flags=9,maximumSize=,minimumSize=,preferredSize=]
2026-04-22 17:46:45,937 [INFO] NvicIntPanel:101 - NVIC parent = com.st.microxplorer.plugins.ip.nvic.MultiNvicIntPanel[,0,0,0x0,invalid,layout=javax.swing.BoxLayout,alignmentX=0.0,alignmentY=0.0,border=,flags=9,maximumSize=,minimumSize=,preferredSize=]
2026-04-22 17:46:46,077 [INFO] NvicIntPanel:101 - NVIC parent = com.st.microxplorer.plugins.ip.nvic.MultiNvicIntPanel[,0,0,0x0,invalid,layout=javax.swing.BoxLayout,alignmentX=0.0,alignmentY=0.0,border=,flags=9,maximumSize=,minimumSize=,preferredSize=]
2026-04-22 17:46:48,178 [INFO] NvicIntPanel:101 - NVIC parent = com.st.microxplorer.plugins.ip.nvic.MultiNvicIntPanel[,0,0,0x0,invalid,layout=javax.swing.BoxLayout,alignmentX=0.0,alignmentY=0.0,border=,flags=9,maximumSize=,minimumSize=,preferredSize=]
2026-04-22 17:46:56,076 [INFO] UtilMem:75 - End SaveConfig() Used Memory: 666758248 Bytes (1073741824)
2026-04-22 17:47:01,171 [INFO] UtilMem:75 - End SaveConfig() Used Memory: 750227544 Bytes (1073741824)
2026-04-22 17:47:01,547 [INFO] BlockDiagram:2775 - set Specific Code input for plugin: NVIC
2026-04-22 17:47:01,549 [INFO] BlockDiagram:2775 - set Specific Code input for plugin: USART
2026-04-22 17:47:01,550 [INFO] BlockDiagram:2775 - set Specific Code input for plugin: USART
2026-04-22 17:47:01,550 [INFO] BlockDiagram:2775 - set Specific Code input for plugin: SYS
2026-04-22 17:47:01,550 [INFO] BlockDiagram:2775 - set Specific Code input for plugin: GPIO
2026-04-22 17:47:01,556 [INFO] BlockDiagram:2775 - set Specific Code input for plugin: RCC
2026-04-22 17:47:01,562 [INFO] CodeGenerator:892 - code generatio: config db path: /Applications/STM32CubeIDE.app/Contents/Eclipse/plugins/com.st.stm32cube.common.mx_6.15.0.202507011659//db/
2026-04-22 17:47:01,674 [INFO] CodeEngine:265 - oldGeneratedFile, /Users/cristianpetramale/Biomed_projects/STMWorkSpace/ProgettoUART/MXTmpFiles/license.tmp_save
2026-04-22 17:47:01,996 [INFO] CodeEngine:289 - Generated code: /Users/cristianpetramale/Biomed_projects/STMWorkSpace/ProgettoUART/MXTmpFiles/license.tmp
2026-04-22 17:47:02,086 [INFO] CodeEngine:265 - oldGeneratedFile, /Users/cristianpetramale/Biomed_projects/STMWorkSpace/ProgettoUART/MXTmpFiles/gpio.tmp_save
2026-04-22 17:47:02,242 [INFO] CodeEngine:289 - Generated code: /Users/cristianpetramale/Biomed_projects/STMWorkSpace/ProgettoUART/MXTmpFiles/gpio.tmp
2026-04-22 17:47:02,682 [INFO] CodeEngine:265 - oldGeneratedFile, /Users/cristianpetramale/Biomed_projects/STMWorkSpace/ProgettoUART/Core/Src/stm32l4xx_it.c_save
2026-04-22 17:47:02,907 [INFO] CodeEngine:289 - Generated code: /Users/cristianpetramale/Biomed_projects/STMWorkSpace/ProgettoUART/Core/Src/stm32l4xx_it.c
2026-04-22 17:47:02,911 [INFO] CodeEngine:265 - oldGeneratedFile, /Users/cristianpetramale/Biomed_projects/STMWorkSpace/ProgettoUART/Core/Inc/stm32l4xx_it.h_save
2026-04-22 17:47:02,992 [INFO] CodeEngine:289 - Generated code: /Users/cristianpetramale/Biomed_projects/STMWorkSpace/ProgettoUART/Core/Inc/stm32l4xx_it.h
2026-04-22 17:47:03,003 [INFO] CodeEngine:265 - oldGeneratedFile, /Users/cristianpetramale/Biomed_projects/STMWorkSpace/ProgettoUART/Core/Src/stm32l4xx_hal_msp.c_save
2026-04-22 17:47:03,168 [INFO] CodeEngine:289 - Generated code: /Users/cristianpetramale/Biomed_projects/STMWorkSpace/ProgettoUART/Core/Src/stm32l4xx_hal_msp.c
2026-04-22 17:47:03,172 [INFO] CodeEngine:265 - oldGeneratedFile, /Users/cristianpetramale/Biomed_projects/STMWorkSpace/ProgettoUART/MXTmpFiles/system.tmp_save
2026-04-22 17:47:03,244 [INFO] CodeEngine:289 - Generated code: /Users/cristianpetramale/Biomed_projects/STMWorkSpace/ProgettoUART/MXTmpFiles/system.tmp
2026-04-22 17:47:03,251 [INFO] CodeEngine:321 - oldGeneratedFile, /Users/cristianpetramale/Biomed_projects/STMWorkSpace/ProgettoUART/Core/Inc/stm32l4xx_hal_conf.h_save
2026-04-22 17:47:03,327 [INFO] CodeEngine:345 - Generated code: /Users/cristianpetramale/Biomed_projects/STMWorkSpace/ProgettoUART/Core/Inc/stm32l4xx_hal_conf.h
2026-04-22 17:47:03,398 [INFO] CodeEngine:265 - oldGeneratedFile, /Users/cristianpetramale/Biomed_projects/STMWorkSpace/ProgettoUART/Core/Inc/main.h_save
2026-04-22 17:47:03,510 [INFO] CodeEngine:289 - Generated code: /Users/cristianpetramale/Biomed_projects/STMWorkSpace/ProgettoUART/Core/Inc/main.h
2026-04-22 17:47:03,513 [INFO] CodeEngine:265 - oldGeneratedFile, /Users/cristianpetramale/Biomed_projects/STMWorkSpace/ProgettoUART/Core/Src/main.c_save
2026-04-22 17:47:03,713 [INFO] CodeEngine:289 - Generated code: /Users/cristianpetramale/Biomed_projects/STMWorkSpace/ProgettoUART/Core/Src/main.c
2026-04-22 17:47:03,908 [INFO] ProjectBuilder:3606 - Time for Copy HAL[1] : 57mS.
2026-04-22 17:47:03,913 [INFO] ProjectBuilder:5216 - Project Generator version: 4.7.0-B52
2026-04-22 17:47:04,020 [INFO] ConfigFileManager:1595 - The Die is : DIE435
2026-04-22 17:47:07,404 [INFO] ProjectBuilder:5496 - Time for Generating toolchain IDE Files: 3486mS.
2026-04-22 17:47:07,408 [INFO] ProjectBuilder:3463 - Time for Copy CMSIS : 0mS.
2026-04-22 17:47:07,410 [INFO] ProjectBuilder:3463 - Time for Copy CMSIS : 0mS.
2026-04-22 17:49:20,996 [INFO] NvicIntPanel:101 - NVIC parent = com.st.microxplorer.plugins.ip.nvic.MultiNvicIntPanel[,0,0,0x0,invalid,layout=javax.swing.BoxLayout,alignmentX=0.0,alignmentY=0.0,border=,flags=9,maximumSize=,minimumSize=,preferredSize=]
2026-04-22 17:51:02,325 [INFO] UtilMem:75 - End SaveConfig() Used Memory: 746839720 Bytes (1073741824)
2026-04-22 17:51:03,335 [INFO] UtilMem:75 - End SaveConfig() Used Memory: 786079920 Bytes (1073741824)
2026-04-22 17:51:04,205 [INFO] BlockDiagram:2775 - set Specific Code input for plugin: NVIC
2026-04-22 17:51:04,206 [INFO] BlockDiagram:2775 - set Specific Code input for plugin: USART
2026-04-22 17:51:04,207 [INFO] BlockDiagram:2775 - set Specific Code input for plugin: USART
2026-04-22 17:51:04,207 [INFO] BlockDiagram:2775 - set Specific Code input for plugin: SYS
2026-04-22 17:51:04,209 [INFO] BlockDiagram:2775 - set Specific Code input for plugin: GPIO
2026-04-22 17:51:04,210 [INFO] BlockDiagram:2775 - set Specific Code input for plugin: RCC
2026-04-22 17:51:04,211 [INFO] CodeGenerator:892 - code generatio: config db path: /Applications/STM32CubeIDE.app/Contents/Eclipse/plugins/com.st.stm32cube.common.mx_6.15.0.202507011659//db/
2026-04-22 17:51:04,374 [INFO] CodeEngine:265 - oldGeneratedFile, /Users/cristianpetramale/Biomed_projects/STMWorkSpace/ProgettoUART/MXTmpFiles/license.tmp_save
2026-04-22 17:51:04,604 [INFO] CodeEngine:289 - Generated code: /Users/cristianpetramale/Biomed_projects/STMWorkSpace/ProgettoUART/MXTmpFiles/license.tmp
2026-04-22 17:51:04,726 [INFO] CodeEngine:265 - oldGeneratedFile, /Users/cristianpetramale/Biomed_projects/STMWorkSpace/ProgettoUART/MXTmpFiles/gpio.tmp_save
2026-04-22 17:51:04,828 [INFO] CodeEngine:289 - Generated code: /Users/cristianpetramale/Biomed_projects/STMWorkSpace/ProgettoUART/MXTmpFiles/gpio.tmp
2026-04-22 17:51:05,673 [INFO] CodeEngine:265 - oldGeneratedFile, /Users/cristianpetramale/Biomed_projects/STMWorkSpace/ProgettoUART/Core/Src/stm32l4xx_it.c_save
2026-04-22 17:51:05,807 [INFO] CodeEngine:289 - Generated code: /Users/cristianpetramale/Biomed_projects/STMWorkSpace/ProgettoUART/Core/Src/stm32l4xx_it.c
2026-04-22 17:51:05,812 [INFO] CodeEngine:265 - oldGeneratedFile, /Users/cristianpetramale/Biomed_projects/STMWorkSpace/ProgettoUART/Core/Inc/stm32l4xx_it.h_save
2026-04-22 17:51:05,882 [INFO] CodeEngine:289 - Generated code: /Users/cristianpetramale/Biomed_projects/STMWorkSpace/ProgettoUART/Core/Inc/stm32l4xx_it.h
2026-04-22 17:51:05,894 [INFO] CodeEngine:265 - oldGeneratedFile, /Users/cristianpetramale/Biomed_projects/STMWorkSpace/ProgettoUART/Core/Src/stm32l4xx_hal_msp.c_save
2026-04-22 17:51:06,063 [INFO] CodeEngine:289 - Generated code: /Users/cristianpetramale/Biomed_projects/STMWorkSpace/ProgettoUART/Core/Src/stm32l4xx_hal_msp.c
2026-04-22 17:51:06,066 [INFO] CodeEngine:265 - oldGeneratedFile, /Users/cristianpetramale/Biomed_projects/STMWorkSpace/ProgettoUART/MXTmpFiles/system.tmp_save
2026-04-22 17:51:06,163 [INFO] CodeEngine:289 - Generated code: /Users/cristianpetramale/Biomed_projects/STMWorkSpace/ProgettoUART/MXTmpFiles/system.tmp
2026-04-22 17:51:06,179 [INFO] CodeEngine:321 - oldGeneratedFile, /Users/cristianpetramale/Biomed_projects/STMWorkSpace/ProgettoUART/Core/Inc/stm32l4xx_hal_conf.h_save
2026-04-22 17:51:06,271 [INFO] CodeEngine:345 - Generated code: /Users/cristianpetramale/Biomed_projects/STMWorkSpace/ProgettoUART/Core/Inc/stm32l4xx_hal_conf.h
2026-04-22 17:51:06,467 [INFO] CodeEngine:265 - oldGeneratedFile, /Users/cristianpetramale/Biomed_projects/STMWorkSpace/ProgettoUART/Core/Inc/main.h_save
2026-04-22 17:51:06,544 [INFO] CodeEngine:289 - Generated code: /Users/cristianpetramale/Biomed_projects/STMWorkSpace/ProgettoUART/Core/Inc/main.h
2026-04-22 17:51:06,551 [INFO] CodeEngine:265 - oldGeneratedFile, /Users/cristianpetramale/Biomed_projects/STMWorkSpace/ProgettoUART/Core/Src/main.c_save
2026-04-22 17:51:06,673 [INFO] CodeEngine:289 - Generated code: /Users/cristianpetramale/Biomed_projects/STMWorkSpace/ProgettoUART/Core/Src/main.c
2026-04-22 17:51:06,895 [INFO] ProjectBuilder:3606 - Time for Copy HAL[1] : 58mS.
2026-04-22 17:51:06,899 [INFO] ProjectBuilder:5216 - Project Generator version: 4.7.0-B52
2026-04-22 17:51:06,973 [INFO] ConfigFileManager:1595 - The Die is : DIE435
2026-04-22 17:51:09,251 [INFO] ProjectBuilder:5496 - Time for Generating toolchain IDE Files: 2352mS.
2026-04-22 17:51:09,252 [INFO] ProjectBuilder:3463 - Time for Copy CMSIS : 0mS.
2026-04-22 17:51:09,252 [INFO] ProjectBuilder:3463 - Time for Copy CMSIS : 0mS.
2026-04-22 18:31:06,979 [INFO] WebApp:194 - Connection lost
2026-04-22 19:21:47,187 [INFO] WebApp:191 - Connection restablished
2026-04-22 19:53:05,522 [INFO] WebApp:194 - Connection lost
2026-04-22 19:54:20,062 [INFO] WebApp:191 - Connection restablished
