2026-05-28 12:32:17,063 [INFO] Activator:176 - 


2026-05-28 12:32:17,067 [INFO] Activator:177 - !SESSION log4j initialized
2026-05-28 12:32:22,121 [INFO] LogOutputStream:77 - [STDOUT_REDIRECT] 
2026-05-28 12:32:22,424 [ERROR] LogOutputStream:75 - [STDERR_REDIRECT] 
2026-05-28 12:32:26,142 [INFO] LogOutputStream:77 - [STDOUT_REDIRECT] 
2026-05-28 12:32:27,998 [INFO] ApplicationProperties:184 - Using Application install path: /Applications/STM32CubeIDE.app/Contents/Eclipse/plugins/com.st.stm32cube.common.mx_6.15.0.202507011659
2026-05-28 12:32:28,014 [INFO] DbMcusXml:78 - Set database path to: /Applications/STM32CubeIDE.app/Contents/Eclipse/plugins/com.st.stm32cube.common.mx_6.15.0.202507011659//db//mcu/
2026-05-28 12:32:28,014 [INFO] ApiDb:274 - Set plugin database path to: /Applications/STM32CubeIDE.app/Contents/Eclipse/plugins/com.st.stm32cube.common.mx_6.15.0.202507011659//db//plugins/boardmanager/
2026-05-28 12:32:28,016 [WARN] ApiDb:259 - Overriding images path with different value:  => /Applications/STM32CubeIDE.app/Contents/Eclipse/plugins/com.st.stm32cube.common.mx_6.15.0.202507011659//db//plugins/mcufinder/images/
2026-05-28 12:32:28,028 [INFO] ApiDb:250 - Set database path to: /Users/cristianpetramale/.stmcufinder/plugins/mcufinder//mcu/
2026-05-28 12:32:28,029 [INFO] DbMcusAds:125 - Set database path to: /Users/cristianpetramale/.stmcufinder/plugins/mcufinder//mcu/
2026-05-28 12:32:28,033 [INFO] CrossReferenceDbSqlite:203 - Set database path to: /Users/cristianpetramale/.stmcufinder/plugins/mcufinder//mcu/cs/
2026-05-28 12:32:28,202 [INFO] RulesReader:64 - Compatibility file has been processed (317 Rules)
2026-05-28 12:32:28,281 [INFO] DbMcusXml:78 - Set database path to: /Applications/STM32CubeIDE.app/Contents/Eclipse/plugins/com.st.stm32cube.common.mx_6.15.0.202507011659//db//mcu/
2026-05-28 12:32:28,281 [INFO] ApiDb:274 - Set plugin database path to: /Applications/STM32CubeIDE.app/Contents/Eclipse/plugins/com.st.stm32cube.common.mx_6.15.0.202507011659//db//plugins/boardmanager/
2026-05-28 12:32:28,281 [INFO] ApiDb:261 - Set plugin images path to: /Applications/STM32CubeIDE.app/Contents/Eclipse/plugins/com.st.stm32cube.common.mx_6.15.0.202507011659//db//plugins/mcufinder/images/
2026-05-28 12:32:28,282 [WARN] DbFile:41 - Overriding database path with different value: /Users/cristianpetramale/.stmcufinder/plugins/mcufinder/ => /Users/cristianpetramale/.stmcufinder/plugins/mcufinder
2026-05-28 12:32:28,282 [INFO] ApiDb:250 - Set database path to: /Users/cristianpetramale/.stmcufinder/plugins/mcufinder//mcu/
2026-05-28 12:32:28,282 [WARN] DbFile:41 - Overriding database path with different value: /Users/cristianpetramale/.stmcufinder/plugins/mcufinder/ => /Users/cristianpetramale/.stmcufinder/plugins/mcufinder
2026-05-28 12:32:28,282 [INFO] DbMcusAds:125 - Set database path to: /Users/cristianpetramale/.stmcufinder/plugins/mcufinder//mcu/
2026-05-28 12:32:28,282 [WARN] DbFile:41 - Overriding database path with different value: /Users/cristianpetramale/.stmcufinder/plugins/mcufinder/ => /Users/cristianpetramale/.stmcufinder/plugins/mcufinder
2026-05-28 12:32:28,282 [WARN] DbFile:41 - Overriding database path with different value: /Users/cristianpetramale/.stmcufinder/plugins/mcufinder/ => /Users/cristianpetramale/.stmcufinder/plugins/mcufinder
2026-05-28 12:32:28,283 [INFO] CrossReferenceDbSqlite:203 - Set database path to: /Users/cristianpetramale/.stmcufinder/plugins/mcufinder//mcu/cs/
2026-05-28 12:32:28,352 [INFO] MainPanel:274 - HeapMemory: 268435456
2026-05-28 12:32:28,800 [INFO] DbMcusXml:78 - Set database path to: /Applications/STM32CubeIDE.app/Contents/Eclipse/plugins/com.st.stm32cube.common.mx_6.15.0.202507011659//db//mcu/
2026-05-28 12:32:28,800 [INFO] ApiDb:274 - Set plugin database path to: /Applications/STM32CubeIDE.app/Contents/Eclipse/plugins/com.st.stm32cube.common.mx_6.15.0.202507011659//db//plugins/boardmanager/
2026-05-28 12:32:28,800 [INFO] ApiDb:261 - Set plugin images path to: /Applications/STM32CubeIDE.app/Contents/Eclipse/plugins/com.st.stm32cube.common.mx_6.15.0.202507011659//db//plugins/mcufinder/images/
2026-05-28 12:32:28,800 [WARN] DbFile:41 - Overriding database path with different value: /Users/cristianpetramale/.stmcufinder/plugins/mcufinder/ => /Users/cristianpetramale/.stmcufinder/plugins/mcufinder
2026-05-28 12:32:28,800 [INFO] ApiDb:250 - Set database path to: /Users/cristianpetramale/.stmcufinder/plugins/mcufinder//mcu/
2026-05-28 12:32:28,800 [WARN] DbFile:41 - Overriding database path with different value: /Users/cristianpetramale/.stmcufinder/plugins/mcufinder/ => /Users/cristianpetramale/.stmcufinder/plugins/mcufinder
2026-05-28 12:32:28,800 [INFO] DbMcusAds:125 - Set database path to: /Users/cristianpetramale/.stmcufinder/plugins/mcufinder//mcu/
2026-05-28 12:32:28,800 [WARN] DbFile:41 - Overriding database path with different value: /Users/cristianpetramale/.stmcufinder/plugins/mcufinder/ => /Users/cristianpetramale/.stmcufinder/plugins/mcufinder
2026-05-28 12:32:28,801 [WARN] DbFile:41 - Overriding database path with different value: /Users/cristianpetramale/.stmcufinder/plugins/mcufinder/ => /Users/cristianpetramale/.stmcufinder/plugins/mcufinder
2026-05-28 12:32:28,801 [INFO] CrossReferenceDbSqlite:203 - Set database path to: /Users/cristianpetramale/.stmcufinder/plugins/mcufinder//mcu/cs/
2026-05-28 12:32:28,822 [INFO] ApplicationProperties:184 - Using Application install path: /Applications/STM32CubeIDE.app/Contents/Eclipse/plugins/com.st.stm32cube.common.mx_6.15.0.202507011659
2026-05-28 12:32:28,824 [INFO] PluginManage:196 - Search for loadable plugins [exclusion list=, ]
2026-05-28 12:32:28,825 [INFO] PluginManage:310 - Check plugin analytics
2026-05-28 12:32:29,046 [INFO] AnalyticsPlugin:253 - Accepted Software Licenses: 
2026-05-28 12:32:29,046 [INFO] AnalyticsPlugin:255 - Accepted CMSIS Pack Licenses: 
2026-05-28 12:32:29,046 [INFO] AnalyticsPlugin:257 - Accepted Firmware Licenses: FW.L4.1.18.0
2026-05-28 12:32:29,057 [INFO] PluginManage:359 - Loaded plugin analytics (category:tool,tabindex:-1)
2026-05-28 12:32:29,058 [INFO] PluginManage:310 - Check plugin cadmodel
2026-05-28 12:32:29,071 [INFO] CADModel:105 - Init CAD model plugin
2026-05-28 12:32:29,071 [INFO] PluginManage:359 - Loaded plugin cadmodel (category:power,tabindex:5)
2026-05-28 12:32:29,072 [INFO] PluginManage:310 - Check plugin clock
2026-05-28 12:32:29,082 [INFO] PluginManage:359 - Loaded plugin clock (category:base,tabindex:2)
2026-05-28 12:32:29,083 [INFO] PluginManage:310 - Check plugin ddr
2026-05-28 12:32:29,085 [INFO] PluginManage:359 - Loaded plugin ddr (category:tool,tabindex:6)
2026-05-28 12:32:29,085 [INFO] PluginManage:310 - Check plugin filemanager
2026-05-28 12:32:29,256 [INFO] PluginManage:359 - Loaded plugin filemanager (category:base,tabindex:10)
2026-05-28 12:32:29,256 [INFO] PluginManage:310 - Check plugin ipmanager
2026-05-28 12:32:29,264 [INFO] PluginManage:359 - Loaded plugin ipmanager (category:base,tabindex:5)
2026-05-28 12:32:29,265 [INFO] PluginManage:310 - Check plugin lpbam
2026-05-28 12:32:29,277 [INFO] PluginManage:359 - Loaded plugin lpbam (category:base,tabindex:0)
2026-05-28 12:32:29,278 [INFO] PluginManage:310 - Check plugin memorymap
2026-05-28 12:32:29,290 [INFO] PluginManage:359 - Loaded plugin memorymap (category:base,tabindex:4)
2026-05-28 12:32:29,291 [INFO] PluginManage:310 - Check plugin pinoutandconfiguration
2026-05-28 12:32:29,304 [INFO] PluginManage:359 - Loaded plugin pinoutandconfiguration (category:base,tabindex:1)
2026-05-28 12:32:29,306 [INFO] PluginManage:310 - Check plugin pinoutconfig
2026-05-28 12:32:29,438 [WARN] SupportedApi:132 - Cannot load RTOS API schema: s4s-elt-must-match.1: The content of 'definitions' must match (annotation?, (simpleType | complexType)?, (unique | key | keyref)*)). A problem was found starting at: attribute.
2026-05-28 12:32:29,595 [INFO] PluginManage:359 - Loaded plugin pinoutconfig (category:base,tabindex:0)
2026-05-28 12:32:29,595 [INFO] PluginManage:310 - Check plugin power
2026-05-28 12:32:29,632 [INFO] PluginManage:359 - Loaded plugin power (category:power,tabindex:4)
2026-05-28 12:32:29,632 [INFO] PluginManage:310 - Check plugin projectmanager
2026-05-28 12:32:29,656 [INFO] PluginManage:359 - Loaded plugin projectmanager (category:projectmanager,tabindex:4)
2026-05-28 12:32:29,657 [INFO] PluginManage:310 - Check plugin rif
2026-05-28 12:32:29,663 [INFO] PluginManage:359 - Loaded plugin rif (category:base,tabindex:3)
2026-05-28 12:32:29,663 [INFO] PluginManage:310 - Check plugin thirdparty
2026-05-28 12:32:29,802 [WARN] IntegrityCheckThread:84 - waiting for thirdparty lock release [integrity check]
2026-05-28 12:32:29,803 [INFO] PluginManage:359 - Loaded plugin thirdparty (category:base,tabindex:-1)
2026-05-28 12:32:29,803 [INFO] IntegrityCheckThread:86 - entering critical section [integrity check]
2026-05-28 12:32:29,803 [INFO] PluginManage:310 - Check plugin tools
2026-05-28 12:32:29,803 [INFO] ThirdPartyUpdaterWithRetryManager:70 - Updater plugin not ready yet. [1/15]
2026-05-28 12:32:29,807 [INFO] PluginManage:359 - Loaded plugin tools (category:base,tabindex:7)
2026-05-28 12:32:29,807 [INFO] PluginManage:310 - Check plugin tutovideos
2026-05-28 12:32:29,984 [INFO] PluginManage:359 - Loaded plugin tutovideos (category:base,tabindex:-1)
2026-05-28 12:32:29,985 [INFO] PluginManage:310 - Check plugin updater
2026-05-28 12:32:30,011 [INFO] PluginManage:359 - Loaded plugin updater (category:base,tabindex:12)
2026-05-28 12:32:30,011 [INFO] PluginManage:310 - Check plugin userauth
2026-05-28 12:32:30,016 [INFO] UserAuth:118 - Init User Auth plugin
2026-05-28 12:32:30,016 [INFO] PluginManage:359 - Loaded plugin userauth (category:base,tabindex:14)
2026-05-28 12:32:30,017 [INFO] PluginManage:283 - PluginManage : Loaded plugins [18]
2026-05-28 12:32:30,207 [INFO] PinOutPanel:1589 - setPackage(No Configuration,No Configuration)
2026-05-28 12:32:30,270 [INFO] CADModel:165 - CPN selected for project level
2026-05-28 12:32:30,270 [INFO] CADModel:114 - Register for checkConnection events
2026-05-28 12:32:30,281 [INFO] IPUIPlugin:80 - create IPUIPlugin
2026-05-28 12:32:30,281 [INFO] PluginManager:220 - loadIPPluginJar : add mdma
2026-05-28 12:32:30,286 [INFO] IPUIPlugin:80 - create IPUIPlugin
2026-05-28 12:32:30,286 [INFO] PluginManager:220 - loadIPPluginJar : add freertos
2026-05-28 12:32:30,289 [INFO] IPUIPlugin:80 - create IPUIPlugin
2026-05-28 12:32:30,290 [INFO] PluginManager:220 - loadIPPluginJar : add gic
2026-05-28 12:32:30,296 [INFO] IPUIPlugin:80 - create IPUIPlugin
2026-05-28 12:32:30,296 [INFO] PluginManager:220 - loadIPPluginJar : add adc
2026-05-28 12:32:30,297 [INFO] IPUIPlugin:80 - create IPUIPlugin
2026-05-28 12:32:30,297 [INFO] PluginManager:220 - loadIPPluginJar : add gtzc
2026-05-28 12:32:30,298 [INFO] IPUIPlugin:80 - create IPUIPlugin
2026-05-28 12:32:30,298 [INFO] PluginManager:220 - loadIPPluginJar : add quadspi
2026-05-28 12:32:30,299 [INFO] IPUIPlugin:80 - create IPUIPlugin
2026-05-28 12:32:30,299 [INFO] PluginManager:220 - loadIPPluginJar : add aes
2026-05-28 12:32:30,300 [INFO] IPUIPlugin:80 - create IPUIPlugin
2026-05-28 12:32:30,300 [INFO] PluginManager:220 - loadIPPluginJar : add pdm2pcm
2026-05-28 12:32:30,301 [INFO] IPUIPlugin:80 - create IPUIPlugin
2026-05-28 12:32:30,301 [INFO] PluginManager:220 - loadIPPluginJar : add hash
2026-05-28 12:32:30,302 [INFO] IPUIPlugin:80 - create IPUIPlugin
2026-05-28 12:32:30,302 [INFO] PluginManager:220 - loadIPPluginJar : add tim
2026-05-28 12:32:30,303 [INFO] IPUIPlugin:80 - create IPUIPlugin
2026-05-28 12:32:30,303 [INFO] PluginManager:220 - loadIPPluginJar : add tsc
2026-05-28 12:32:30,305 [INFO] IPUIPlugin:80 - create IPUIPlugin
2026-05-28 12:32:30,305 [INFO] PluginManager:220 - loadIPPluginJar : add extmemmanager
2026-05-28 12:32:30,306 [INFO] IPUIPlugin:80 - create IPUIPlugin
2026-05-28 12:32:30,306 [INFO] PluginManager:220 - loadIPPluginJar : add ts
2026-05-28 12:32:30,307 [INFO] IPUIPlugin:80 - create IPUIPlugin
2026-05-28 12:32:30,307 [INFO] PluginManager:220 - loadIPPluginJar : add radio
2026-05-28 12:32:30,308 [INFO] IPUIPlugin:80 - create IPUIPlugin
2026-05-28 12:32:30,308 [INFO] PluginManager:220 - loadIPPluginJar : add can
2026-05-28 12:32:30,309 [INFO] IPUIPlugin:80 - create IPUIPlugin
2026-05-28 12:32:30,309 [INFO] PluginManager:220 - loadIPPluginJar : add dma3
2026-05-28 12:32:30,310 [INFO] IPUIPlugin:80 - create IPUIPlugin
2026-05-28 12:32:30,311 [INFO] PluginManager:220 - loadIPPluginJar : add dfsdm
2026-05-28 12:32:30,311 [INFO] IPUIPlugin:80 - create IPUIPlugin
2026-05-28 12:32:30,311 [INFO] PluginManager:220 - loadIPPluginJar : add spi
2026-05-28 12:32:30,312 [INFO] IPUIPlugin:80 - create IPUIPlugin
2026-05-28 12:32:30,313 [INFO] PluginManager:220 - loadIPPluginJar : add gfxmmu
2026-05-28 12:32:30,314 [INFO] IPUIPlugin:80 - create IPUIPlugin
2026-05-28 12:32:30,314 [INFO] PluginManager:220 - loadIPPluginJar : add genericplugin
2026-05-28 12:32:30,315 [INFO] IPUIPlugin:80 - create IPUIPlugin
2026-05-28 12:32:30,315 [INFO] PluginManager:220 - loadIPPluginJar : add cryp
2026-05-28 12:32:30,317 [INFO] IPUIPlugin:80 - create IPUIPlugin
2026-05-28 12:32:30,317 [INFO] PluginManager:220 - loadIPPluginJar : add gpio
2026-05-28 12:32:30,319 [INFO] IPUIPlugin:80 - create IPUIPlugin
2026-05-28 12:32:30,319 [INFO] PluginManager:220 - loadIPPluginJar : add ddr_ctrl_phy
2026-05-28 12:32:30,320 [INFO] IPUIPlugin:80 - create IPUIPlugin
2026-05-28 12:32:30,321 [INFO] PluginManager:220 - loadIPPluginJar : add comp
2026-05-28 12:32:30,322 [INFO] IPUIPlugin:80 - create IPUIPlugin
2026-05-28 12:32:30,323 [INFO] PluginManager:220 - loadIPPluginJar : add tracer_emb
2026-05-28 12:32:30,324 [INFO] IPUIPlugin:80 - create IPUIPlugin
2026-05-28 12:32:30,324 [INFO] PluginManager:220 - loadIPPluginJar : add openamp
2026-05-28 12:32:30,327 [INFO] IPUIPlugin:80 - create IPUIPlugin
2026-05-28 12:32:30,327 [INFO] PluginManager:220 - loadIPPluginJar : add stm32_wpan
2026-05-28 12:32:30,331 [INFO] IPUIPlugin:80 - create IPUIPlugin
2026-05-28 12:32:30,335 [INFO] PluginManager:220 - loadIPPluginJar : add plateformsettings
2026-05-28 12:32:30,337 [INFO] IPUIPlugin:80 - create IPUIPlugin
2026-05-28 12:32:30,337 [INFO] PluginManager:220 - loadIPPluginJar : add ipddr
2026-05-28 12:32:30,338 [INFO] IPUIPlugin:80 - create IPUIPlugin
2026-05-28 12:32:30,338 [INFO] PluginManager:220 - loadIPPluginJar : add usart
2026-05-28 12:32:30,339 [INFO] IPUIPlugin:80 - create IPUIPlugin
2026-05-28 12:32:30,339 [INFO] PluginManager:220 - loadIPPluginJar : add ltdc
2026-05-28 12:32:30,340 [INFO] IPUIPlugin:80 - create IPUIPlugin
2026-05-28 12:32:30,340 [INFO] PluginManager:220 - loadIPPluginJar : add nvic
2026-05-28 12:32:30,341 [INFO] IPUIPlugin:80 - create IPUIPlugin
2026-05-28 12:32:30,341 [INFO] PluginManager:220 - loadIPPluginJar : add fatfs
2026-05-28 12:32:30,345 [INFO] IPUIPlugin:80 - create IPUIPlugin
2026-05-28 12:32:30,345 [INFO] PluginManager:220 - loadIPPluginJar : add linkedlist
2026-05-28 12:32:30,348 [INFO] IPUIPlugin:80 - create IPUIPlugin
2026-05-28 12:32:30,348 [INFO] PluginManager:220 - loadIPPluginJar : add dma
2026-05-28 12:32:30,350 [INFO] IPUIPlugin:80 - create IPUIPlugin
2026-05-28 12:32:30,350 [INFO] PluginManager:220 - loadIPPluginJar : add fmc
2026-05-28 12:32:30,351 [INFO] IPUIPlugin:80 - create IPUIPlugin
2026-05-28 12:32:30,351 [INFO] PluginManager:220 - loadIPPluginJar : add i2s
2026-05-28 12:32:30,352 [INFO] IPUIPlugin:80 - create IPUIPlugin
2026-05-28 12:32:30,352 [INFO] PluginManager:220 - loadIPPluginJar : add ucpd
2026-05-28 12:32:30,353 [INFO] IPUIPlugin:80 - create IPUIPlugin
2026-05-28 12:32:30,353 [INFO] PluginManager:220 - loadIPPluginJar : add lorawan
2026-05-28 12:32:30,354 [INFO] IPUIPlugin:80 - create IPUIPlugin
2026-05-28 12:32:30,354 [INFO] PluginManager:220 - loadIPPluginJar : add opamp
2026-05-28 12:32:30,356 [INFO] IPUIPlugin:80 - create IPUIPlugin
2026-05-28 12:32:30,356 [INFO] PluginManager:220 - loadIPPluginJar : add i3c
2026-05-28 12:32:30,357 [INFO] IPUIPlugin:80 - create IPUIPlugin
2026-05-28 12:32:30,358 [INFO] PluginManager:220 - loadIPPluginJar : add touchsensing
2026-05-28 12:32:30,360 [INFO] IPUIPlugin:80 - create IPUIPlugin
2026-05-28 12:32:30,360 [INFO] PluginManager:220 - loadIPPluginJar : add i2c
2026-05-28 12:32:30,362 [INFO] IPUIPlugin:80 - create IPUIPlugin
2026-05-28 12:32:30,362 [INFO] PluginManager:220 - loadIPPluginJar : add resmgrutility
2026-05-28 12:32:30,364 [INFO] IPUIPlugin:80 - create IPUIPlugin
2026-05-28 12:32:30,364 [INFO] PluginManager:220 - loadIPPluginJar : add sai
2026-05-28 12:32:30,366 [INFO] IPUIPlugin:80 - create IPUIPlugin
2026-05-28 12:32:30,366 [INFO] PluginManager:220 - loadIPPluginJar : add usbx
2026-05-28 12:32:30,472 [FATAL] Updater:351 - Updater called before beeing initialized
2026-05-28 12:32:30,516 [INFO] RulesReader:64 - Compatibility file has been processed (317 Rules)
2026-05-28 12:32:30,534 [INFO] RulesReader:64 - Compatibility file has been processed (317 Rules)
2026-05-28 12:32:30,541 [INFO] CADModel:165 - CPN selected for project level
2026-05-28 12:32:30,541 [INFO] CADModel:114 - Register for checkConnection events
2026-05-28 12:32:30,541 [FATAL] Updater:351 - Updater called before beeing initialized
2026-05-28 12:32:30,541 [ERROR] CADModel:125 - Updater not yet initialized, retry later 
2026-05-28 12:32:30,751 [FATAL] Updater:351 - Updater called before beeing initialized
2026-05-28 12:32:30,753 [INFO] CADModel:165 - CPN selected for project level
2026-05-28 12:32:30,753 [INFO] CADModel:114 - Register for checkConnection events
2026-05-28 12:32:30,753 [FATAL] Updater:351 - Updater called before beeing initialized
2026-05-28 12:32:30,753 [ERROR] CADModel:125 - Updater not yet initialized, retry later 
2026-05-28 12:32:30,756 [FATAL] Updater:351 - Updater called before beeing initialized
2026-05-28 12:32:30,897 [FATAL] Updater:351 - Updater called before beeing initialized
2026-05-28 12:32:30,902 [INFO] DbMcusAds:53 - JSON generation date=Mon Apr 27 10:14:29 CEST 2026 (1777277669683)
2026-05-28 12:32:30,902 [FATAL] Updater:351 - Updater called before beeing initialized
2026-05-28 12:32:30,950 [WARN] DetailPanel:346 - Failed to get advertising image, set to default
2026-05-28 12:32:31,012 [FATAL] Updater:351 - Updater called before beeing initialized
2026-05-28 12:32:31,014 [FATAL] Updater:351 - Updater called before beeing initialized
2026-05-28 12:32:31,014 [FATAL] Updater:351 - Updater called before beeing initialized
2026-05-28 12:32:31,015 [WARN] DetailPanel:346 - Failed to get advertising image, set to default
2026-05-28 12:32:31,017 [FATAL] Updater:351 - Updater called before beeing initialized
2026-05-28 12:32:31,061 [ERROR] Updater:1198 - MainUpdater not yet initialized. External WinMGr cannot be set.
2026-05-28 12:32:31,064 [INFO] Updater:1134 - Updater Version found : 6.15.0
2026-05-28 12:32:31,075 [INFO] ApplicationProperties:184 - Using Application install path: /Applications/STM32CubeIDE.app/Contents/Eclipse/plugins/com.st.stm32cube.common.mx_6.15.0.202507011659
2026-05-28 12:32:31,418 [INFO] MainUpdater:2872 - connection check result : 10
2026-05-28 12:32:31,418 [INFO] MainUpdater:289 - Updater Check For Update Now.
2026-05-28 12:32:31,418 [INFO] MicroXplorer:498 - Change Database Version : DB.6.0.150
2026-05-28 12:32:31,423 [INFO] McuFinderGlobals:63 - Set McuFinder mode to 2 (CubeIDE integrated)
2026-05-28 12:32:31,425 [INFO] UserAuth:487 - Internet connection configuration mode: 1
2026-05-28 12:32:31,445 [INFO] JxBrowserEngine:152 - Initiate JxBrowser Engine with user profile folder
2026-05-28 12:32:31,652 [INFO] CheckServerUpdateThread:120 - End of CheckServer Thread
2026-05-28 12:32:33,058 [WARN] PackLoader:240 - Cannot read IP mode file for STMicroelectronics.X-CUBE-AZRTOS-H7.3.5.0
2026-05-28 12:32:33,099 [WARN] PackLoader:240 - Cannot read IP mode file for STMicroelectronics.FP-ATR-ASTRA1.2.0.2
2026-05-28 12:32:33,112 [WARN] PackLoader:240 - Cannot read IP mode file for STMicroelectronics.X-CUBE-SMBUS.2.1.0
2026-05-28 12:32:33,147 [WARN] PackLoader:240 - Cannot read IP mode file for STMicroelectronics.X-CUBE-AZRTOS-F7.1.1.0
2026-05-28 12:32:33,171 [WARN] PackLoader:240 - Cannot read IP mode file for WES.I-CUBE-Cesium.1.4.0
2026-05-28 12:32:33,195 [WARN] PackLoader:240 - Cannot read IP mode file for STMicroelectronics.X-CUBE-DISPLAY.3.0.0
2026-05-28 12:32:33,221 [WARN] PackLoader:240 - Cannot read IP mode file for STMicroelectronics.X-CUBE-GNSS1.7.1.1
2026-05-28 12:32:33,237 [WARN] PackLoader:240 - Cannot read IP mode file for STMicroelectronics.X-CUBE-NFC10.1.0.0
2026-05-28 12:32:33,247 [WARN] PackLoader:240 - Cannot read IP mode file for STMicroelectronics.X-CUBE-ST60.1.1.0
2026-05-28 12:32:33,261 [WARN] PackLoader:240 - Cannot read IP mode file for emotas.I-CUBE-CANOPEN.1.3.0
2026-05-28 12:32:33,279 [WARN] PackLoader:240 - Cannot read IP mode file for STMicroelectronics.X-CUBE-GNSS1.7.1.0
2026-05-28 12:32:33,294 [WARN] PackLoader:240 - Cannot read IP mode file for STMicroelectronics.FP-SNS-SMARTAG2.1.2.0
2026-05-28 12:32:33,302 [WARN] PackLoader:240 - Cannot read IP mode file for STMicroelectronics.FP-SNS-FLIGHT1.5.1.0
2026-05-28 12:32:33,317 [INFO] LogOutputStream:77 - [STDOUT_REDIRECT] 1 : Invalid condition id : UX_CORESTACK_Condition cause : null
2026-05-28 12:32:33,319 [INFO] LogOutputStream:77 - [STDOUT_REDIRECT] 1 : Invalid condition id : UX_CORESTACK_Condition cause : null
2026-05-28 12:32:33,319 [INFO] LogOutputStream:77 - [STDOUT_REDIRECT] 1 : Invalid condition id : UX_CORESTACK_Condition cause : null
2026-05-28 12:32:33,319 [INFO] LogOutputStream:77 - [STDOUT_REDIRECT] 1 : Invalid condition id : UX_CORESTACK_Condition cause : null
2026-05-28 12:32:33,319 [INFO] LogOutputStream:77 - [STDOUT_REDIRECT] 1 : Invalid condition id : UX_CORESTACK_Condition cause : null
2026-05-28 12:32:33,334 [WARN] PackLoader:240 - Cannot read IP mode file for STMicroelectronics.X-CUBE-AZRTOS-WL.2.0.0
2026-05-28 12:32:33,373 [WARN] PackLoader:240 - Cannot read IP mode file for STMicroelectronics.X-CUBE-AZRTOS-H7RS.1.2.0
2026-05-28 12:32:33,389 [WARN] PackLoader:240 - Cannot read IP mode file for STMicroelectronics.X-CUBE-BLE2.3.3.0
2026-05-28 12:32:33,452 [WARN] PackLoader:240 - Cannot read IP mode file for Infineon.AIROC-Wi-Fi-Bluetooth-STM32.1.8.0
2026-05-28 12:32:33,472 [WARN] PackLoader:240 - Cannot read IP mode file for STMicroelectronics.X-CUBE-NFC9.1.0.0
2026-05-28 12:32:33,478 [WARN] PackLoader:240 - Cannot read IP mode file for STMicroelectronics.X-CUBE-BLE1.7.1.0
2026-05-28 12:32:33,481 [WARN] PackLoader:240 - Cannot read IP mode file for wolfSSL.I-CUBE-wolfMQTT.1.19.2
2026-05-28 12:32:33,487 [WARN] PackLoader:240 - Cannot read IP mode file for wolfSSL.I-CUBE-wolfSSL.5.8.4
2026-05-28 12:32:33,492 [WARN] PackLoader:240 - Cannot read IP mode file for Cesanta.I-CUBE-Mongoose.7.20.0
2026-05-28 12:32:33,502 [WARN] PackLoader:240 - Cannot read IP mode file for STMicroelectronics.FP-SNS-STAIOTCFT.1.1.0
2026-05-28 12:32:33,664 [WARN] PackLoader:240 - Cannot read IP mode file for STMicroelectronics.X-CUBE-MEMS1.12.0.0
2026-05-28 12:32:33,897 [WARN] PackLoader:240 - Cannot read IP mode file for STMicroelectronics.X-CUBE-AZRTOS-G0.1.1.0
2026-05-28 12:32:33,932 [WARN] PackLoader:240 - Cannot read IP mode file for STMicroelectronics.X-CUBE-NFC4.3.0.0
2026-05-28 12:32:33,946 [WARN] PackLoader:240 - Cannot read IP mode file for EmbeddedOffice.I-CUBE-FS-RTOS.1.0.1
2026-05-28 12:32:33,955 [WARN] PackLoader:240 - Cannot read IP mode file for wolfSSL.I-CUBE-wolfTPM.3.8.0
2026-05-28 12:32:33,964 [WARN] PackLoader:240 - Cannot read IP mode file for STMicroelectronics.X-CUBE-TCPP.4.2.0
2026-05-28 12:32:33,973 [WARN] PackLoader:240 - Cannot read IP mode file for RealThread.X-CUBE-RT-Thread_Nano.4.1.1
2026-05-28 12:32:34,000 [WARN] PackLoader:240 - Cannot read IP mode file for STMicroelectronics.FP-ATR-SIGFOX1.3.2.0
2026-05-28 12:32:34,014 [WARN] PackLoader:240 - Cannot read IP mode file for ITTIA_DB.I-CUBE-ITTIADB.8.9.0
2026-05-28 12:32:34,101 [WARN] PackLoader:240 - Cannot read IP mode file for STMicroelectronics.X-CUBE-MEMS1.12.1.0
2026-05-28 12:32:34,229 [WARN] PackLoader:240 - Cannot read IP mode file for SEGGER.I-CUBE-embOS.1.3.1
2026-05-28 12:32:34,269 [WARN] PackLoader:240 - Cannot read IP mode file for STMicroelectronics.X-CUBE-ALGOBUILD.1.4.0
2026-05-28 12:32:34,273 [WARN] PackLoader:240 - Cannot read IP mode file for STMicroelectronics.X-CUBE-PM33A1.1.0.0
2026-05-28 12:32:34,296 [WARN] PackLoader:240 - Cannot read IP mode file for STMicroelectronics.X-CUBE-AZRTOS-F4.1.1.0
2026-05-28 12:32:34,307 [WARN] PackLoader:240 - Cannot read IP mode file for STMicroelectronics.X-CUBE-ISPU.2.1.0
2026-05-28 12:32:34,310 [WARN] PackLoader:240 - Cannot read IP mode file for STMicroelectronics.eDS-WB_DPC_TT-BIDIR.2.1.1
2026-05-28 12:32:34,335 [WARN] PackLoader:240 - Cannot read IP mode file for STMicroelectronics.X-CUBE-AZRTOS-L5.2.0.0
2026-05-28 12:32:34,354 [WARN] PackLoader:240 - Cannot read IP mode file for STMicroelectronics.X-CUBE-ALGOBUILD.1.5.0
2026-05-28 12:32:34,359 [WARN] PackLoader:240 - Cannot read IP mode file for STMicroelectronics.eDS-WB_DPC_VIENNA.1.2.0
2026-05-28 12:32:34,364 [WARN] PackLoader:240 - Cannot read IP mode file for STMicroelectronics.eDS-WB_DPC_3PH2L-BIDIR.1.1.1
2026-05-28 12:32:34,391 [ERROR] Engine:466 - /Users/cristianpetramale/.stm32cubemx/thirdparties/pdsc/STMicroelectronics.X-CUBE-ST67W61.1.3.0.pdsc: PDSC version is not supported
2026-05-28 12:32:34,398 [WARN] PackLoader:240 - Cannot read IP mode file for STMicroelectronics.X-CUBE-TOUCHGFX.4.26.1
2026-05-28 12:32:34,404 [WARN] PackLoader:240 - Cannot read IP mode file for STMicroelectronics.FP-SNS-STAIOTCFT.1.0.0
2026-05-28 12:32:34,412 [WARN] PackLoader:240 - Cannot read IP mode file for STMicroelectronics.X-CUBE-DPower.1.3.0
2026-05-28 12:32:34,437 [WARN] ConditionMgr:438 - getConditionDescription Invalid condition id : LAN8742 Phy interface Condition cause : null
2026-05-28 12:32:34,438 [WARN] PackLoader:240 - Cannot read IP mode file for STMicroelectronics.X-CUBE-AZRTOS-L4.2.0.0
2026-05-28 12:32:34,442 [WARN] ConditionMgr:1044 - genDependencies : Invalid condition id : LAN8742 Phy interface Condition cause : null
2026-05-28 12:32:34,442 [WARN] ConditionMgr:1044 - genDependencies : Invalid condition id : LAN8742 Phy interface Condition cause : null
2026-05-28 12:32:34,444 [WARN] ConditionMgr:1044 - genDependencies : Invalid condition id : LAN8742 Phy interface Condition cause : null
2026-05-28 12:32:34,462 [WARN] PackLoader:240 - Cannot read IP mode file for STMicroelectronics.X-CUBE-SFXS2LP1.4.0.0
2026-05-28 12:32:34,476 [WARN] PackLoader:240 - Cannot read IP mode file for STMicroelectronics.X-CUBE-WB05N.2.1.0
2026-05-28 12:32:34,491 [WARN] PackLoader:240 - Cannot read IP mode file for STMicroelectronics.X-CUBE-ST67W61.1.2.0
2026-05-28 12:32:34,504 [WARN] ConditionMgr:438 - getConditionDescription Invalid condition id : UX DEVICE CLASS RTOS Condition cause : null
2026-05-28 12:32:34,504 [WARN] ConditionMgr:438 - getConditionDescription Invalid condition id : UX DEVICE CLASS RTOS Condition cause : null
2026-05-28 12:32:34,508 [WARN] PackLoader:240 - Cannot read IP mode file for STMicroelectronics.X-CUBE-AZRTOS-WB.2.0.0
2026-05-28 12:32:34,509 [WARN] ConditionMgr:1044 - genDependencies : Invalid condition id : UX DEVICE CLASS RTOS Condition cause : null
2026-05-28 12:32:34,509 [WARN] ConditionMgr:1044 - genDependencies : Invalid condition id : UX DEVICE CLASS RTOS Condition cause : null
2026-05-28 12:32:34,510 [WARN] ConditionMgr:1044 - genDependencies : Invalid condition id : UX DEVICE CLASS RTOS Condition cause : null
2026-05-28 12:32:34,511 [WARN] ConditionMgr:1044 - genDependencies : Invalid condition id : UX DEVICE CLASS RTOS Condition cause : null
2026-05-28 12:32:34,511 [WARN] ConditionMgr:1044 - genDependencies : Invalid condition id : UX DEVICE CLASS RTOS Condition cause : null
2026-05-28 12:32:34,520 [WARN] ConditionMgr:438 - getConditionDescription Invalid condition id : Cortex-A Device cause : null
2026-05-28 12:32:34,555 [WARN] ConditionMgr:1044 - genDependencies : Invalid condition id : Cortex-A Device cause : null
2026-05-28 12:32:34,555 [WARN] ConditionMgr:1044 - genDependencies : Invalid condition id : Cortex-A Device cause : null
2026-05-28 12:32:34,555 [WARN] ConditionMgr:1044 - genDependencies : Invalid condition id : Cortex-A Device cause : null
2026-05-28 12:32:34,567 [WARN] PackLoader:240 - Cannot read IP mode file for STMicroelectronics.X-CUBE-STSE01.2.0.0
2026-05-28 12:32:34,581 [WARN] PackLoader:240 - Cannot read IP mode file for STMicroelectronics.X-CUBE-SUBG2.5.0.0
2026-05-28 12:32:34,611 [WARN] PackLoader:240 - Cannot read IP mode file for STMicroelectronics.X-CUBE-AZRTOS-G4.2.0.0
2026-05-28 12:32:34,622 [WARN] PackLoader:240 - Cannot read IP mode file for wolfSSL.I-CUBE-wolfSSH.1.4.20
2026-05-28 12:32:34,628 [WARN] PackLoader:240 - Cannot read IP mode file for STMicroelectronics.X-CUBE-NFC7.2.0.0
2026-05-28 12:32:34,642 [WARN] PackLoader:240 - Cannot read IP mode file for STMicroelectronics.X-CUBE-ALS.1.0.2
2026-05-28 12:32:34,658 [WARN] PackLoader:240 - Cannot read IP mode file for STMicroelectronics.X-CUBE-TOF1.3.4.3
2026-05-28 12:32:34,676 [INFO] ThirdParty:978 - Integrity check success = true
2026-05-28 12:32:34,676 [INFO] IntegrityCheckThread:100 - exiting critical section [integrity check]
2026-05-28 12:32:34,676 [INFO] IntegrityCheckThread:103 - End integrity checks thread
2026-05-28 12:32:36,498 [INFO] WebApp:169 - Instantiating new browser for Auth
2026-05-28 12:32:38,292 [INFO] WebApp:463 - Apply proxy settings
2026-05-28 12:32:38,311 [INFO] WebApp:508 - Chromium authenticates against Manually configured proxy
2026-05-28 12:32:38,328 [INFO] WebApp:516 - Username used for proxy authentication: 
2026-05-28 12:32:38,386 [INFO] WebApp:900 - Register for checkConnection events
2026-05-28 12:32:38,386 [INFO] WebApp:463 - Apply proxy settings
2026-05-28 12:32:38,394 [INFO] WebApp:508 - Chromium authenticates against Manually configured proxy
2026-05-28 12:32:38,395 [INFO] WebApp:516 - Username used for proxy authentication: 
2026-05-28 12:32:39,094 [INFO] WebApp:225 - Starting web application
2026-05-28 12:32:39,119 [INFO] WebApp:593 - Web application path used /Applications/STM32CubeIDE.app/Contents/Eclipse/plugins/com.st.stm32cube.common.mx_6.15.0.202507011659/db/plugins/mcufinder/reactClient1/index.html
2026-05-28 12:32:39,172 [INFO] WebApp:191 - Connection restablished
2026-05-28 12:32:40,163 [INFO] UserAuth:487 - Internet connection configuration mode: 1
2026-05-28 12:33:58,568 [INFO] McuFinderGlobals:63 - Set McuFinder mode to 2 (CubeIDE integrated)
2026-05-28 12:33:58,579 [INFO] MainUpdater:2872 - connection check result : 10
2026-05-28 12:33:58,581 [INFO] MainUpdater:2872 - connection check result : 10
2026-05-28 12:33:59,310 [INFO] MicroXplorer:468 - Change Database Path : 
2026-05-28 12:33:59,311 [INFO] MicroXplorer:498 - Change Database Version : DB.6.0.150
2026-05-28 12:33:59,317 [WARN] ThirdParty:871 - waiting for thirdparty lock release [close project]
2026-05-28 12:33:59,317 [INFO] ThirdParty:873 - entering critical section [close project]
2026-05-28 12:33:59,329 [INFO] ThirdParty:883 - exiting critical section [close project]
2026-05-28 12:33:59,354 [INFO] PinOutPanel:1589 - setPackage(No Configuration,No Configuration)
2026-05-28 12:33:59,370 [INFO] UtilMem:75 - Begin LoadConfig() Used Memory: 621332680 Bytes (722468864)
2026-05-28 12:33:59,375 [INFO] MicroXplorer:468 - Change Database Path : 
2026-05-28 12:33:59,376 [INFO] MicroXplorer:498 - Change Database Version : DB.6.0.150
2026-05-28 12:33:59,376 [INFO] OpenFileManager:355 - Change cursor
2026-05-28 12:33:59,598 [INFO] Mcu:2029 - Initializing MCU STM32L432K(B-C)Ux STM32L432KCUx STM32L432KCU3
2026-05-28 12:34:01,213 [INFO] Context:786 - Trying to add GPIOservice into a context  which must be forbidden
2026-05-28 12:34:01,919 [INFO] ImportTextPane:234 - (OptionalMessage_ERROR) Pin14 (VP_RIF_VS_RIF1) cannot be retrieved for this MCU
2026-05-28 12:34:02,611 [INFO] RtosManager:558 - Registered RTOS mode: class=CMSIS, group=RTOS, mode=CMSIS_V1, owner=FREERTOS
2026-05-28 12:34:02,628 [INFO] RtosManager:558 - Registered RTOS mode: class=CMSIS, group=RTOS2, mode=CMSIS_V2, owner=FREERTOS
2026-05-28 12:34:02,630 [INFO] RtosManager:558 - Registered RTOS mode: class=RTOS, group=Core, mode=CMSIS_V1, owner=FREERTOS
2026-05-28 12:34:02,630 [INFO] RtosManager:558 - Registered RTOS mode: class=RTOS, group=Core, mode=CMSIS_V2, owner=FREERTOS
2026-05-28 12:34:02,630 [WARN] ModelIntegratedComponent:184 - Missing modes for component STMicroelectronics:FreeRTOS:0.0.1:STMicroelectronics:RTOS:FreeRTOS:Core:::10.2.0:
2026-05-28 12:34:02,661 [WARN] ModelIntegratedComponent:63 - No mode defined for component null
2026-05-28 12:34:02,661 [WARN] ModelIntegratedComponent:63 - No mode defined for component null
2026-05-28 12:34:02,661 [WARN] ModelIntegratedComponent:63 - No mode defined for component null
2026-05-28 12:34:02,661 [WARN] ModelIntegratedComponent:63 - No mode defined for component null
2026-05-28 12:34:02,661 [WARN] ModelIntegratedComponent:63 - No mode defined for component null
2026-05-28 12:34:02,661 [WARN] ModelIntegratedComponent:63 - No mode defined for component null
2026-05-28 12:34:02,661 [WARN] ModelIntegratedComponent:63 - No mode defined for component null
2026-05-28 12:34:02,661 [WARN] ModelIntegratedComponent:63 - No mode defined for component null
2026-05-28 12:34:02,662 [WARN] ModelIntegratedComponent:63 - No mode defined for component null
2026-05-28 12:34:02,662 [WARN] ModelIntegratedComponent:63 - No mode defined for component null
2026-05-28 12:34:02,662 [WARN] ModelIntegratedComponent:63 - No mode defined for component null
2026-05-28 12:34:02,662 [WARN] ModelIntegratedComponent:63 - No mode defined for component null
2026-05-28 12:34:02,662 [WARN] ModelIntegratedComponent:63 - No mode defined for component null
2026-05-28 12:34:02,662 [WARN] ModelIntegratedComponent:63 - No mode defined for component null
2026-05-28 12:34:02,662 [WARN] ModelIntegratedComponent:63 - No mode defined for component null
2026-05-28 12:34:02,662 [WARN] ModelIntegratedComponent:63 - No mode defined for component null
2026-05-28 12:34:02,662 [WARN] ModelIntegratedComponent:63 - No mode defined for component null
2026-05-28 12:34:02,662 [WARN] ModelIntegratedComponent:63 - No mode defined for component null
2026-05-28 12:34:02,662 [WARN] ModelIntegratedComponent:63 - No mode defined for component null
2026-05-28 12:34:02,662 [WARN] ModelIntegratedComponent:63 - No mode defined for component null
2026-05-28 12:34:02,662 [WARN] ModelIntegratedComponent:63 - No mode defined for component null
2026-05-28 12:34:02,662 [WARN] ModelIntegratedComponent:63 - No mode defined for component null
2026-05-28 12:34:02,662 [WARN] ModelIntegratedComponent:63 - No mode defined for component null
2026-05-28 12:34:02,662 [WARN] ModelIntegratedComponent:63 - No mode defined for component null
2026-05-28 12:34:02,662 [WARN] ModelIntegratedComponent:63 - No mode defined for component null
2026-05-28 12:34:02,662 [WARN] ModelIntegratedComponent:63 - No mode defined for component null
2026-05-28 12:34:02,662 [WARN] ModelIntegratedComponent:63 - No mode defined for component null
2026-05-28 12:34:02,662 [WARN] ModelIntegratedComponent:63 - No mode defined for component null
2026-05-28 12:34:02,662 [WARN] ModelIntegratedComponent:63 - No mode defined for component null
2026-05-28 12:34:02,662 [WARN] ModelIntegratedComponent:63 - No mode defined for component null
2026-05-28 12:34:02,662 [WARN] ModelIntegratedComponent:63 - No mode defined for component null
2026-05-28 12:34:02,662 [WARN] ModelIntegratedComponent:63 - No mode defined for component null
2026-05-28 12:34:02,662 [WARN] ModelIntegratedComponent:63 - No mode defined for component null
2026-05-28 12:34:02,662 [WARN] ModelIntegratedComponent:63 - No mode defined for component null
2026-05-28 12:34:02,662 [WARN] ModelIntegratedComponent:63 - No mode defined for component null
2026-05-28 12:34:02,663 [WARN] ModelPack:524 - Component already loaded: STMicroelectronics:HAL Drivers:0.0.0:STMicroelectronics:Device:STMicro_Driver:XSPI:HAL::0.0.1:HAL_XSPI
2026-05-28 12:34:02,743 [INFO] ThirdPartyModel:298 - Start build external matchings
2026-05-28 12:34:02,968 [INFO] ThirdPartyModel:316 - End build external matchings
2026-05-28 12:34:05,161 [INFO] ApiDb:581 - Connected to CubeFinder SQLite database (/Users/cristianpetramale/.stmcufinder/plugins/mcufinder/mcu/cube-finder-db.db)
2026-05-28 12:34:05,206 [INFO] ApiDb:668 - CubeFinder database Data Model version=2.1
2026-05-28 12:34:05,206 [INFO] ApiDb:669 - CubeFinder database Configuration version=3.0.42
2026-05-28 12:34:05,207 [INFO] ApiDb:670 - CubeFinder database generation date=2026-03-11 (1773229989)
2026-05-28 12:34:05,207 [INFO] ApiDb:671 - CubeFinder database FW Pack versions=[FP-ATR-ASTRA1_V2.0.0, FP-SNS-FLIGHT1_V5.1.0, FP-SNS-MOTENV1_V5.1.0, FP-SNS-MOTENVWB1_V1.5.0, FP-SNS-SMARTAG2_V1.2.0, FP-SNS-STBOX1_V2.1.0, STM32Cube_FW_C0_V1.4.0, STM32Cube_FW_F4_V1.28.3, STM32Cube_FW_F7_V1.17.4, STM32Cube_FW_G0_V1.6.3, STM32Cube_FW_G4_V1.6.2, STM32Cube_FW_H5_V1.6.0, STM32Cube_FW_H7RS_V1.3.0, STM32Cube_FW_H7_V1.13.0, STM32Cube_FW_L0_V1.12.2, STM32Cube_FW_L4_V1.18.2, STM32Cube_FW_L5_V1.6.0, STM32Cube_FW_N6_V1.3.0, STM32Cube_FW_U0_V1.3.0, STM32Cube_FW_U3_V1.3.0, STM32Cube_FW_U5_V1.8.0, STM32Cube_FW_WB0_V1.4.0, STM32Cube_FW_WBA_V1.9.0, STM32Cube_FW_WB_V1.24.0, STM32Cube_FW_WL3_V1.4.0, STM32Cube_FW_WL_V1.5.0, X-CUBE-ALGOBUILD_V1.4.0, X-CUBE-ALS_V1.0.2, X-CUBE-AZRTOS-F4_V1.1.0, X-CUBE-AZRTOS-F7_V1.1.0, X-CUBE-AZRTOS-G0_V1.1.0, X-CUBE-AZRTOS-G4_V2.0.0, X-CUBE-AZRTOS-H7RS_V1.1.0, X-CUBE-AZRTOS-H7_V3.4.0, X-CUBE-AZRTOS-L4_V2.0.0, X-CUBE-AZRTOS-L5_V2.0.0, X-CUBE-AZRTOS-WB_V2.0.0, X-CUBE-AZRTOS-WL_V2.0.0, X-CUBE-BLE1_V7.1.0, X-CUBE-BLE2_V3.3.0, X-CUBE-BLEMGR_V4.1.0, X-CUBE-EEPRMA1_V5.2.0, X-CUBE-FREERTOS_V1.5.0, X-CUBE-GNSS1_V6.0.0, X-CUBE-MEMS1_V12.0.0, X-CUBE-NFC4_V3.0.0, X-CUBE-NFC7_V2.0.0, X-CUBE-SFXS2LP1_V4.0.0, X-CUBE-ST67W61_V1.2.0, X-CUBE-SUBG2_V5.0.0, X-CUBE-TOF1_V3.4.3]
2026-05-28 12:34:05,269 [INFO] DbBoardsSqlite:226 - include board P-NUCLEO-WB55-NUCLEO as a kit item of type 'Nucleo-64'
2026-05-28 12:34:05,270 [INFO] DbBoardsSqlite:226 - include board P-NUCLEO-WB55-USBDONGLE as a kit item of type 'Nucleo USB Dongle'
2026-05-28 12:34:05,270 [INFO] DbBoardsSqlite:226 - include board STEVAL-IDP005V1 as a kit item of type 'Evaluation Board'
2026-05-28 12:34:05,271 [INFO] DbBoardsSqlite:226 - include board STEVAL-IDP005V2 as a kit item of type 'Evaluation Board'
2026-05-28 12:34:05,364 [INFO] ApiDb:240 - Found 880 in-development CPN: [B-G473E-ZEST1S, B-WB1M-WPAN1, B-WBA5M-WPAN, B-WL5M-SUBG1, NUCLEO-C031C6, NUCLEO-C051C8, NUCLEO-C071RB, NUCLEO-C092RC, NUCLEO-H503RB, NUCLEO-H533RE, NUCLEO-H563ZI, NUCLEO-H7S3L8, NUCLEO-N657X0-Q, NUCLEO-U031R8, NUCLEO-U083RC, NUCLEO-U385RG-Q, NUCLEO-U545RE-Q, NUCLEO-U5A5ZJ-Q, NUCLEO-WB05KZ, NUCLEO-WB07CC, NUCLEO-WB09KE, NUCLEO-WBA52CG, NUCLEO-WBA55CG, NUCLEO-WL33CC1, NUCLEO-WL33CC2, STEVAL-PROTEUS1, STEVAL-SMARTAG2, STEVAL-STWINBX1, STM320518-EVAL, STM32C0116-DK, STM32C011D6Y3TR, STM32C011D6Y6TR, STM32C011F4P3, STM32C011F4P6, STM32C011F4U3, STM32C011F4U6TR, STM32C011F6P3, STM32C011F6P6, STM32C011F6U3, STM32C011F6U6TR, STM32C011J4M3, STM32C011J4M6, STM32C011J6M3, STM32C011J6M6, STM32C0316-DK, STM32C031C4T3, STM32C031C4T6, STM32C031C4U3, STM32C031C4U6, STM32C031C6T3, STM32C031C6T6, STM32C031C6U3, STM32C031C6U6, STM32C031F4P3, STM32C031F4P6, STM32C031F6P3, STM32C031F6P6, STM32C031G4U3, STM32C031G4U6, STM32C031G6U3, STM32C031G6U6, STM32C031K4T3, STM32C031K4T6, STM32C031K4U3, STM32C031K4U6, STM32C031K6T3, STM32C031K6T6, STM32C031K6U3, STM32C031K6U6, STM32C051C6T6, STM32C051C6U6, STM32C051C8T6, STM32C051C8U6, STM32C051D8Y6TR, STM32C051F6P6, STM32C051F8P6, STM32C051G6U6, STM32C051G8U6, STM32C051K6T6, STM32C051K6U6, STM32C051K8T6, STM32C071C8T6, STM32C071C8T6N, STM32C071C8U6, STM32C071C8U6N, STM32C071CBT6, STM32C071CBT6N, STM32C071CBU6, STM32C071CBU6N, STM32C071F8P6, STM32C071F8P6N, STM32C071FBP6, STM32C071FBP6N, STM32C071FBY6TR, STM32C071G8U6, STM32C071G8U6N, STM32C071GBU6, STM32C071GBU6N, STM32C071K8T6, STM32C071K8T6N, STM32C071K8U6, STM32C071K8U6N, STM32C071KBT6, STM32C071KBT6N, STM32C071KBU6, STM32C071KBU6N, STM32C071R8T6, STM32C071R8T6N, STM32C071RBI6N, STM32C071RBT6, STM32C071RBT6N, STM32C091CBT6, STM32C091CBU6, STM32C091CCT6, STM32C091CCU6, STM32C091ECY6TR, STM32C091FBP6, STM32C091FCP6, STM32C091GBU6, STM32C091GCU6, STM32C091KBT6, STM32C091KBU6, STM32C091KCT6, STM32C091KCU6, STM32C091RBT6, STM32C091RCI6, STM32C091RCT6, STM32C092CBT6, STM32C092CBU6, STM32C092CCT6, STM32C092CCU6, STM32C092ECY6TR, STM32C092FBP6, STM32C092FCP6, STM32C092GBU6, STM32C092GCU6, STM32C092KBT6, STM32C092KBU6, STM32C092KCT6, STM32C092KCU6, STM32C092RBT6, STM32C092RCI6, STM32C092RCT6, STM32G071K8TXN, STM32G071K8UXN, STM32G081GBU6N, STM32G081KBT6N, STM32G081KBUXN, STM32G0B1CCT6N, STM32G0B1KCT6, STM32G0B1NEY6TR, STM32G0B1RCT6N, STM32G0C1CCT6, STM32G0C1CCT6N, STM32G0C1CCU6N, STM32G0C1CET6N, STM32G0C1CEU6N, STM32G0C1KCT6, STM32G0C1NEY6TR, STM32G0C1RCI6N, STM32G0C1RCT6N, STM32G0C1REI6N, STM32G0C1RET6N, STM32G0C1VCI6, STM32G0C1VEI6, STM32G411C6T3, STM32G411C6T6, STM32G411C6U3, STM32G411C6U6, STM32G411C8T3, STM32G411C8T6, STM32G411C8U3, STM32G411C8U6, STM32G411CBT3, STM32G411CBT6, STM32G411CBU3, STM32G411CBU6, STM32G411K6T3, STM32G411K6T6, STM32G411K6U3, STM32G411K6U6, STM32G411K8T3, STM32G411K8T6, STM32G411K8U3, STM32G411K8U6, STM32G411KBT3, STM32G411KBT6, STM32G411KBU3, STM32G411KBU6, STM32G411M6T3, STM32G411M6T6, STM32G411M8T3, STM32G411M8T6, STM32G411MBT3, STM32G411MBT6, STM32G411R6T3, STM32G411R6T6, STM32G411R8T3, STM32G411R8T6, STM32G411RBT3, STM32G411RBT6, STM32G414CBT3, STM32G414CBT6, STM32G414CBU3, STM32G414CBU6, STM32G414CCT3, STM32G414CCT6, STM32G414CCU3, STM32G414CCU6, STM32G414MBT3, STM32G414MBT6, STM32G414MCT3, STM32G414MCT6, STM32G414RBT3, STM32G414RBT6, STM32G414RCT3, STM32G414RCT6, STM32G414VBT3, STM32G414VBT6, STM32G414VCT3, STM32G414VCT6, STM32G431CBT3Z, STM32G431RBT3Z, STM32G471CCT6, STM32G471CCU6, STM32G471CET3, STM32G471CET6, STM32G471CEU3, STM32G471CEU6, STM32G471MCT6, STM32G471MET3, STM32G471MET6, STM32G471MEY6TR, STM32G471QCT6, STM32G471QET3, STM32G471RCT6, STM32G471RET3, STM32G471RET6, STM32G471VCH6, STM32G471VCI6, STM32G471VCT6, STM32G471VEH3, STM32G471VEH6, STM32G471VEI3, STM32G471VEI6, STM32G471VET3, STM32G471VET6, STM32G473QET3Z, STM32G473RET3Z, STM32G474CCT6, STM32G491RET3Z, STM32H503CBT6, STM32H503CBU6, STM32H503EBY6TR, STM32H503KBU6, STM32H503RBT6, STM32H523CCT6, STM32H523CCU6, STM32H523CET6, STM32H523CEU6, STM32H523HEY6TR, STM32H523RCT6, STM32H523RET6, STM32H523VCI6, STM32H523VCT6, STM32H523VEI6, STM32H523VET6, STM32H523ZCJ6, STM32H523ZCT6, STM32H523ZEJ6, STM32H523ZET6, STM32H533CET6, STM32H533CEU6, STM32H533HEY6TR, STM32H533RET6, STM32H533VEI6, STM32H533VET6, STM32H533ZEJ6, STM32H533ZET6, STM32H562AGI6, STM32H562AII6, STM32H562IGK6, STM32H562IGT6, STM32H562IIK6, STM32H562IIT6, STM32H562RGT6, STM32H562RGV6, STM32H562RIT6, STM32H562RIV6, STM32H562VGT6, STM32H562VIT6, STM32H562ZGT6, STM32H562ZIT6, STM32H563AGI6, STM32H563AII3Q, STM32H563AII6, STM32H563IGK6, STM32H563IGT6, STM32H563IIK3Q, STM32H563IIK6, STM32H563IIT3Q, STM32H563IIT6, STM32H563MIY3QTR, STM32H563RGT6, STM32H563RGV6, STM32H563RIT6, STM32H563RIV6, STM32H563VGT6, STM32H563VIT3Q, STM32H563VIT6, STM32H563ZGT6, STM32H563ZIT3Q, STM32H563ZIT6, STM32H573AII3Q, STM32H573AII6, STM32H573I-DK, STM32H573IIK3Q, STM32H573IIK6, STM32H573IIT3Q, STM32H573IIT6, STM32H573MIY3QTR, STM32H573RIT6, STM32H573RIV6, STM32H573VIT3Q, STM32H573VIT6, STM32H573ZIT3Q, STM32H573ZIT6, STM32H7R3A8I6, STM32H7R3I8K6, STM32H7R3I8T6, STM32H7R3L8H6, STM32H7R3L8H6H, STM32H7R3R8V6, STM32H7R3V8H6, STM32H7R3V8T6, STM32H7R3V8Y6TR, STM32H7R3Z8J6, STM32H7R3Z8T6, STM32H7R7A8I6, STM32H7R7I8K6, STM32H7R7I8T6, STM32H7R7L8H6, STM32H7R7L8H6H, STM32H7R7Z8J6, STM32H7S3A8I6, STM32H7S3I8K6, STM32H7S3I8T6, STM32H7S3L8H6, STM32H7S3L8H6H, STM32H7S3R8V6, STM32H7S3V8H6, STM32H7S3V8T6, STM32H7S3V8Y6TR, STM32H7S3Z8J6, STM32H7S3Z8T6, STM32H7S78-DK, STM32H7S7A8I6, STM32H7S7I8K6, STM32H7S7I8T6, STM32H7S7L8H6, STM32H7S7L8H6H, STM32H7S7Z8J6, STM32L4R5QGI6STR, STM32MP131AAE3, STM32MP131AAF3, STM32MP131AAG3, STM32MP131CAE3, STM32MP131CAF3, STM32MP131CAG3, STM32MP131DAE7, STM32MP131DAF7, STM32MP131DAG7, STM32MP131FAE7, STM32MP131FAF7, STM32MP131FAG7, STM32MP133AAE3, STM32MP133AAF3, STM32MP133AAG3, STM32MP133CAE3, STM32MP133CAF3, STM32MP133CAG3, STM32MP133DAE7, STM32MP133DAF7, STM32MP133DAG7, STM32MP133FAE7, STM32MP133FAF7, STM32MP133FAG7, STM32MP135AAE3, STM32MP135AAF3, STM32MP135AAG3, STM32MP135CAE3, STM32MP135CAF3, STM32MP135CAG3, STM32MP135DAE7, STM32MP135DAF7, STM32MP135DAG7, STM32MP135F-DK, STM32MP135FAE7, STM32MP135FAF7, STM32MP135FAF7T, STM32MP135FAF7U, STM32MP135FAG7, STM32MP211AAL3, STM32MP211AAM3, STM32MP211AAN3, STM32MP211AAO3, STM32MP211CAL3, STM32MP211CAM3, STM32MP211CAN3, STM32MP211CAO3, STM32MP211DAL3, STM32MP211DAM3, STM32MP211DAN3, STM32MP211DAO3, STM32MP211FAL3, STM32MP211FAM3, STM32MP211FAN3, STM32MP211FAO3, STM32MP213AAL3, STM32MP213AAM3, STM32MP213AAN3, STM32MP213AAO3, STM32MP213CAL3, STM32MP213CAM3, STM32MP213CAN3, STM32MP213CAO3, STM32MP213DAL3, STM32MP213DAM3, STM32MP213DAN3, STM32MP213DAO3, STM32MP213FAL3, STM32MP213FAM3, STM32MP213FAN3, STM32MP213FAO3, STM32MP215AAL3, STM32MP215AAM3, STM32MP215AAN3, STM32MP215AAO3, STM32MP215CAL3, STM32MP215CAM3, STM32MP215CAN3, STM32MP215CAO3, STM32MP215DAL3, STM32MP215DAM3, STM32MP215DAN3, STM32MP215DAO3, STM32MP215F-DK, STM32MP215FAL3, STM32MP215FAM3, STM32MP215FAN3, STM32MP215FAO3, STM32MP231AAJ3, STM32MP231AAK3, STM32MP231AAL3, STM32MP231CAJ3, STM32MP231CAK3, STM32MP231CAL3, STM32MP231DAJ3, STM32MP231DAK3, STM32MP231DAL3, STM32MP231FAJ3, STM32MP231FAK3, STM32MP231FAL3, STM32MP233AAJ3, STM32MP233AAK3, STM32MP233AAL3, STM32MP233CAJ3, STM32MP233CAK3, STM32MP233CAL3, STM32MP233DAJ3, STM32MP233DAK3, STM32MP233DAL3, STM32MP233FAJ3, STM32MP233FAK3, STM32MP233FAL3, STM32MP235AAJ3, STM32MP235AAK3, STM32MP235AAL3, STM32MP235CAJ3, STM32MP235CAK3, STM32MP235CAL3, STM32MP235DAJ3, STM32MP235DAK3, STM32MP235DAL3, STM32MP235FAJ3, STM32MP235FAK3, STM32MP235FAL3, STM32MP251AAI3, STM32MP251AAK3, STM32MP251AAL3, STM32MP251CAI3, STM32MP251CAK3, STM32MP251CAL3, STM32MP251DAI3, STM32MP251DAK3, STM32MP251DAL3, STM32MP251FAI3, STM32MP251FAK3, STM32MP251FAL3, STM32MP253AAI3, STM32MP253AAK3, STM32MP253AAL3, STM32MP253CAI3, STM32MP253CAK3, STM32MP253CAL3, STM32MP253DAI3, STM32MP253DAK3, STM32MP253DAL3, STM32MP253FAI3, STM32MP253FAK3, STM32MP253FAL3, STM32MP255AAI3, STM32MP255AAK3, STM32MP255AAL3, STM32MP255CAI3, STM32MP255CAK3, STM32MP255CAL3, STM32MP255DAI3, STM32MP255DAK3, STM32MP255DAL3, STM32MP255FAI3, STM32MP255FAK3, STM32MP255FAL3, STM32MP257AAI3, STM32MP257AAK3, STM32MP257AAL3, STM32MP257CAI3, STM32MP257CAK3, STM32MP257CAL3, STM32MP257DAI3, STM32MP257DAK3, STM32MP257DAL3, STM32MP257F-DK, STM32MP257F-EV1, STM32MP257FAI3, STM32MP257FAK3, STM32MP257FAL3, STM32N645A0H3Q, STM32N645B0H3Q, STM32N645I0H3Q, STM32N645L0H3Q, STM32N645X0H3Q, STM32N645Z0H3Q, STM32N647A0H3Q, STM32N647B0H3Q, STM32N647I0H3Q, STM32N647L0H3Q, STM32N647X0H3Q, STM32N647Z0H3Q, STM32N655A0H3Q, STM32N655B0H3Q, STM32N655I0H3Q, STM32N655L0H3Q, STM32N655X0H3Q, STM32N655Z0H3Q, STM32N6570-DK, STM32N657A0H3Q, STM32N657B0H3Q, STM32N657I0H3Q, STM32N657L0H3Q, STM32N657X0H3Q, STM32N657Z0H3Q, STM32U031C6T6, STM32U031C6U6, STM32U031C8T6, STM32U031C8U6, STM32U031F4P6, STM32U031F6P6, STM32U031F8P6, STM32U031G6Y6TR, STM32U031G8Y6TR, STM32U031K4U6, STM32U031K6U6, STM32U031K8U6, STM32U031R6I6, STM32U031R6T6, STM32U031R8I6, STM32U031R8T6, STM32U073C8T6, STM32U073C8U6, STM32U073CBT6, STM32U073CBU6, STM32U073CCT6, STM32U073CCU6, STM32U073H8Y6TR, STM32U073HBY6TR, STM32U073HCY6TR, STM32U073K8U6, STM32U073KBU6, STM32U073KCU6, STM32U073M8I6, STM32U073M8T6, STM32U073MBI6, STM32U073MBT6, STM32U073MCI6, STM32U073MCT6, STM32U073R8I6, STM32U073R8T6, STM32U073RBI6, STM32U073RBT6, STM32U073RCI6, STM32U073RCT6, STM32U083C-DK, STM32U083CCT6, STM32U083CCU6, STM32U083HCY6TR, STM32U083KCU6, STM32U083MCI6, STM32U083MCT6, STM32U083RCI6, STM32U083RCT6, STM32U375CET6, STM32U375CET6Q, STM32U375CEU6, STM32U375CEU6Q, STM32U375CEY6QTR, STM32U375CGT6, STM32U375CGT6Q, STM32U375CGU6, STM32U375CGU6Q, STM32U375CGY6QTR, STM32U375KEU6, STM32U375KGU6, STM32U375REI6, STM32U375REI6Q, STM32U375RET6, STM32U375RET6Q, STM32U375REY6GTR, STM32U375REY6QTR, STM32U375RGI6, STM32U375RGI6Q, STM32U375RGT6, STM32U375RGT6Q, STM32U375RGY6GTR, STM32U375RGY6QTR, STM32U375VEI6, STM32U375VEI6Q, STM32U375VET6, STM32U375VET6Q, STM32U375VGI6, STM32U375VGI6Q, STM32U375VGT6, STM32U375VGT6Q, STM32U385CGT6, STM32U385CGT6Q, STM32U385CGU6, STM32U385CGU6Q, STM32U385CGY6QTR, STM32U385KGU6, STM32U385RGI6, STM32U385RGI6Q, STM32U385RGT6, STM32U385RGT6Q, STM32U385RGY6GTR, STM32U385RGY6QTR, STM32U385VGI6, STM32U385VGI6Q, STM32U385VGT6, STM32U385VGT6Q, STM32U535CBT6, STM32U535CBT6Q, STM32U535CBU6, STM32U535CBU6Q, STM32U535CCT6, STM32U535CCT6Q, STM32U535CCU6, STM32U535CCU6Q, STM32U535CET6, STM32U535CET6Q, STM32U535CEU6, STM32U535CEU6Q, STM32U535JEY6QTR, STM32U535NCY6QTR, STM32U535NEY6QTR, STM32U535RBI6, STM32U535RBI6Q, STM32U535RBT6, STM32U535RBT6Q, STM32U535RCI6, STM32U535RCI6Q, STM32U535RCT6, STM32U535RCT6Q, STM32U535REI6, STM32U535REI6Q, STM32U535RET6, STM32U535RET6Q, STM32U535VCI6, STM32U535VCI6Q, STM32U535VCT6, STM32U535VCT6Q, STM32U535VEI6, STM32U535VEI6Q, STM32U535VET6, STM32U535VET6Q, STM32U545CET6, STM32U545CET6Q, STM32U545CEU6, STM32U545CEU6Q, STM32U545JEY6QTR, STM32U545NEY6QTR, STM32U545REI6, STM32U545REI6Q, STM32U545RET6, STM32U545RET6Q, STM32U545VEI6, STM32U545VEI6Q, STM32U545VET6, STM32U545VET6Q, STM32U595AIH6, STM32U595AIH6Q, STM32U595AJH6, STM32U595AJH6Q, STM32U595QII6, STM32U595QII6Q, STM32U595QJI6, STM32U595QJI6Q, STM32U595RIT6, STM32U595RIT6Q, STM32U595RJT6, STM32U595RJT6Q, STM32U595VIT6, STM32U595VIT6Q, STM32U595VJT6, STM32U595VJT6Q, STM32U595ZIT6, STM32U595ZIT6Q, STM32U595ZIY6QTR, STM32U595ZJT6, STM32U595ZJT6Q, STM32U595ZJY6QTR, STM32U599BJY6QTR, STM32U599NIH6Q, STM32U599NJH6Q, STM32U599VIT6Q, STM32U599VJT6, STM32U599VJT6Q, STM32U599ZIT6Q, STM32U599ZIY6QTR, STM32U599ZJT6Q, STM32U599ZJY6QTR, STM32U5A5AJH6, STM32U5A5AJH6Q, STM32U5A5QII3Q , STM32U5A5QJI6, STM32U5A5QJI6Q, STM32U5A5RJT6, STM32U5A5RJT6Q, STM32U5A5VJT6, STM32U5A5VJT6Q, STM32U5A5ZJT6, STM32U5A5ZJT6Q, STM32U5A5ZJY6QTR, STM32U5A9BJY6QTR, STM32U5A9J-DK, STM32U5A9NJH6Q, STM32U5A9VJT6Q, STM32U5A9ZJT6Q, STM32U5A9ZJY6QTR, STM32U5F7VIT6, STM32U5F7VIT6Q, STM32U5F7VJT6, STM32U5F7VJT6Q, STM32U5F9BJY6QTR, STM32U5F9NJH6Q, STM32U5F9VIT6Q, STM32U5F9VJT6Q, STM32U5F9ZIJ6QTR, STM32U5F9ZIT6Q, STM32U5F9ZJJ6QTR, STM32U5F9ZJT6Q, STM32U5G7VJT6, STM32U5G7VJT6Q, STM32U5G9BJY6QTR, STM32U5G9J-DK1, STM32U5G9J-DK2, STM32U5G9NJH6Q, STM32U5G9VJT6Q, STM32U5G9ZJJ6QTR, STM32U5G9ZJT6Q, STM32WB05KZV6TR, STM32WB05KZV7TR, STM32WB05TZF6TR, STM32WB05TZF7TR, STM32WB06CCF6TR, STM32WB06CCF7TR, STM32WB06CCV6TR, STM32WB06CCV7TR, STM32WB06KCV6TR, STM32WB06KCV7TR, STM32WB07CCF6TR, STM32WB07CCF7TR, STM32WB07CCV6TR, STM32WB07CCV7TR, STM32WB07KCV6TR, STM32WB07KCV7TR, STM32WB09KEV6TR, STM32WB09KEV7TR, STM32WB09TEF6TR, STM32WB09TEF7TR, STM32WB1MMCH6, STM32WBA50KGU6, STM32WBA50KGU6TR, STM32WBA52CEU6, STM32WBA52CEU6TR, STM32WBA52CEU7, STM32WBA52CEU7TR, STM32WBA52CGU6, STM32WBA52CGU6TR, STM32WBA52CGU6U, STM32WBA52CGU7, STM32WBA52CGU7TR, STM32WBA52KEU6, STM32WBA52KEU6TR, STM32WBA52KGU6, STM32WBA52KGU6TR, STM32WBA54CEU6, STM32WBA54CEU6TR, STM32WBA54CEU7, STM32WBA54CEU7TR, STM32WBA54CGU6, STM32WBA54CGU6TR, STM32WBA54CGU7, STM32WBA54CGU7TR, STM32WBA54KEU6, STM32WBA54KEU6TR, STM32WBA54KEU7, STM32WBA54KEU7TR, STM32WBA54KGU6, STM32WBA54KGU6TR, STM32WBA54KGU7, STM32WBA54KGU7TR, STM32WBA55CEU6, STM32WBA55CEU6TR, STM32WBA55CEU7, STM32WBA55CEU7TR, STM32WBA55CGU6, STM32WBA55CGU6TR, STM32WBA55CGU6U, STM32WBA55CGU7, STM32WBA55CGU7TR, STM32WBA55G-DK1, STM32WBA55HEF6, STM32WBA55HEF7, STM32WBA55HGF6, STM32WBA55HGF7, STM32WBA55UEI6, STM32WBA55UEI6TR, STM32WBA55UEI7, STM32WBA55UEI7TR, STM32WBA55UGI6, STM32WBA55UGI6TR, STM32WBA55UGI7, STM32WBA55UGI7TR, STM32WBA5MMGH6TR, STM32WBA62MGF6, STM32WBA62MIF6, STM32WBA65MGF7, STM32WBA65MIF6, STM32WBA65MIF7, STM32WL30K8V6, STM32WL30KBV6, STM32WL31C8V6, STM32WL31CBV6, STM32WL31K8V6, STM32WL31KBV6, STM32WL33C8V6, STM32WL33C8V6X, STM32WL33CBV6, STM32WL33CBV6X, STM32WL33CCV6, STM32WL33CCV6A, STM32WL33CCV6X, STM32WL33K8V7, STM32WL33K8V7X, STM32WL33KBV7 , STM32WL33KBV7X, STM32WL33KCV7, STM32WL33KCV7X, STM32WL5MOCH6, STM32WL5MOCH6TR]
2026-05-28 12:34:05,368 [INFO] ApiDb:668 - CubeFinder database Data Model version=2.1
2026-05-28 12:34:05,368 [INFO] ApiDb:669 - CubeFinder database Configuration version=3.0.42
2026-05-28 12:34:05,368 [INFO] ApiDb:670 - CubeFinder database generation date=2026-03-11 (1773229989)
2026-05-28 12:34:05,368 [INFO] ApiDb:671 - CubeFinder database FW Pack versions=[FP-ATR-ASTRA1_V2.0.0, FP-SNS-FLIGHT1_V5.1.0, FP-SNS-MOTENV1_V5.1.0, FP-SNS-MOTENVWB1_V1.5.0, FP-SNS-SMARTAG2_V1.2.0, FP-SNS-STBOX1_V2.1.0, STM32Cube_FW_C0_V1.4.0, STM32Cube_FW_F4_V1.28.3, STM32Cube_FW_F7_V1.17.4, STM32Cube_FW_G0_V1.6.3, STM32Cube_FW_G4_V1.6.2, STM32Cube_FW_H5_V1.6.0, STM32Cube_FW_H7RS_V1.3.0, STM32Cube_FW_H7_V1.13.0, STM32Cube_FW_L0_V1.12.2, STM32Cube_FW_L4_V1.18.2, STM32Cube_FW_L5_V1.6.0, STM32Cube_FW_N6_V1.3.0, STM32Cube_FW_U0_V1.3.0, STM32Cube_FW_U3_V1.3.0, STM32Cube_FW_U5_V1.8.0, STM32Cube_FW_WB0_V1.4.0, STM32Cube_FW_WBA_V1.9.0, STM32Cube_FW_WB_V1.24.0, STM32Cube_FW_WL3_V1.4.0, STM32Cube_FW_WL_V1.5.0, X-CUBE-ALGOBUILD_V1.4.0, X-CUBE-ALS_V1.0.2, X-CUBE-AZRTOS-F4_V1.1.0, X-CUBE-AZRTOS-F7_V1.1.0, X-CUBE-AZRTOS-G0_V1.1.0, X-CUBE-AZRTOS-G4_V2.0.0, X-CUBE-AZRTOS-H7RS_V1.1.0, X-CUBE-AZRTOS-H7_V3.4.0, X-CUBE-AZRTOS-L4_V2.0.0, X-CUBE-AZRTOS-L5_V2.0.0, X-CUBE-AZRTOS-WB_V2.0.0, X-CUBE-AZRTOS-WL_V2.0.0, X-CUBE-BLE1_V7.1.0, X-CUBE-BLE2_V3.3.0, X-CUBE-BLEMGR_V4.1.0, X-CUBE-EEPRMA1_V5.2.0, X-CUBE-FREERTOS_V1.5.0, X-CUBE-GNSS1_V6.0.0, X-CUBE-MEMS1_V12.0.0, X-CUBE-NFC4_V3.0.0, X-CUBE-NFC7_V2.0.0, X-CUBE-SFXS2LP1_V4.0.0, X-CUBE-ST67W61_V1.2.0, X-CUBE-SUBG2_V5.0.0, X-CUBE-TOF1_V3.4.3]
2026-05-28 12:34:06,595 [INFO] ApiDb:240 - Found 880 in-development CPN: [B-G473E-ZEST1S, B-WB1M-WPAN1, B-WBA5M-WPAN, B-WL5M-SUBG1, NUCLEO-C031C6, NUCLEO-C051C8, NUCLEO-C071RB, NUCLEO-C092RC, NUCLEO-H503RB, NUCLEO-H533RE, NUCLEO-H563ZI, NUCLEO-H7S3L8, NUCLEO-N657X0-Q, NUCLEO-U031R8, NUCLEO-U083RC, NUCLEO-U385RG-Q, NUCLEO-U545RE-Q, NUCLEO-U5A5ZJ-Q, NUCLEO-WB05KZ, NUCLEO-WB07CC, NUCLEO-WB09KE, NUCLEO-WBA52CG, NUCLEO-WBA55CG, NUCLEO-WL33CC1, NUCLEO-WL33CC2, STEVAL-PROTEUS1, STEVAL-SMARTAG2, STEVAL-STWINBX1, STM320518-EVAL, STM32C0116-DK, STM32C011D6Y3TR, STM32C011D6Y6TR, STM32C011F4P3, STM32C011F4P6, STM32C011F4U3, STM32C011F4U6TR, STM32C011F6P3, STM32C011F6P6, STM32C011F6U3, STM32C011F6U6TR, STM32C011J4M3, STM32C011J4M6, STM32C011J6M3, STM32C011J6M6, STM32C0316-DK, STM32C031C4T3, STM32C031C4T6, STM32C031C4U3, STM32C031C4U6, STM32C031C6T3, STM32C031C6T6, STM32C031C6U3, STM32C031C6U6, STM32C031F4P3, STM32C031F4P6, STM32C031F6P3, STM32C031F6P6, STM32C031G4U3, STM32C031G4U6, STM32C031G6U3, STM32C031G6U6, STM32C031K4T3, STM32C031K4T6, STM32C031K4U3, STM32C031K4U6, STM32C031K6T3, STM32C031K6T6, STM32C031K6U3, STM32C031K6U6, STM32C051C6T6, STM32C051C6U6, STM32C051C8T6, STM32C051C8U6, STM32C051D8Y6TR, STM32C051F6P6, STM32C051F8P6, STM32C051G6U6, STM32C051G8U6, STM32C051K6T6, STM32C051K6U6, STM32C051K8T6, STM32C071C8T6, STM32C071C8T6N, STM32C071C8U6, STM32C071C8U6N, STM32C071CBT6, STM32C071CBT6N, STM32C071CBU6, STM32C071CBU6N, STM32C071F8P6, STM32C071F8P6N, STM32C071FBP6, STM32C071FBP6N, STM32C071FBY6TR, STM32C071G8U6, STM32C071G8U6N, STM32C071GBU6, STM32C071GBU6N, STM32C071K8T6, STM32C071K8T6N, STM32C071K8U6, STM32C071K8U6N, STM32C071KBT6, STM32C071KBT6N, STM32C071KBU6, STM32C071KBU6N, STM32C071R8T6, STM32C071R8T6N, STM32C071RBI6N, STM32C071RBT6, STM32C071RBT6N, STM32C091CBT6, STM32C091CBU6, STM32C091CCT6, STM32C091CCU6, STM32C091ECY6TR, STM32C091FBP6, STM32C091FCP6, STM32C091GBU6, STM32C091GCU6, STM32C091KBT6, STM32C091KBU6, STM32C091KCT6, STM32C091KCU6, STM32C091RBT6, STM32C091RCI6, STM32C091RCT6, STM32C092CBT6, STM32C092CBU6, STM32C092CCT6, STM32C092CCU6, STM32C092ECY6TR, STM32C092FBP6, STM32C092FCP6, STM32C092GBU6, STM32C092GCU6, STM32C092KBT6, STM32C092KBU6, STM32C092KCT6, STM32C092KCU6, STM32C092RBT6, STM32C092RCI6, STM32C092RCT6, STM32G071K8TXN, STM32G071K8UXN, STM32G081GBU6N, STM32G081KBT6N, STM32G081KBUXN, STM32G0B1CCT6N, STM32G0B1KCT6, STM32G0B1NEY6TR, STM32G0B1RCT6N, STM32G0C1CCT6, STM32G0C1CCT6N, STM32G0C1CCU6N, STM32G0C1CET6N, STM32G0C1CEU6N, STM32G0C1KCT6, STM32G0C1NEY6TR, STM32G0C1RCI6N, STM32G0C1RCT6N, STM32G0C1REI6N, STM32G0C1RET6N, STM32G0C1VCI6, STM32G0C1VEI6, STM32G411C6T3, STM32G411C6T6, STM32G411C6U3, STM32G411C6U6, STM32G411C8T3, STM32G411C8T6, STM32G411C8U3, STM32G411C8U6, STM32G411CBT3, STM32G411CBT6, STM32G411CBU3, STM32G411CBU6, STM32G411K6T3, STM32G411K6T6, STM32G411K6U3, STM32G411K6U6, STM32G411K8T3, STM32G411K8T6, STM32G411K8U3, STM32G411K8U6, STM32G411KBT3, STM32G411KBT6, STM32G411KBU3, STM32G411KBU6, STM32G411M6T3, STM32G411M6T6, STM32G411M8T3, STM32G411M8T6, STM32G411MBT3, STM32G411MBT6, STM32G411R6T3, STM32G411R6T6, STM32G411R8T3, STM32G411R8T6, STM32G411RBT3, STM32G411RBT6, STM32G414CBT3, STM32G414CBT6, STM32G414CBU3, STM32G414CBU6, STM32G414CCT3, STM32G414CCT6, STM32G414CCU3, STM32G414CCU6, STM32G414MBT3, STM32G414MBT6, STM32G414MCT3, STM32G414MCT6, STM32G414RBT3, STM32G414RBT6, STM32G414RCT3, STM32G414RCT6, STM32G414VBT3, STM32G414VBT6, STM32G414VCT3, STM32G414VCT6, STM32G431CBT3Z, STM32G431RBT3Z, STM32G471CCT6, STM32G471CCU6, STM32G471CET3, STM32G471CET6, STM32G471CEU3, STM32G471CEU6, STM32G471MCT6, STM32G471MET3, STM32G471MET6, STM32G471MEY6TR, STM32G471QCT6, STM32G471QET3, STM32G471RCT6, STM32G471RET3, STM32G471RET6, STM32G471VCH6, STM32G471VCI6, STM32G471VCT6, STM32G471VEH3, STM32G471VEH6, STM32G471VEI3, STM32G471VEI6, STM32G471VET3, STM32G471VET6, STM32G473QET3Z, STM32G473RET3Z, STM32G474CCT6, STM32G491RET3Z, STM32H503CBT6, STM32H503CBU6, STM32H503EBY6TR, STM32H503KBU6, STM32H503RBT6, STM32H523CCT6, STM32H523CCU6, STM32H523CET6, STM32H523CEU6, STM32H523HEY6TR, STM32H523RCT6, STM32H523RET6, STM32H523VCI6, STM32H523VCT6, STM32H523VEI6, STM32H523VET6, STM32H523ZCJ6, STM32H523ZCT6, STM32H523ZEJ6, STM32H523ZET6, STM32H533CET6, STM32H533CEU6, STM32H533HEY6TR, STM32H533RET6, STM32H533VEI6, STM32H533VET6, STM32H533ZEJ6, STM32H533ZET6, STM32H562AGI6, STM32H562AII6, STM32H562IGK6, STM32H562IGT6, STM32H562IIK6, STM32H562IIT6, STM32H562RGT6, STM32H562RGV6, STM32H562RIT6, STM32H562RIV6, STM32H562VGT6, STM32H562VIT6, STM32H562ZGT6, STM32H562ZIT6, STM32H563AGI6, STM32H563AII3Q, STM32H563AII6, STM32H563IGK6, STM32H563IGT6, STM32H563IIK3Q, STM32H563IIK6, STM32H563IIT3Q, STM32H563IIT6, STM32H563MIY3QTR, STM32H563RGT6, STM32H563RGV6, STM32H563RIT6, STM32H563RIV6, STM32H563VGT6, STM32H563VIT3Q, STM32H563VIT6, STM32H563ZGT6, STM32H563ZIT3Q, STM32H563ZIT6, STM32H573AII3Q, STM32H573AII6, STM32H573I-DK, STM32H573IIK3Q, STM32H573IIK6, STM32H573IIT3Q, STM32H573IIT6, STM32H573MIY3QTR, STM32H573RIT6, STM32H573RIV6, STM32H573VIT3Q, STM32H573VIT6, STM32H573ZIT3Q, STM32H573ZIT6, STM32H7R3A8I6, STM32H7R3I8K6, STM32H7R3I8T6, STM32H7R3L8H6, STM32H7R3L8H6H, STM32H7R3R8V6, STM32H7R3V8H6, STM32H7R3V8T6, STM32H7R3V8Y6TR, STM32H7R3Z8J6, STM32H7R3Z8T6, STM32H7R7A8I6, STM32H7R7I8K6, STM32H7R7I8T6, STM32H7R7L8H6, STM32H7R7L8H6H, STM32H7R7Z8J6, STM32H7S3A8I6, STM32H7S3I8K6, STM32H7S3I8T6, STM32H7S3L8H6, STM32H7S3L8H6H, STM32H7S3R8V6, STM32H7S3V8H6, STM32H7S3V8T6, STM32H7S3V8Y6TR, STM32H7S3Z8J6, STM32H7S3Z8T6, STM32H7S78-DK, STM32H7S7A8I6, STM32H7S7I8K6, STM32H7S7I8T6, STM32H7S7L8H6, STM32H7S7L8H6H, STM32H7S7Z8J6, STM32L4R5QGI6STR, STM32MP131AAE3, STM32MP131AAF3, STM32MP131AAG3, STM32MP131CAE3, STM32MP131CAF3, STM32MP131CAG3, STM32MP131DAE7, STM32MP131DAF7, STM32MP131DAG7, STM32MP131FAE7, STM32MP131FAF7, STM32MP131FAG7, STM32MP133AAE3, STM32MP133AAF3, STM32MP133AAG3, STM32MP133CAE3, STM32MP133CAF3, STM32MP133CAG3, STM32MP133DAE7, STM32MP133DAF7, STM32MP133DAG7, STM32MP133FAE7, STM32MP133FAF7, STM32MP133FAG7, STM32MP135AAE3, STM32MP135AAF3, STM32MP135AAG3, STM32MP135CAE3, STM32MP135CAF3, STM32MP135CAG3, STM32MP135DAE7, STM32MP135DAF7, STM32MP135DAG7, STM32MP135F-DK, STM32MP135FAE7, STM32MP135FAF7, STM32MP135FAF7T, STM32MP135FAF7U, STM32MP135FAG7, STM32MP211AAL3, STM32MP211AAM3, STM32MP211AAN3, STM32MP211AAO3, STM32MP211CAL3, STM32MP211CAM3, STM32MP211CAN3, STM32MP211CAO3, STM32MP211DAL3, STM32MP211DAM3, STM32MP211DAN3, STM32MP211DAO3, STM32MP211FAL3, STM32MP211FAM3, STM32MP211FAN3, STM32MP211FAO3, STM32MP213AAL3, STM32MP213AAM3, STM32MP213AAN3, STM32MP213AAO3, STM32MP213CAL3, STM32MP213CAM3, STM32MP213CAN3, STM32MP213CAO3, STM32MP213DAL3, STM32MP213DAM3, STM32MP213DAN3, STM32MP213DAO3, STM32MP213FAL3, STM32MP213FAM3, STM32MP213FAN3, STM32MP213FAO3, STM32MP215AAL3, STM32MP215AAM3, STM32MP215AAN3, STM32MP215AAO3, STM32MP215CAL3, STM32MP215CAM3, STM32MP215CAN3, STM32MP215CAO3, STM32MP215DAL3, STM32MP215DAM3, STM32MP215DAN3, STM32MP215DAO3, STM32MP215F-DK, STM32MP215FAL3, STM32MP215FAM3, STM32MP215FAN3, STM32MP215FAO3, STM32MP231AAJ3, STM32MP231AAK3, STM32MP231AAL3, STM32MP231CAJ3, STM32MP231CAK3, STM32MP231CAL3, STM32MP231DAJ3, STM32MP231DAK3, STM32MP231DAL3, STM32MP231FAJ3, STM32MP231FAK3, STM32MP231FAL3, STM32MP233AAJ3, STM32MP233AAK3, STM32MP233AAL3, STM32MP233CAJ3, STM32MP233CAK3, STM32MP233CAL3, STM32MP233DAJ3, STM32MP233DAK3, STM32MP233DAL3, STM32MP233FAJ3, STM32MP233FAK3, STM32MP233FAL3, STM32MP235AAJ3, STM32MP235AAK3, STM32MP235AAL3, STM32MP235CAJ3, STM32MP235CAK3, STM32MP235CAL3, STM32MP235DAJ3, STM32MP235DAK3, STM32MP235DAL3, STM32MP235FAJ3, STM32MP235FAK3, STM32MP235FAL3, STM32MP251AAI3, STM32MP251AAK3, STM32MP251AAL3, STM32MP251CAI3, STM32MP251CAK3, STM32MP251CAL3, STM32MP251DAI3, STM32MP251DAK3, STM32MP251DAL3, STM32MP251FAI3, STM32MP251FAK3, STM32MP251FAL3, STM32MP253AAI3, STM32MP253AAK3, STM32MP253AAL3, STM32MP253CAI3, STM32MP253CAK3, STM32MP253CAL3, STM32MP253DAI3, STM32MP253DAK3, STM32MP253DAL3, STM32MP253FAI3, STM32MP253FAK3, STM32MP253FAL3, STM32MP255AAI3, STM32MP255AAK3, STM32MP255AAL3, STM32MP255CAI3, STM32MP255CAK3, STM32MP255CAL3, STM32MP255DAI3, STM32MP255DAK3, STM32MP255DAL3, STM32MP255FAI3, STM32MP255FAK3, STM32MP255FAL3, STM32MP257AAI3, STM32MP257AAK3, STM32MP257AAL3, STM32MP257CAI3, STM32MP257CAK3, STM32MP257CAL3, STM32MP257DAI3, STM32MP257DAK3, STM32MP257DAL3, STM32MP257F-DK, STM32MP257F-EV1, STM32MP257FAI3, STM32MP257FAK3, STM32MP257FAL3, STM32N645A0H3Q, STM32N645B0H3Q, STM32N645I0H3Q, STM32N645L0H3Q, STM32N645X0H3Q, STM32N645Z0H3Q, STM32N647A0H3Q, STM32N647B0H3Q, STM32N647I0H3Q, STM32N647L0H3Q, STM32N647X0H3Q, STM32N647Z0H3Q, STM32N655A0H3Q, STM32N655B0H3Q, STM32N655I0H3Q, STM32N655L0H3Q, STM32N655X0H3Q, STM32N655Z0H3Q, STM32N6570-DK, STM32N657A0H3Q, STM32N657B0H3Q, STM32N657I0H3Q, STM32N657L0H3Q, STM32N657X0H3Q, STM32N657Z0H3Q, STM32U031C6T6, STM32U031C6U6, STM32U031C8T6, STM32U031C8U6, STM32U031F4P6, STM32U031F6P6, STM32U031F8P6, STM32U031G6Y6TR, STM32U031G8Y6TR, STM32U031K4U6, STM32U031K6U6, STM32U031K8U6, STM32U031R6I6, STM32U031R6T6, STM32U031R8I6, STM32U031R8T6, STM32U073C8T6, STM32U073C8U6, STM32U073CBT6, STM32U073CBU6, STM32U073CCT6, STM32U073CCU6, STM32U073H8Y6TR, STM32U073HBY6TR, STM32U073HCY6TR, STM32U073K8U6, STM32U073KBU6, STM32U073KCU6, STM32U073M8I6, STM32U073M8T6, STM32U073MBI6, STM32U073MBT6, STM32U073MCI6, STM32U073MCT6, STM32U073R8I6, STM32U073R8T6, STM32U073RBI6, STM32U073RBT6, STM32U073RCI6, STM32U073RCT6, STM32U083C-DK, STM32U083CCT6, STM32U083CCU6, STM32U083HCY6TR, STM32U083KCU6, STM32U083MCI6, STM32U083MCT6, STM32U083RCI6, STM32U083RCT6, STM32U375CET6, STM32U375CET6Q, STM32U375CEU6, STM32U375CEU6Q, STM32U375CEY6QTR, STM32U375CGT6, STM32U375CGT6Q, STM32U375CGU6, STM32U375CGU6Q, STM32U375CGY6QTR, STM32U375KEU6, STM32U375KGU6, STM32U375REI6, STM32U375REI6Q, STM32U375RET6, STM32U375RET6Q, STM32U375REY6GTR, STM32U375REY6QTR, STM32U375RGI6, STM32U375RGI6Q, STM32U375RGT6, STM32U375RGT6Q, STM32U375RGY6GTR, STM32U375RGY6QTR, STM32U375VEI6, STM32U375VEI6Q, STM32U375VET6, STM32U375VET6Q, STM32U375VGI6, STM32U375VGI6Q, STM32U375VGT6, STM32U375VGT6Q, STM32U385CGT6, STM32U385CGT6Q, STM32U385CGU6, STM32U385CGU6Q, STM32U385CGY6QTR, STM32U385KGU6, STM32U385RGI6, STM32U385RGI6Q, STM32U385RGT6, STM32U385RGT6Q, STM32U385RGY6GTR, STM32U385RGY6QTR, STM32U385VGI6, STM32U385VGI6Q, STM32U385VGT6, STM32U385VGT6Q, STM32U535CBT6, STM32U535CBT6Q, STM32U535CBU6, STM32U535CBU6Q, STM32U535CCT6, STM32U535CCT6Q, STM32U535CCU6, STM32U535CCU6Q, STM32U535CET6, STM32U535CET6Q, STM32U535CEU6, STM32U535CEU6Q, STM32U535JEY6QTR, STM32U535NCY6QTR, STM32U535NEY6QTR, STM32U535RBI6, STM32U535RBI6Q, STM32U535RBT6, STM32U535RBT6Q, STM32U535RCI6, STM32U535RCI6Q, STM32U535RCT6, STM32U535RCT6Q, STM32U535REI6, STM32U535REI6Q, STM32U535RET6, STM32U535RET6Q, STM32U535VCI6, STM32U535VCI6Q, STM32U535VCT6, STM32U535VCT6Q, STM32U535VEI6, STM32U535VEI6Q, STM32U535VET6, STM32U535VET6Q, STM32U545CET6, STM32U545CET6Q, STM32U545CEU6, STM32U545CEU6Q, STM32U545JEY6QTR, STM32U545NEY6QTR, STM32U545REI6, STM32U545REI6Q, STM32U545RET6, STM32U545RET6Q, STM32U545VEI6, STM32U545VEI6Q, STM32U545VET6, STM32U545VET6Q, STM32U595AIH6, STM32U595AIH6Q, STM32U595AJH6, STM32U595AJH6Q, STM32U595QII6, STM32U595QII6Q, STM32U595QJI6, STM32U595QJI6Q, STM32U595RIT6, STM32U595RIT6Q, STM32U595RJT6, STM32U595RJT6Q, STM32U595VIT6, STM32U595VIT6Q, STM32U595VJT6, STM32U595VJT6Q, STM32U595ZIT6, STM32U595ZIT6Q, STM32U595ZIY6QTR, STM32U595ZJT6, STM32U595ZJT6Q, STM32U595ZJY6QTR, STM32U599BJY6QTR, STM32U599NIH6Q, STM32U599NJH6Q, STM32U599VIT6Q, STM32U599VJT6, STM32U599VJT6Q, STM32U599ZIT6Q, STM32U599ZIY6QTR, STM32U599ZJT6Q, STM32U599ZJY6QTR, STM32U5A5AJH6, STM32U5A5AJH6Q, STM32U5A5QII3Q , STM32U5A5QJI6, STM32U5A5QJI6Q, STM32U5A5RJT6, STM32U5A5RJT6Q, STM32U5A5VJT6, STM32U5A5VJT6Q, STM32U5A5ZJT6, STM32U5A5ZJT6Q, STM32U5A5ZJY6QTR, STM32U5A9BJY6QTR, STM32U5A9J-DK, STM32U5A9NJH6Q, STM32U5A9VJT6Q, STM32U5A9ZJT6Q, STM32U5A9ZJY6QTR, STM32U5F7VIT6, STM32U5F7VIT6Q, STM32U5F7VJT6, STM32U5F7VJT6Q, STM32U5F9BJY6QTR, STM32U5F9NJH6Q, STM32U5F9VIT6Q, STM32U5F9VJT6Q, STM32U5F9ZIJ6QTR, STM32U5F9ZIT6Q, STM32U5F9ZJJ6QTR, STM32U5F9ZJT6Q, STM32U5G7VJT6, STM32U5G7VJT6Q, STM32U5G9BJY6QTR, STM32U5G9J-DK1, STM32U5G9J-DK2, STM32U5G9NJH6Q, STM32U5G9VJT6Q, STM32U5G9ZJJ6QTR, STM32U5G9ZJT6Q, STM32WB05KZV6TR, STM32WB05KZV7TR, STM32WB05TZF6TR, STM32WB05TZF7TR, STM32WB06CCF6TR, STM32WB06CCF7TR, STM32WB06CCV6TR, STM32WB06CCV7TR, STM32WB06KCV6TR, STM32WB06KCV7TR, STM32WB07CCF6TR, STM32WB07CCF7TR, STM32WB07CCV6TR, STM32WB07CCV7TR, STM32WB07KCV6TR, STM32WB07KCV7TR, STM32WB09KEV6TR, STM32WB09KEV7TR, STM32WB09TEF6TR, STM32WB09TEF7TR, STM32WB1MMCH6, STM32WBA50KGU6, STM32WBA50KGU6TR, STM32WBA52CEU6, STM32WBA52CEU6TR, STM32WBA52CEU7, STM32WBA52CEU7TR, STM32WBA52CGU6, STM32WBA52CGU6TR, STM32WBA52CGU6U, STM32WBA52CGU7, STM32WBA52CGU7TR, STM32WBA52KEU6, STM32WBA52KEU6TR, STM32WBA52KGU6, STM32WBA52KGU6TR, STM32WBA54CEU6, STM32WBA54CEU6TR, STM32WBA54CEU7, STM32WBA54CEU7TR, STM32WBA54CGU6, STM32WBA54CGU6TR, STM32WBA54CGU7, STM32WBA54CGU7TR, STM32WBA54KEU6, STM32WBA54KEU6TR, STM32WBA54KEU7, STM32WBA54KEU7TR, STM32WBA54KGU6, STM32WBA54KGU6TR, STM32WBA54KGU7, STM32WBA54KGU7TR, STM32WBA55CEU6, STM32WBA55CEU6TR, STM32WBA55CEU7, STM32WBA55CEU7TR, STM32WBA55CGU6, STM32WBA55CGU6TR, STM32WBA55CGU6U, STM32WBA55CGU7, STM32WBA55CGU7TR, STM32WBA55G-DK1, STM32WBA55HEF6, STM32WBA55HEF7, STM32WBA55HGF6, STM32WBA55HGF7, STM32WBA55UEI6, STM32WBA55UEI6TR, STM32WBA55UEI7, STM32WBA55UEI7TR, STM32WBA55UGI6, STM32WBA55UGI6TR, STM32WBA55UGI7, STM32WBA55UGI7TR, STM32WBA5MMGH6TR, STM32WBA62MGF6, STM32WBA62MIF6, STM32WBA65MGF7, STM32WBA65MIF6, STM32WBA65MIF7, STM32WL30K8V6, STM32WL30KBV6, STM32WL31C8V6, STM32WL31CBV6, STM32WL31K8V6, STM32WL31KBV6, STM32WL33C8V6, STM32WL33C8V6X, STM32WL33CBV6, STM32WL33CBV6X, STM32WL33CCV6, STM32WL33CCV6A, STM32WL33CCV6X, STM32WL33K8V7, STM32WL33K8V7X, STM32WL33KBV7 , STM32WL33KBV7X, STM32WL33KCV7, STM32WL33KCV7X, STM32WL5MOCH6, STM32WL5MOCH6TR]
2026-05-28 12:34:06,601 [INFO] DbMcus:218 - Found 5055 MCUs, 4968 are supported
2026-05-28 12:34:06,601 [INFO] ApiDb:423 - Load user favorites file /Users/cristianpetramale/.stm32cubeide/favorites.mcus.txt: 0 item(s)
2026-05-28 12:34:06,601 [INFO] ApiDb:427 - User favorites MCUs=[]
2026-05-28 12:34:06,602 [INFO] DbMcus:224 - Set 0 / 0 favorites MCUs
2026-05-28 12:34:06,887 [INFO] BoardInfo:889 - No configuration file found for board NUCLEO-H5E5ZJ
2026-05-28 12:34:06,887 [INFO] DbBoards:161 - Board is not supported: NUCLEO-H5E5ZJ
2026-05-28 12:34:06,917 [INFO] BoardInfo:889 - No configuration file found for board NUCLEO-U3C5ZI-Q
2026-05-28 12:34:06,917 [INFO] DbBoards:161 - Board is not supported: NUCLEO-U3C5ZI-Q
2026-05-28 12:34:06,925 [INFO] BoardInfo:889 - No configuration file found for board NUCLEO-WBA25CE1
2026-05-28 12:34:06,925 [INFO] DbBoards:161 - Board is not supported: NUCLEO-WBA25CE1
2026-05-28 12:34:06,930 [INFO] BoardInfo:889 - No configuration file found for board NUCLEO-WL3RKB1
2026-05-28 12:34:06,930 [INFO] DbBoards:161 - Board is not supported: NUCLEO-WL3RKB1
2026-05-28 12:34:06,931 [INFO] BoardInfo:889 - No configuration file found for board NUCLEO-WL3RKB2
2026-05-28 12:34:06,931 [INFO] DbBoards:161 - Board is not supported: NUCLEO-WL3RKB2
2026-05-28 12:34:06,936 [INFO] BoardInfo:889 - No configuration file found for board P-NUCLEO-WB55
2026-05-28 12:34:06,937 [INFO] DbBoards:161 - Kit is not supported: P-NUCLEO-WB55
2026-05-28 12:34:06,941 [INFO] BoardInfo:889 - No configuration file found for board STEVAL-BFA001V1B
2026-05-28 12:34:06,945 [INFO] DbBoards:161 - Kit is not supported: STEVAL-BFA001V1B
2026-05-28 12:34:06,947 [INFO] BoardInfo:889 - No configuration file found for board STEVAL-BFA001V2B
2026-05-28 12:34:06,948 [INFO] DbBoards:161 - Kit is not supported: STEVAL-BFA001V2B
2026-05-28 12:34:07,006 [INFO] BoardInfo:889 - No configuration file found for board STM32H5F5J-DK
2026-05-28 12:34:07,007 [INFO] DbBoards:161 - Board is not supported: STM32H5F5J-DK
2026-05-28 12:34:07,063 [INFO] DbBoards:168 - Found 218 boards, 209 are supported
2026-05-28 12:34:07,063 [INFO] DbBoards:169 - Found 218 boards, 43 of them is supported for  Bsp
2026-05-28 12:34:07,068 [INFO] ApiDb:423 - Load user favorites file /Users/cristianpetramale/.stm32cubeide/favorites.boards.txt: 0 item(s)
2026-05-28 12:34:07,068 [INFO] ApiDb:427 - User favorites Boards=[]
2026-05-28 12:34:07,068 [INFO] DbBoards:198 - Set 0 / 0 favorites Boards
2026-05-28 12:34:07,134 [INFO] UtilMem:75 - End LoadConfig() Used Memory: 511918616 Bytes (872415232)
2026-05-28 12:34:07,259 [WARN] ThirdParty:833 - waiting for thirdparty lock release [change project]
2026-05-28 12:34:07,261 [INFO] ThirdParty:835 - entering critical section [change project]
2026-05-28 12:34:07,261 [INFO] ThirdParty:1030 - CMSIS Pack Vendor :STMicroelectronics X-CUBE-AZRTOS-H7 3.5.0
2026-05-28 12:34:07,261 [INFO] ThirdParty:1030 - CMSIS Pack Vendor :STMicroelectronics X-CUBE-PM33A1 1.0.0
2026-05-28 12:34:07,261 [INFO] ThirdParty:1030 - CMSIS Pack Vendor :STMicroelectronics USBPD 4.1
2026-05-28 12:34:07,261 [INFO] ThirdParty:1030 - CMSIS Pack Vendor :STMicroelectronics X-CUBE-NFC9 1.0.0
2026-05-28 12:34:07,261 [INFO] ThirdParty:1030 - CMSIS Pack Vendor :STMicroelectronics USB_HOST 2.0.0
2026-05-28 12:34:07,261 [INFO] ThirdParty:1030 - CMSIS Pack Vendor :STMicroelectronics X-CUBE-AZRTOS-F4 1.1.0
2026-05-28 12:34:07,261 [INFO] ThirdParty:1030 - CMSIS Pack Vendor :STMicroelectronics LIBJPEG 8.0.0
2026-05-28 12:34:07,261 [INFO] ThirdParty:1030 - CMSIS Pack Vendor :STMicroelectronics FP-ATR-ASTRA1 2.0.2
2026-05-28 12:34:07,261 [INFO] ThirdParty:1030 - CMSIS Pack Vendor :STMicroelectronics X-CUBE-BLE1 7.1.0
2026-05-28 12:34:07,261 [INFO] ThirdParty:1030 - CMSIS Pack Vendor :STMicroelectronics X-CUBE-SMBUS 2.1.0
2026-05-28 12:34:07,261 [INFO] ThirdParty:1030 - CMSIS Pack Vendor :wolfSSL I-CUBE-wolfMQTT 1.19.2
2026-05-28 12:34:07,261 [INFO] ThirdParty:1030 - CMSIS Pack Vendor :STMicroelectronics USB_DEVICE 3.0.0
2026-05-28 12:34:07,261 [INFO] ThirdParty:1030 - CMSIS Pack Vendor :STMicroelectronics X-CUBE-ISPU 2.1.0
2026-05-28 12:34:07,261 [INFO] ThirdParty:1030 - CMSIS Pack Vendor :STMicroelectronics eDS-WB_DPC_TT-BIDIR 2.1.1
2026-05-28 12:34:07,261 [INFO] ThirdParty:1030 - CMSIS Pack Vendor :STMicroelectronics X-CUBE-AZRTOS-WB 2.0.0
2026-05-28 12:34:07,261 [INFO] ThirdParty:1030 - CMSIS Pack Vendor :wolfSSL I-CUBE-wolfSSL 5.8.4
2026-05-28 12:34:07,261 [INFO] ThirdParty:1030 - CMSIS Pack Vendor :Cesanta I-CUBE-Mongoose 7.20.0
2026-05-28 12:34:07,261 [INFO] ThirdParty:1030 - CMSIS Pack Vendor :STMicroelectronics X-CUBE-AZRTOS-F7 1.1.0
2026-05-28 12:34:07,261 [INFO] ThirdParty:1030 - CMSIS Pack Vendor :STMicroelectronics X-CUBE-AZRTOS-L5 2.0.0
2026-05-28 12:34:07,261 [INFO] ThirdParty:1030 - CMSIS Pack Vendor :STMicroelectronics USB_DEVICE 2.0.0
2026-05-28 12:34:07,261 [INFO] ThirdParty:1030 - CMSIS Pack Vendor :STMicroelectronics FP-SNS-STAIOTCFT 1.1.0
2026-05-28 12:34:07,261 [INFO] ThirdParty:1030 - CMSIS Pack Vendor :quantropi X-CUBE-qispace-sdk-base 2.1.0
2026-05-28 12:34:07,261 [INFO] ThirdParty:1030 - CMSIS Pack Vendor :STMicroelectronics X-CUBE-MEMS1 12.0.0
2026-05-28 12:34:07,261 [INFO] ThirdParty:1030 - CMSIS Pack Vendor :STMicroelectronics X-CUBE-STSE01 2.0.0
2026-05-28 12:34:07,261 [INFO] ThirdParty:1030 - CMSIS Pack Vendor :STMicroelectronics X-CUBE-ALGOBUILD 1.5.0
2026-05-28 12:34:07,261 [INFO] ThirdParty:1030 - CMSIS Pack Vendor :STMicroelectronics FreeRTOS 0.0.1
2026-05-28 12:34:07,261 [INFO] ThirdParty:1030 - CMSIS Pack Vendor :STMicroelectronics X-CUBE-AZRTOS-G0 1.1.0
2026-05-28 12:34:07,261 [INFO] ThirdParty:1030 - CMSIS Pack Vendor :STMicroelectronics X-CUBE-NFC4 3.0.0
2026-05-28 12:34:07,261 [INFO] ThirdParty:1030 - CMSIS Pack Vendor :STMicroelectronics X-CUBE-SUBG2 5.0.0
2026-05-28 12:34:07,261 [INFO] ThirdParty:1030 - CMSIS Pack Vendor :STMicroelectronics STM32_WPAN 1.0.0
2026-05-28 12:34:07,261 [INFO] ThirdParty:1030 - CMSIS Pack Vendor :STMicroelectronics eDS-WB_DPC_VIENNA 1.2.0
2026-05-28 12:34:07,262 [INFO] ThirdParty:1030 - CMSIS Pack Vendor :EmbeddedOffice I-CUBE-FS-RTOS 1.0.1
2026-05-28 12:34:07,262 [INFO] ThirdParty:1030 - CMSIS Pack Vendor :STMicroelectronics lwIP 2.0.3
2026-05-28 12:34:07,262 [INFO] ThirdParty:1030 - CMSIS Pack Vendor :WES I-CUBE-Cesium 1.4.0
2026-05-28 12:34:07,262 [INFO] ThirdParty:1030 - CMSIS Pack Vendor :STMicroelectronics eDS-WB_DPC_3PH2L-BIDIR 1.1.1
2026-05-28 12:34:07,262 [INFO] ThirdParty:1030 - CMSIS Pack Vendor :STMicroelectronics USB_HOST 1.0.0
2026-05-28 12:34:07,262 [INFO] ThirdParty:1030 - CMSIS Pack Vendor :STMicroelectronics X-CUBE-AZRTOS-G4 2.0.0
2026-05-28 12:34:07,262 [INFO] ThirdParty:1030 - CMSIS Pack Vendor :STMicroelectronics PDM2PCM 3.1.0
2026-05-28 12:34:07,262 [INFO] ThirdParty:1030 - CMSIS Pack Vendor :STMicroelectronics PDM2PCM 3.3.0
2026-05-28 12:34:07,262 [INFO] ThirdParty:1030 - CMSIS Pack Vendor :wolfSSL I-CUBE-wolfTPM 3.8.0
2026-05-28 12:34:07,262 [INFO] ThirdParty:1030 - CMSIS Pack Vendor :STMicroelectronics X-CUBE-DISPLAY 3.0.0
2026-05-28 12:34:07,262 [INFO] ThirdParty:1030 - CMSIS Pack Vendor :wolfSSL I-CUBE-wolfSSH 1.4.20
2026-05-28 12:34:07,262 [INFO] ThirdParty:1030 - CMSIS Pack Vendor :STMicroelectronics X-CUBE-NFC7 2.0.0
2026-05-28 12:34:07,262 [INFO] ThirdParty:1030 - CMSIS Pack Vendor :STMicroelectronics X-CUBE-GNSS1 7.1.1
2026-05-28 12:34:07,262 [INFO] ThirdParty:1030 - CMSIS Pack Vendor :STMicroelectronics X-CUBE-TCPP 4.2.0
2026-05-28 12:34:07,262 [INFO] ThirdParty:1030 - CMSIS Pack Vendor :RealThread X-CUBE-RT-Thread_Nano 4.1.1
2026-05-28 12:34:07,262 [INFO] ThirdParty:1030 - CMSIS Pack Vendor :STMicroelectronics FP-ATR-SIGFOX1 3.2.0
2026-05-28 12:34:07,262 [INFO] ThirdParty:1030 - CMSIS Pack Vendor :STMicroelectronics X-CUBE-NFC10 1.0.0
2026-05-28 12:34:07,262 [INFO] ThirdParty:1030 - CMSIS Pack Vendor :STMicroelectronics HAL Drivers 0.0.0
2026-05-28 12:34:07,262 [INFO] ThirdParty:1030 - CMSIS Pack Vendor :STMicroelectronics MBEDTLS 2.16.2
2026-05-28 12:34:07,262 [INFO] ThirdParty:1030 - CMSIS Pack Vendor :STMicroelectronics X-CUBE-ST60 1.1.0
2026-05-28 12:34:07,262 [INFO] ThirdParty:1030 - CMSIS Pack Vendor :STMicroelectronics X-CUBE-ALS 1.0.2
2026-05-28 12:34:07,262 [INFO] ThirdParty:1030 - CMSIS Pack Vendor :emotas I-CUBE-CANOPEN 1.3.0
2026-05-28 12:34:07,262 [INFO] ThirdParty:1030 - CMSIS Pack Vendor :STMicroelectronics MBEDTLS 2.14.1
2026-05-28 12:34:07,262 [INFO] ThirdParty:1030 - CMSIS Pack Vendor :STMicroelectronics X-CUBE-GNSS1 7.1.0
2026-05-28 12:34:07,262 [INFO] ThirdParty:1030 - CMSIS Pack Vendor :ITTIA_DB I-CUBE-ITTIADB 8.9.0
2026-05-28 12:34:07,262 [INFO] ThirdParty:1030 - CMSIS Pack Vendor :STMicroelectronics X-CUBE-TOUCHGFX 4.26.1
2026-05-28 12:34:07,262 [INFO] ThirdParty:1030 - CMSIS Pack Vendor :STMicroelectronics FP-SNS-STAIOTCFT 1.0.0
2026-05-28 12:34:07,262 [INFO] ThirdParty:1030 - CMSIS Pack Vendor :STMicroelectronics ThreadX 1.0.0
2026-05-28 12:34:07,262 [INFO] ThirdParty:1030 - CMSIS Pack Vendor :STMicroelectronics FP-SNS-SMARTAG2 1.2.0
2026-05-28 12:34:07,262 [INFO] ThirdParty:1030 - CMSIS Pack Vendor :STMicroelectronics X-CUBE-MEMS1 12.1.0
2026-05-28 12:34:07,262 [INFO] ThirdParty:1030 - CMSIS Pack Vendor :STMicroelectronics FP-SNS-FLIGHT1 5.1.0
2026-05-28 12:34:07,262 [INFO] ThirdParty:1030 - CMSIS Pack Vendor :STMicroelectronics X-CUBE-AZRTOS-WL 2.0.0
2026-05-28 12:34:07,262 [INFO] ThirdParty:1030 - CMSIS Pack Vendor :SEGGER I-CUBE-embOS 1.3.1
2026-05-28 12:34:07,262 [INFO] ThirdParty:1030 - CMSIS Pack Vendor :STMicroelectronics X-CUBE-ALGOBUILD 1.4.0
2026-05-28 12:34:07,262 [INFO] ThirdParty:1030 - CMSIS Pack Vendor :STMicroelectronics X-CUBE-DPower 1.3.0
2026-05-28 12:34:07,262 [INFO] ThirdParty:1030 - CMSIS Pack Vendor :STMicroelectronics USB_DEVICE 1.0.0
2026-05-28 12:34:07,262 [INFO] ThirdParty:1030 - CMSIS Pack Vendor :STMicroelectronics X-CUBE-AZRTOS-H7RS 1.2.0
2026-05-28 12:34:07,262 [INFO] ThirdParty:1030 - CMSIS Pack Vendor :STMicroelectronics X-CUBE-AZRTOS-L4 2.0.0
2026-05-28 12:34:07,262 [INFO] ThirdParty:1030 - CMSIS Pack Vendor :STMicroelectronics ThreadX 0.0.2
2026-05-28 12:34:07,262 [INFO] ThirdParty:1030 - CMSIS Pack Vendor :STMicroelectronics lwIP 2.1.2
2026-05-28 12:34:07,262 [INFO] ThirdParty:1030 - CMSIS Pack Vendor :STMicroelectronics X-CUBE-SFXS2LP1 4.0.0
2026-05-28 12:34:07,262 [INFO] ThirdParty:1030 - CMSIS Pack Vendor :STMicroelectronics X-CUBE-BLE2 3.3.0
2026-05-28 12:34:07,262 [INFO] ThirdParty:1030 - CMSIS Pack Vendor :Avnet-IOTCONNECT X-CUBE-iotc-st67-sdk 1.0.0
2026-05-28 12:34:07,262 [INFO] ThirdParty:1030 - CMSIS Pack Vendor :STMicroelectronics X-CUBE-TOF1 3.4.3
2026-05-28 12:34:07,262 [INFO] ThirdParty:1030 - CMSIS Pack Vendor :Infineon AIROC-Wi-Fi-Bluetooth-STM32 1.8.0
2026-05-28 12:34:07,263 [INFO] ThirdParty:1030 - CMSIS Pack Vendor :STMicroelectronics PDM2PCM 3.2.0
2026-05-28 12:34:07,263 [INFO] ThirdParty:1030 - CMSIS Pack Vendor :STMicroelectronics X-CUBE-WB05N 2.1.0
2026-05-28 12:34:07,263 [INFO] ThirdParty:1030 - CMSIS Pack Vendor :STMicroelectronics X-CUBE-ST67W61 1.2.0
2026-05-28 12:34:07,264 [INFO] ThirdParty:841 - exiting critical section [change project]
2026-05-28 12:34:08,769 [INFO] PinOutPanel:1589 - setPackage(No Configuration,No Configuration)
2026-05-28 12:34:08,778 [INFO] PinOutPanel:1589 - setPackage(STM32L432KCUx,UFQFPN32)
2026-05-28 12:34:09,497 [INFO] UtilMem:75 - Before build in PCC Used Memory: 766081696 Bytes (872415232)
2026-05-28 12:34:10,598 [INFO] UtilMem:75 - After build in PCC Used Memory: 830567888 Bytes (872415232)
2026-05-28 12:34:10,663 [INFO] IPUIPlugin:80 - create IPUIPlugin
2026-05-28 12:34:10,664 [INFO] IPUIPlugin:80 - create IPUIPlugin
2026-05-28 12:34:10,665 [INFO] IPUIPlugin:80 - create IPUIPlugin
2026-05-28 12:34:10,665 [INFO] IPUIPlugin:80 - create IPUIPlugin
2026-05-28 12:34:10,665 [INFO] IPUIPlugin:80 - create IPUIPlugin
2026-05-28 12:34:10,666 [INFO] IPUIPlugin:80 - create IPUIPlugin
2026-05-28 12:34:10,666 [INFO] IPUIPlugin:80 - create IPUIPlugin
2026-05-28 12:34:10,666 [INFO] IPUIPlugin:80 - create IPUIPlugin
2026-05-28 12:34:10,666 [INFO] IPUIPlugin:80 - create IPUIPlugin
2026-05-28 12:34:10,666 [INFO] IPUIPlugin:80 - create IPUIPlugin
2026-05-28 12:34:10,666 [INFO] IPUIPlugin:80 - create IPUIPlugin
2026-05-28 12:34:10,667 [INFO] IPUIPlugin:80 - create IPUIPlugin
2026-05-28 12:34:10,667 [INFO] IPUIPlugin:80 - create IPUIPlugin
2026-05-28 12:34:10,667 [INFO] IPUIPlugin:80 - create IPUIPlugin
2026-05-28 12:34:10,667 [INFO] IPUIPlugin:80 - create IPUIPlugin
2026-05-28 12:34:10,667 [INFO] IPUIPlugin:80 - create IPUIPlugin
2026-05-28 12:34:10,667 [INFO] IPUIPlugin:80 - create IPUIPlugin
2026-05-28 12:34:10,670 [INFO] IPUIPlugin:80 - create IPUIPlugin
2026-05-28 12:34:10,671 [INFO] IPUIPlugin:80 - create IPUIPlugin
2026-05-28 12:34:10,671 [INFO] IPUIPlugin:80 - create IPUIPlugin
2026-05-28 12:34:10,671 [INFO] IPUIPlugin:80 - create IPUIPlugin
2026-05-28 12:34:10,671 [INFO] IPUIPlugin:80 - create IPUIPlugin
2026-05-28 12:34:10,671 [INFO] IPUIPlugin:80 - create IPUIPlugin
2026-05-28 12:34:10,671 [INFO] IPUIPlugin:80 - create IPUIPlugin
2026-05-28 12:34:10,672 [INFO] IPUIPlugin:80 - create IPUIPlugin
2026-05-28 12:34:10,672 [INFO] IPUIPlugin:80 - create IPUIPlugin
2026-05-28 12:34:10,672 [INFO] IPUIPlugin:80 - create IPUIPlugin
2026-05-28 12:34:10,672 [INFO] IPUIPlugin:80 - create IPUIPlugin
2026-05-28 12:34:10,672 [INFO] IPUIPlugin:80 - create IPUIPlugin
2026-05-28 12:34:10,672 [INFO] IPUIPlugin:80 - create IPUIPlugin
2026-05-28 12:34:10,672 [INFO] IPUIPlugin:80 - create IPUIPlugin
2026-05-28 12:34:10,672 [INFO] IPUIPlugin:80 - create IPUIPlugin
2026-05-28 12:34:10,672 [INFO] IPUIPlugin:80 - create IPUIPlugin
2026-05-28 12:34:10,677 [INFO] IPUIPlugin:80 - create IPUIPlugin
2026-05-28 12:34:10,679 [INFO] IPUIPlugin:80 - create IPUIPlugin
2026-05-28 12:34:10,679 [INFO] IPUIPlugin:80 - create IPUIPlugin
2026-05-28 12:34:10,679 [INFO] IPUIPlugin:80 - create IPUIPlugin
2026-05-28 12:34:10,679 [INFO] IPUIPlugin:80 - create IPUIPlugin
2026-05-28 12:34:10,680 [INFO] IPUIPlugin:80 - create IPUIPlugin
2026-05-28 12:34:10,680 [INFO] IPUIPlugin:80 - create IPUIPlugin
2026-05-28 12:34:10,680 [INFO] IPUIPlugin:80 - create IPUIPlugin
2026-05-28 12:34:11,911 [INFO] CADModel:165 - CPN selected for project levelSTM32L432KCU3
2026-05-28 12:34:11,918 [INFO] CADModel:114 - Register for checkConnection events
2026-05-28 12:34:11,970 [INFO] OpenFileManager:386 - Restore cursor
2026-05-28 12:46:50,117 [ERROR] LogOutputStream:75 - [STDERR_REDIRECT] Exception in thread "AWT-EventQueue-0" java.awt.IllegalComponentStateException: component must be showing on the screen to determine its location
2026-05-28 12:46:50,119 [ERROR] LogOutputStream:75 - [STDERR_REDIRECT] 	at java.desktop/java.awt.Component.getLocationOnScreen_NoTreeLock(Component.java:2113)
2026-05-28 12:46:50,121 [ERROR] LogOutputStream:75 - [STDERR_REDIRECT] 	at java.desktop/java.awt.Component.getLocationOnScreen(Component.java:2087)
2026-05-28 12:46:50,122 [ERROR] LogOutputStream:75 - [STDERR_REDIRECT] 	at java.desktop/javax.swing.JPopupMenu.show(JPopupMenu.java:982)
2026-05-28 12:46:50,122 [ERROR] LogOutputStream:75 - [STDERR_REDIRECT] 	at java.desktop/javax.swing.plaf.basic.BasicComboPopup.show(BasicComboPopup.java:235)
2026-05-28 12:46:50,122 [ERROR] LogOutputStream:75 - [STDERR_REDIRECT] 	at java.desktop/javax.swing.plaf.basic.BasicComboPopup.togglePopup(BasicComboPopup.java:1265)
2026-05-28 12:46:50,123 [ERROR] LogOutputStream:75 - [STDERR_REDIRECT] 	at java.desktop/javax.swing.plaf.basic.BasicComboPopup$Handler.mousePressed(BasicComboPopup.java:936)
2026-05-28 12:46:50,124 [ERROR] LogOutputStream:75 - [STDERR_REDIRECT] 	at java.desktop/java.awt.Component.processMouseEvent(Component.java:6618)
2026-05-28 12:46:50,124 [ERROR] LogOutputStream:75 - [STDERR_REDIRECT] 	at java.desktop/javax.swing.JComponent.processMouseEvent(JComponent.java:3398)
2026-05-28 12:46:50,124 [ERROR] LogOutputStream:75 - [STDERR_REDIRECT] 	at java.desktop/java.awt.Component.processEvent(Component.java:6386)
2026-05-28 12:46:50,124 [ERROR] LogOutputStream:75 - [STDERR_REDIRECT] 	at java.desktop/java.awt.Container.processEvent(Container.java:2266)
2026-05-28 12:46:50,124 [ERROR] LogOutputStream:75 - [STDERR_REDIRECT] 	at java.desktop/java.awt.Component.dispatchEventImpl(Component.java:4996)
2026-05-28 12:46:50,124 [ERROR] LogOutputStream:75 - [STDERR_REDIRECT] 	at java.desktop/java.awt.Container.dispatchEventImpl(Container.java:2324)
2026-05-28 12:46:50,125 [ERROR] LogOutputStream:75 - [STDERR_REDIRECT] 	at java.desktop/java.awt.Component.dispatchEvent(Component.java:4828)
2026-05-28 12:46:50,125 [ERROR] LogOutputStream:75 - [STDERR_REDIRECT] 	at java.desktop/javax.swing.plaf.basic.BasicTableUI$Handler.repostEvent(BasicTableUI.java:978)
2026-05-28 12:46:50,125 [ERROR] LogOutputStream:75 - [STDERR_REDIRECT] 	at java.desktop/javax.swing.plaf.basic.BasicTableUI$Handler.adjustSelection(BasicTableUI.java:1140)
2026-05-28 12:46:50,125 [ERROR] LogOutputStream:75 - [STDERR_REDIRECT] 	at java.desktop/javax.swing.plaf.basic.BasicTableUI$Handler.mousePressed(BasicTableUI.java:1068)
2026-05-28 12:46:50,125 [ERROR] LogOutputStream:75 - [STDERR_REDIRECT] 	at java.desktop/java.awt.AWTEventMulticaster.mousePressed(AWTEventMulticaster.java:288)
2026-05-28 12:46:50,126 [ERROR] LogOutputStream:75 - [STDERR_REDIRECT] 	at java.desktop/java.awt.AWTEventMulticaster.mousePressed(AWTEventMulticaster.java:287)
2026-05-28 12:46:50,126 [ERROR] LogOutputStream:75 - [STDERR_REDIRECT] 	at java.desktop/java.awt.AWTEventMulticaster.mousePressed(AWTEventMulticaster.java:287)
2026-05-28 12:46:50,127 [ERROR] LogOutputStream:75 - [STDERR_REDIRECT] 	at java.desktop/java.awt.AWTEventMulticaster.mousePressed(AWTEventMulticaster.java:287)
2026-05-28 12:46:50,127 [ERROR] LogOutputStream:75 - [STDERR_REDIRECT] 	at java.desktop/java.awt.Component.processMouseEvent(Component.java:6618)
2026-05-28 12:46:50,127 [ERROR] LogOutputStream:75 - [STDERR_REDIRECT] 	at java.desktop/javax.swing.JComponent.processMouseEvent(JComponent.java:3398)
2026-05-28 12:46:50,127 [ERROR] LogOutputStream:75 - [STDERR_REDIRECT] 	at java.desktop/java.awt.Component.processEvent(Component.java:6386)
2026-05-28 12:46:50,128 [ERROR] LogOutputStream:75 - [STDERR_REDIRECT] 	at java.desktop/java.awt.Container.processEvent(Container.java:2266)
2026-05-28 12:46:50,128 [ERROR] LogOutputStream:75 - [STDERR_REDIRECT] 	at java.desktop/java.awt.Component.dispatchEventImpl(Component.java:4996)
2026-05-28 12:46:50,129 [ERROR] LogOutputStream:75 - [STDERR_REDIRECT] 	at java.desktop/java.awt.Container.dispatchEventImpl(Container.java:2324)
2026-05-28 12:46:50,129 [ERROR] LogOutputStream:75 - [STDERR_REDIRECT] 	at java.desktop/java.awt.Component.dispatchEvent(Component.java:4828)
2026-05-28 12:46:50,129 [ERROR] LogOutputStream:75 - [STDERR_REDIRECT] 	at java.desktop/java.awt.LightweightDispatcher.retargetMouseEvent(Container.java:4948)
2026-05-28 12:46:50,129 [ERROR] LogOutputStream:75 - [STDERR_REDIRECT] 	at java.desktop/java.awt.LightweightDispatcher.processMouseEvent(Container.java:4572)
2026-05-28 12:46:50,129 [ERROR] LogOutputStream:75 - [STDERR_REDIRECT] 	at java.desktop/java.awt.LightweightDispatcher.dispatchEvent(Container.java:4516)
2026-05-28 12:46:50,130 [ERROR] LogOutputStream:75 - [STDERR_REDIRECT] 	at java.desktop/java.awt.Container.dispatchEventImpl(Container.java:2310)
2026-05-28 12:46:50,130 [ERROR] LogOutputStream:75 - [STDERR_REDIRECT] 	at java.desktop/java.awt.Component.dispatchEvent(Component.java:4828)
2026-05-28 12:46:50,131 [ERROR] LogOutputStream:75 - [STDERR_REDIRECT] 	at java.desktop/java.awt.EventQueue.dispatchEventImpl(EventQueue.java:775)
2026-05-28 12:46:50,131 [ERROR] LogOutputStream:75 - [STDERR_REDIRECT] 	at java.desktop/java.awt.EventQueue$4.run(EventQueue.java:720)
2026-05-28 12:46:50,131 [ERROR] LogOutputStream:75 - [STDERR_REDIRECT] 	at java.desktop/java.awt.EventQueue$4.run(EventQueue.java:714)
2026-05-28 12:46:50,131 [ERROR] LogOutputStream:75 - [STDERR_REDIRECT] 	at java.base/java.security.AccessController.doPrivileged(AccessController.java:400)
2026-05-28 12:46:50,131 [ERROR] LogOutputStream:75 - [STDERR_REDIRECT] 	at java.base/java.security.ProtectionDomain$JavaSecurityAccessImpl.doIntersectionPrivilege(ProtectionDomain.java:87)
2026-05-28 12:46:50,131 [ERROR] LogOutputStream:75 - [STDERR_REDIRECT] 	at java.base/java.security.ProtectionDomain$JavaSecurityAccessImpl.doIntersectionPrivilege(ProtectionDomain.java:98)
2026-05-28 12:46:50,131 [ERROR] LogOutputStream:75 - [STDERR_REDIRECT] 	at java.desktop/java.awt.EventQueue$5.run(EventQueue.java:747)
2026-05-28 12:46:50,132 [ERROR] LogOutputStream:75 - [STDERR_REDIRECT] 	at java.desktop/java.awt.EventQueue$5.run(EventQueue.java:745)
2026-05-28 12:46:50,132 [ERROR] LogOutputStream:75 - [STDERR_REDIRECT] 	at java.base/java.security.AccessController.doPrivileged(AccessController.java:400)
2026-05-28 12:46:50,132 [ERROR] LogOutputStream:75 - [STDERR_REDIRECT] 	at java.base/java.security.ProtectionDomain$JavaSecurityAccessImpl.doIntersectionPrivilege(ProtectionDomain.java:87)
2026-05-28 12:46:50,132 [ERROR] LogOutputStream:75 - [STDERR_REDIRECT] 	at java.desktop/java.awt.EventQueue.dispatchEvent(EventQueue.java:744)
2026-05-28 12:46:50,133 [ERROR] LogOutputStream:75 - [STDERR_REDIRECT] 	at java.desktop/java.awt.EventDispatchThread.pumpOneEventForFilters(EventDispatchThread.java:203)
2026-05-28 12:46:50,133 [ERROR] LogOutputStream:75 - [STDERR_REDIRECT] 	at java.desktop/java.awt.EventDispatchThread.pumpEventsForFilter(EventDispatchThread.java:124)
2026-05-28 12:46:50,133 [ERROR] LogOutputStream:75 - [STDERR_REDIRECT] 	at java.desktop/java.awt.EventDispatchThread.pumpEventsForHierarchy(EventDispatchThread.java:113)
2026-05-28 12:46:50,133 [ERROR] LogOutputStream:75 - [STDERR_REDIRECT] 	at java.desktop/java.awt.EventDispatchThread.pumpEvents(EventDispatchThread.java:109)
2026-05-28 12:46:50,134 [ERROR] LogOutputStream:75 - [STDERR_REDIRECT] 	at java.desktop/java.awt.EventDispatchThread.pumpEvents(EventDispatchThread.java:101)
2026-05-28 12:46:50,134 [ERROR] LogOutputStream:75 - [STDERR_REDIRECT] 	at java.desktop/java.awt.EventDispatchThread.run(EventDispatchThread.java:90)
2026-05-28 12:46:55,404 [INFO] NvicIntPanel:101 - NVIC parent = com.st.microxplorer.plugins.ip.nvic.MultiNvicIntPanel[,0,0,0x0,invalid,layout=javax.swing.BoxLayout,alignmentX=0.0,alignmentY=0.0,border=,flags=9,maximumSize=,minimumSize=,preferredSize=]
2026-05-28 12:47:02,302 [INFO] NvicIntPanel:101 - NVIC parent = com.st.microxplorer.plugins.ip.nvic.MultiNvicIntPanel[,0,0,0x0,invalid,layout=javax.swing.BoxLayout,alignmentX=0.0,alignmentY=0.0,border=,flags=9,maximumSize=,minimumSize=,preferredSize=]
2026-05-28 12:47:07,343 [INFO] NvicIntPanel:101 - NVIC parent = com.st.microxplorer.plugins.ip.nvic.MultiNvicIntPanel[,0,0,0x0,invalid,layout=javax.swing.BoxLayout,alignmentX=0.0,alignmentY=0.0,border=,flags=9,maximumSize=,minimumSize=,preferredSize=]
2026-05-28 13:09:22,697 [INFO] NvicIntPanel:101 - NVIC parent = com.st.microxplorer.plugins.ip.nvic.MultiNvicIntPanel[,0,0,0x0,invalid,layout=javax.swing.BoxLayout,alignmentX=0.0,alignmentY=0.0,border=,flags=9,maximumSize=,minimumSize=,preferredSize=]
2026-05-28 13:11:49,053 [INFO] I2cTimingTraitement:330 - 0x00805C87
2026-05-28 13:11:49,121 [INFO] NvicIntPanel:101 - NVIC parent = com.st.microxplorer.plugins.ip.nvic.MultiNvicIntPanel[,0,0,0x0,invalid,layout=javax.swing.BoxLayout,alignmentX=0.0,alignmentY=0.0,border=,flags=9,maximumSize=,minimumSize=,preferredSize=]
2026-05-28 13:11:51,995 [INFO] I2cTimingTraitement:330 - 0x00805C87
2026-05-28 13:11:52,068 [INFO] NvicIntPanel:101 - NVIC parent = com.st.microxplorer.plugins.ip.nvic.MultiNvicIntPanel[,0,0,0x0,invalid,layout=javax.swing.BoxLayout,alignmentX=0.0,alignmentY=0.0,border=,flags=9,maximumSize=,minimumSize=,preferredSize=]
2026-05-28 13:11:52,710 [INFO] NvicIntPanel:101 - NVIC parent = com.st.microxplorer.plugins.ip.nvic.MultiNvicIntPanel[,0,0,0x0,invalid,layout=javax.swing.BoxLayout,alignmentX=0.0,alignmentY=0.0,border=,flags=9,maximumSize=,minimumSize=,preferredSize=]
2026-05-28 13:12:12,627 [INFO] NvicIntPanel:101 - NVIC parent = com.st.microxplorer.plugins.ip.nvic.MultiNvicIntPanel[,0,0,0x0,invalid,layout=javax.swing.BoxLayout,alignmentX=0.0,alignmentY=0.0,border=,flags=9,maximumSize=,minimumSize=,preferredSize=]
2026-05-28 13:12:24,509 [INFO] UtilMem:75 - End SaveConfig() Used Memory: 807809144 Bytes (1073741824)
2026-05-28 13:12:26,940 [INFO] UtilMem:75 - End SaveConfig() Used Memory: 853538880 Bytes (1073741824)
2026-05-28 13:12:28,655 [INFO] BlockDiagram:2775 - set Specific Code input for plugin: SPI
2026-05-28 13:12:28,657 [INFO] BlockDiagram:2775 - set Specific Code input for plugin: NVIC
2026-05-28 13:12:28,658 [INFO] BlockDiagram:2775 - set Specific Code input for plugin: USART
2026-05-28 13:12:28,658 [INFO] BlockDiagram:2775 - set Specific Code input for plugin: TIM6_7L4
2026-05-28 13:12:28,659 [INFO] BlockDiagram:2775 - set Specific Code input for plugin: TIM6_7L4
2026-05-28 13:12:28,659 [INFO] BlockDiagram:2775 - set Specific Code input for plugin: TIM1_8L4
2026-05-28 13:12:28,659 [INFO] BlockDiagram:2775 - set Specific Code input for plugin: SYS
2026-05-28 13:12:28,661 [INFO] BlockDiagram:2775 - set Specific Code input for plugin: GPIO
2026-05-28 13:12:28,662 [INFO] BlockDiagram:2775 - set Specific Code input for plugin: RCC
2026-05-28 13:12:28,662 [INFO] BlockDiagram:2775 - set Specific Code input for plugin: I2C
2026-05-28 13:12:28,664 [INFO] CodeGenerator:892 - code generatio: config db path: /Applications/STM32CubeIDE.app/Contents/Eclipse/plugins/com.st.stm32cube.common.mx_6.15.0.202507011659//db/
2026-05-28 13:12:29,019 [INFO] CodeEngine:265 - oldGeneratedFile, /Users/cristianpetramale/Biomed_projects/STMWorkSpace/ProgettoUART/MXTmpFiles/license.tmp_save
2026-05-28 13:12:29,633 [INFO] CodeEngine:289 - Generated code: /Users/cristianpetramale/Biomed_projects/STMWorkSpace/ProgettoUART/MXTmpFiles/license.tmp
2026-05-28 13:12:29,848 [INFO] CodeEngine:265 - oldGeneratedFile, /Users/cristianpetramale/Biomed_projects/STMWorkSpace/ProgettoUART/MXTmpFiles/gpio.tmp_save
2026-05-28 13:12:30,035 [INFO] CodeEngine:289 - Generated code: /Users/cristianpetramale/Biomed_projects/STMWorkSpace/ProgettoUART/MXTmpFiles/gpio.tmp
2026-05-28 13:12:30,651 [INFO] CodeEngine:265 - oldGeneratedFile, /Users/cristianpetramale/Biomed_projects/STMWorkSpace/ProgettoUART/Core/Src/stm32l4xx_it.c_save
2026-05-28 13:12:30,898 [INFO] CodeEngine:289 - Generated code: /Users/cristianpetramale/Biomed_projects/STMWorkSpace/ProgettoUART/Core/Src/stm32l4xx_it.c
2026-05-28 13:12:30,902 [INFO] CodeEngine:265 - oldGeneratedFile, /Users/cristianpetramale/Biomed_projects/STMWorkSpace/ProgettoUART/Core/Inc/stm32l4xx_it.h_save
2026-05-28 13:12:31,054 [INFO] CodeEngine:289 - Generated code: /Users/cristianpetramale/Biomed_projects/STMWorkSpace/ProgettoUART/Core/Inc/stm32l4xx_it.h
2026-05-28 13:12:31,068 [INFO] CodeEngine:265 - oldGeneratedFile, /Users/cristianpetramale/Biomed_projects/STMWorkSpace/ProgettoUART/Core/Src/stm32l4xx_hal_msp.c_save
2026-05-28 13:12:31,315 [INFO] CodeEngine:289 - Generated code: /Users/cristianpetramale/Biomed_projects/STMWorkSpace/ProgettoUART/Core/Src/stm32l4xx_hal_msp.c
2026-05-28 13:12:31,320 [INFO] CodeEngine:265 - oldGeneratedFile, /Users/cristianpetramale/Biomed_projects/STMWorkSpace/ProgettoUART/MXTmpFiles/system.tmp_save
2026-05-28 13:12:31,402 [INFO] CodeEngine:289 - Generated code: /Users/cristianpetramale/Biomed_projects/STMWorkSpace/ProgettoUART/MXTmpFiles/system.tmp
2026-05-28 13:12:31,409 [INFO] CodeEngine:321 - oldGeneratedFile, /Users/cristianpetramale/Biomed_projects/STMWorkSpace/ProgettoUART/Core/Inc/stm32l4xx_hal_conf.h_save
2026-05-28 13:12:31,492 [INFO] CodeEngine:345 - Generated code: /Users/cristianpetramale/Biomed_projects/STMWorkSpace/ProgettoUART/Core/Inc/stm32l4xx_hal_conf.h
2026-05-28 13:12:31,560 [INFO] ApiDbMcu:532 - Load IP Config File for I2C1
2026-05-28 13:12:31,563 [INFO] ApiDbMcu:532 - Load IP Config File for SPI1
2026-05-28 13:12:31,588 [INFO] ApiDbMcu:532 - Load IP Config File for TIM2
2026-05-28 13:12:31,599 [INFO] ApiDbMcu:532 - Load IP Config File for TIM6
2026-05-28 13:12:31,613 [INFO] ApiDbMcu:532 - Load IP Config File for TIM7
2026-05-28 13:12:31,620 [INFO] ApiDbMcu:532 - Load IP Config File for USART1
2026-05-28 13:12:31,624 [INFO] ApiDbMcu:532 - Load IP Config File for RCC
2026-05-28 13:12:31,627 [WARN] IPConfigManager:3811 - IP not found : TIM
2026-05-28 13:12:31,627 [WARN] CodeGenerator:4259 - IP not found : null
2026-05-28 13:12:31,632 [INFO] CodeEngine:265 - oldGeneratedFile, /Users/cristianpetramale/Biomed_projects/STMWorkSpace/ProgettoUART/Core/Inc/main.h_save
2026-05-28 13:12:31,728 [INFO] CodeEngine:289 - Generated code: /Users/cristianpetramale/Biomed_projects/STMWorkSpace/ProgettoUART/Core/Inc/main.h
2026-05-28 13:12:31,731 [INFO] CodeEngine:265 - oldGeneratedFile, /Users/cristianpetramale/Biomed_projects/STMWorkSpace/ProgettoUART/Core/Src/main.c_save
2026-05-28 13:12:31,963 [INFO] CodeEngine:289 - Generated code: /Users/cristianpetramale/Biomed_projects/STMWorkSpace/ProgettoUART/Core/Src/main.c
2026-05-28 13:12:32,208 [INFO] ProjectBuilder:3606 - Time for Copy HAL[1] : 85mS.
2026-05-28 13:12:32,218 [INFO] ProjectBuilder:5216 - Project Generator version: 4.7.0-B52
2026-05-28 13:12:32,426 [INFO] ConfigFileManager:1595 - The Die is : DIE435
2026-05-28 13:12:32,525 [INFO] ApiDbMcu:532 - Load IP Config File for FATFS
2026-05-28 13:12:32,664 [INFO] ApiDbMcu:532 - Load IP Config File for FREERTOS
2026-05-28 13:12:32,734 [INFO] ApiDbMcu:532 - Load IP Config File for TOUCHSENSING
2026-05-28 13:12:32,755 [INFO] ApiDbMcu:532 - Load IP Config File for USB_DEVICE
2026-05-28 13:12:33,419 [INFO] LogOutputStream:77 - [STDOUT_REDIRECT] 
2026-05-28 13:12:35,833 [INFO] ProjectBuilder:5496 - Time for Generating toolchain IDE Files: 3613mS.
2026-05-28 13:12:35,834 [INFO] ProjectBuilder:3463 - Time for Copy CMSIS : 1mS.
2026-05-28 13:12:35,835 [INFO] ProjectBuilder:3463 - Time for Copy CMSIS : 0mS.
2026-05-28 13:17:49,916 [INFO] NvicIntPanel:101 - NVIC parent = com.st.microxplorer.plugins.ip.nvic.MultiNvicIntPanel[,0,0,0x0,invalid,layout=javax.swing.BoxLayout,alignmentX=0.0,alignmentY=0.0,border=,flags=9,maximumSize=,minimumSize=,preferredSize=]
2026-05-28 13:17:58,108 [INFO] UtilMem:75 - End SaveConfig() Used Memory: 933456840 Bytes (1073741824)
2026-05-28 13:18:02,102 [INFO] UtilMem:75 - End SaveConfig() Used Memory: 766586096 Bytes (1073741824)
2026-05-28 13:18:02,553 [INFO] BlockDiagram:2775 - set Specific Code input for plugin: SPI
2026-05-28 13:18:02,554 [INFO] BlockDiagram:2775 - set Specific Code input for plugin: NVIC
2026-05-28 13:18:02,554 [INFO] BlockDiagram:2775 - set Specific Code input for plugin: USART
2026-05-28 13:18:02,554 [INFO] BlockDiagram:2775 - set Specific Code input for plugin: TIM6_7L4
2026-05-28 13:18:02,554 [INFO] BlockDiagram:2775 - set Specific Code input for plugin: TIM6_7L4
2026-05-28 13:18:02,554 [INFO] BlockDiagram:2775 - set Specific Code input for plugin: TIM1_8L4
2026-05-28 13:18:02,554 [INFO] BlockDiagram:2775 - set Specific Code input for plugin: TIM1_8L4
2026-05-28 13:18:02,555 [INFO] BlockDiagram:2775 - set Specific Code input for plugin: SYS
2026-05-28 13:18:02,555 [INFO] BlockDiagram:2775 - set Specific Code input for plugin: GPIO
2026-05-28 13:18:02,556 [INFO] BlockDiagram:2775 - set Specific Code input for plugin: RCC
2026-05-28 13:18:02,556 [INFO] BlockDiagram:2775 - set Specific Code input for plugin: I2C
2026-05-28 13:18:02,557 [INFO] CodeGenerator:892 - code generatio: config db path: /Applications/STM32CubeIDE.app/Contents/Eclipse/plugins/com.st.stm32cube.common.mx_6.15.0.202507011659//db/
2026-05-28 13:18:02,648 [INFO] CodeEngine:265 - oldGeneratedFile, /Users/cristianpetramale/Biomed_projects/STMWorkSpace/ProgettoUART/MXTmpFiles/license.tmp_save
2026-05-28 13:18:02,809 [INFO] CodeEngine:289 - Generated code: /Users/cristianpetramale/Biomed_projects/STMWorkSpace/ProgettoUART/MXTmpFiles/license.tmp
2026-05-28 13:18:02,891 [INFO] CodeEngine:265 - oldGeneratedFile, /Users/cristianpetramale/Biomed_projects/STMWorkSpace/ProgettoUART/MXTmpFiles/gpio.tmp_save
2026-05-28 13:18:02,992 [INFO] CodeEngine:289 - Generated code: /Users/cristianpetramale/Biomed_projects/STMWorkSpace/ProgettoUART/MXTmpFiles/gpio.tmp
2026-05-28 13:18:03,487 [INFO] CodeEngine:265 - oldGeneratedFile, /Users/cristianpetramale/Biomed_projects/STMWorkSpace/ProgettoUART/Core/Src/stm32l4xx_it.c_save
2026-05-28 13:18:03,583 [INFO] CodeEngine:289 - Generated code: /Users/cristianpetramale/Biomed_projects/STMWorkSpace/ProgettoUART/Core/Src/stm32l4xx_it.c
2026-05-28 13:18:03,586 [INFO] CodeEngine:265 - oldGeneratedFile, /Users/cristianpetramale/Biomed_projects/STMWorkSpace/ProgettoUART/Core/Inc/stm32l4xx_it.h_save
2026-05-28 13:18:03,632 [INFO] CodeEngine:289 - Generated code: /Users/cristianpetramale/Biomed_projects/STMWorkSpace/ProgettoUART/Core/Inc/stm32l4xx_it.h
2026-05-28 13:18:03,639 [INFO] CodeEngine:265 - oldGeneratedFile, /Users/cristianpetramale/Biomed_projects/STMWorkSpace/ProgettoUART/Core/Src/stm32l4xx_hal_msp.c_save
2026-05-28 13:18:03,789 [INFO] CodeEngine:289 - Generated code: /Users/cristianpetramale/Biomed_projects/STMWorkSpace/ProgettoUART/Core/Src/stm32l4xx_hal_msp.c
2026-05-28 13:18:03,791 [INFO] CodeEngine:265 - oldGeneratedFile, /Users/cristianpetramale/Biomed_projects/STMWorkSpace/ProgettoUART/MXTmpFiles/system.tmp_save
2026-05-28 13:18:03,839 [INFO] CodeEngine:289 - Generated code: /Users/cristianpetramale/Biomed_projects/STMWorkSpace/ProgettoUART/MXTmpFiles/system.tmp
2026-05-28 13:18:03,842 [INFO] CodeEngine:321 - oldGeneratedFile, /Users/cristianpetramale/Biomed_projects/STMWorkSpace/ProgettoUART/Core/Inc/stm32l4xx_hal_conf.h_save
2026-05-28 13:18:03,900 [INFO] CodeEngine:345 - Generated code: /Users/cristianpetramale/Biomed_projects/STMWorkSpace/ProgettoUART/Core/Inc/stm32l4xx_hal_conf.h
2026-05-28 13:18:03,938 [INFO] ApiDbMcu:532 - Load IP Config File for TIM1
2026-05-28 13:18:03,942 [WARN] IPConfigManager:3811 - IP not found : TIM
2026-05-28 13:18:03,943 [WARN] CodeGenerator:4259 - IP not found : null
2026-05-28 13:18:03,946 [INFO] CodeEngine:265 - oldGeneratedFile, /Users/cristianpetramale/Biomed_projects/STMWorkSpace/ProgettoUART/Core/Inc/main.h_save
2026-05-28 13:18:04,020 [INFO] CodeEngine:289 - Generated code: /Users/cristianpetramale/Biomed_projects/STMWorkSpace/ProgettoUART/Core/Inc/main.h
2026-05-28 13:18:04,023 [INFO] CodeEngine:265 - oldGeneratedFile, /Users/cristianpetramale/Biomed_projects/STMWorkSpace/ProgettoUART/Core/Src/main.c_save
2026-05-28 13:18:04,161 [INFO] CodeEngine:289 - Generated code: /Users/cristianpetramale/Biomed_projects/STMWorkSpace/ProgettoUART/Core/Src/main.c
2026-05-28 13:18:04,859 [INFO] ProjectBuilder:3606 - Time for Copy HAL[1] : 67mS.
2026-05-28 13:18:04,875 [INFO] ProjectBuilder:5216 - Project Generator version: 4.7.0-B52
2026-05-28 13:18:04,992 [INFO] ConfigFileManager:1595 - The Die is : DIE435
2026-05-28 13:18:06,871 [INFO] ProjectBuilder:5496 - Time for Generating toolchain IDE Files: 1997mS.
2026-05-28 13:18:06,873 [INFO] ProjectBuilder:3463 - Time for Copy CMSIS : 1mS.
2026-05-28 13:18:06,875 [INFO] ProjectBuilder:3463 - Time for Copy CMSIS : 0mS.
2026-05-28 13:19:41,052 [INFO] UtilMem:75 - End SaveConfig() Used Memory: 771703152 Bytes (1073741824)
2026-05-28 13:19:42,761 [INFO] UtilMem:75 - End SaveConfig() Used Memory: 829791464 Bytes (1073741824)
2026-05-28 13:19:42,918 [INFO] UtilMem:75 - End SaveConfig() Used Memory: 869465608 Bytes (1073741824)
2026-05-28 13:19:43,914 [INFO] BlockDiagram:2775 - set Specific Code input for plugin: SPI
2026-05-28 13:19:43,926 [INFO] BlockDiagram:2775 - set Specific Code input for plugin: NVIC
2026-05-28 13:19:43,928 [INFO] BlockDiagram:2775 - set Specific Code input for plugin: USART
2026-05-28 13:19:43,928 [INFO] BlockDiagram:2775 - set Specific Code input for plugin: TIM6_7L4
2026-05-28 13:19:43,928 [INFO] BlockDiagram:2775 - set Specific Code input for plugin: TIM6_7L4
2026-05-28 13:19:43,928 [INFO] BlockDiagram:2775 - set Specific Code input for plugin: TIM1_8L4
2026-05-28 13:19:43,928 [INFO] BlockDiagram:2775 - set Specific Code input for plugin: TIM1_8L4
2026-05-28 13:19:43,928 [INFO] BlockDiagram:2775 - set Specific Code input for plugin: SYS
2026-05-28 13:19:43,928 [INFO] BlockDiagram:2775 - set Specific Code input for plugin: GPIO
2026-05-28 13:19:43,929 [INFO] BlockDiagram:2775 - set Specific Code input for plugin: RCC
2026-05-28 13:19:43,929 [INFO] BlockDiagram:2775 - set Specific Code input for plugin: I2C
2026-05-28 13:19:43,930 [INFO] CodeGenerator:892 - code generatio: config db path: /Applications/STM32CubeIDE.app/Contents/Eclipse/plugins/com.st.stm32cube.common.mx_6.15.0.202507011659//db/
2026-05-28 13:19:44,084 [INFO] CodeEngine:265 - oldGeneratedFile, /Users/cristianpetramale/Biomed_projects/STMWorkSpace/ProgettoUART/MXTmpFiles/license.tmp_save
2026-05-28 13:19:44,212 [INFO] CodeEngine:289 - Generated code: /Users/cristianpetramale/Biomed_projects/STMWorkSpace/ProgettoUART/MXTmpFiles/license.tmp
2026-05-28 13:19:44,295 [INFO] CodeEngine:265 - oldGeneratedFile, /Users/cristianpetramale/Biomed_projects/STMWorkSpace/ProgettoUART/MXTmpFiles/gpio.tmp_save
2026-05-28 13:19:44,382 [INFO] CodeEngine:289 - Generated code: /Users/cristianpetramale/Biomed_projects/STMWorkSpace/ProgettoUART/MXTmpFiles/gpio.tmp
2026-05-28 13:19:44,784 [INFO] CodeEngine:265 - oldGeneratedFile, /Users/cristianpetramale/Biomed_projects/STMWorkSpace/ProgettoUART/Core/Src/stm32l4xx_it.c_save
2026-05-28 13:19:44,856 [INFO] CodeEngine:289 - Generated code: /Users/cristianpetramale/Biomed_projects/STMWorkSpace/ProgettoUART/Core/Src/stm32l4xx_it.c
2026-05-28 13:19:44,859 [INFO] CodeEngine:265 - oldGeneratedFile, /Users/cristianpetramale/Biomed_projects/STMWorkSpace/ProgettoUART/Core/Inc/stm32l4xx_it.h_save
2026-05-28 13:19:44,901 [INFO] CodeEngine:289 - Generated code: /Users/cristianpetramale/Biomed_projects/STMWorkSpace/ProgettoUART/Core/Inc/stm32l4xx_it.h
2026-05-28 13:19:44,918 [INFO] CodeEngine:265 - oldGeneratedFile, /Users/cristianpetramale/Biomed_projects/STMWorkSpace/ProgettoUART/Core/Src/stm32l4xx_hal_msp.c_save
2026-05-28 13:19:44,998 [INFO] CodeEngine:289 - Generated code: /Users/cristianpetramale/Biomed_projects/STMWorkSpace/ProgettoUART/Core/Src/stm32l4xx_hal_msp.c
2026-05-28 13:19:44,999 [INFO] CodeEngine:265 - oldGeneratedFile, /Users/cristianpetramale/Biomed_projects/STMWorkSpace/ProgettoUART/MXTmpFiles/system.tmp_save
2026-05-28 13:19:45,041 [INFO] CodeEngine:289 - Generated code: /Users/cristianpetramale/Biomed_projects/STMWorkSpace/ProgettoUART/MXTmpFiles/system.tmp
2026-05-28 13:19:45,047 [INFO] CodeEngine:321 - oldGeneratedFile, /Users/cristianpetramale/Biomed_projects/STMWorkSpace/ProgettoUART/Core/Inc/stm32l4xx_hal_conf.h_save
2026-05-28 13:19:45,094 [INFO] CodeEngine:345 - Generated code: /Users/cristianpetramale/Biomed_projects/STMWorkSpace/ProgettoUART/Core/Inc/stm32l4xx_hal_conf.h
2026-05-28 13:19:45,131 [WARN] IPConfigManager:3811 - IP not found : TIM
2026-05-28 13:19:45,131 [WARN] CodeGenerator:4259 - IP not found : null
2026-05-28 13:19:45,133 [INFO] CodeEngine:265 - oldGeneratedFile, /Users/cristianpetramale/Biomed_projects/STMWorkSpace/ProgettoUART/Core/Inc/main.h_save
2026-05-28 13:19:45,182 [INFO] CodeEngine:289 - Generated code: /Users/cristianpetramale/Biomed_projects/STMWorkSpace/ProgettoUART/Core/Inc/main.h
2026-05-28 13:19:45,184 [INFO] CodeEngine:265 - oldGeneratedFile, /Users/cristianpetramale/Biomed_projects/STMWorkSpace/ProgettoUART/Core/Src/main.c_save
2026-05-28 13:19:45,314 [INFO] CodeEngine:289 - Generated code: /Users/cristianpetramale/Biomed_projects/STMWorkSpace/ProgettoUART/Core/Src/main.c
2026-05-28 13:19:45,457 [INFO] ProjectBuilder:3606 - Time for Copy HAL[1] : 35mS.
2026-05-28 13:19:45,460 [INFO] ProjectBuilder:5216 - Project Generator version: 4.7.0-B52
2026-05-28 13:19:45,511 [INFO] ConfigFileManager:1595 - The Die is : DIE435
2026-05-28 13:19:48,146 [INFO] ProjectBuilder:5496 - Time for Generating toolchain IDE Files: 2677mS.
2026-05-28 13:19:48,157 [INFO] ProjectBuilder:3463 - Time for Copy CMSIS : 2mS.
2026-05-28 13:19:48,162 [INFO] ProjectBuilder:3463 - Time for Copy CMSIS : 1mS.
2026-05-28 13:19:54,222 [ERROR] AdobePublisher:162 - Exception while opening the connection: java.net.SocketTimeoutException: Read timed out
2026-05-28 13:21:50,193 [ERROR] LogOutputStream:75 - [STDERR_REDIRECT] 
