2026-05-06 14:47:21,948 [INFO] Activator:176 - 


2026-05-06 14:47:21,952 [INFO] Activator:177 - !SESSION log4j initialized
2026-05-06 14:47:25,923 [INFO] LogOutputStream:77 - [STDOUT_REDIRECT] 
2026-05-06 14:47:26,965 [ERROR] LogOutputStream:75 - [STDERR_REDIRECT] 
2026-05-06 14:47:28,956 [INFO] LogOutputStream:77 - [STDOUT_REDIRECT] 
2026-05-06 14:47:30,631 [INFO] ApplicationProperties:184 - Using Application install path: /Applications/STM32CubeIDE.app/Contents/Eclipse/plugins/com.st.stm32cube.common.mx_6.15.0.202507011659
2026-05-06 14:47:30,643 [INFO] DbMcusXml:78 - Set database path to: /Applications/STM32CubeIDE.app/Contents/Eclipse/plugins/com.st.stm32cube.common.mx_6.15.0.202507011659//db//mcu/
2026-05-06 14:47:30,643 [INFO] ApiDb:274 - Set plugin database path to: /Applications/STM32CubeIDE.app/Contents/Eclipse/plugins/com.st.stm32cube.common.mx_6.15.0.202507011659//db//plugins/boardmanager/
2026-05-06 14:47:30,644 [WARN] ApiDb:259 - Overriding images path with different value:  => /Applications/STM32CubeIDE.app/Contents/Eclipse/plugins/com.st.stm32cube.common.mx_6.15.0.202507011659//db//plugins/mcufinder/images/
2026-05-06 14:47:30,650 [INFO] ApiDb:250 - Set database path to: /Users/cristianpetramale/.stmcufinder/plugins/mcufinder//mcu/
2026-05-06 14:47:30,651 [INFO] DbMcusAds:125 - Set database path to: /Users/cristianpetramale/.stmcufinder/plugins/mcufinder//mcu/
2026-05-06 14:47:30,652 [INFO] CrossReferenceDbSqlite:203 - Set database path to: /Users/cristianpetramale/.stmcufinder/plugins/mcufinder//mcu/cs/
2026-05-06 14:47:30,764 [INFO] RulesReader:64 - Compatibility file has been processed (317 Rules)
2026-05-06 14:47:30,808 [INFO] DbMcusXml:78 - Set database path to: /Applications/STM32CubeIDE.app/Contents/Eclipse/plugins/com.st.stm32cube.common.mx_6.15.0.202507011659//db//mcu/
2026-05-06 14:47:30,809 [INFO] ApiDb:274 - Set plugin database path to: /Applications/STM32CubeIDE.app/Contents/Eclipse/plugins/com.st.stm32cube.common.mx_6.15.0.202507011659//db//plugins/boardmanager/
2026-05-06 14:47:30,809 [INFO] ApiDb:261 - Set plugin images path to: /Applications/STM32CubeIDE.app/Contents/Eclipse/plugins/com.st.stm32cube.common.mx_6.15.0.202507011659//db//plugins/mcufinder/images/
2026-05-06 14:47:30,809 [WARN] DbFile:41 - Overriding database path with different value: /Users/cristianpetramale/.stmcufinder/plugins/mcufinder/ => /Users/cristianpetramale/.stmcufinder/plugins/mcufinder
2026-05-06 14:47:30,809 [INFO] ApiDb:250 - Set database path to: /Users/cristianpetramale/.stmcufinder/plugins/mcufinder//mcu/
2026-05-06 14:47:30,809 [WARN] DbFile:41 - Overriding database path with different value: /Users/cristianpetramale/.stmcufinder/plugins/mcufinder/ => /Users/cristianpetramale/.stmcufinder/plugins/mcufinder
2026-05-06 14:47:30,809 [INFO] DbMcusAds:125 - Set database path to: /Users/cristianpetramale/.stmcufinder/plugins/mcufinder//mcu/
2026-05-06 14:47:30,809 [WARN] DbFile:41 - Overriding database path with different value: /Users/cristianpetramale/.stmcufinder/plugins/mcufinder/ => /Users/cristianpetramale/.stmcufinder/plugins/mcufinder
2026-05-06 14:47:30,809 [WARN] DbFile:41 - Overriding database path with different value: /Users/cristianpetramale/.stmcufinder/plugins/mcufinder/ => /Users/cristianpetramale/.stmcufinder/plugins/mcufinder
2026-05-06 14:47:30,810 [INFO] CrossReferenceDbSqlite:203 - Set database path to: /Users/cristianpetramale/.stmcufinder/plugins/mcufinder//mcu/cs/
2026-05-06 14:47:30,867 [INFO] MainPanel:274 - HeapMemory: 268435456
2026-05-06 14:47:31,200 [INFO] DbMcusXml:78 - Set database path to: /Applications/STM32CubeIDE.app/Contents/Eclipse/plugins/com.st.stm32cube.common.mx_6.15.0.202507011659//db//mcu/
2026-05-06 14:47:31,200 [INFO] ApiDb:274 - Set plugin database path to: /Applications/STM32CubeIDE.app/Contents/Eclipse/plugins/com.st.stm32cube.common.mx_6.15.0.202507011659//db//plugins/boardmanager/
2026-05-06 14:47:31,200 [INFO] ApiDb:261 - Set plugin images path to: /Applications/STM32CubeIDE.app/Contents/Eclipse/plugins/com.st.stm32cube.common.mx_6.15.0.202507011659//db//plugins/mcufinder/images/
2026-05-06 14:47:31,201 [WARN] DbFile:41 - Overriding database path with different value: /Users/cristianpetramale/.stmcufinder/plugins/mcufinder/ => /Users/cristianpetramale/.stmcufinder/plugins/mcufinder
2026-05-06 14:47:31,201 [INFO] ApiDb:250 - Set database path to: /Users/cristianpetramale/.stmcufinder/plugins/mcufinder//mcu/
2026-05-06 14:47:31,201 [WARN] DbFile:41 - Overriding database path with different value: /Users/cristianpetramale/.stmcufinder/plugins/mcufinder/ => /Users/cristianpetramale/.stmcufinder/plugins/mcufinder
2026-05-06 14:47:31,201 [INFO] DbMcusAds:125 - Set database path to: /Users/cristianpetramale/.stmcufinder/plugins/mcufinder//mcu/
2026-05-06 14:47:31,201 [WARN] DbFile:41 - Overriding database path with different value: /Users/cristianpetramale/.stmcufinder/plugins/mcufinder/ => /Users/cristianpetramale/.stmcufinder/plugins/mcufinder
2026-05-06 14:47:31,201 [WARN] DbFile:41 - Overriding database path with different value: /Users/cristianpetramale/.stmcufinder/plugins/mcufinder/ => /Users/cristianpetramale/.stmcufinder/plugins/mcufinder
2026-05-06 14:47:31,201 [INFO] CrossReferenceDbSqlite:203 - Set database path to: /Users/cristianpetramale/.stmcufinder/plugins/mcufinder//mcu/cs/
2026-05-06 14:47:31,215 [INFO] ApplicationProperties:184 - Using Application install path: /Applications/STM32CubeIDE.app/Contents/Eclipse/plugins/com.st.stm32cube.common.mx_6.15.0.202507011659
2026-05-06 14:47:31,216 [INFO] PluginManage:196 - Search for loadable plugins [exclusion list=, ]
2026-05-06 14:47:31,217 [INFO] PluginManage:310 - Check plugin analytics
2026-05-06 14:47:31,400 [INFO] AnalyticsPlugin:253 - Accepted Software Licenses: 
2026-05-06 14:47:31,401 [INFO] AnalyticsPlugin:255 - Accepted CMSIS Pack Licenses: 
2026-05-06 14:47:31,401 [INFO] AnalyticsPlugin:257 - Accepted Firmware Licenses: FW.L4.1.18.0
2026-05-06 14:47:31,404 [INFO] PluginManage:359 - Loaded plugin analytics (category:tool,tabindex:-1)
2026-05-06 14:47:31,407 [INFO] PluginManage:310 - Check plugin cadmodel
2026-05-06 14:47:31,418 [INFO] CADModel:105 - Init CAD model plugin
2026-05-06 14:47:31,418 [INFO] PluginManage:359 - Loaded plugin cadmodel (category:power,tabindex:5)
2026-05-06 14:47:31,418 [INFO] PluginManage:310 - Check plugin clock
2026-05-06 14:47:31,427 [INFO] PluginManage:359 - Loaded plugin clock (category:base,tabindex:2)
2026-05-06 14:47:31,427 [INFO] PluginManage:310 - Check plugin ddr
2026-05-06 14:47:31,429 [INFO] PluginManage:359 - Loaded plugin ddr (category:tool,tabindex:6)
2026-05-06 14:47:31,429 [INFO] PluginManage:310 - Check plugin filemanager
2026-05-06 14:47:31,562 [INFO] PluginManage:359 - Loaded plugin filemanager (category:base,tabindex:10)
2026-05-06 14:47:31,562 [INFO] PluginManage:310 - Check plugin ipmanager
2026-05-06 14:47:31,567 [INFO] PluginManage:359 - Loaded plugin ipmanager (category:base,tabindex:5)
2026-05-06 14:47:31,568 [INFO] PluginManage:310 - Check plugin lpbam
2026-05-06 14:47:31,577 [INFO] PluginManage:359 - Loaded plugin lpbam (category:base,tabindex:0)
2026-05-06 14:47:31,577 [INFO] PluginManage:310 - Check plugin memorymap
2026-05-06 14:47:31,584 [INFO] PluginManage:359 - Loaded plugin memorymap (category:base,tabindex:4)
2026-05-06 14:47:31,584 [INFO] PluginManage:310 - Check plugin pinoutandconfiguration
2026-05-06 14:47:31,590 [INFO] PluginManage:359 - Loaded plugin pinoutandconfiguration (category:base,tabindex:1)
2026-05-06 14:47:31,591 [INFO] PluginManage:310 - Check plugin pinoutconfig
2026-05-06 14:47:31,705 [WARN] SupportedApi:132 - Cannot load RTOS API schema: s4s-elt-must-match.1: The content of 'definitions' must match (annotation?, (simpleType | complexType)?, (unique | key | keyref)*)). A problem was found starting at: attribute.
2026-05-06 14:47:31,829 [INFO] PluginManage:359 - Loaded plugin pinoutconfig (category:base,tabindex:0)
2026-05-06 14:47:31,830 [INFO] PluginManage:310 - Check plugin power
2026-05-06 14:47:31,844 [INFO] PluginManage:359 - Loaded plugin power (category:power,tabindex:4)
2026-05-06 14:47:31,845 [INFO] PluginManage:310 - Check plugin projectmanager
2026-05-06 14:47:31,867 [INFO] PluginManage:359 - Loaded plugin projectmanager (category:projectmanager,tabindex:4)
2026-05-06 14:47:31,867 [INFO] PluginManage:310 - Check plugin rif
2026-05-06 14:47:31,876 [INFO] PluginManage:359 - Loaded plugin rif (category:base,tabindex:3)
2026-05-06 14:47:31,877 [INFO] PluginManage:310 - Check plugin thirdparty
2026-05-06 14:47:32,032 [INFO] PluginManage:359 - Loaded plugin thirdparty (category:base,tabindex:-1)
2026-05-06 14:47:32,032 [WARN] IntegrityCheckThread:84 - waiting for thirdparty lock release [integrity check]
2026-05-06 14:47:32,032 [INFO] PluginManage:310 - Check plugin tools
2026-05-06 14:47:32,032 [INFO] IntegrityCheckThread:86 - entering critical section [integrity check]
2026-05-06 14:47:32,033 [INFO] ThirdPartyUpdaterWithRetryManager:70 - Updater plugin not ready yet. [1/15]
2026-05-06 14:47:32,035 [INFO] PluginManage:359 - Loaded plugin tools (category:base,tabindex:7)
2026-05-06 14:47:32,035 [INFO] PluginManage:310 - Check plugin tutovideos
2026-05-06 14:47:32,213 [INFO] PluginManage:359 - Loaded plugin tutovideos (category:base,tabindex:-1)
2026-05-06 14:47:32,214 [INFO] PluginManage:310 - Check plugin updater
2026-05-06 14:47:32,240 [INFO] PluginManage:359 - Loaded plugin updater (category:base,tabindex:12)
2026-05-06 14:47:32,240 [INFO] PluginManage:310 - Check plugin userauth
2026-05-06 14:47:32,244 [INFO] UserAuth:118 - Init User Auth plugin
2026-05-06 14:47:32,245 [INFO] PluginManage:359 - Loaded plugin userauth (category:base,tabindex:14)
2026-05-06 14:47:32,246 [INFO] PluginManage:283 - PluginManage : Loaded plugins [18]
2026-05-06 14:47:32,470 [INFO] PinOutPanel:1589 - setPackage(No Configuration,No Configuration)
2026-05-06 14:47:32,531 [INFO] CADModel:165 - CPN selected for project level
2026-05-06 14:47:32,531 [INFO] CADModel:114 - Register for checkConnection events
2026-05-06 14:47:32,540 [INFO] IPUIPlugin:80 - create IPUIPlugin
2026-05-06 14:47:32,540 [INFO] PluginManager:220 - loadIPPluginJar : add mdma
2026-05-06 14:47:32,545 [INFO] IPUIPlugin:80 - create IPUIPlugin
2026-05-06 14:47:32,545 [INFO] PluginManager:220 - loadIPPluginJar : add freertos
2026-05-06 14:47:32,548 [INFO] IPUIPlugin:80 - create IPUIPlugin
2026-05-06 14:47:32,548 [INFO] PluginManager:220 - loadIPPluginJar : add gic
2026-05-06 14:47:32,556 [INFO] IPUIPlugin:80 - create IPUIPlugin
2026-05-06 14:47:32,556 [INFO] PluginManager:220 - loadIPPluginJar : add adc
2026-05-06 14:47:32,557 [INFO] IPUIPlugin:80 - create IPUIPlugin
2026-05-06 14:47:32,557 [INFO] PluginManager:220 - loadIPPluginJar : add gtzc
2026-05-06 14:47:32,558 [INFO] IPUIPlugin:80 - create IPUIPlugin
2026-05-06 14:47:32,558 [INFO] PluginManager:220 - loadIPPluginJar : add quadspi
2026-05-06 14:47:32,559 [INFO] IPUIPlugin:80 - create IPUIPlugin
2026-05-06 14:47:32,559 [INFO] PluginManager:220 - loadIPPluginJar : add aes
2026-05-06 14:47:32,560 [INFO] IPUIPlugin:80 - create IPUIPlugin
2026-05-06 14:47:32,560 [INFO] PluginManager:220 - loadIPPluginJar : add pdm2pcm
2026-05-06 14:47:32,561 [INFO] IPUIPlugin:80 - create IPUIPlugin
2026-05-06 14:47:32,561 [INFO] PluginManager:220 - loadIPPluginJar : add hash
2026-05-06 14:47:32,562 [INFO] IPUIPlugin:80 - create IPUIPlugin
2026-05-06 14:47:32,562 [INFO] PluginManager:220 - loadIPPluginJar : add tim
2026-05-06 14:47:32,563 [INFO] IPUIPlugin:80 - create IPUIPlugin
2026-05-06 14:47:32,563 [INFO] PluginManager:220 - loadIPPluginJar : add tsc
2026-05-06 14:47:32,564 [INFO] IPUIPlugin:80 - create IPUIPlugin
2026-05-06 14:47:32,565 [INFO] PluginManager:220 - loadIPPluginJar : add extmemmanager
2026-05-06 14:47:32,566 [INFO] IPUIPlugin:80 - create IPUIPlugin
2026-05-06 14:47:32,566 [INFO] PluginManager:220 - loadIPPluginJar : add ts
2026-05-06 14:47:32,566 [INFO] IPUIPlugin:80 - create IPUIPlugin
2026-05-06 14:47:32,566 [INFO] PluginManager:220 - loadIPPluginJar : add radio
2026-05-06 14:47:32,568 [INFO] IPUIPlugin:80 - create IPUIPlugin
2026-05-06 14:47:32,568 [INFO] PluginManager:220 - loadIPPluginJar : add can
2026-05-06 14:47:32,569 [INFO] IPUIPlugin:80 - create IPUIPlugin
2026-05-06 14:47:32,569 [INFO] PluginManager:220 - loadIPPluginJar : add dma3
2026-05-06 14:47:32,570 [INFO] IPUIPlugin:80 - create IPUIPlugin
2026-05-06 14:47:32,570 [INFO] PluginManager:220 - loadIPPluginJar : add dfsdm
2026-05-06 14:47:32,571 [INFO] IPUIPlugin:80 - create IPUIPlugin
2026-05-06 14:47:32,571 [INFO] PluginManager:220 - loadIPPluginJar : add spi
2026-05-06 14:47:32,572 [INFO] IPUIPlugin:80 - create IPUIPlugin
2026-05-06 14:47:32,572 [INFO] PluginManager:220 - loadIPPluginJar : add gfxmmu
2026-05-06 14:47:32,573 [INFO] IPUIPlugin:80 - create IPUIPlugin
2026-05-06 14:47:32,573 [INFO] PluginManager:220 - loadIPPluginJar : add genericplugin
2026-05-06 14:47:32,574 [INFO] IPUIPlugin:80 - create IPUIPlugin
2026-05-06 14:47:32,574 [INFO] PluginManager:220 - loadIPPluginJar : add cryp
2026-05-06 14:47:32,578 [INFO] IPUIPlugin:80 - create IPUIPlugin
2026-05-06 14:47:32,579 [INFO] PluginManager:220 - loadIPPluginJar : add gpio
2026-05-06 14:47:32,581 [INFO] IPUIPlugin:80 - create IPUIPlugin
2026-05-06 14:47:32,581 [INFO] PluginManager:220 - loadIPPluginJar : add ddr_ctrl_phy
2026-05-06 14:47:32,582 [INFO] IPUIPlugin:80 - create IPUIPlugin
2026-05-06 14:47:32,582 [INFO] PluginManager:220 - loadIPPluginJar : add comp
2026-05-06 14:47:32,584 [INFO] IPUIPlugin:80 - create IPUIPlugin
2026-05-06 14:47:32,585 [INFO] PluginManager:220 - loadIPPluginJar : add tracer_emb
2026-05-06 14:47:32,586 [INFO] IPUIPlugin:80 - create IPUIPlugin
2026-05-06 14:47:32,586 [INFO] PluginManager:220 - loadIPPluginJar : add openamp
2026-05-06 14:47:32,589 [INFO] IPUIPlugin:80 - create IPUIPlugin
2026-05-06 14:47:32,589 [INFO] PluginManager:220 - loadIPPluginJar : add stm32_wpan
2026-05-06 14:47:32,592 [INFO] IPUIPlugin:80 - create IPUIPlugin
2026-05-06 14:47:32,593 [INFO] PluginManager:220 - loadIPPluginJar : add plateformsettings
2026-05-06 14:47:32,595 [INFO] IPUIPlugin:80 - create IPUIPlugin
2026-05-06 14:47:32,595 [INFO] PluginManager:220 - loadIPPluginJar : add ipddr
2026-05-06 14:47:32,597 [INFO] IPUIPlugin:80 - create IPUIPlugin
2026-05-06 14:47:32,597 [INFO] PluginManager:220 - loadIPPluginJar : add usart
2026-05-06 14:47:32,598 [INFO] IPUIPlugin:80 - create IPUIPlugin
2026-05-06 14:47:32,598 [INFO] PluginManager:220 - loadIPPluginJar : add ltdc
2026-05-06 14:47:32,599 [INFO] IPUIPlugin:80 - create IPUIPlugin
2026-05-06 14:47:32,599 [INFO] PluginManager:220 - loadIPPluginJar : add nvic
2026-05-06 14:47:32,600 [INFO] IPUIPlugin:80 - create IPUIPlugin
2026-05-06 14:47:32,600 [INFO] PluginManager:220 - loadIPPluginJar : add fatfs
2026-05-06 14:47:32,604 [INFO] IPUIPlugin:80 - create IPUIPlugin
2026-05-06 14:47:32,604 [INFO] PluginManager:220 - loadIPPluginJar : add linkedlist
2026-05-06 14:47:32,608 [INFO] IPUIPlugin:80 - create IPUIPlugin
2026-05-06 14:47:32,608 [INFO] PluginManager:220 - loadIPPluginJar : add dma
2026-05-06 14:47:32,611 [INFO] IPUIPlugin:80 - create IPUIPlugin
2026-05-06 14:47:32,611 [INFO] PluginManager:220 - loadIPPluginJar : add fmc
2026-05-06 14:47:32,612 [INFO] IPUIPlugin:80 - create IPUIPlugin
2026-05-06 14:47:32,612 [INFO] PluginManager:220 - loadIPPluginJar : add i2s
2026-05-06 14:47:32,614 [INFO] IPUIPlugin:80 - create IPUIPlugin
2026-05-06 14:47:32,614 [INFO] PluginManager:220 - loadIPPluginJar : add ucpd
2026-05-06 14:47:32,616 [INFO] IPUIPlugin:80 - create IPUIPlugin
2026-05-06 14:47:32,616 [INFO] PluginManager:220 - loadIPPluginJar : add lorawan
2026-05-06 14:47:32,617 [INFO] IPUIPlugin:80 - create IPUIPlugin
2026-05-06 14:47:32,617 [INFO] PluginManager:220 - loadIPPluginJar : add opamp
2026-05-06 14:47:32,618 [INFO] IPUIPlugin:80 - create IPUIPlugin
2026-05-06 14:47:32,618 [INFO] PluginManager:220 - loadIPPluginJar : add i3c
2026-05-06 14:47:32,620 [INFO] IPUIPlugin:80 - create IPUIPlugin
2026-05-06 14:47:32,620 [INFO] PluginManager:220 - loadIPPluginJar : add touchsensing
2026-05-06 14:47:32,623 [INFO] IPUIPlugin:80 - create IPUIPlugin
2026-05-06 14:47:32,623 [INFO] PluginManager:220 - loadIPPluginJar : add i2c
2026-05-06 14:47:32,625 [INFO] IPUIPlugin:80 - create IPUIPlugin
2026-05-06 14:47:32,625 [INFO] PluginManager:220 - loadIPPluginJar : add resmgrutility
2026-05-06 14:47:32,626 [INFO] IPUIPlugin:80 - create IPUIPlugin
2026-05-06 14:47:32,626 [INFO] PluginManager:220 - loadIPPluginJar : add sai
2026-05-06 14:47:32,628 [INFO] IPUIPlugin:80 - create IPUIPlugin
2026-05-06 14:47:32,628 [INFO] PluginManager:220 - loadIPPluginJar : add usbx
2026-05-06 14:47:32,740 [FATAL] Updater:351 - Updater called before beeing initialized
2026-05-06 14:47:32,790 [INFO] RulesReader:64 - Compatibility file has been processed (317 Rules)
2026-05-06 14:47:32,805 [INFO] RulesReader:64 - Compatibility file has been processed (317 Rules)
2026-05-06 14:47:32,814 [INFO] CADModel:165 - CPN selected for project level
2026-05-06 14:47:32,814 [INFO] CADModel:114 - Register for checkConnection events
2026-05-06 14:47:32,814 [FATAL] Updater:351 - Updater called before beeing initialized
2026-05-06 14:47:32,814 [ERROR] CADModel:125 - Updater not yet initialized, retry later 
2026-05-06 14:47:33,029 [FATAL] Updater:351 - Updater called before beeing initialized
2026-05-06 14:47:33,030 [INFO] CADModel:165 - CPN selected for project level
2026-05-06 14:47:33,030 [INFO] CADModel:114 - Register for checkConnection events
2026-05-06 14:47:33,030 [FATAL] Updater:351 - Updater called before beeing initialized
2026-05-06 14:47:33,031 [ERROR] CADModel:125 - Updater not yet initialized, retry later 
2026-05-06 14:47:33,034 [FATAL] Updater:351 - Updater called before beeing initialized
2026-05-06 14:47:33,183 [FATAL] Updater:351 - Updater called before beeing initialized
2026-05-06 14:47:33,188 [INFO] DbMcusAds:53 - JSON generation date=Mon Apr 27 10:14:29 CEST 2026 (1777277669683)
2026-05-06 14:47:33,188 [FATAL] Updater:351 - Updater called before beeing initialized
2026-05-06 14:47:33,244 [WARN] DetailPanel:346 - Failed to get advertising image, set to default
2026-05-06 14:47:33,305 [FATAL] Updater:351 - Updater called before beeing initialized
2026-05-06 14:47:33,307 [FATAL] Updater:351 - Updater called before beeing initialized
2026-05-06 14:47:33,308 [FATAL] Updater:351 - Updater called before beeing initialized
2026-05-06 14:47:33,308 [WARN] DetailPanel:346 - Failed to get advertising image, set to default
2026-05-06 14:47:33,310 [FATAL] Updater:351 - Updater called before beeing initialized
2026-05-06 14:47:33,356 [ERROR] Updater:1198 - MainUpdater not yet initialized. External WinMGr cannot be set.
2026-05-06 14:47:33,360 [INFO] Updater:1134 - Updater Version found : 6.15.0
2026-05-06 14:47:33,376 [INFO] ApplicationProperties:184 - Using Application install path: /Applications/STM32CubeIDE.app/Contents/Eclipse/plugins/com.st.stm32cube.common.mx_6.15.0.202507011659
2026-05-06 14:47:33,769 [INFO] MainUpdater:2872 - connection check result : 10
2026-05-06 14:47:33,770 [INFO] MainUpdater:3604 - Updater definition file requires update
2026-05-06 14:47:33,770 [INFO] MainUpdater:289 - Updater Check For Update Now.
2026-05-06 14:47:33,771 [INFO] MicroXplorer:498 - Change Database Version : DB.6.0.150
2026-05-06 14:47:33,775 [INFO] McuFinderGlobals:63 - Set McuFinder mode to 2 (CubeIDE integrated)
2026-05-06 14:47:33,778 [INFO] UserAuth:487 - Internet connection configuration mode: 1
2026-05-06 14:47:33,799 [INFO] JxBrowserEngine:152 - Initiate JxBrowser Engine with user profile folder
2026-05-06 14:47:33,845 [INFO] ServerAccessManage:452 - Complete download http(s) 200
2026-05-06 14:47:33,849 [INFO] ServerAccessManage:509 - Download File updaters.zip
2026-05-06 14:47:34,116 [INFO] FileExtend:248 - Unzip File : updaters.zip
2026-05-06 14:47:34,117 [INFO] FileExtend:263 - Standard Zip Deflate
2026-05-06 14:47:34,399 [INFO] ServerAccessManage:452 - Complete download http(s) 200
2026-05-06 14:47:34,399 [INFO] ServerAccessManage:509 - Download File PacksControlFlags.xml
2026-05-06 14:47:34,546 [INFO] ServerAccessManage:452 - Complete download http(s) 200
2026-05-06 14:47:34,546 [INFO] ServerAccessManage:509 - Download File cubemx.pidx
2026-05-06 14:47:34,681 [INFO] LoadServerUpdatesThread:375 - End of LoadServerUpdate Thread
2026-05-06 14:47:34,852 [INFO] CheckServerUpdateThread:120 - End of CheckServer Thread
2026-05-06 14:47:35,264 [WARN] PackLoader:240 - Cannot read IP mode file for STMicroelectronics.X-CUBE-AZRTOS-H7.3.5.0
2026-05-06 14:47:35,311 [WARN] PackLoader:240 - Cannot read IP mode file for STMicroelectronics.FP-ATR-ASTRA1.2.0.2
2026-05-06 14:47:35,333 [WARN] PackLoader:240 - Cannot read IP mode file for STMicroelectronics.X-CUBE-SMBUS.2.1.0
2026-05-06 14:47:35,410 [WARN] PackLoader:240 - Cannot read IP mode file for STMicroelectronics.X-CUBE-AZRTOS-F7.1.1.0
2026-05-06 14:47:35,491 [WARN] PackLoader:240 - Cannot read IP mode file for WES.I-CUBE-Cesium.1.4.0
2026-05-06 14:47:35,529 [WARN] PackLoader:240 - Cannot read IP mode file for STMicroelectronics.X-CUBE-DISPLAY.3.0.0
2026-05-06 14:47:35,557 [WARN] PackLoader:240 - Cannot read IP mode file for STMicroelectronics.X-CUBE-GNSS1.7.1.1
2026-05-06 14:47:35,573 [WARN] PackLoader:240 - Cannot read IP mode file for STMicroelectronics.X-CUBE-NFC10.1.0.0
2026-05-06 14:47:35,588 [WARN] PackLoader:240 - Cannot read IP mode file for STMicroelectronics.X-CUBE-ST60.1.1.0
2026-05-06 14:47:35,612 [WARN] PackLoader:240 - Cannot read IP mode file for emotas.I-CUBE-CANOPEN.1.3.0
2026-05-06 14:47:35,621 [WARN] PackLoader:240 - Cannot read IP mode file for STMicroelectronics.X-CUBE-GNSS1.7.1.0
2026-05-06 14:47:35,636 [WARN] PackLoader:240 - Cannot read IP mode file for STMicroelectronics.FP-SNS-SMARTAG2.1.2.0
2026-05-06 14:47:35,643 [WARN] PackLoader:240 - Cannot read IP mode file for STMicroelectronics.FP-SNS-FLIGHT1.5.1.0
2026-05-06 14:47:35,654 [INFO] LogOutputStream:77 - [STDOUT_REDIRECT] 1 : Invalid condition id : UX_CORESTACK_Condition cause : null
2026-05-06 14:47:35,655 [INFO] LogOutputStream:77 - [STDOUT_REDIRECT] 1 : Invalid condition id : UX_CORESTACK_Condition cause : null
2026-05-06 14:47:35,656 [INFO] LogOutputStream:77 - [STDOUT_REDIRECT] 1 : Invalid condition id : UX_CORESTACK_Condition cause : null
2026-05-06 14:47:35,656 [INFO] LogOutputStream:77 - [STDOUT_REDIRECT] 1 : Invalid condition id : UX_CORESTACK_Condition cause : null
2026-05-06 14:47:35,656 [INFO] LogOutputStream:77 - [STDOUT_REDIRECT] 1 : Invalid condition id : UX_CORESTACK_Condition cause : null
2026-05-06 14:47:35,668 [WARN] PackLoader:240 - Cannot read IP mode file for STMicroelectronics.X-CUBE-AZRTOS-WL.2.0.0
2026-05-06 14:47:35,708 [WARN] PackLoader:240 - Cannot read IP mode file for STMicroelectronics.X-CUBE-AZRTOS-H7RS.1.2.0
2026-05-06 14:47:35,728 [WARN] PackLoader:240 - Cannot read IP mode file for STMicroelectronics.X-CUBE-BLE2.3.3.0
2026-05-06 14:47:35,794 [WARN] PackLoader:240 - Cannot read IP mode file for Infineon.AIROC-Wi-Fi-Bluetooth-STM32.1.8.0
2026-05-06 14:47:35,816 [WARN] PackLoader:240 - Cannot read IP mode file for STMicroelectronics.X-CUBE-NFC9.1.0.0
2026-05-06 14:47:35,823 [WARN] PackLoader:240 - Cannot read IP mode file for STMicroelectronics.X-CUBE-BLE1.7.1.0
2026-05-06 14:47:35,826 [WARN] PackLoader:240 - Cannot read IP mode file for wolfSSL.I-CUBE-wolfMQTT.1.19.2
2026-05-06 14:47:35,832 [WARN] PackLoader:240 - Cannot read IP mode file for wolfSSL.I-CUBE-wolfSSL.5.8.4
2026-05-06 14:47:35,836 [WARN] PackLoader:240 - Cannot read IP mode file for Cesanta.I-CUBE-Mongoose.7.20.0
2026-05-06 14:47:35,841 [WARN] PackLoader:240 - Cannot read IP mode file for STMicroelectronics.FP-SNS-STAIOTCFT.1.1.0
2026-05-06 14:47:35,913 [WARN] PackLoader:240 - Cannot read IP mode file for STMicroelectronics.X-CUBE-MEMS1.12.0.0
2026-05-06 14:47:36,009 [WARN] PackLoader:240 - Cannot read IP mode file for STMicroelectronics.X-CUBE-AZRTOS-G0.1.1.0
2026-05-06 14:47:36,018 [WARN] PackLoader:240 - Cannot read IP mode file for STMicroelectronics.X-CUBE-NFC4.3.0.0
2026-05-06 14:47:36,038 [WARN] PackLoader:240 - Cannot read IP mode file for EmbeddedOffice.I-CUBE-FS-RTOS.1.0.1
2026-05-06 14:47:36,043 [WARN] PackLoader:240 - Cannot read IP mode file for wolfSSL.I-CUBE-wolfTPM.3.8.0
2026-05-06 14:47:36,056 [WARN] PackLoader:240 - Cannot read IP mode file for STMicroelectronics.X-CUBE-TCPP.4.2.0
2026-05-06 14:47:36,064 [WARN] PackLoader:240 - Cannot read IP mode file for RealThread.X-CUBE-RT-Thread_Nano.4.1.1
2026-05-06 14:47:36,066 [WARN] PackLoader:240 - Cannot read IP mode file for STMicroelectronics.FP-ATR-SIGFOX1.3.2.0
2026-05-06 14:47:36,071 [WARN] PackLoader:240 - Cannot read IP mode file for ITTIA_DB.I-CUBE-ITTIADB.8.9.0
2026-05-06 14:47:36,139 [WARN] PackLoader:240 - Cannot read IP mode file for STMicroelectronics.X-CUBE-MEMS1.12.1.0
2026-05-06 14:47:36,256 [WARN] PackLoader:240 - Cannot read IP mode file for SEGGER.I-CUBE-embOS.1.3.1
2026-05-06 14:47:36,285 [WARN] PackLoader:240 - Cannot read IP mode file for STMicroelectronics.X-CUBE-ALGOBUILD.1.4.0
2026-05-06 14:47:36,290 [WARN] PackLoader:240 - Cannot read IP mode file for STMicroelectronics.X-CUBE-PM33A1.1.0.0
2026-05-06 14:47:36,308 [WARN] PackLoader:240 - Cannot read IP mode file for STMicroelectronics.X-CUBE-AZRTOS-F4.1.1.0
2026-05-06 14:47:36,318 [WARN] PackLoader:240 - Cannot read IP mode file for STMicroelectronics.X-CUBE-ISPU.2.1.0
2026-05-06 14:47:36,321 [WARN] PackLoader:240 - Cannot read IP mode file for STMicroelectronics.eDS-WB_DPC_TT-BIDIR.2.1.1
2026-05-06 14:47:36,337 [WARN] PackLoader:240 - Cannot read IP mode file for STMicroelectronics.X-CUBE-AZRTOS-L5.2.0.0
2026-05-06 14:47:36,346 [WARN] PackLoader:240 - Cannot read IP mode file for STMicroelectronics.eDS-WB_DPC_VIENNA.1.2.0
2026-05-06 14:47:36,347 [WARN] PackLoader:240 - Cannot read IP mode file for STMicroelectronics.eDS-WB_DPC_3PH2L-BIDIR.1.1.1
2026-05-06 14:47:36,351 [ERROR] Engine:466 - /Users/cristianpetramale/.stm32cubemx/thirdparties/pdsc/STMicroelectronics.X-CUBE-ST67W61.1.3.0.pdsc: PDSC version is not supported
2026-05-06 14:47:36,356 [WARN] PackLoader:240 - Cannot read IP mode file for STMicroelectronics.X-CUBE-TOUCHGFX.4.26.1
2026-05-06 14:47:36,360 [WARN] PackLoader:240 - Cannot read IP mode file for STMicroelectronics.FP-SNS-STAIOTCFT.1.0.0
2026-05-06 14:47:36,367 [WARN] PackLoader:240 - Cannot read IP mode file for STMicroelectronics.X-CUBE-DPower.1.3.0
2026-05-06 14:47:36,388 [WARN] ConditionMgr:438 - getConditionDescription Invalid condition id : LAN8742 Phy interface Condition cause : null
2026-05-06 14:47:36,390 [WARN] PackLoader:240 - Cannot read IP mode file for STMicroelectronics.X-CUBE-AZRTOS-L4.2.0.0
2026-05-06 14:47:36,392 [WARN] ConditionMgr:1044 - genDependencies : Invalid condition id : LAN8742 Phy interface Condition cause : null
2026-05-06 14:47:36,405 [WARN] ConditionMgr:1044 - genDependencies : Invalid condition id : LAN8742 Phy interface Condition cause : null
2026-05-06 14:47:36,406 [WARN] ConditionMgr:1044 - genDependencies : Invalid condition id : LAN8742 Phy interface Condition cause : null
2026-05-06 14:47:36,418 [WARN] PackLoader:240 - Cannot read IP mode file for STMicroelectronics.X-CUBE-SFXS2LP1.4.0.0
2026-05-06 14:47:36,425 [WARN] PackLoader:240 - Cannot read IP mode file for STMicroelectronics.X-CUBE-WB05N.2.1.0
2026-05-06 14:47:36,433 [WARN] PackLoader:240 - Cannot read IP mode file for STMicroelectronics.X-CUBE-ST67W61.1.2.0
2026-05-06 14:47:36,446 [WARN] ConditionMgr:438 - getConditionDescription Invalid condition id : UX DEVICE CLASS RTOS Condition cause : null
2026-05-06 14:47:36,446 [WARN] ConditionMgr:438 - getConditionDescription Invalid condition id : UX DEVICE CLASS RTOS Condition cause : null
2026-05-06 14:47:36,450 [WARN] PackLoader:240 - Cannot read IP mode file for STMicroelectronics.X-CUBE-AZRTOS-WB.2.0.0
2026-05-06 14:47:36,451 [WARN] ConditionMgr:1044 - genDependencies : Invalid condition id : UX DEVICE CLASS RTOS Condition cause : null
2026-05-06 14:47:36,451 [WARN] ConditionMgr:1044 - genDependencies : Invalid condition id : UX DEVICE CLASS RTOS Condition cause : null
2026-05-06 14:47:36,452 [WARN] ConditionMgr:1044 - genDependencies : Invalid condition id : UX DEVICE CLASS RTOS Condition cause : null
2026-05-06 14:47:36,452 [WARN] ConditionMgr:1044 - genDependencies : Invalid condition id : UX DEVICE CLASS RTOS Condition cause : null
2026-05-06 14:47:36,453 [WARN] ConditionMgr:1044 - genDependencies : Invalid condition id : UX DEVICE CLASS RTOS Condition cause : null
2026-05-06 14:47:36,456 [WARN] ConditionMgr:438 - getConditionDescription Invalid condition id : Cortex-A Device cause : null
2026-05-06 14:47:36,465 [WARN] ConditionMgr:1044 - genDependencies : Invalid condition id : Cortex-A Device cause : null
2026-05-06 14:47:36,465 [WARN] ConditionMgr:1044 - genDependencies : Invalid condition id : Cortex-A Device cause : null
2026-05-06 14:47:36,466 [WARN] ConditionMgr:1044 - genDependencies : Invalid condition id : Cortex-A Device cause : null
2026-05-06 14:47:36,490 [WARN] PackLoader:240 - Cannot read IP mode file for STMicroelectronics.X-CUBE-STSE01.2.0.0
2026-05-06 14:47:36,505 [WARN] PackLoader:240 - Cannot read IP mode file for STMicroelectronics.X-CUBE-SUBG2.5.0.0
2026-05-06 14:47:36,528 [WARN] PackLoader:240 - Cannot read IP mode file for STMicroelectronics.X-CUBE-AZRTOS-G4.2.0.0
2026-05-06 14:47:36,533 [WARN] PackLoader:240 - Cannot read IP mode file for wolfSSL.I-CUBE-wolfSSH.1.4.20
2026-05-06 14:47:36,536 [WARN] PackLoader:240 - Cannot read IP mode file for STMicroelectronics.X-CUBE-NFC7.2.0.0
2026-05-06 14:47:36,544 [WARN] PackLoader:240 - Cannot read IP mode file for STMicroelectronics.X-CUBE-ALS.1.0.2
2026-05-06 14:47:36,557 [WARN] PackLoader:240 - Cannot read IP mode file for STMicroelectronics.X-CUBE-TOF1.3.4.3
2026-05-06 14:47:36,565 [INFO] ThirdParty:978 - Integrity check success = true
2026-05-06 14:47:36,565 [INFO] IntegrityCheckThread:100 - exiting critical section [integrity check]
2026-05-06 14:47:36,565 [INFO] IntegrityCheckThread:103 - End integrity checks thread
2026-05-06 14:47:39,005 [INFO] WebApp:169 - Instantiating new browser for Auth
2026-05-06 14:47:40,482 [INFO] WebApp:463 - Apply proxy settings
2026-05-06 14:47:40,488 [INFO] WebApp:508 - Chromium authenticates against Manually configured proxy
2026-05-06 14:47:40,502 [INFO] WebApp:516 - Username used for proxy authentication: 
2026-05-06 14:47:40,545 [INFO] WebApp:900 - Register for checkConnection events
2026-05-06 14:47:40,545 [INFO] WebApp:463 - Apply proxy settings
2026-05-06 14:47:40,547 [INFO] WebApp:508 - Chromium authenticates against Manually configured proxy
2026-05-06 14:47:40,547 [INFO] WebApp:516 - Username used for proxy authentication: 
2026-05-06 14:47:40,676 [INFO] WebApp:225 - Starting web application
2026-05-06 14:47:40,676 [INFO] WebApp:593 - Web application path used /Applications/STM32CubeIDE.app/Contents/Eclipse/plugins/com.st.stm32cube.common.mx_6.15.0.202507011659/db/plugins/mcufinder/reactClient1/index.html
2026-05-06 14:47:41,261 [INFO] UserAuth:487 - Internet connection configuration mode: 1
2026-05-06 14:47:41,325 [INFO] WebApp:191 - Connection restablished
2026-05-06 15:11:51,852 [INFO] McuFinderGlobals:63 - Set McuFinder mode to 2 (CubeIDE integrated)
2026-05-06 15:11:51,881 [INFO] MainUpdater:2872 - connection check result : 10
2026-05-06 15:11:51,883 [INFO] MainUpdater:2872 - connection check result : 10
2026-05-06 15:11:52,661 [INFO] MicroXplorer:468 - Change Database Path : 
2026-05-06 15:11:52,661 [INFO] MicroXplorer:498 - Change Database Version : DB.6.0.150
2026-05-06 15:11:52,674 [WARN] ThirdParty:871 - waiting for thirdparty lock release [close project]
2026-05-06 15:11:52,674 [INFO] ThirdParty:873 - entering critical section [close project]
2026-05-06 15:11:52,681 [INFO] ThirdParty:883 - exiting critical section [close project]
2026-05-06 15:11:52,691 [INFO] PinOutPanel:1589 - setPackage(No Configuration,No Configuration)
2026-05-06 15:11:52,703 [INFO] UtilMem:75 - Begin LoadConfig() Used Memory: 679998704 Bytes (1073741824)
2026-05-06 15:11:52,710 [INFO] MicroXplorer:468 - Change Database Path : 
2026-05-06 15:11:52,710 [INFO] MicroXplorer:498 - Change Database Version : DB.6.0.150
2026-05-06 15:11:52,711 [INFO] OpenFileManager:355 - Change cursor
2026-05-06 15:11:52,829 [INFO] Mcu:2029 - Initializing MCU STM32L432K(B-C)Ux STM32L432KCUx STM32L432KCU3
2026-05-06 15:11:54,984 [INFO] Context:786 - Trying to add GPIOservice into a context  which must be forbidden
2026-05-06 15:11:55,660 [INFO] ImportTextPane:234 - (OptionalMessage_ERROR) Pin9 (VP_RIF_VS_RIF1) cannot be retrieved for this MCU
2026-05-06 15:11:55,870 [INFO] RtosManager:558 - Registered RTOS mode: class=CMSIS, group=RTOS, mode=CMSIS_V1, owner=FREERTOS
2026-05-06 15:11:55,870 [INFO] RtosManager:558 - Registered RTOS mode: class=CMSIS, group=RTOS2, mode=CMSIS_V2, owner=FREERTOS
2026-05-06 15:11:55,870 [INFO] RtosManager:558 - Registered RTOS mode: class=RTOS, group=Core, mode=CMSIS_V1, owner=FREERTOS
2026-05-06 15:11:55,870 [INFO] RtosManager:558 - Registered RTOS mode: class=RTOS, group=Core, mode=CMSIS_V2, owner=FREERTOS
2026-05-06 15:11:55,871 [WARN] ModelIntegratedComponent:184 - Missing modes for component STMicroelectronics:FreeRTOS:0.0.1:STMicroelectronics:RTOS:FreeRTOS:Core:::10.2.0:
2026-05-06 15:11:55,907 [WARN] ModelIntegratedComponent:63 - No mode defined for component null
2026-05-06 15:11:55,908 [WARN] ModelIntegratedComponent:63 - No mode defined for component null
2026-05-06 15:11:55,908 [WARN] ModelIntegratedComponent:63 - No mode defined for component null
2026-05-06 15:11:55,908 [WARN] ModelIntegratedComponent:63 - No mode defined for component null
2026-05-06 15:11:55,908 [WARN] ModelIntegratedComponent:63 - No mode defined for component null
2026-05-06 15:11:55,908 [WARN] ModelIntegratedComponent:63 - No mode defined for component null
2026-05-06 15:11:55,908 [WARN] ModelIntegratedComponent:63 - No mode defined for component null
2026-05-06 15:11:55,908 [WARN] ModelIntegratedComponent:63 - No mode defined for component null
2026-05-06 15:11:55,908 [WARN] ModelIntegratedComponent:63 - No mode defined for component null
2026-05-06 15:11:55,908 [WARN] ModelIntegratedComponent:63 - No mode defined for component null
2026-05-06 15:11:55,908 [WARN] ModelIntegratedComponent:63 - No mode defined for component null
2026-05-06 15:11:55,908 [WARN] ModelIntegratedComponent:63 - No mode defined for component null
2026-05-06 15:11:55,908 [WARN] ModelIntegratedComponent:63 - No mode defined for component null
2026-05-06 15:11:55,908 [WARN] ModelIntegratedComponent:63 - No mode defined for component null
2026-05-06 15:11:55,908 [WARN] ModelIntegratedComponent:63 - No mode defined for component null
2026-05-06 15:11:55,909 [WARN] ModelIntegratedComponent:63 - No mode defined for component null
2026-05-06 15:11:55,909 [WARN] ModelIntegratedComponent:63 - No mode defined for component null
2026-05-06 15:11:55,909 [WARN] ModelIntegratedComponent:63 - No mode defined for component null
2026-05-06 15:11:55,909 [WARN] ModelIntegratedComponent:63 - No mode defined for component null
2026-05-06 15:11:55,909 [WARN] ModelIntegratedComponent:63 - No mode defined for component null
2026-05-06 15:11:55,909 [WARN] ModelIntegratedComponent:63 - No mode defined for component null
2026-05-06 15:11:55,909 [WARN] ModelIntegratedComponent:63 - No mode defined for component null
2026-05-06 15:11:55,909 [WARN] ModelIntegratedComponent:63 - No mode defined for component null
2026-05-06 15:11:55,909 [WARN] ModelIntegratedComponent:63 - No mode defined for component null
2026-05-06 15:11:55,909 [WARN] ModelIntegratedComponent:63 - No mode defined for component null
2026-05-06 15:11:55,909 [WARN] ModelIntegratedComponent:63 - No mode defined for component null
2026-05-06 15:11:55,910 [WARN] ModelIntegratedComponent:63 - No mode defined for component null
2026-05-06 15:11:55,911 [WARN] ModelIntegratedComponent:63 - No mode defined for component null
2026-05-06 15:11:55,911 [WARN] ModelIntegratedComponent:63 - No mode defined for component null
2026-05-06 15:11:55,911 [WARN] ModelIntegratedComponent:63 - No mode defined for component null
2026-05-06 15:11:55,911 [WARN] ModelIntegratedComponent:63 - No mode defined for component null
2026-05-06 15:11:55,911 [WARN] ModelIntegratedComponent:63 - No mode defined for component null
2026-05-06 15:11:55,911 [WARN] ModelIntegratedComponent:63 - No mode defined for component null
2026-05-06 15:11:55,911 [WARN] ModelIntegratedComponent:63 - No mode defined for component null
2026-05-06 15:11:55,911 [WARN] ModelIntegratedComponent:63 - No mode defined for component null
2026-05-06 15:11:55,911 [WARN] ModelPack:524 - Component already loaded: STMicroelectronics:HAL Drivers:0.0.0:STMicroelectronics:Device:STMicro_Driver:XSPI:HAL::0.0.1:HAL_XSPI
2026-05-06 15:11:55,974 [INFO] ThirdPartyModel:298 - Start build external matchings
2026-05-06 15:11:56,168 [INFO] ThirdPartyModel:316 - End build external matchings
2026-05-06 15:11:57,256 [INFO] ApiDb:581 - Connected to CubeFinder SQLite database (/Users/cristianpetramale/.stmcufinder/plugins/mcufinder/mcu/cube-finder-db.db)
2026-05-06 15:11:57,309 [INFO] ApiDb:668 - CubeFinder database Data Model version=2.1
2026-05-06 15:11:57,309 [INFO] ApiDb:669 - CubeFinder database Configuration version=3.0.42
2026-05-06 15:11:57,315 [INFO] ApiDb:670 - CubeFinder database generation date=2026-03-11 (1773229989)
2026-05-06 15:11:57,315 [INFO] ApiDb:671 - CubeFinder database FW Pack versions=[FP-ATR-ASTRA1_V2.0.0, FP-SNS-FLIGHT1_V5.1.0, FP-SNS-MOTENV1_V5.1.0, FP-SNS-MOTENVWB1_V1.5.0, FP-SNS-SMARTAG2_V1.2.0, FP-SNS-STBOX1_V2.1.0, STM32Cube_FW_C0_V1.4.0, STM32Cube_FW_F4_V1.28.3, STM32Cube_FW_F7_V1.17.4, STM32Cube_FW_G0_V1.6.3, STM32Cube_FW_G4_V1.6.2, STM32Cube_FW_H5_V1.6.0, STM32Cube_FW_H7RS_V1.3.0, STM32Cube_FW_H7_V1.13.0, STM32Cube_FW_L0_V1.12.2, STM32Cube_FW_L4_V1.18.2, STM32Cube_FW_L5_V1.6.0, STM32Cube_FW_N6_V1.3.0, STM32Cube_FW_U0_V1.3.0, STM32Cube_FW_U3_V1.3.0, STM32Cube_FW_U5_V1.8.0, STM32Cube_FW_WB0_V1.4.0, STM32Cube_FW_WBA_V1.9.0, STM32Cube_FW_WB_V1.24.0, STM32Cube_FW_WL3_V1.4.0, STM32Cube_FW_WL_V1.5.0, X-CUBE-ALGOBUILD_V1.4.0, X-CUBE-ALS_V1.0.2, X-CUBE-AZRTOS-F4_V1.1.0, X-CUBE-AZRTOS-F7_V1.1.0, X-CUBE-AZRTOS-G0_V1.1.0, X-CUBE-AZRTOS-G4_V2.0.0, X-CUBE-AZRTOS-H7RS_V1.1.0, X-CUBE-AZRTOS-H7_V3.4.0, X-CUBE-AZRTOS-L4_V2.0.0, X-CUBE-AZRTOS-L5_V2.0.0, X-CUBE-AZRTOS-WB_V2.0.0, X-CUBE-AZRTOS-WL_V2.0.0, X-CUBE-BLE1_V7.1.0, X-CUBE-BLE2_V3.3.0, X-CUBE-BLEMGR_V4.1.0, X-CUBE-EEPRMA1_V5.2.0, X-CUBE-FREERTOS_V1.5.0, X-CUBE-GNSS1_V6.0.0, X-CUBE-MEMS1_V12.0.0, X-CUBE-NFC4_V3.0.0, X-CUBE-NFC7_V2.0.0, X-CUBE-SFXS2LP1_V4.0.0, X-CUBE-ST67W61_V1.2.0, X-CUBE-SUBG2_V5.0.0, X-CUBE-TOF1_V3.4.3]
2026-05-06 15:11:57,387 [INFO] DbBoardsSqlite:226 - include board P-NUCLEO-WB55-NUCLEO as a kit item of type 'Nucleo-64'
2026-05-06 15:11:57,387 [INFO] DbBoardsSqlite:226 - include board P-NUCLEO-WB55-USBDONGLE as a kit item of type 'Nucleo USB Dongle'
2026-05-06 15:11:57,388 [INFO] DbBoardsSqlite:226 - include board STEVAL-IDP005V1 as a kit item of type 'Evaluation Board'
2026-05-06 15:11:57,388 [INFO] DbBoardsSqlite:226 - include board STEVAL-IDP005V2 as a kit item of type 'Evaluation Board'
2026-05-06 15:11:57,486 [INFO] ApiDb:240 - Found 880 in-development CPN: [B-G473E-ZEST1S, B-WB1M-WPAN1, B-WBA5M-WPAN, B-WL5M-SUBG1, NUCLEO-C031C6, NUCLEO-C051C8, NUCLEO-C071RB, NUCLEO-C092RC, NUCLEO-H503RB, NUCLEO-H533RE, NUCLEO-H563ZI, NUCLEO-H7S3L8, NUCLEO-N657X0-Q, NUCLEO-U031R8, NUCLEO-U083RC, NUCLEO-U385RG-Q, NUCLEO-U545RE-Q, NUCLEO-U5A5ZJ-Q, NUCLEO-WB05KZ, NUCLEO-WB07CC, NUCLEO-WB09KE, NUCLEO-WBA52CG, NUCLEO-WBA55CG, NUCLEO-WL33CC1, NUCLEO-WL33CC2, STEVAL-PROTEUS1, STEVAL-SMARTAG2, STEVAL-STWINBX1, STM320518-EVAL, STM32C0116-DK, STM32C011D6Y3TR, STM32C011D6Y6TR, STM32C011F4P3, STM32C011F4P6, STM32C011F4U3, STM32C011F4U6TR, STM32C011F6P3, STM32C011F6P6, STM32C011F6U3, STM32C011F6U6TR, STM32C011J4M3, STM32C011J4M6, STM32C011J6M3, STM32C011J6M6, STM32C0316-DK, STM32C031C4T3, STM32C031C4T6, STM32C031C4U3, STM32C031C4U6, STM32C031C6T3, STM32C031C6T6, STM32C031C6U3, STM32C031C6U6, STM32C031F4P3, STM32C031F4P6, STM32C031F6P3, STM32C031F6P6, STM32C031G4U3, STM32C031G4U6, STM32C031G6U3, STM32C031G6U6, STM32C031K4T3, STM32C031K4T6, STM32C031K4U3, STM32C031K4U6, STM32C031K6T3, STM32C031K6T6, STM32C031K6U3, STM32C031K6U6, STM32C051C6T6, STM32C051C6U6, STM32C051C8T6, STM32C051C8U6, STM32C051D8Y6TR, STM32C051F6P6, STM32C051F8P6, STM32C051G6U6, STM32C051G8U6, STM32C051K6T6, STM32C051K6U6, STM32C051K8T6, STM32C071C8T6, STM32C071C8T6N, STM32C071C8U6, STM32C071C8U6N, STM32C071CBT6, STM32C071CBT6N, STM32C071CBU6, STM32C071CBU6N, STM32C071F8P6, STM32C071F8P6N, STM32C071FBP6, STM32C071FBP6N, STM32C071FBY6TR, STM32C071G8U6, STM32C071G8U6N, STM32C071GBU6, STM32C071GBU6N, STM32C071K8T6, STM32C071K8T6N, STM32C071K8U6, STM32C071K8U6N, STM32C071KBT6, STM32C071KBT6N, STM32C071KBU6, STM32C071KBU6N, STM32C071R8T6, STM32C071R8T6N, STM32C071RBI6N, STM32C071RBT6, STM32C071RBT6N, STM32C091CBT6, STM32C091CBU6, STM32C091CCT6, STM32C091CCU6, STM32C091ECY6TR, STM32C091FBP6, STM32C091FCP6, STM32C091GBU6, STM32C091GCU6, STM32C091KBT6, STM32C091KBU6, STM32C091KCT6, STM32C091KCU6, STM32C091RBT6, STM32C091RCI6, STM32C091RCT6, STM32C092CBT6, STM32C092CBU6, STM32C092CCT6, STM32C092CCU6, STM32C092ECY6TR, STM32C092FBP6, STM32C092FCP6, STM32C092GBU6, STM32C092GCU6, STM32C092KBT6, STM32C092KBU6, STM32C092KCT6, STM32C092KCU6, STM32C092RBT6, STM32C092RCI6, STM32C092RCT6, STM32G071K8TXN, STM32G071K8UXN, STM32G081GBU6N, STM32G081KBT6N, STM32G081KBUXN, STM32G0B1CCT6N, STM32G0B1KCT6, STM32G0B1NEY6TR, STM32G0B1RCT6N, STM32G0C1CCT6, STM32G0C1CCT6N, STM32G0C1CCU6N, STM32G0C1CET6N, STM32G0C1CEU6N, STM32G0C1KCT6, STM32G0C1NEY6TR, STM32G0C1RCI6N, STM32G0C1RCT6N, STM32G0C1REI6N, STM32G0C1RET6N, STM32G0C1VCI6, STM32G0C1VEI6, STM32G411C6T3, STM32G411C6T6, STM32G411C6U3, STM32G411C6U6, STM32G411C8T3, STM32G411C8T6, STM32G411C8U3, STM32G411C8U6, STM32G411CBT3, STM32G411CBT6, STM32G411CBU3, STM32G411CBU6, STM32G411K6T3, STM32G411K6T6, STM32G411K6U3, STM32G411K6U6, STM32G411K8T3, STM32G411K8T6, STM32G411K8U3, STM32G411K8U6, STM32G411KBT3, STM32G411KBT6, STM32G411KBU3, STM32G411KBU6, STM32G411M6T3, STM32G411M6T6, STM32G411M8T3, STM32G411M8T6, STM32G411MBT3, STM32G411MBT6, STM32G411R6T3, STM32G411R6T6, STM32G411R8T3, STM32G411R8T6, STM32G411RBT3, STM32G411RBT6, STM32G414CBT3, STM32G414CBT6, STM32G414CBU3, STM32G414CBU6, STM32G414CCT3, STM32G414CCT6, STM32G414CCU3, STM32G414CCU6, STM32G414MBT3, STM32G414MBT6, STM32G414MCT3, STM32G414MCT6, STM32G414RBT3, STM32G414RBT6, STM32G414RCT3, STM32G414RCT6, STM32G414VBT3, STM32G414VBT6, STM32G414VCT3, STM32G414VCT6, STM32G431CBT3Z, STM32G431RBT3Z, STM32G471CCT6, STM32G471CCU6, STM32G471CET3, STM32G471CET6, STM32G471CEU3, STM32G471CEU6, STM32G471MCT6, STM32G471MET3, STM32G471MET6, STM32G471MEY6TR, STM32G471QCT6, STM32G471QET3, STM32G471RCT6, STM32G471RET3, STM32G471RET6, STM32G471VCH6, STM32G471VCI6, STM32G471VCT6, STM32G471VEH3, STM32G471VEH6, STM32G471VEI3, STM32G471VEI6, STM32G471VET3, STM32G471VET6, STM32G473QET3Z, STM32G473RET3Z, STM32G474CCT6, STM32G491RET3Z, STM32H503CBT6, STM32H503CBU6, STM32H503EBY6TR, STM32H503KBU6, STM32H503RBT6, STM32H523CCT6, STM32H523CCU6, STM32H523CET6, STM32H523CEU6, STM32H523HEY6TR, STM32H523RCT6, STM32H523RET6, STM32H523VCI6, STM32H523VCT6, STM32H523VEI6, STM32H523VET6, STM32H523ZCJ6, STM32H523ZCT6, STM32H523ZEJ6, STM32H523ZET6, STM32H533CET6, STM32H533CEU6, STM32H533HEY6TR, STM32H533RET6, STM32H533VEI6, STM32H533VET6, STM32H533ZEJ6, STM32H533ZET6, STM32H562AGI6, STM32H562AII6, STM32H562IGK6, STM32H562IGT6, STM32H562IIK6, STM32H562IIT6, STM32H562RGT6, STM32H562RGV6, STM32H562RIT6, STM32H562RIV6, STM32H562VGT6, STM32H562VIT6, STM32H562ZGT6, STM32H562ZIT6, STM32H563AGI6, STM32H563AII3Q, STM32H563AII6, STM32H563IGK6, STM32H563IGT6, STM32H563IIK3Q, STM32H563IIK6, STM32H563IIT3Q, STM32H563IIT6, STM32H563MIY3QTR, STM32H563RGT6, STM32H563RGV6, STM32H563RIT6, STM32H563RIV6, STM32H563VGT6, STM32H563VIT3Q, STM32H563VIT6, STM32H563ZGT6, STM32H563ZIT3Q, STM32H563ZIT6, STM32H573AII3Q, STM32H573AII6, STM32H573I-DK, STM32H573IIK3Q, STM32H573IIK6, STM32H573IIT3Q, STM32H573IIT6, STM32H573MIY3QTR, STM32H573RIT6, STM32H573RIV6, STM32H573VIT3Q, STM32H573VIT6, STM32H573ZIT3Q, STM32H573ZIT6, STM32H7R3A8I6, STM32H7R3I8K6, STM32H7R3I8T6, STM32H7R3L8H6, STM32H7R3L8H6H, STM32H7R3R8V6, STM32H7R3V8H6, STM32H7R3V8T6, STM32H7R3V8Y6TR, STM32H7R3Z8J6, STM32H7R3Z8T6, STM32H7R7A8I6, STM32H7R7I8K6, STM32H7R7I8T6, STM32H7R7L8H6, STM32H7R7L8H6H, STM32H7R7Z8J6, STM32H7S3A8I6, STM32H7S3I8K6, STM32H7S3I8T6, STM32H7S3L8H6, STM32H7S3L8H6H, STM32H7S3R8V6, STM32H7S3V8H6, STM32H7S3V8T6, STM32H7S3V8Y6TR, STM32H7S3Z8J6, STM32H7S3Z8T6, STM32H7S78-DK, STM32H7S7A8I6, STM32H7S7I8K6, STM32H7S7I8T6, STM32H7S7L8H6, STM32H7S7L8H6H, STM32H7S7Z8J6, STM32L4R5QGI6STR, STM32MP131AAE3, STM32MP131AAF3, STM32MP131AAG3, STM32MP131CAE3, STM32MP131CAF3, STM32MP131CAG3, STM32MP131DAE7, STM32MP131DAF7, STM32MP131DAG7, STM32MP131FAE7, STM32MP131FAF7, STM32MP131FAG7, STM32MP133AAE3, STM32MP133AAF3, STM32MP133AAG3, STM32MP133CAE3, STM32MP133CAF3, STM32MP133CAG3, STM32MP133DAE7, STM32MP133DAF7, STM32MP133DAG7, STM32MP133FAE7, STM32MP133FAF7, STM32MP133FAG7, STM32MP135AAE3, STM32MP135AAF3, STM32MP135AAG3, STM32MP135CAE3, STM32MP135CAF3, STM32MP135CAG3, STM32MP135DAE7, STM32MP135DAF7, STM32MP135DAG7, STM32MP135F-DK, STM32MP135FAE7, STM32MP135FAF7, STM32MP135FAF7T, STM32MP135FAF7U, STM32MP135FAG7, STM32MP211AAL3, STM32MP211AAM3, STM32MP211AAN3, STM32MP211AAO3, STM32MP211CAL3, STM32MP211CAM3, STM32MP211CAN3, STM32MP211CAO3, STM32MP211DAL3, STM32MP211DAM3, STM32MP211DAN3, STM32MP211DAO3, STM32MP211FAL3, STM32MP211FAM3, STM32MP211FAN3, STM32MP211FAO3, STM32MP213AAL3, STM32MP213AAM3, STM32MP213AAN3, STM32MP213AAO3, STM32MP213CAL3, STM32MP213CAM3, STM32MP213CAN3, STM32MP213CAO3, STM32MP213DAL3, STM32MP213DAM3, STM32MP213DAN3, STM32MP213DAO3, STM32MP213FAL3, STM32MP213FAM3, STM32MP213FAN3, STM32MP213FAO3, STM32MP215AAL3, STM32MP215AAM3, STM32MP215AAN3, STM32MP215AAO3, STM32MP215CAL3, STM32MP215CAM3, STM32MP215CAN3, STM32MP215CAO3, STM32MP215DAL3, STM32MP215DAM3, STM32MP215DAN3, STM32MP215DAO3, STM32MP215F-DK, STM32MP215FAL3, STM32MP215FAM3, STM32MP215FAN3, STM32MP215FAO3, STM32MP231AAJ3, STM32MP231AAK3, STM32MP231AAL3, STM32MP231CAJ3, STM32MP231CAK3, STM32MP231CAL3, STM32MP231DAJ3, STM32MP231DAK3, STM32MP231DAL3, STM32MP231FAJ3, STM32MP231FAK3, STM32MP231FAL3, STM32MP233AAJ3, STM32MP233AAK3, STM32MP233AAL3, STM32MP233CAJ3, STM32MP233CAK3, STM32MP233CAL3, STM32MP233DAJ3, STM32MP233DAK3, STM32MP233DAL3, STM32MP233FAJ3, STM32MP233FAK3, STM32MP233FAL3, STM32MP235AAJ3, STM32MP235AAK3, STM32MP235AAL3, STM32MP235CAJ3, STM32MP235CAK3, STM32MP235CAL3, STM32MP235DAJ3, STM32MP235DAK3, STM32MP235DAL3, STM32MP235FAJ3, STM32MP235FAK3, STM32MP235FAL3, STM32MP251AAI3, STM32MP251AAK3, STM32MP251AAL3, STM32MP251CAI3, STM32MP251CAK3, STM32MP251CAL3, STM32MP251DAI3, STM32MP251DAK3, STM32MP251DAL3, STM32MP251FAI3, STM32MP251FAK3, STM32MP251FAL3, STM32MP253AAI3, STM32MP253AAK3, STM32MP253AAL3, STM32MP253CAI3, STM32MP253CAK3, STM32MP253CAL3, STM32MP253DAI3, STM32MP253DAK3, STM32MP253DAL3, STM32MP253FAI3, STM32MP253FAK3, STM32MP253FAL3, STM32MP255AAI3, STM32MP255AAK3, STM32MP255AAL3, STM32MP255CAI3, STM32MP255CAK3, STM32MP255CAL3, STM32MP255DAI3, STM32MP255DAK3, STM32MP255DAL3, STM32MP255FAI3, STM32MP255FAK3, STM32MP255FAL3, STM32MP257AAI3, STM32MP257AAK3, STM32MP257AAL3, STM32MP257CAI3, STM32MP257CAK3, STM32MP257CAL3, STM32MP257DAI3, STM32MP257DAK3, STM32MP257DAL3, STM32MP257F-DK, STM32MP257F-EV1, STM32MP257FAI3, STM32MP257FAK3, STM32MP257FAL3, STM32N645A0H3Q, STM32N645B0H3Q, STM32N645I0H3Q, STM32N645L0H3Q, STM32N645X0H3Q, STM32N645Z0H3Q, STM32N647A0H3Q, STM32N647B0H3Q, STM32N647I0H3Q, STM32N647L0H3Q, STM32N647X0H3Q, STM32N647Z0H3Q, STM32N655A0H3Q, STM32N655B0H3Q, STM32N655I0H3Q, STM32N655L0H3Q, STM32N655X0H3Q, STM32N655Z0H3Q, STM32N6570-DK, STM32N657A0H3Q, STM32N657B0H3Q, STM32N657I0H3Q, STM32N657L0H3Q, STM32N657X0H3Q, STM32N657Z0H3Q, STM32U031C6T6, STM32U031C6U6, STM32U031C8T6, STM32U031C8U6, STM32U031F4P6, STM32U031F6P6, STM32U031F8P6, STM32U031G6Y6TR, STM32U031G8Y6TR, STM32U031K4U6, STM32U031K6U6, STM32U031K8U6, STM32U031R6I6, STM32U031R6T6, STM32U031R8I6, STM32U031R8T6, STM32U073C8T6, STM32U073C8U6, STM32U073CBT6, STM32U073CBU6, STM32U073CCT6, STM32U073CCU6, STM32U073H8Y6TR, STM32U073HBY6TR, STM32U073HCY6TR, STM32U073K8U6, STM32U073KBU6, STM32U073KCU6, STM32U073M8I6, STM32U073M8T6, STM32U073MBI6, STM32U073MBT6, STM32U073MCI6, STM32U073MCT6, STM32U073R8I6, STM32U073R8T6, STM32U073RBI6, STM32U073RBT6, STM32U073RCI6, STM32U073RCT6, STM32U083C-DK, STM32U083CCT6, STM32U083CCU6, STM32U083HCY6TR, STM32U083KCU6, STM32U083MCI6, STM32U083MCT6, STM32U083RCI6, STM32U083RCT6, STM32U375CET6, STM32U375CET6Q, STM32U375CEU6, STM32U375CEU6Q, STM32U375CEY6QTR, STM32U375CGT6, STM32U375CGT6Q, STM32U375CGU6, STM32U375CGU6Q, STM32U375CGY6QTR, STM32U375KEU6, STM32U375KGU6, STM32U375REI6, STM32U375REI6Q, STM32U375RET6, STM32U375RET6Q, STM32U375REY6GTR, STM32U375REY6QTR, STM32U375RGI6, STM32U375RGI6Q, STM32U375RGT6, STM32U375RGT6Q, STM32U375RGY6GTR, STM32U375RGY6QTR, STM32U375VEI6, STM32U375VEI6Q, STM32U375VET6, STM32U375VET6Q, STM32U375VGI6, STM32U375VGI6Q, STM32U375VGT6, STM32U375VGT6Q, STM32U385CGT6, STM32U385CGT6Q, STM32U385CGU6, STM32U385CGU6Q, STM32U385CGY6QTR, STM32U385KGU6, STM32U385RGI6, STM32U385RGI6Q, STM32U385RGT6, STM32U385RGT6Q, STM32U385RGY6GTR, STM32U385RGY6QTR, STM32U385VGI6, STM32U385VGI6Q, STM32U385VGT6, STM32U385VGT6Q, STM32U535CBT6, STM32U535CBT6Q, STM32U535CBU6, STM32U535CBU6Q, STM32U535CCT6, STM32U535CCT6Q, STM32U535CCU6, STM32U535CCU6Q, STM32U535CET6, STM32U535CET6Q, STM32U535CEU6, STM32U535CEU6Q, STM32U535JEY6QTR, STM32U535NCY6QTR, STM32U535NEY6QTR, STM32U535RBI6, STM32U535RBI6Q, STM32U535RBT6, STM32U535RBT6Q, STM32U535RCI6, STM32U535RCI6Q, STM32U535RCT6, STM32U535RCT6Q, STM32U535REI6, STM32U535REI6Q, STM32U535RET6, STM32U535RET6Q, STM32U535VCI6, STM32U535VCI6Q, STM32U535VCT6, STM32U535VCT6Q, STM32U535VEI6, STM32U535VEI6Q, STM32U535VET6, STM32U535VET6Q, STM32U545CET6, STM32U545CET6Q, STM32U545CEU6, STM32U545CEU6Q, STM32U545JEY6QTR, STM32U545NEY6QTR, STM32U545REI6, STM32U545REI6Q, STM32U545RET6, STM32U545RET6Q, STM32U545VEI6, STM32U545VEI6Q, STM32U545VET6, STM32U545VET6Q, STM32U595AIH6, STM32U595AIH6Q, STM32U595AJH6, STM32U595AJH6Q, STM32U595QII6, STM32U595QII6Q, STM32U595QJI6, STM32U595QJI6Q, STM32U595RIT6, STM32U595RIT6Q, STM32U595RJT6, STM32U595RJT6Q, STM32U595VIT6, STM32U595VIT6Q, STM32U595VJT6, STM32U595VJT6Q, STM32U595ZIT6, STM32U595ZIT6Q, STM32U595ZIY6QTR, STM32U595ZJT6, STM32U595ZJT6Q, STM32U595ZJY6QTR, STM32U599BJY6QTR, STM32U599NIH6Q, STM32U599NJH6Q, STM32U599VIT6Q, STM32U599VJT6, STM32U599VJT6Q, STM32U599ZIT6Q, STM32U599ZIY6QTR, STM32U599ZJT6Q, STM32U599ZJY6QTR, STM32U5A5AJH6, STM32U5A5AJH6Q, STM32U5A5QII3Q , STM32U5A5QJI6, STM32U5A5QJI6Q, STM32U5A5RJT6, STM32U5A5RJT6Q, STM32U5A5VJT6, STM32U5A5VJT6Q, STM32U5A5ZJT6, STM32U5A5ZJT6Q, STM32U5A5ZJY6QTR, STM32U5A9BJY6QTR, STM32U5A9J-DK, STM32U5A9NJH6Q, STM32U5A9VJT6Q, STM32U5A9ZJT6Q, STM32U5A9ZJY6QTR, STM32U5F7VIT6, STM32U5F7VIT6Q, STM32U5F7VJT6, STM32U5F7VJT6Q, STM32U5F9BJY6QTR, STM32U5F9NJH6Q, STM32U5F9VIT6Q, STM32U5F9VJT6Q, STM32U5F9ZIJ6QTR, STM32U5F9ZIT6Q, STM32U5F9ZJJ6QTR, STM32U5F9ZJT6Q, STM32U5G7VJT6, STM32U5G7VJT6Q, STM32U5G9BJY6QTR, STM32U5G9J-DK1, STM32U5G9J-DK2, STM32U5G9NJH6Q, STM32U5G9VJT6Q, STM32U5G9ZJJ6QTR, STM32U5G9ZJT6Q, STM32WB05KZV6TR, STM32WB05KZV7TR, STM32WB05TZF6TR, STM32WB05TZF7TR, STM32WB06CCF6TR, STM32WB06CCF7TR, STM32WB06CCV6TR, STM32WB06CCV7TR, STM32WB06KCV6TR, STM32WB06KCV7TR, STM32WB07CCF6TR, STM32WB07CCF7TR, STM32WB07CCV6TR, STM32WB07CCV7TR, STM32WB07KCV6TR, STM32WB07KCV7TR, STM32WB09KEV6TR, STM32WB09KEV7TR, STM32WB09TEF6TR, STM32WB09TEF7TR, STM32WB1MMCH6, STM32WBA50KGU6, STM32WBA50KGU6TR, STM32WBA52CEU6, STM32WBA52CEU6TR, STM32WBA52CEU7, STM32WBA52CEU7TR, STM32WBA52CGU6, STM32WBA52CGU6TR, STM32WBA52CGU6U, STM32WBA52CGU7, STM32WBA52CGU7TR, STM32WBA52KEU6, STM32WBA52KEU6TR, STM32WBA52KGU6, STM32WBA52KGU6TR, STM32WBA54CEU6, STM32WBA54CEU6TR, STM32WBA54CEU7, STM32WBA54CEU7TR, STM32WBA54CGU6, STM32WBA54CGU6TR, STM32WBA54CGU7, STM32WBA54CGU7TR, STM32WBA54KEU6, STM32WBA54KEU6TR, STM32WBA54KEU7, STM32WBA54KEU7TR, STM32WBA54KGU6, STM32WBA54KGU6TR, STM32WBA54KGU7, STM32WBA54KGU7TR, STM32WBA55CEU6, STM32WBA55CEU6TR, STM32WBA55CEU7, STM32WBA55CEU7TR, STM32WBA55CGU6, STM32WBA55CGU6TR, STM32WBA55CGU6U, STM32WBA55CGU7, STM32WBA55CGU7TR, STM32WBA55G-DK1, STM32WBA55HEF6, STM32WBA55HEF7, STM32WBA55HGF6, STM32WBA55HGF7, STM32WBA55UEI6, STM32WBA55UEI6TR, STM32WBA55UEI7, STM32WBA55UEI7TR, STM32WBA55UGI6, STM32WBA55UGI6TR, STM32WBA55UGI7, STM32WBA55UGI7TR, STM32WBA5MMGH6TR, STM32WBA62MGF6, STM32WBA62MIF6, STM32WBA65MGF7, STM32WBA65MIF6, STM32WBA65MIF7, STM32WL30K8V6, STM32WL30KBV6, STM32WL31C8V6, STM32WL31CBV6, STM32WL31K8V6, STM32WL31KBV6, STM32WL33C8V6, STM32WL33C8V6X, STM32WL33CBV6, STM32WL33CBV6X, STM32WL33CCV6, STM32WL33CCV6A, STM32WL33CCV6X, STM32WL33K8V7, STM32WL33K8V7X, STM32WL33KBV7 , STM32WL33KBV7X, STM32WL33KCV7, STM32WL33KCV7X, STM32WL5MOCH6, STM32WL5MOCH6TR]
2026-05-06 15:11:57,490 [INFO] ApiDb:668 - CubeFinder database Data Model version=2.1
2026-05-06 15:11:57,490 [INFO] ApiDb:669 - CubeFinder database Configuration version=3.0.42
2026-05-06 15:11:57,490 [INFO] ApiDb:670 - CubeFinder database generation date=2026-03-11 (1773229989)
2026-05-06 15:11:57,490 [INFO] ApiDb:671 - CubeFinder database FW Pack versions=[FP-ATR-ASTRA1_V2.0.0, FP-SNS-FLIGHT1_V5.1.0, FP-SNS-MOTENV1_V5.1.0, FP-SNS-MOTENVWB1_V1.5.0, FP-SNS-SMARTAG2_V1.2.0, FP-SNS-STBOX1_V2.1.0, STM32Cube_FW_C0_V1.4.0, STM32Cube_FW_F4_V1.28.3, STM32Cube_FW_F7_V1.17.4, STM32Cube_FW_G0_V1.6.3, STM32Cube_FW_G4_V1.6.2, STM32Cube_FW_H5_V1.6.0, STM32Cube_FW_H7RS_V1.3.0, STM32Cube_FW_H7_V1.13.0, STM32Cube_FW_L0_V1.12.2, STM32Cube_FW_L4_V1.18.2, STM32Cube_FW_L5_V1.6.0, STM32Cube_FW_N6_V1.3.0, STM32Cube_FW_U0_V1.3.0, STM32Cube_FW_U3_V1.3.0, STM32Cube_FW_U5_V1.8.0, STM32Cube_FW_WB0_V1.4.0, STM32Cube_FW_WBA_V1.9.0, STM32Cube_FW_WB_V1.24.0, STM32Cube_FW_WL3_V1.4.0, STM32Cube_FW_WL_V1.5.0, X-CUBE-ALGOBUILD_V1.4.0, X-CUBE-ALS_V1.0.2, X-CUBE-AZRTOS-F4_V1.1.0, X-CUBE-AZRTOS-F7_V1.1.0, X-CUBE-AZRTOS-G0_V1.1.0, X-CUBE-AZRTOS-G4_V2.0.0, X-CUBE-AZRTOS-H7RS_V1.1.0, X-CUBE-AZRTOS-H7_V3.4.0, X-CUBE-AZRTOS-L4_V2.0.0, X-CUBE-AZRTOS-L5_V2.0.0, X-CUBE-AZRTOS-WB_V2.0.0, X-CUBE-AZRTOS-WL_V2.0.0, X-CUBE-BLE1_V7.1.0, X-CUBE-BLE2_V3.3.0, X-CUBE-BLEMGR_V4.1.0, X-CUBE-EEPRMA1_V5.2.0, X-CUBE-FREERTOS_V1.5.0, X-CUBE-GNSS1_V6.0.0, X-CUBE-MEMS1_V12.0.0, X-CUBE-NFC4_V3.0.0, X-CUBE-NFC7_V2.0.0, X-CUBE-SFXS2LP1_V4.0.0, X-CUBE-ST67W61_V1.2.0, X-CUBE-SUBG2_V5.0.0, X-CUBE-TOF1_V3.4.3]
2026-05-06 15:11:58,842 [INFO] ApiDb:240 - Found 880 in-development CPN: [B-G473E-ZEST1S, B-WB1M-WPAN1, B-WBA5M-WPAN, B-WL5M-SUBG1, NUCLEO-C031C6, NUCLEO-C051C8, NUCLEO-C071RB, NUCLEO-C092RC, NUCLEO-H503RB, NUCLEO-H533RE, NUCLEO-H563ZI, NUCLEO-H7S3L8, NUCLEO-N657X0-Q, NUCLEO-U031R8, NUCLEO-U083RC, NUCLEO-U385RG-Q, NUCLEO-U545RE-Q, NUCLEO-U5A5ZJ-Q, NUCLEO-WB05KZ, NUCLEO-WB07CC, NUCLEO-WB09KE, NUCLEO-WBA52CG, NUCLEO-WBA55CG, NUCLEO-WL33CC1, NUCLEO-WL33CC2, STEVAL-PROTEUS1, STEVAL-SMARTAG2, STEVAL-STWINBX1, STM320518-EVAL, STM32C0116-DK, STM32C011D6Y3TR, STM32C011D6Y6TR, STM32C011F4P3, STM32C011F4P6, STM32C011F4U3, STM32C011F4U6TR, STM32C011F6P3, STM32C011F6P6, STM32C011F6U3, STM32C011F6U6TR, STM32C011J4M3, STM32C011J4M6, STM32C011J6M3, STM32C011J6M6, STM32C0316-DK, STM32C031C4T3, STM32C031C4T6, STM32C031C4U3, STM32C031C4U6, STM32C031C6T3, STM32C031C6T6, STM32C031C6U3, STM32C031C6U6, STM32C031F4P3, STM32C031F4P6, STM32C031F6P3, STM32C031F6P6, STM32C031G4U3, STM32C031G4U6, STM32C031G6U3, STM32C031G6U6, STM32C031K4T3, STM32C031K4T6, STM32C031K4U3, STM32C031K4U6, STM32C031K6T3, STM32C031K6T6, STM32C031K6U3, STM32C031K6U6, STM32C051C6T6, STM32C051C6U6, STM32C051C8T6, STM32C051C8U6, STM32C051D8Y6TR, STM32C051F6P6, STM32C051F8P6, STM32C051G6U6, STM32C051G8U6, STM32C051K6T6, STM32C051K6U6, STM32C051K8T6, STM32C071C8T6, STM32C071C8T6N, STM32C071C8U6, STM32C071C8U6N, STM32C071CBT6, STM32C071CBT6N, STM32C071CBU6, STM32C071CBU6N, STM32C071F8P6, STM32C071F8P6N, STM32C071FBP6, STM32C071FBP6N, STM32C071FBY6TR, STM32C071G8U6, STM32C071G8U6N, STM32C071GBU6, STM32C071GBU6N, STM32C071K8T6, STM32C071K8T6N, STM32C071K8U6, STM32C071K8U6N, STM32C071KBT6, STM32C071KBT6N, STM32C071KBU6, STM32C071KBU6N, STM32C071R8T6, STM32C071R8T6N, STM32C071RBI6N, STM32C071RBT6, STM32C071RBT6N, STM32C091CBT6, STM32C091CBU6, STM32C091CCT6, STM32C091CCU6, STM32C091ECY6TR, STM32C091FBP6, STM32C091FCP6, STM32C091GBU6, STM32C091GCU6, STM32C091KBT6, STM32C091KBU6, STM32C091KCT6, STM32C091KCU6, STM32C091RBT6, STM32C091RCI6, STM32C091RCT6, STM32C092CBT6, STM32C092CBU6, STM32C092CCT6, STM32C092CCU6, STM32C092ECY6TR, STM32C092FBP6, STM32C092FCP6, STM32C092GBU6, STM32C092GCU6, STM32C092KBT6, STM32C092KBU6, STM32C092KCT6, STM32C092KCU6, STM32C092RBT6, STM32C092RCI6, STM32C092RCT6, STM32G071K8TXN, STM32G071K8UXN, STM32G081GBU6N, STM32G081KBT6N, STM32G081KBUXN, STM32G0B1CCT6N, STM32G0B1KCT6, STM32G0B1NEY6TR, STM32G0B1RCT6N, STM32G0C1CCT6, STM32G0C1CCT6N, STM32G0C1CCU6N, STM32G0C1CET6N, STM32G0C1CEU6N, STM32G0C1KCT6, STM32G0C1NEY6TR, STM32G0C1RCI6N, STM32G0C1RCT6N, STM32G0C1REI6N, STM32G0C1RET6N, STM32G0C1VCI6, STM32G0C1VEI6, STM32G411C6T3, STM32G411C6T6, STM32G411C6U3, STM32G411C6U6, STM32G411C8T3, STM32G411C8T6, STM32G411C8U3, STM32G411C8U6, STM32G411CBT3, STM32G411CBT6, STM32G411CBU3, STM32G411CBU6, STM32G411K6T3, STM32G411K6T6, STM32G411K6U3, STM32G411K6U6, STM32G411K8T3, STM32G411K8T6, STM32G411K8U3, STM32G411K8U6, STM32G411KBT3, STM32G411KBT6, STM32G411KBU3, STM32G411KBU6, STM32G411M6T3, STM32G411M6T6, STM32G411M8T3, STM32G411M8T6, STM32G411MBT3, STM32G411MBT6, STM32G411R6T3, STM32G411R6T6, STM32G411R8T3, STM32G411R8T6, STM32G411RBT3, STM32G411RBT6, STM32G414CBT3, STM32G414CBT6, STM32G414CBU3, STM32G414CBU6, STM32G414CCT3, STM32G414CCT6, STM32G414CCU3, STM32G414CCU6, STM32G414MBT3, STM32G414MBT6, STM32G414MCT3, STM32G414MCT6, STM32G414RBT3, STM32G414RBT6, STM32G414RCT3, STM32G414RCT6, STM32G414VBT3, STM32G414VBT6, STM32G414VCT3, STM32G414VCT6, STM32G431CBT3Z, STM32G431RBT3Z, STM32G471CCT6, STM32G471CCU6, STM32G471CET3, STM32G471CET6, STM32G471CEU3, STM32G471CEU6, STM32G471MCT6, STM32G471MET3, STM32G471MET6, STM32G471MEY6TR, STM32G471QCT6, STM32G471QET3, STM32G471RCT6, STM32G471RET3, STM32G471RET6, STM32G471VCH6, STM32G471VCI6, STM32G471VCT6, STM32G471VEH3, STM32G471VEH6, STM32G471VEI3, STM32G471VEI6, STM32G471VET3, STM32G471VET6, STM32G473QET3Z, STM32G473RET3Z, STM32G474CCT6, STM32G491RET3Z, STM32H503CBT6, STM32H503CBU6, STM32H503EBY6TR, STM32H503KBU6, STM32H503RBT6, STM32H523CCT6, STM32H523CCU6, STM32H523CET6, STM32H523CEU6, STM32H523HEY6TR, STM32H523RCT6, STM32H523RET6, STM32H523VCI6, STM32H523VCT6, STM32H523VEI6, STM32H523VET6, STM32H523ZCJ6, STM32H523ZCT6, STM32H523ZEJ6, STM32H523ZET6, STM32H533CET6, STM32H533CEU6, STM32H533HEY6TR, STM32H533RET6, STM32H533VEI6, STM32H533VET6, STM32H533ZEJ6, STM32H533ZET6, STM32H562AGI6, STM32H562AII6, STM32H562IGK6, STM32H562IGT6, STM32H562IIK6, STM32H562IIT6, STM32H562RGT6, STM32H562RGV6, STM32H562RIT6, STM32H562RIV6, STM32H562VGT6, STM32H562VIT6, STM32H562ZGT6, STM32H562ZIT6, STM32H563AGI6, STM32H563AII3Q, STM32H563AII6, STM32H563IGK6, STM32H563IGT6, STM32H563IIK3Q, STM32H563IIK6, STM32H563IIT3Q, STM32H563IIT6, STM32H563MIY3QTR, STM32H563RGT6, STM32H563RGV6, STM32H563RIT6, STM32H563RIV6, STM32H563VGT6, STM32H563VIT3Q, STM32H563VIT6, STM32H563ZGT6, STM32H563ZIT3Q, STM32H563ZIT6, STM32H573AII3Q, STM32H573AII6, STM32H573I-DK, STM32H573IIK3Q, STM32H573IIK6, STM32H573IIT3Q, STM32H573IIT6, STM32H573MIY3QTR, STM32H573RIT6, STM32H573RIV6, STM32H573VIT3Q, STM32H573VIT6, STM32H573ZIT3Q, STM32H573ZIT6, STM32H7R3A8I6, STM32H7R3I8K6, STM32H7R3I8T6, STM32H7R3L8H6, STM32H7R3L8H6H, STM32H7R3R8V6, STM32H7R3V8H6, STM32H7R3V8T6, STM32H7R3V8Y6TR, STM32H7R3Z8J6, STM32H7R3Z8T6, STM32H7R7A8I6, STM32H7R7I8K6, STM32H7R7I8T6, STM32H7R7L8H6, STM32H7R7L8H6H, STM32H7R7Z8J6, STM32H7S3A8I6, STM32H7S3I8K6, STM32H7S3I8T6, STM32H7S3L8H6, STM32H7S3L8H6H, STM32H7S3R8V6, STM32H7S3V8H6, STM32H7S3V8T6, STM32H7S3V8Y6TR, STM32H7S3Z8J6, STM32H7S3Z8T6, STM32H7S78-DK, STM32H7S7A8I6, STM32H7S7I8K6, STM32H7S7I8T6, STM32H7S7L8H6, STM32H7S7L8H6H, STM32H7S7Z8J6, STM32L4R5QGI6STR, STM32MP131AAE3, STM32MP131AAF3, STM32MP131AAG3, STM32MP131CAE3, STM32MP131CAF3, STM32MP131CAG3, STM32MP131DAE7, STM32MP131DAF7, STM32MP131DAG7, STM32MP131FAE7, STM32MP131FAF7, STM32MP131FAG7, STM32MP133AAE3, STM32MP133AAF3, STM32MP133AAG3, STM32MP133CAE3, STM32MP133CAF3, STM32MP133CAG3, STM32MP133DAE7, STM32MP133DAF7, STM32MP133DAG7, STM32MP133FAE7, STM32MP133FAF7, STM32MP133FAG7, STM32MP135AAE3, STM32MP135AAF3, STM32MP135AAG3, STM32MP135CAE3, STM32MP135CAF3, STM32MP135CAG3, STM32MP135DAE7, STM32MP135DAF7, STM32MP135DAG7, STM32MP135F-DK, STM32MP135FAE7, STM32MP135FAF7, STM32MP135FAF7T, STM32MP135FAF7U, STM32MP135FAG7, STM32MP211AAL3, STM32MP211AAM3, STM32MP211AAN3, STM32MP211AAO3, STM32MP211CAL3, STM32MP211CAM3, STM32MP211CAN3, STM32MP211CAO3, STM32MP211DAL3, STM32MP211DAM3, STM32MP211DAN3, STM32MP211DAO3, STM32MP211FAL3, STM32MP211FAM3, STM32MP211FAN3, STM32MP211FAO3, STM32MP213AAL3, STM32MP213AAM3, STM32MP213AAN3, STM32MP213AAO3, STM32MP213CAL3, STM32MP213CAM3, STM32MP213CAN3, STM32MP213CAO3, STM32MP213DAL3, STM32MP213DAM3, STM32MP213DAN3, STM32MP213DAO3, STM32MP213FAL3, STM32MP213FAM3, STM32MP213FAN3, STM32MP213FAO3, STM32MP215AAL3, STM32MP215AAM3, STM32MP215AAN3, STM32MP215AAO3, STM32MP215CAL3, STM32MP215CAM3, STM32MP215CAN3, STM32MP215CAO3, STM32MP215DAL3, STM32MP215DAM3, STM32MP215DAN3, STM32MP215DAO3, STM32MP215F-DK, STM32MP215FAL3, STM32MP215FAM3, STM32MP215FAN3, STM32MP215FAO3, STM32MP231AAJ3, STM32MP231AAK3, STM32MP231AAL3, STM32MP231CAJ3, STM32MP231CAK3, STM32MP231CAL3, STM32MP231DAJ3, STM32MP231DAK3, STM32MP231DAL3, STM32MP231FAJ3, STM32MP231FAK3, STM32MP231FAL3, STM32MP233AAJ3, STM32MP233AAK3, STM32MP233AAL3, STM32MP233CAJ3, STM32MP233CAK3, STM32MP233CAL3, STM32MP233DAJ3, STM32MP233DAK3, STM32MP233DAL3, STM32MP233FAJ3, STM32MP233FAK3, STM32MP233FAL3, STM32MP235AAJ3, STM32MP235AAK3, STM32MP235AAL3, STM32MP235CAJ3, STM32MP235CAK3, STM32MP235CAL3, STM32MP235DAJ3, STM32MP235DAK3, STM32MP235DAL3, STM32MP235FAJ3, STM32MP235FAK3, STM32MP235FAL3, STM32MP251AAI3, STM32MP251AAK3, STM32MP251AAL3, STM32MP251CAI3, STM32MP251CAK3, STM32MP251CAL3, STM32MP251DAI3, STM32MP251DAK3, STM32MP251DAL3, STM32MP251FAI3, STM32MP251FAK3, STM32MP251FAL3, STM32MP253AAI3, STM32MP253AAK3, STM32MP253AAL3, STM32MP253CAI3, STM32MP253CAK3, STM32MP253CAL3, STM32MP253DAI3, STM32MP253DAK3, STM32MP253DAL3, STM32MP253FAI3, STM32MP253FAK3, STM32MP253FAL3, STM32MP255AAI3, STM32MP255AAK3, STM32MP255AAL3, STM32MP255CAI3, STM32MP255CAK3, STM32MP255CAL3, STM32MP255DAI3, STM32MP255DAK3, STM32MP255DAL3, STM32MP255FAI3, STM32MP255FAK3, STM32MP255FAL3, STM32MP257AAI3, STM32MP257AAK3, STM32MP257AAL3, STM32MP257CAI3, STM32MP257CAK3, STM32MP257CAL3, STM32MP257DAI3, STM32MP257DAK3, STM32MP257DAL3, STM32MP257F-DK, STM32MP257F-EV1, STM32MP257FAI3, STM32MP257FAK3, STM32MP257FAL3, STM32N645A0H3Q, STM32N645B0H3Q, STM32N645I0H3Q, STM32N645L0H3Q, STM32N645X0H3Q, STM32N645Z0H3Q, STM32N647A0H3Q, STM32N647B0H3Q, STM32N647I0H3Q, STM32N647L0H3Q, STM32N647X0H3Q, STM32N647Z0H3Q, STM32N655A0H3Q, STM32N655B0H3Q, STM32N655I0H3Q, STM32N655L0H3Q, STM32N655X0H3Q, STM32N655Z0H3Q, STM32N6570-DK, STM32N657A0H3Q, STM32N657B0H3Q, STM32N657I0H3Q, STM32N657L0H3Q, STM32N657X0H3Q, STM32N657Z0H3Q, STM32U031C6T6, STM32U031C6U6, STM32U031C8T6, STM32U031C8U6, STM32U031F4P6, STM32U031F6P6, STM32U031F8P6, STM32U031G6Y6TR, STM32U031G8Y6TR, STM32U031K4U6, STM32U031K6U6, STM32U031K8U6, STM32U031R6I6, STM32U031R6T6, STM32U031R8I6, STM32U031R8T6, STM32U073C8T6, STM32U073C8U6, STM32U073CBT6, STM32U073CBU6, STM32U073CCT6, STM32U073CCU6, STM32U073H8Y6TR, STM32U073HBY6TR, STM32U073HCY6TR, STM32U073K8U6, STM32U073KBU6, STM32U073KCU6, STM32U073M8I6, STM32U073M8T6, STM32U073MBI6, STM32U073MBT6, STM32U073MCI6, STM32U073MCT6, STM32U073R8I6, STM32U073R8T6, STM32U073RBI6, STM32U073RBT6, STM32U073RCI6, STM32U073RCT6, STM32U083C-DK, STM32U083CCT6, STM32U083CCU6, STM32U083HCY6TR, STM32U083KCU6, STM32U083MCI6, STM32U083MCT6, STM32U083RCI6, STM32U083RCT6, STM32U375CET6, STM32U375CET6Q, STM32U375CEU6, STM32U375CEU6Q, STM32U375CEY6QTR, STM32U375CGT6, STM32U375CGT6Q, STM32U375CGU6, STM32U375CGU6Q, STM32U375CGY6QTR, STM32U375KEU6, STM32U375KGU6, STM32U375REI6, STM32U375REI6Q, STM32U375RET6, STM32U375RET6Q, STM32U375REY6GTR, STM32U375REY6QTR, STM32U375RGI6, STM32U375RGI6Q, STM32U375RGT6, STM32U375RGT6Q, STM32U375RGY6GTR, STM32U375RGY6QTR, STM32U375VEI6, STM32U375VEI6Q, STM32U375VET6, STM32U375VET6Q, STM32U375VGI6, STM32U375VGI6Q, STM32U375VGT6, STM32U375VGT6Q, STM32U385CGT6, STM32U385CGT6Q, STM32U385CGU6, STM32U385CGU6Q, STM32U385CGY6QTR, STM32U385KGU6, STM32U385RGI6, STM32U385RGI6Q, STM32U385RGT6, STM32U385RGT6Q, STM32U385RGY6GTR, STM32U385RGY6QTR, STM32U385VGI6, STM32U385VGI6Q, STM32U385VGT6, STM32U385VGT6Q, STM32U535CBT6, STM32U535CBT6Q, STM32U535CBU6, STM32U535CBU6Q, STM32U535CCT6, STM32U535CCT6Q, STM32U535CCU6, STM32U535CCU6Q, STM32U535CET6, STM32U535CET6Q, STM32U535CEU6, STM32U535CEU6Q, STM32U535JEY6QTR, STM32U535NCY6QTR, STM32U535NEY6QTR, STM32U535RBI6, STM32U535RBI6Q, STM32U535RBT6, STM32U535RBT6Q, STM32U535RCI6, STM32U535RCI6Q, STM32U535RCT6, STM32U535RCT6Q, STM32U535REI6, STM32U535REI6Q, STM32U535RET6, STM32U535RET6Q, STM32U535VCI6, STM32U535VCI6Q, STM32U535VCT6, STM32U535VCT6Q, STM32U535VEI6, STM32U535VEI6Q, STM32U535VET6, STM32U535VET6Q, STM32U545CET6, STM32U545CET6Q, STM32U545CEU6, STM32U545CEU6Q, STM32U545JEY6QTR, STM32U545NEY6QTR, STM32U545REI6, STM32U545REI6Q, STM32U545RET6, STM32U545RET6Q, STM32U545VEI6, STM32U545VEI6Q, STM32U545VET6, STM32U545VET6Q, STM32U595AIH6, STM32U595AIH6Q, STM32U595AJH6, STM32U595AJH6Q, STM32U595QII6, STM32U595QII6Q, STM32U595QJI6, STM32U595QJI6Q, STM32U595RIT6, STM32U595RIT6Q, STM32U595RJT6, STM32U595RJT6Q, STM32U595VIT6, STM32U595VIT6Q, STM32U595VJT6, STM32U595VJT6Q, STM32U595ZIT6, STM32U595ZIT6Q, STM32U595ZIY6QTR, STM32U595ZJT6, STM32U595ZJT6Q, STM32U595ZJY6QTR, STM32U599BJY6QTR, STM32U599NIH6Q, STM32U599NJH6Q, STM32U599VIT6Q, STM32U599VJT6, STM32U599VJT6Q, STM32U599ZIT6Q, STM32U599ZIY6QTR, STM32U599ZJT6Q, STM32U599ZJY6QTR, STM32U5A5AJH6, STM32U5A5AJH6Q, STM32U5A5QII3Q , STM32U5A5QJI6, STM32U5A5QJI6Q, STM32U5A5RJT6, STM32U5A5RJT6Q, STM32U5A5VJT6, STM32U5A5VJT6Q, STM32U5A5ZJT6, STM32U5A5ZJT6Q, STM32U5A5ZJY6QTR, STM32U5A9BJY6QTR, STM32U5A9J-DK, STM32U5A9NJH6Q, STM32U5A9VJT6Q, STM32U5A9ZJT6Q, STM32U5A9ZJY6QTR, STM32U5F7VIT6, STM32U5F7VIT6Q, STM32U5F7VJT6, STM32U5F7VJT6Q, STM32U5F9BJY6QTR, STM32U5F9NJH6Q, STM32U5F9VIT6Q, STM32U5F9VJT6Q, STM32U5F9ZIJ6QTR, STM32U5F9ZIT6Q, STM32U5F9ZJJ6QTR, STM32U5F9ZJT6Q, STM32U5G7VJT6, STM32U5G7VJT6Q, STM32U5G9BJY6QTR, STM32U5G9J-DK1, STM32U5G9J-DK2, STM32U5G9NJH6Q, STM32U5G9VJT6Q, STM32U5G9ZJJ6QTR, STM32U5G9ZJT6Q, STM32WB05KZV6TR, STM32WB05KZV7TR, STM32WB05TZF6TR, STM32WB05TZF7TR, STM32WB06CCF6TR, STM32WB06CCF7TR, STM32WB06CCV6TR, STM32WB06CCV7TR, STM32WB06KCV6TR, STM32WB06KCV7TR, STM32WB07CCF6TR, STM32WB07CCF7TR, STM32WB07CCV6TR, STM32WB07CCV7TR, STM32WB07KCV6TR, STM32WB07KCV7TR, STM32WB09KEV6TR, STM32WB09KEV7TR, STM32WB09TEF6TR, STM32WB09TEF7TR, STM32WB1MMCH6, STM32WBA50KGU6, STM32WBA50KGU6TR, STM32WBA52CEU6, STM32WBA52CEU6TR, STM32WBA52CEU7, STM32WBA52CEU7TR, STM32WBA52CGU6, STM32WBA52CGU6TR, STM32WBA52CGU6U, STM32WBA52CGU7, STM32WBA52CGU7TR, STM32WBA52KEU6, STM32WBA52KEU6TR, STM32WBA52KGU6, STM32WBA52KGU6TR, STM32WBA54CEU6, STM32WBA54CEU6TR, STM32WBA54CEU7, STM32WBA54CEU7TR, STM32WBA54CGU6, STM32WBA54CGU6TR, STM32WBA54CGU7, STM32WBA54CGU7TR, STM32WBA54KEU6, STM32WBA54KEU6TR, STM32WBA54KEU7, STM32WBA54KEU7TR, STM32WBA54KGU6, STM32WBA54KGU6TR, STM32WBA54KGU7, STM32WBA54KGU7TR, STM32WBA55CEU6, STM32WBA55CEU6TR, STM32WBA55CEU7, STM32WBA55CEU7TR, STM32WBA55CGU6, STM32WBA55CGU6TR, STM32WBA55CGU6U, STM32WBA55CGU7, STM32WBA55CGU7TR, STM32WBA55G-DK1, STM32WBA55HEF6, STM32WBA55HEF7, STM32WBA55HGF6, STM32WBA55HGF7, STM32WBA55UEI6, STM32WBA55UEI6TR, STM32WBA55UEI7, STM32WBA55UEI7TR, STM32WBA55UGI6, STM32WBA55UGI6TR, STM32WBA55UGI7, STM32WBA55UGI7TR, STM32WBA5MMGH6TR, STM32WBA62MGF6, STM32WBA62MIF6, STM32WBA65MGF7, STM32WBA65MIF6, STM32WBA65MIF7, STM32WL30K8V6, STM32WL30KBV6, STM32WL31C8V6, STM32WL31CBV6, STM32WL31K8V6, STM32WL31KBV6, STM32WL33C8V6, STM32WL33C8V6X, STM32WL33CBV6, STM32WL33CBV6X, STM32WL33CCV6, STM32WL33CCV6A, STM32WL33CCV6X, STM32WL33K8V7, STM32WL33K8V7X, STM32WL33KBV7 , STM32WL33KBV7X, STM32WL33KCV7, STM32WL33KCV7X, STM32WL5MOCH6, STM32WL5MOCH6TR]
2026-05-06 15:11:58,848 [INFO] DbMcus:218 - Found 5055 MCUs, 4968 are supported
2026-05-06 15:11:58,849 [INFO] ApiDb:423 - Load user favorites file /Users/cristianpetramale/.stm32cubeide/favorites.mcus.txt: 0 item(s)
2026-05-06 15:11:58,849 [INFO] ApiDb:427 - User favorites MCUs=[]
2026-05-06 15:11:58,849 [INFO] DbMcus:224 - Set 0 / 0 favorites MCUs
2026-05-06 15:11:59,255 [INFO] BoardInfo:889 - No configuration file found for board NUCLEO-H5E5ZJ
2026-05-06 15:11:59,255 [INFO] DbBoards:161 - Board is not supported: NUCLEO-H5E5ZJ
2026-05-06 15:11:59,282 [INFO] BoardInfo:889 - No configuration file found for board NUCLEO-U3C5ZI-Q
2026-05-06 15:11:59,282 [INFO] DbBoards:161 - Board is not supported: NUCLEO-U3C5ZI-Q
2026-05-06 15:11:59,290 [INFO] BoardInfo:889 - No configuration file found for board NUCLEO-WBA25CE1
2026-05-06 15:11:59,291 [INFO] DbBoards:161 - Board is not supported: NUCLEO-WBA25CE1
2026-05-06 15:11:59,295 [INFO] BoardInfo:889 - No configuration file found for board NUCLEO-WL3RKB1
2026-05-06 15:11:59,296 [INFO] DbBoards:161 - Board is not supported: NUCLEO-WL3RKB1
2026-05-06 15:11:59,297 [INFO] BoardInfo:889 - No configuration file found for board NUCLEO-WL3RKB2
2026-05-06 15:11:59,298 [INFO] DbBoards:161 - Board is not supported: NUCLEO-WL3RKB2
2026-05-06 15:11:59,302 [INFO] BoardInfo:889 - No configuration file found for board P-NUCLEO-WB55
2026-05-06 15:11:59,302 [INFO] DbBoards:161 - Kit is not supported: P-NUCLEO-WB55
2026-05-06 15:11:59,307 [INFO] BoardInfo:889 - No configuration file found for board STEVAL-BFA001V1B
2026-05-06 15:11:59,307 [INFO] DbBoards:161 - Kit is not supported: STEVAL-BFA001V1B
2026-05-06 15:11:59,307 [INFO] BoardInfo:889 - No configuration file found for board STEVAL-BFA001V2B
2026-05-06 15:11:59,308 [INFO] DbBoards:161 - Kit is not supported: STEVAL-BFA001V2B
2026-05-06 15:11:59,362 [INFO] BoardInfo:889 - No configuration file found for board STM32H5F5J-DK
2026-05-06 15:11:59,363 [INFO] DbBoards:161 - Board is not supported: STM32H5F5J-DK
2026-05-06 15:11:59,447 [INFO] DbBoards:168 - Found 218 boards, 209 are supported
2026-05-06 15:11:59,456 [INFO] DbBoards:169 - Found 218 boards, 43 of them is supported for  Bsp
2026-05-06 15:11:59,468 [INFO] ApiDb:423 - Load user favorites file /Users/cristianpetramale/.stm32cubeide/favorites.boards.txt: 0 item(s)
2026-05-06 15:11:59,469 [INFO] ApiDb:427 - User favorites Boards=[]
2026-05-06 15:11:59,469 [INFO] DbBoards:198 - Set 0 / 0 favorites Boards
2026-05-06 15:11:59,803 [INFO] UtilMem:75 - End LoadConfig() Used Memory: 674982064 Bytes (1073741824)
2026-05-06 15:12:00,024 [WARN] ThirdParty:833 - waiting for thirdparty lock release [change project]
2026-05-06 15:12:00,033 [INFO] ThirdParty:835 - entering critical section [change project]
2026-05-06 15:12:00,035 [INFO] ThirdParty:1030 - CMSIS Pack Vendor :STMicroelectronics X-CUBE-AZRTOS-H7 3.5.0
2026-05-06 15:12:00,035 [INFO] ThirdParty:1030 - CMSIS Pack Vendor :STMicroelectronics X-CUBE-PM33A1 1.0.0
2026-05-06 15:12:00,035 [INFO] ThirdParty:1030 - CMSIS Pack Vendor :STMicroelectronics USBPD 4.1
2026-05-06 15:12:00,035 [INFO] ThirdParty:1030 - CMSIS Pack Vendor :STMicroelectronics X-CUBE-NFC9 1.0.0
2026-05-06 15:12:00,035 [INFO] ThirdParty:1030 - CMSIS Pack Vendor :STMicroelectronics USB_HOST 2.0.0
2026-05-06 15:12:00,035 [INFO] ThirdParty:1030 - CMSIS Pack Vendor :STMicroelectronics X-CUBE-AZRTOS-F4 1.1.0
2026-05-06 15:12:00,035 [INFO] ThirdParty:1030 - CMSIS Pack Vendor :STMicroelectronics LIBJPEG 8.0.0
2026-05-06 15:12:00,035 [INFO] ThirdParty:1030 - CMSIS Pack Vendor :STMicroelectronics FP-ATR-ASTRA1 2.0.2
2026-05-06 15:12:00,035 [INFO] ThirdParty:1030 - CMSIS Pack Vendor :STMicroelectronics X-CUBE-BLE1 7.1.0
2026-05-06 15:12:00,035 [INFO] ThirdParty:1030 - CMSIS Pack Vendor :STMicroelectronics X-CUBE-SMBUS 2.1.0
2026-05-06 15:12:00,035 [INFO] ThirdParty:1030 - CMSIS Pack Vendor :wolfSSL I-CUBE-wolfMQTT 1.19.2
2026-05-06 15:12:00,035 [INFO] ThirdParty:1030 - CMSIS Pack Vendor :STMicroelectronics USB_DEVICE 3.0.0
2026-05-06 15:12:00,035 [INFO] ThirdParty:1030 - CMSIS Pack Vendor :STMicroelectronics X-CUBE-ISPU 2.1.0
2026-05-06 15:12:00,035 [INFO] ThirdParty:1030 - CMSIS Pack Vendor :STMicroelectronics eDS-WB_DPC_TT-BIDIR 2.1.1
2026-05-06 15:12:00,035 [INFO] ThirdParty:1030 - CMSIS Pack Vendor :STMicroelectronics X-CUBE-AZRTOS-WB 2.0.0
2026-05-06 15:12:00,035 [INFO] ThirdParty:1030 - CMSIS Pack Vendor :wolfSSL I-CUBE-wolfSSL 5.8.4
2026-05-06 15:12:00,035 [INFO] ThirdParty:1030 - CMSIS Pack Vendor :Cesanta I-CUBE-Mongoose 7.20.0
2026-05-06 15:12:00,035 [INFO] ThirdParty:1030 - CMSIS Pack Vendor :STMicroelectronics X-CUBE-AZRTOS-F7 1.1.0
2026-05-06 15:12:00,035 [INFO] ThirdParty:1030 - CMSIS Pack Vendor :STMicroelectronics X-CUBE-AZRTOS-L5 2.0.0
2026-05-06 15:12:00,036 [INFO] ThirdParty:1030 - CMSIS Pack Vendor :STMicroelectronics USB_DEVICE 2.0.0
2026-05-06 15:12:00,036 [INFO] ThirdParty:1030 - CMSIS Pack Vendor :STMicroelectronics FP-SNS-STAIOTCFT 1.1.0
2026-05-06 15:12:00,036 [INFO] ThirdParty:1030 - CMSIS Pack Vendor :quantropi X-CUBE-qispace-sdk-base 2.1.0
2026-05-06 15:12:00,036 [INFO] ThirdParty:1030 - CMSIS Pack Vendor :STMicroelectronics X-CUBE-MEMS1 12.0.0
2026-05-06 15:12:00,036 [INFO] ThirdParty:1030 - CMSIS Pack Vendor :STMicroelectronics X-CUBE-STSE01 2.0.0
2026-05-06 15:12:00,036 [INFO] ThirdParty:1030 - CMSIS Pack Vendor :STMicroelectronics FreeRTOS 0.0.1
2026-05-06 15:12:00,036 [INFO] ThirdParty:1030 - CMSIS Pack Vendor :STMicroelectronics X-CUBE-AZRTOS-G0 1.1.0
2026-05-06 15:12:00,036 [INFO] ThirdParty:1030 - CMSIS Pack Vendor :STMicroelectronics X-CUBE-NFC4 3.0.0
2026-05-06 15:12:00,036 [INFO] ThirdParty:1030 - CMSIS Pack Vendor :STMicroelectronics X-CUBE-SUBG2 5.0.0
2026-05-06 15:12:00,036 [INFO] ThirdParty:1030 - CMSIS Pack Vendor :STMicroelectronics STM32_WPAN 1.0.0
2026-05-06 15:12:00,036 [INFO] ThirdParty:1030 - CMSIS Pack Vendor :STMicroelectronics eDS-WB_DPC_VIENNA 1.2.0
2026-05-06 15:12:00,036 [INFO] ThirdParty:1030 - CMSIS Pack Vendor :EmbeddedOffice I-CUBE-FS-RTOS 1.0.1
2026-05-06 15:12:00,036 [INFO] ThirdParty:1030 - CMSIS Pack Vendor :STMicroelectronics lwIP 2.0.3
2026-05-06 15:12:00,036 [INFO] ThirdParty:1030 - CMSIS Pack Vendor :WES I-CUBE-Cesium 1.4.0
2026-05-06 15:12:00,036 [INFO] ThirdParty:1030 - CMSIS Pack Vendor :STMicroelectronics eDS-WB_DPC_3PH2L-BIDIR 1.1.1
2026-05-06 15:12:00,036 [INFO] ThirdParty:1030 - CMSIS Pack Vendor :STMicroelectronics USB_HOST 1.0.0
2026-05-06 15:12:00,036 [INFO] ThirdParty:1030 - CMSIS Pack Vendor :STMicroelectronics X-CUBE-AZRTOS-G4 2.0.0
2026-05-06 15:12:00,036 [INFO] ThirdParty:1030 - CMSIS Pack Vendor :STMicroelectronics PDM2PCM 3.1.0
2026-05-06 15:12:00,036 [INFO] ThirdParty:1030 - CMSIS Pack Vendor :STMicroelectronics PDM2PCM 3.3.0
2026-05-06 15:12:00,037 [INFO] ThirdParty:1030 - CMSIS Pack Vendor :wolfSSL I-CUBE-wolfTPM 3.8.0
2026-05-06 15:12:00,037 [INFO] ThirdParty:1030 - CMSIS Pack Vendor :STMicroelectronics X-CUBE-DISPLAY 3.0.0
2026-05-06 15:12:00,037 [INFO] ThirdParty:1030 - CMSIS Pack Vendor :wolfSSL I-CUBE-wolfSSH 1.4.20
2026-05-06 15:12:00,037 [INFO] ThirdParty:1030 - CMSIS Pack Vendor :STMicroelectronics X-CUBE-NFC7 2.0.0
2026-05-06 15:12:00,037 [INFO] ThirdParty:1030 - CMSIS Pack Vendor :STMicroelectronics X-CUBE-GNSS1 7.1.1
2026-05-06 15:12:00,037 [INFO] ThirdParty:1030 - CMSIS Pack Vendor :STMicroelectronics X-CUBE-TCPP 4.2.0
2026-05-06 15:12:00,037 [INFO] ThirdParty:1030 - CMSIS Pack Vendor :RealThread X-CUBE-RT-Thread_Nano 4.1.1
2026-05-06 15:12:00,038 [INFO] ThirdParty:1030 - CMSIS Pack Vendor :STMicroelectronics FP-ATR-SIGFOX1 3.2.0
2026-05-06 15:12:00,038 [INFO] ThirdParty:1030 - CMSIS Pack Vendor :STMicroelectronics X-CUBE-NFC10 1.0.0
2026-05-06 15:12:00,039 [INFO] ThirdParty:1030 - CMSIS Pack Vendor :STMicroelectronics HAL Drivers 0.0.0
2026-05-06 15:12:00,040 [INFO] ThirdParty:1030 - CMSIS Pack Vendor :STMicroelectronics MBEDTLS 2.16.2
2026-05-06 15:12:00,040 [INFO] ThirdParty:1030 - CMSIS Pack Vendor :STMicroelectronics X-CUBE-ST60 1.1.0
2026-05-06 15:12:00,040 [INFO] ThirdParty:1030 - CMSIS Pack Vendor :STMicroelectronics X-CUBE-ALS 1.0.2
2026-05-06 15:12:00,040 [INFO] ThirdParty:1030 - CMSIS Pack Vendor :emotas I-CUBE-CANOPEN 1.3.0
2026-05-06 15:12:00,040 [INFO] ThirdParty:1030 - CMSIS Pack Vendor :STMicroelectronics MBEDTLS 2.14.1
2026-05-06 15:12:00,040 [INFO] ThirdParty:1030 - CMSIS Pack Vendor :STMicroelectronics X-CUBE-GNSS1 7.1.0
2026-05-06 15:12:00,040 [INFO] ThirdParty:1030 - CMSIS Pack Vendor :ITTIA_DB I-CUBE-ITTIADB 8.9.0
2026-05-06 15:12:00,040 [INFO] ThirdParty:1030 - CMSIS Pack Vendor :STMicroelectronics X-CUBE-TOUCHGFX 4.26.1
2026-05-06 15:12:00,040 [INFO] ThirdParty:1030 - CMSIS Pack Vendor :STMicroelectronics FP-SNS-STAIOTCFT 1.0.0
2026-05-06 15:12:00,040 [INFO] ThirdParty:1030 - CMSIS Pack Vendor :STMicroelectronics ThreadX 1.0.0
2026-05-06 15:12:00,040 [INFO] ThirdParty:1030 - CMSIS Pack Vendor :STMicroelectronics FP-SNS-SMARTAG2 1.2.0
2026-05-06 15:12:00,040 [INFO] ThirdParty:1030 - CMSIS Pack Vendor :STMicroelectronics X-CUBE-MEMS1 12.1.0
2026-05-06 15:12:00,040 [INFO] ThirdParty:1030 - CMSIS Pack Vendor :STMicroelectronics FP-SNS-FLIGHT1 5.1.0
2026-05-06 15:12:00,040 [INFO] ThirdParty:1030 - CMSIS Pack Vendor :STMicroelectronics X-CUBE-AZRTOS-WL 2.0.0
2026-05-06 15:12:00,040 [INFO] ThirdParty:1030 - CMSIS Pack Vendor :SEGGER I-CUBE-embOS 1.3.1
2026-05-06 15:12:00,040 [INFO] ThirdParty:1030 - CMSIS Pack Vendor :STMicroelectronics X-CUBE-ALGOBUILD 1.4.0
2026-05-06 15:12:00,040 [INFO] ThirdParty:1030 - CMSIS Pack Vendor :STMicroelectronics X-CUBE-DPower 1.3.0
2026-05-06 15:12:00,040 [INFO] ThirdParty:1030 - CMSIS Pack Vendor :STMicroelectronics USB_DEVICE 1.0.0
2026-05-06 15:12:00,040 [INFO] ThirdParty:1030 - CMSIS Pack Vendor :STMicroelectronics X-CUBE-AZRTOS-H7RS 1.2.0
2026-05-06 15:12:00,040 [INFO] ThirdParty:1030 - CMSIS Pack Vendor :STMicroelectronics X-CUBE-AZRTOS-L4 2.0.0
2026-05-06 15:12:00,040 [INFO] ThirdParty:1030 - CMSIS Pack Vendor :STMicroelectronics ThreadX 0.0.2
2026-05-06 15:12:00,040 [INFO] ThirdParty:1030 - CMSIS Pack Vendor :STMicroelectronics lwIP 2.1.2
2026-05-06 15:12:00,040 [INFO] ThirdParty:1030 - CMSIS Pack Vendor :STMicroelectronics X-CUBE-SFXS2LP1 4.0.0
2026-05-06 15:12:00,040 [INFO] ThirdParty:1030 - CMSIS Pack Vendor :STMicroelectronics X-CUBE-BLE2 3.3.0
2026-05-06 15:12:00,040 [INFO] ThirdParty:1030 - CMSIS Pack Vendor :Avnet-IOTCONNECT X-CUBE-iotc-st67-sdk 1.0.0
2026-05-06 15:12:00,040 [INFO] ThirdParty:1030 - CMSIS Pack Vendor :STMicroelectronics X-CUBE-TOF1 3.4.3
2026-05-06 15:12:00,040 [INFO] ThirdParty:1030 - CMSIS Pack Vendor :Infineon AIROC-Wi-Fi-Bluetooth-STM32 1.8.0
2026-05-06 15:12:00,041 [INFO] ThirdParty:1030 - CMSIS Pack Vendor :STMicroelectronics PDM2PCM 3.2.0
2026-05-06 15:12:00,041 [INFO] ThirdParty:1030 - CMSIS Pack Vendor :STMicroelectronics X-CUBE-WB05N 2.1.0
2026-05-06 15:12:00,041 [INFO] ThirdParty:1030 - CMSIS Pack Vendor :STMicroelectronics X-CUBE-ST67W61 1.2.0
2026-05-06 15:12:00,046 [INFO] ThirdParty:841 - exiting critical section [change project]
2026-05-06 15:12:00,838 [INFO] PinOutPanel:1589 - setPackage(No Configuration,No Configuration)
2026-05-06 15:12:00,847 [INFO] PinOutPanel:1589 - setPackage(STM32L432KCUx,UFQFPN32)
2026-05-06 15:12:01,408 [INFO] UtilMem:75 - Before build in PCC Used Memory: 899050936 Bytes (1073741824)
2026-05-06 15:12:02,422 [INFO] UtilMem:75 - After build in PCC Used Memory: 931660224 Bytes (1073741824)
2026-05-06 15:12:02,476 [INFO] IPUIPlugin:80 - create IPUIPlugin
2026-05-06 15:12:02,477 [INFO] IPUIPlugin:80 - create IPUIPlugin
2026-05-06 15:12:02,478 [INFO] IPUIPlugin:80 - create IPUIPlugin
2026-05-06 15:12:02,478 [INFO] IPUIPlugin:80 - create IPUIPlugin
2026-05-06 15:12:02,478 [INFO] IPUIPlugin:80 - create IPUIPlugin
2026-05-06 15:12:02,478 [INFO] IPUIPlugin:80 - create IPUIPlugin
2026-05-06 15:12:02,479 [INFO] IPUIPlugin:80 - create IPUIPlugin
2026-05-06 15:12:02,479 [INFO] IPUIPlugin:80 - create IPUIPlugin
2026-05-06 15:12:02,479 [INFO] IPUIPlugin:80 - create IPUIPlugin
2026-05-06 15:12:02,479 [INFO] IPUIPlugin:80 - create IPUIPlugin
2026-05-06 15:12:02,479 [INFO] IPUIPlugin:80 - create IPUIPlugin
2026-05-06 15:12:02,480 [INFO] IPUIPlugin:80 - create IPUIPlugin
2026-05-06 15:12:02,480 [INFO] IPUIPlugin:80 - create IPUIPlugin
2026-05-06 15:12:02,480 [INFO] IPUIPlugin:80 - create IPUIPlugin
2026-05-06 15:12:02,480 [INFO] IPUIPlugin:80 - create IPUIPlugin
2026-05-06 15:12:02,480 [INFO] IPUIPlugin:80 - create IPUIPlugin
2026-05-06 15:12:02,480 [INFO] IPUIPlugin:80 - create IPUIPlugin
2026-05-06 15:12:02,482 [INFO] IPUIPlugin:80 - create IPUIPlugin
2026-05-06 15:12:02,482 [INFO] IPUIPlugin:80 - create IPUIPlugin
2026-05-06 15:12:02,482 [INFO] IPUIPlugin:80 - create IPUIPlugin
2026-05-06 15:12:02,482 [INFO] IPUIPlugin:80 - create IPUIPlugin
2026-05-06 15:12:02,482 [INFO] IPUIPlugin:80 - create IPUIPlugin
2026-05-06 15:12:02,482 [INFO] IPUIPlugin:80 - create IPUIPlugin
2026-05-06 15:12:02,483 [INFO] IPUIPlugin:80 - create IPUIPlugin
2026-05-06 15:12:02,483 [INFO] IPUIPlugin:80 - create IPUIPlugin
2026-05-06 15:12:02,484 [INFO] IPUIPlugin:80 - create IPUIPlugin
2026-05-06 15:12:02,485 [INFO] IPUIPlugin:80 - create IPUIPlugin
2026-05-06 15:12:02,485 [INFO] IPUIPlugin:80 - create IPUIPlugin
2026-05-06 15:12:02,486 [INFO] IPUIPlugin:80 - create IPUIPlugin
2026-05-06 15:12:02,486 [INFO] IPUIPlugin:80 - create IPUIPlugin
2026-05-06 15:12:02,486 [INFO] IPUIPlugin:80 - create IPUIPlugin
2026-05-06 15:12:02,486 [INFO] IPUIPlugin:80 - create IPUIPlugin
2026-05-06 15:12:02,486 [INFO] IPUIPlugin:80 - create IPUIPlugin
2026-05-06 15:12:02,486 [INFO] IPUIPlugin:80 - create IPUIPlugin
2026-05-06 15:12:02,486 [INFO] IPUIPlugin:80 - create IPUIPlugin
2026-05-06 15:12:02,486 [INFO] IPUIPlugin:80 - create IPUIPlugin
2026-05-06 15:12:02,486 [INFO] IPUIPlugin:80 - create IPUIPlugin
2026-05-06 15:12:02,487 [INFO] IPUIPlugin:80 - create IPUIPlugin
2026-05-06 15:12:02,487 [INFO] IPUIPlugin:80 - create IPUIPlugin
2026-05-06 15:12:02,487 [INFO] IPUIPlugin:80 - create IPUIPlugin
2026-05-06 15:12:02,487 [INFO] IPUIPlugin:80 - create IPUIPlugin
2026-05-06 15:12:02,766 [INFO] CADModel:165 - CPN selected for project levelSTM32L432KCU3
2026-05-06 15:12:02,766 [INFO] CADModel:114 - Register for checkConnection events
2026-05-06 15:12:02,813 [INFO] OpenFileManager:386 - Restore cursor
2026-05-06 15:12:35,687 [INFO] UtilMem:75 - End SaveConfig() Used Memory: 944242592 Bytes (1073741824)
2026-05-06 15:12:37,479 [INFO] BlockDiagram:2775 - set Specific Code input for plugin: NVIC
2026-05-06 15:12:37,485 [INFO] BlockDiagram:2775 - set Specific Code input for plugin: USART
2026-05-06 15:12:37,486 [INFO] BlockDiagram:2775 - set Specific Code input for plugin: USART
2026-05-06 15:12:37,486 [INFO] BlockDiagram:2775 - set Specific Code input for plugin: TIM6_7L4
2026-05-06 15:12:37,486 [INFO] BlockDiagram:2775 - set Specific Code input for plugin: SYS
2026-05-06 15:12:37,487 [INFO] BlockDiagram:2775 - set Specific Code input for plugin: GPIO
2026-05-06 15:12:37,487 [INFO] BlockDiagram:2775 - set Specific Code input for plugin: RCC
2026-05-06 15:12:37,487 [INFO] BlockDiagram:2775 - set Specific Code input for plugin: I2C
2026-05-06 15:12:37,488 [INFO] CodeGenerator:892 - code generatio: config db path: /Applications/STM32CubeIDE.app/Contents/Eclipse/plugins/com.st.stm32cube.common.mx_6.15.0.202507011659//db/
2026-05-06 15:12:37,737 [INFO] CodeEngine:265 - oldGeneratedFile, /Users/cristianpetramale/Biomed_projects/STMWorkSpace/ProgettoUART/MXTmpFiles/license.tmp_save
2026-05-06 15:12:38,756 [INFO] CodeEngine:289 - Generated code: /Users/cristianpetramale/Biomed_projects/STMWorkSpace/ProgettoUART/MXTmpFiles/license.tmp
2026-05-06 15:12:38,972 [INFO] CodeEngine:265 - oldGeneratedFile, /Users/cristianpetramale/Biomed_projects/STMWorkSpace/ProgettoUART/MXTmpFiles/gpio.tmp_save
2026-05-06 15:12:39,163 [INFO] CodeEngine:289 - Generated code: /Users/cristianpetramale/Biomed_projects/STMWorkSpace/ProgettoUART/MXTmpFiles/gpio.tmp
2026-05-06 15:12:39,560 [INFO] CodeEngine:265 - oldGeneratedFile, /Users/cristianpetramale/Biomed_projects/STMWorkSpace/ProgettoUART/Core/Src/stm32l4xx_it.c_save
2026-05-06 15:12:39,747 [INFO] CodeEngine:289 - Generated code: /Users/cristianpetramale/Biomed_projects/STMWorkSpace/ProgettoUART/Core/Src/stm32l4xx_it.c
2026-05-06 15:12:39,750 [INFO] CodeEngine:265 - oldGeneratedFile, /Users/cristianpetramale/Biomed_projects/STMWorkSpace/ProgettoUART/Core/Inc/stm32l4xx_it.h_save
2026-05-06 15:12:39,807 [INFO] CodeEngine:289 - Generated code: /Users/cristianpetramale/Biomed_projects/STMWorkSpace/ProgettoUART/Core/Inc/stm32l4xx_it.h
2026-05-06 15:12:39,822 [INFO] CodeEngine:265 - oldGeneratedFile, /Users/cristianpetramale/Biomed_projects/STMWorkSpace/ProgettoUART/Core/Src/stm32l4xx_hal_msp.c_save
2026-05-06 15:12:40,071 [INFO] CodeEngine:289 - Generated code: /Users/cristianpetramale/Biomed_projects/STMWorkSpace/ProgettoUART/Core/Src/stm32l4xx_hal_msp.c
2026-05-06 15:12:40,074 [INFO] CodeEngine:265 - oldGeneratedFile, /Users/cristianpetramale/Biomed_projects/STMWorkSpace/ProgettoUART/MXTmpFiles/system.tmp_save
2026-05-06 15:12:40,147 [INFO] CodeEngine:289 - Generated code: /Users/cristianpetramale/Biomed_projects/STMWorkSpace/ProgettoUART/MXTmpFiles/system.tmp
2026-05-06 15:12:40,160 [INFO] CodeEngine:321 - oldGeneratedFile, /Users/cristianpetramale/Biomed_projects/STMWorkSpace/ProgettoUART/Core/Inc/stm32l4xx_hal_conf.h_save
2026-05-06 15:12:40,245 [INFO] CodeEngine:345 - Generated code: /Users/cristianpetramale/Biomed_projects/STMWorkSpace/ProgettoUART/Core/Inc/stm32l4xx_hal_conf.h
2026-05-06 15:12:40,377 [INFO] ApiDbMcu:532 - Load IP Config File for I2C1
2026-05-06 15:12:40,405 [INFO] ApiDbMcu:532 - Load IP Config File for TIM6
2026-05-06 15:12:40,414 [INFO] ApiDbMcu:532 - Load IP Config File for USART1
2026-05-06 15:12:40,424 [INFO] ApiDbMcu:532 - Load IP Config File for USART2
2026-05-06 15:12:40,427 [INFO] ApiDbMcu:532 - Load IP Config File for RCC
2026-05-06 15:12:40,432 [WARN] IPConfigManager:3811 - IP not found : TIM
2026-05-06 15:12:40,433 [WARN] CodeGenerator:4259 - IP not found : null
2026-05-06 15:12:40,440 [INFO] CodeEngine:265 - oldGeneratedFile, /Users/cristianpetramale/Biomed_projects/STMWorkSpace/ProgettoUART/Core/Inc/main.h_save
2026-05-06 15:12:40,579 [INFO] CodeEngine:289 - Generated code: /Users/cristianpetramale/Biomed_projects/STMWorkSpace/ProgettoUART/Core/Inc/main.h
2026-05-06 15:12:40,582 [INFO] CodeEngine:265 - oldGeneratedFile, /Users/cristianpetramale/Biomed_projects/STMWorkSpace/ProgettoUART/Core/Src/main.c_save
2026-05-06 15:12:40,809 [INFO] CodeEngine:289 - Generated code: /Users/cristianpetramale/Biomed_projects/STMWorkSpace/ProgettoUART/Core/Src/main.c
2026-05-06 15:12:41,090 [INFO] ProjectBuilder:3606 - Time for Copy HAL[1] : 95mS.
2026-05-06 15:12:41,098 [INFO] ProjectBuilder:5216 - Project Generator version: 4.7.0-B52
2026-05-06 15:12:41,230 [INFO] ConfigFileManager:1595 - The Die is : DIE435
2026-05-06 15:12:41,236 [INFO] ApiDbMcu:532 - Load IP Config File for FATFS
2026-05-06 15:12:41,240 [INFO] ApiDbMcu:532 - Load IP Config File for FREERTOS
2026-05-06 15:12:41,246 [INFO] ApiDbMcu:532 - Load IP Config File for TOUCHSENSING
2026-05-06 15:12:41,258 [INFO] ApiDbMcu:532 - Load IP Config File for USB_DEVICE
2026-05-06 15:12:41,745 [INFO] LogOutputStream:77 - [STDOUT_REDIRECT] 
2026-05-06 15:12:45,007 [INFO] ProjectBuilder:5496 - Time for Generating toolchain IDE Files: 3880mS.
2026-05-06 15:12:45,028 [INFO] ProjectBuilder:3463 - Time for Copy CMSIS : 5mS.
2026-05-06 15:12:45,031 [INFO] ProjectBuilder:3463 - Time for Copy CMSIS : 0mS.
2026-05-06 15:15:40,874 [INFO] NvicIntPanel:101 - NVIC parent = com.st.microxplorer.plugins.ip.nvic.MultiNvicIntPanel[,0,0,0x0,invalid,layout=javax.swing.BoxLayout,alignmentX=0.0,alignmentY=0.0,border=,flags=9,maximumSize=,minimumSize=,preferredSize=]
2026-05-06 15:15:47,519 [INFO] NvicIntPanel:101 - NVIC parent = com.st.microxplorer.plugins.ip.nvic.MultiNvicIntPanel[,0,0,0x0,invalid,layout=javax.swing.BoxLayout,alignmentX=0.0,alignmentY=0.0,border=,flags=9,maximumSize=,minimumSize=,preferredSize=]
2026-05-06 15:15:50,537 [INFO] UtilMem:75 - End SaveConfig() Used Memory: 912171416 Bytes (1073741824)
2026-05-06 15:15:52,499 [INFO] UtilMem:75 - End SaveConfig() Used Memory: 948893744 Bytes (1073741824)
2026-05-06 15:15:53,816 [INFO] BlockDiagram:2775 - set Specific Code input for plugin: NVIC
2026-05-06 15:15:53,831 [INFO] BlockDiagram:2775 - set Specific Code input for plugin: USART
2026-05-06 15:15:53,832 [INFO] BlockDiagram:2775 - set Specific Code input for plugin: USART
2026-05-06 15:15:53,832 [INFO] BlockDiagram:2775 - set Specific Code input for plugin: TIM6_7L4
2026-05-06 15:15:53,832 [INFO] BlockDiagram:2775 - set Specific Code input for plugin: SYS
2026-05-06 15:15:53,834 [INFO] BlockDiagram:2775 - set Specific Code input for plugin: GPIO
2026-05-06 15:15:53,834 [INFO] BlockDiagram:2775 - set Specific Code input for plugin: RCC
2026-05-06 15:15:53,834 [INFO] BlockDiagram:2775 - set Specific Code input for plugin: I2C
2026-05-06 15:15:53,837 [INFO] CodeGenerator:892 - code generatio: config db path: /Applications/STM32CubeIDE.app/Contents/Eclipse/plugins/com.st.stm32cube.common.mx_6.15.0.202507011659//db/
2026-05-06 15:15:54,109 [INFO] CodeEngine:265 - oldGeneratedFile, /Users/cristianpetramale/Biomed_projects/STMWorkSpace/ProgettoUART/MXTmpFiles/license.tmp_save
2026-05-06 15:15:54,312 [INFO] CodeEngine:289 - Generated code: /Users/cristianpetramale/Biomed_projects/STMWorkSpace/ProgettoUART/MXTmpFiles/license.tmp
2026-05-06 15:15:54,384 [INFO] CodeEngine:265 - oldGeneratedFile, /Users/cristianpetramale/Biomed_projects/STMWorkSpace/ProgettoUART/MXTmpFiles/gpio.tmp_save
2026-05-06 15:15:54,488 [INFO] CodeEngine:289 - Generated code: /Users/cristianpetramale/Biomed_projects/STMWorkSpace/ProgettoUART/MXTmpFiles/gpio.tmp
2026-05-06 15:15:54,706 [INFO] CodeEngine:265 - oldGeneratedFile, /Users/cristianpetramale/Biomed_projects/STMWorkSpace/ProgettoUART/Core/Src/stm32l4xx_it.c_save
2026-05-06 15:15:54,802 [INFO] CodeEngine:289 - Generated code: /Users/cristianpetramale/Biomed_projects/STMWorkSpace/ProgettoUART/Core/Src/stm32l4xx_it.c
2026-05-06 15:15:54,804 [INFO] CodeEngine:265 - oldGeneratedFile, /Users/cristianpetramale/Biomed_projects/STMWorkSpace/ProgettoUART/Core/Inc/stm32l4xx_it.h_save
2026-05-06 15:15:54,859 [INFO] CodeEngine:289 - Generated code: /Users/cristianpetramale/Biomed_projects/STMWorkSpace/ProgettoUART/Core/Inc/stm32l4xx_it.h
2026-05-06 15:15:54,872 [INFO] CodeEngine:265 - oldGeneratedFile, /Users/cristianpetramale/Biomed_projects/STMWorkSpace/ProgettoUART/Core/Src/stm32l4xx_hal_msp.c_save
2026-05-06 15:15:54,995 [INFO] CodeEngine:289 - Generated code: /Users/cristianpetramale/Biomed_projects/STMWorkSpace/ProgettoUART/Core/Src/stm32l4xx_hal_msp.c
2026-05-06 15:15:54,997 [INFO] CodeEngine:265 - oldGeneratedFile, /Users/cristianpetramale/Biomed_projects/STMWorkSpace/ProgettoUART/MXTmpFiles/system.tmp_save
2026-05-06 15:15:55,046 [INFO] CodeEngine:289 - Generated code: /Users/cristianpetramale/Biomed_projects/STMWorkSpace/ProgettoUART/MXTmpFiles/system.tmp
2026-05-06 15:15:55,055 [INFO] CodeEngine:321 - oldGeneratedFile, /Users/cristianpetramale/Biomed_projects/STMWorkSpace/ProgettoUART/Core/Inc/stm32l4xx_hal_conf.h_save
2026-05-06 15:15:55,118 [INFO] CodeEngine:345 - Generated code: /Users/cristianpetramale/Biomed_projects/STMWorkSpace/ProgettoUART/Core/Inc/stm32l4xx_hal_conf.h
2026-05-06 15:15:55,162 [WARN] IPConfigManager:3811 - IP not found : TIM
2026-05-06 15:15:55,163 [WARN] CodeGenerator:4259 - IP not found : null
2026-05-06 15:15:55,169 [INFO] CodeEngine:265 - oldGeneratedFile, /Users/cristianpetramale/Biomed_projects/STMWorkSpace/ProgettoUART/Core/Inc/main.h_save
2026-05-06 15:15:55,232 [INFO] CodeEngine:289 - Generated code: /Users/cristianpetramale/Biomed_projects/STMWorkSpace/ProgettoUART/Core/Inc/main.h
2026-05-06 15:15:55,235 [INFO] CodeEngine:265 - oldGeneratedFile, /Users/cristianpetramale/Biomed_projects/STMWorkSpace/ProgettoUART/Core/Src/main.c_save
2026-05-06 15:15:55,348 [INFO] CodeEngine:289 - Generated code: /Users/cristianpetramale/Biomed_projects/STMWorkSpace/ProgettoUART/Core/Src/main.c
2026-05-06 15:15:55,632 [INFO] ProjectBuilder:3606 - Time for Copy HAL[1] : 101mS.
2026-05-06 15:15:55,637 [INFO] ProjectBuilder:5216 - Project Generator version: 4.7.0-B52
2026-05-06 15:15:55,710 [INFO] ConfigFileManager:1595 - The Die is : DIE435
2026-05-06 15:15:58,888 [INFO] ProjectBuilder:5496 - Time for Generating toolchain IDE Files: 3236mS.
2026-05-06 15:15:58,898 [INFO] ProjectBuilder:3463 - Time for Copy CMSIS : 1mS.
2026-05-06 15:15:58,902 [INFO] ProjectBuilder:3463 - Time for Copy CMSIS : 1mS.
2026-05-06 15:19:26,530 [INFO] NvicIntPanel:101 - NVIC parent = com.st.microxplorer.plugins.ip.nvic.MultiNvicIntPanel[,0,0,0x0,invalid,layout=javax.swing.BoxLayout,alignmentX=0.0,alignmentY=0.0,border=,flags=9,maximumSize=,minimumSize=,preferredSize=]
2026-05-06 15:19:32,723 [INFO] UtilMem:75 - End SaveConfig() Used Memory: 949610816 Bytes (1073741824)
2026-05-06 15:19:34,797 [INFO] UtilMem:75 - End SaveConfig() Used Memory: 754832704 Bytes (1073741824)
2026-05-06 15:19:34,980 [INFO] BlockDiagram:2775 - set Specific Code input for plugin: NVIC
2026-05-06 15:19:34,980 [INFO] BlockDiagram:2775 - set Specific Code input for plugin: USART
2026-05-06 15:19:34,980 [INFO] BlockDiagram:2775 - set Specific Code input for plugin: USART
2026-05-06 15:19:34,980 [INFO] BlockDiagram:2775 - set Specific Code input for plugin: TIM6_7L4
2026-05-06 15:19:34,980 [INFO] BlockDiagram:2775 - set Specific Code input for plugin: SYS
2026-05-06 15:19:34,980 [INFO] BlockDiagram:2775 - set Specific Code input for plugin: GPIO
2026-05-06 15:19:34,980 [INFO] BlockDiagram:2775 - set Specific Code input for plugin: RCC
2026-05-06 15:19:34,980 [INFO] BlockDiagram:2775 - set Specific Code input for plugin: I2C
2026-05-06 15:19:34,981 [INFO] CodeGenerator:892 - code generatio: config db path: /Applications/STM32CubeIDE.app/Contents/Eclipse/plugins/com.st.stm32cube.common.mx_6.15.0.202507011659//db/
2026-05-06 15:19:35,054 [INFO] CodeEngine:265 - oldGeneratedFile, /Users/cristianpetramale/Biomed_projects/STMWorkSpace/ProgettoUART/MXTmpFiles/license.tmp_save
2026-05-06 15:19:35,161 [INFO] CodeEngine:289 - Generated code: /Users/cristianpetramale/Biomed_projects/STMWorkSpace/ProgettoUART/MXTmpFiles/license.tmp
2026-05-06 15:19:35,218 [INFO] CodeEngine:265 - oldGeneratedFile, /Users/cristianpetramale/Biomed_projects/STMWorkSpace/ProgettoUART/MXTmpFiles/gpio.tmp_save
2026-05-06 15:19:35,300 [INFO] CodeEngine:289 - Generated code: /Users/cristianpetramale/Biomed_projects/STMWorkSpace/ProgettoUART/MXTmpFiles/gpio.tmp
2026-05-06 15:19:35,463 [INFO] CodeEngine:265 - oldGeneratedFile, /Users/cristianpetramale/Biomed_projects/STMWorkSpace/ProgettoUART/Core/Src/stm32l4xx_it.c_save
2026-05-06 15:19:35,523 [INFO] CodeEngine:289 - Generated code: /Users/cristianpetramale/Biomed_projects/STMWorkSpace/ProgettoUART/Core/Src/stm32l4xx_it.c
2026-05-06 15:19:35,525 [INFO] CodeEngine:265 - oldGeneratedFile, /Users/cristianpetramale/Biomed_projects/STMWorkSpace/ProgettoUART/Core/Inc/stm32l4xx_it.h_save
2026-05-06 15:19:35,566 [INFO] CodeEngine:289 - Generated code: /Users/cristianpetramale/Biomed_projects/STMWorkSpace/ProgettoUART/Core/Inc/stm32l4xx_it.h
2026-05-06 15:19:35,579 [INFO] CodeEngine:265 - oldGeneratedFile, /Users/cristianpetramale/Biomed_projects/STMWorkSpace/ProgettoUART/Core/Src/stm32l4xx_hal_msp.c_save
2026-05-06 15:19:35,668 [INFO] CodeEngine:289 - Generated code: /Users/cristianpetramale/Biomed_projects/STMWorkSpace/ProgettoUART/Core/Src/stm32l4xx_hal_msp.c
2026-05-06 15:19:35,671 [INFO] CodeEngine:265 - oldGeneratedFile, /Users/cristianpetramale/Biomed_projects/STMWorkSpace/ProgettoUART/MXTmpFiles/system.tmp_save
2026-05-06 15:19:35,714 [INFO] CodeEngine:289 - Generated code: /Users/cristianpetramale/Biomed_projects/STMWorkSpace/ProgettoUART/MXTmpFiles/system.tmp
2026-05-06 15:19:35,719 [INFO] CodeEngine:321 - oldGeneratedFile, /Users/cristianpetramale/Biomed_projects/STMWorkSpace/ProgettoUART/Core/Inc/stm32l4xx_hal_conf.h_save
2026-05-06 15:19:35,765 [INFO] CodeEngine:345 - Generated code: /Users/cristianpetramale/Biomed_projects/STMWorkSpace/ProgettoUART/Core/Inc/stm32l4xx_hal_conf.h
2026-05-06 15:19:35,795 [WARN] IPConfigManager:3811 - IP not found : TIM
2026-05-06 15:19:35,796 [WARN] CodeGenerator:4259 - IP not found : null
2026-05-06 15:19:35,800 [INFO] CodeEngine:265 - oldGeneratedFile, /Users/cristianpetramale/Biomed_projects/STMWorkSpace/ProgettoUART/Core/Inc/main.h_save
2026-05-06 15:19:35,849 [INFO] CodeEngine:289 - Generated code: /Users/cristianpetramale/Biomed_projects/STMWorkSpace/ProgettoUART/Core/Inc/main.h
2026-05-06 15:19:35,852 [INFO] CodeEngine:265 - oldGeneratedFile, /Users/cristianpetramale/Biomed_projects/STMWorkSpace/ProgettoUART/Core/Src/main.c_save
2026-05-06 15:19:35,955 [INFO] CodeEngine:289 - Generated code: /Users/cristianpetramale/Biomed_projects/STMWorkSpace/ProgettoUART/Core/Src/main.c
2026-05-06 15:19:36,725 [INFO] ProjectBuilder:3606 - Time for Copy HAL[1] : 88mS.
2026-05-06 15:19:36,745 [INFO] ProjectBuilder:5216 - Project Generator version: 4.7.0-B52
2026-05-06 15:19:36,868 [INFO] ConfigFileManager:1595 - The Die is : DIE435
2026-05-06 15:19:38,553 [INFO] ProjectBuilder:5496 - Time for Generating toolchain IDE Files: 1810mS.
2026-05-06 15:19:38,554 [INFO] ProjectBuilder:3463 - Time for Copy CMSIS : 0mS.
2026-05-06 15:19:38,556 [INFO] ProjectBuilder:3463 - Time for Copy CMSIS : 0mS.
2026-05-06 15:28:08,934 [INFO] I2cTimingTraitement:330 - 0x00100D14
2026-05-06 15:28:14,031 [INFO] NvicIntPanel:101 - NVIC parent = com.st.microxplorer.plugins.ip.nvic.MultiNvicIntPanel[,0,0,0x0,invalid,layout=javax.swing.BoxLayout,alignmentX=0.0,alignmentY=0.0,border=,flags=9,maximumSize=,minimumSize=,preferredSize=]
2026-05-06 15:28:22,215 [INFO] NvicIntPanel:101 - NVIC parent = com.st.microxplorer.plugins.ip.nvic.MultiNvicIntPanel[,0,0,0x0,invalid,layout=javax.swing.BoxLayout,alignmentX=0.0,alignmentY=0.0,border=,flags=9,maximumSize=,minimumSize=,preferredSize=]
2026-05-06 15:28:24,317 [INFO] UtilMem:75 - End SaveConfig() Used Memory: 1050817216 Bytes (1073741824)
2026-05-06 15:28:27,942 [INFO] UtilMem:75 - End SaveConfig() Used Memory: 946864128 Bytes (1073741824)
2026-05-06 15:28:29,462 [INFO] BlockDiagram:2775 - set Specific Code input for plugin: NVIC
2026-05-06 15:28:29,479 [INFO] BlockDiagram:2775 - set Specific Code input for plugin: USART
2026-05-06 15:28:29,482 [INFO] BlockDiagram:2775 - set Specific Code input for plugin: USART
2026-05-06 15:28:29,482 [INFO] BlockDiagram:2775 - set Specific Code input for plugin: TIM6_7L4
2026-05-06 15:28:29,482 [INFO] BlockDiagram:2775 - set Specific Code input for plugin: SYS
2026-05-06 15:28:29,483 [INFO] BlockDiagram:2775 - set Specific Code input for plugin: GPIO
2026-05-06 15:28:29,483 [INFO] BlockDiagram:2775 - set Specific Code input for plugin: RCC
2026-05-06 15:28:29,484 [INFO] BlockDiagram:2775 - set Specific Code input for plugin: I2C
2026-05-06 15:28:29,487 [INFO] CodeGenerator:892 - code generatio: config db path: /Applications/STM32CubeIDE.app/Contents/Eclipse/plugins/com.st.stm32cube.common.mx_6.15.0.202507011659//db/
2026-05-06 15:28:29,683 [INFO] CodeEngine:265 - oldGeneratedFile, /Users/cristianpetramale/Biomed_projects/STMWorkSpace/ProgettoUART/MXTmpFiles/license.tmp_save
2026-05-06 15:28:29,882 [INFO] CodeEngine:289 - Generated code: /Users/cristianpetramale/Biomed_projects/STMWorkSpace/ProgettoUART/MXTmpFiles/license.tmp
2026-05-06 15:28:29,944 [INFO] CodeEngine:265 - oldGeneratedFile, /Users/cristianpetramale/Biomed_projects/STMWorkSpace/ProgettoUART/MXTmpFiles/gpio.tmp_save
2026-05-06 15:28:30,078 [INFO] CodeEngine:289 - Generated code: /Users/cristianpetramale/Biomed_projects/STMWorkSpace/ProgettoUART/MXTmpFiles/gpio.tmp
2026-05-06 15:28:30,703 [INFO] CodeEngine:265 - oldGeneratedFile, /Users/cristianpetramale/Biomed_projects/STMWorkSpace/ProgettoUART/Core/Src/stm32l4xx_it.c_save
2026-05-06 15:28:30,986 [INFO] CodeEngine:289 - Generated code: /Users/cristianpetramale/Biomed_projects/STMWorkSpace/ProgettoUART/Core/Src/stm32l4xx_it.c
2026-05-06 15:28:30,989 [INFO] CodeEngine:265 - oldGeneratedFile, /Users/cristianpetramale/Biomed_projects/STMWorkSpace/ProgettoUART/Core/Inc/stm32l4xx_it.h_save
2026-05-06 15:28:31,069 [INFO] CodeEngine:289 - Generated code: /Users/cristianpetramale/Biomed_projects/STMWorkSpace/ProgettoUART/Core/Inc/stm32l4xx_it.h
2026-05-06 15:28:31,082 [INFO] CodeEngine:265 - oldGeneratedFile, /Users/cristianpetramale/Biomed_projects/STMWorkSpace/ProgettoUART/Core/Src/stm32l4xx_hal_msp.c_save
2026-05-06 15:28:31,398 [INFO] CodeEngine:289 - Generated code: /Users/cristianpetramale/Biomed_projects/STMWorkSpace/ProgettoUART/Core/Src/stm32l4xx_hal_msp.c
2026-05-06 15:28:31,419 [INFO] CodeEngine:265 - oldGeneratedFile, /Users/cristianpetramale/Biomed_projects/STMWorkSpace/ProgettoUART/MXTmpFiles/system.tmp_save
2026-05-06 15:28:31,474 [INFO] CodeEngine:289 - Generated code: /Users/cristianpetramale/Biomed_projects/STMWorkSpace/ProgettoUART/MXTmpFiles/system.tmp
2026-05-06 15:28:31,485 [INFO] CodeEngine:321 - oldGeneratedFile, /Users/cristianpetramale/Biomed_projects/STMWorkSpace/ProgettoUART/Core/Inc/stm32l4xx_hal_conf.h_save
2026-05-06 15:28:31,553 [INFO] CodeEngine:345 - Generated code: /Users/cristianpetramale/Biomed_projects/STMWorkSpace/ProgettoUART/Core/Inc/stm32l4xx_hal_conf.h
2026-05-06 15:28:31,586 [WARN] IPConfigManager:3811 - IP not found : TIM
2026-05-06 15:28:31,587 [WARN] CodeGenerator:4259 - IP not found : null
2026-05-06 15:28:31,593 [INFO] CodeEngine:265 - oldGeneratedFile, /Users/cristianpetramale/Biomed_projects/STMWorkSpace/ProgettoUART/Core/Inc/main.h_save
2026-05-06 15:28:31,699 [INFO] CodeEngine:289 - Generated code: /Users/cristianpetramale/Biomed_projects/STMWorkSpace/ProgettoUART/Core/Inc/main.h
2026-05-06 15:28:31,701 [INFO] CodeEngine:265 - oldGeneratedFile, /Users/cristianpetramale/Biomed_projects/STMWorkSpace/ProgettoUART/Core/Src/main.c_save
2026-05-06 15:28:31,826 [INFO] CodeEngine:289 - Generated code: /Users/cristianpetramale/Biomed_projects/STMWorkSpace/ProgettoUART/Core/Src/main.c
2026-05-06 15:28:32,721 [INFO] ProjectBuilder:3606 - Time for Copy HAL[1] : 93mS.
2026-05-06 15:28:32,744 [INFO] ProjectBuilder:5216 - Project Generator version: 4.7.0-B52
2026-05-06 15:28:32,896 [INFO] ConfigFileManager:1595 - The Die is : DIE435
2026-05-06 15:28:35,232 [INFO] ProjectBuilder:5496 - Time for Generating toolchain IDE Files: 2489mS.
2026-05-06 15:28:35,235 [INFO] ProjectBuilder:3463 - Time for Copy CMSIS : 0mS.
2026-05-06 15:28:35,236 [INFO] ProjectBuilder:3463 - Time for Copy CMSIS : 0mS.
2026-05-06 15:35:36,326 [INFO] NvicIntPanel:101 - NVIC parent = com.st.microxplorer.plugins.ip.nvic.MultiNvicIntPanel[,0,0,0x0,invalid,layout=javax.swing.BoxLayout,alignmentX=0.0,alignmentY=0.0,border=,flags=9,maximumSize=,minimumSize=,preferredSize=]
2026-05-06 15:35:41,977 [INFO] NvicIntPanel:101 - NVIC parent = com.st.microxplorer.plugins.ip.nvic.MultiNvicIntPanel[,0,0,0x0,invalid,layout=javax.swing.BoxLayout,alignmentX=0.0,alignmentY=0.0,border=,flags=9,maximumSize=,minimumSize=,preferredSize=]
2026-05-06 15:35:44,971 [INFO] UtilMem:75 - End SaveConfig() Used Memory: 942753200 Bytes (1073741824)
2026-05-06 15:35:47,020 [INFO] UtilMem:75 - End SaveConfig() Used Memory: 978404784 Bytes (1073741824)
2026-05-06 15:35:48,471 [INFO] BlockDiagram:2775 - set Specific Code input for plugin: NVIC
2026-05-06 15:35:48,485 [INFO] BlockDiagram:2775 - set Specific Code input for plugin: USART
2026-05-06 15:35:48,487 [INFO] BlockDiagram:2775 - set Specific Code input for plugin: USART
2026-05-06 15:35:48,487 [INFO] BlockDiagram:2775 - set Specific Code input for plugin: TIM6_7L4
2026-05-06 15:35:48,487 [INFO] BlockDiagram:2775 - set Specific Code input for plugin: SYS
2026-05-06 15:35:48,487 [INFO] BlockDiagram:2775 - set Specific Code input for plugin: GPIO
2026-05-06 15:35:48,487 [INFO] BlockDiagram:2775 - set Specific Code input for plugin: RCC
2026-05-06 15:35:48,487 [INFO] BlockDiagram:2775 - set Specific Code input for plugin: I2C
2026-05-06 15:35:48,490 [INFO] CodeGenerator:892 - code generatio: config db path: /Applications/STM32CubeIDE.app/Contents/Eclipse/plugins/com.st.stm32cube.common.mx_6.15.0.202507011659//db/
2026-05-06 15:35:48,731 [INFO] CodeEngine:265 - oldGeneratedFile, /Users/cristianpetramale/Biomed_projects/STMWorkSpace/ProgettoUART/MXTmpFiles/license.tmp_save
2026-05-06 15:35:48,906 [INFO] CodeEngine:289 - Generated code: /Users/cristianpetramale/Biomed_projects/STMWorkSpace/ProgettoUART/MXTmpFiles/license.tmp
2026-05-06 15:35:48,977 [INFO] CodeEngine:265 - oldGeneratedFile, /Users/cristianpetramale/Biomed_projects/STMWorkSpace/ProgettoUART/MXTmpFiles/gpio.tmp_save
2026-05-06 15:35:49,076 [INFO] CodeEngine:289 - Generated code: /Users/cristianpetramale/Biomed_projects/STMWorkSpace/ProgettoUART/MXTmpFiles/gpio.tmp
2026-05-06 15:35:49,232 [INFO] CodeEngine:265 - oldGeneratedFile, /Users/cristianpetramale/Biomed_projects/STMWorkSpace/ProgettoUART/Core/Src/stm32l4xx_it.c_save
2026-05-06 15:35:49,312 [INFO] CodeEngine:289 - Generated code: /Users/cristianpetramale/Biomed_projects/STMWorkSpace/ProgettoUART/Core/Src/stm32l4xx_it.c
2026-05-06 15:35:49,314 [INFO] CodeEngine:265 - oldGeneratedFile, /Users/cristianpetramale/Biomed_projects/STMWorkSpace/ProgettoUART/Core/Inc/stm32l4xx_it.h_save
2026-05-06 15:35:49,356 [INFO] CodeEngine:289 - Generated code: /Users/cristianpetramale/Biomed_projects/STMWorkSpace/ProgettoUART/Core/Inc/stm32l4xx_it.h
2026-05-06 15:35:49,363 [INFO] CodeEngine:265 - oldGeneratedFile, /Users/cristianpetramale/Biomed_projects/STMWorkSpace/ProgettoUART/Core/Src/stm32l4xx_hal_msp.c_save
2026-05-06 15:35:49,449 [INFO] CodeEngine:289 - Generated code: /Users/cristianpetramale/Biomed_projects/STMWorkSpace/ProgettoUART/Core/Src/stm32l4xx_hal_msp.c
2026-05-06 15:35:49,450 [INFO] CodeEngine:265 - oldGeneratedFile, /Users/cristianpetramale/Biomed_projects/STMWorkSpace/ProgettoUART/MXTmpFiles/system.tmp_save
2026-05-06 15:35:49,492 [INFO] CodeEngine:289 - Generated code: /Users/cristianpetramale/Biomed_projects/STMWorkSpace/ProgettoUART/MXTmpFiles/system.tmp
2026-05-06 15:35:49,499 [INFO] CodeEngine:321 - oldGeneratedFile, /Users/cristianpetramale/Biomed_projects/STMWorkSpace/ProgettoUART/Core/Inc/stm32l4xx_hal_conf.h_save
2026-05-06 15:35:49,545 [INFO] CodeEngine:345 - Generated code: /Users/cristianpetramale/Biomed_projects/STMWorkSpace/ProgettoUART/Core/Inc/stm32l4xx_hal_conf.h
2026-05-06 15:35:49,573 [WARN] IPConfigManager:3811 - IP not found : TIM
2026-05-06 15:35:49,574 [WARN] CodeGenerator:4259 - IP not found : null
2026-05-06 15:35:49,580 [INFO] CodeEngine:265 - oldGeneratedFile, /Users/cristianpetramale/Biomed_projects/STMWorkSpace/ProgettoUART/Core/Inc/main.h_save
2026-05-06 15:35:49,628 [INFO] CodeEngine:289 - Generated code: /Users/cristianpetramale/Biomed_projects/STMWorkSpace/ProgettoUART/Core/Inc/main.h
2026-05-06 15:35:49,630 [INFO] CodeEngine:265 - oldGeneratedFile, /Users/cristianpetramale/Biomed_projects/STMWorkSpace/ProgettoUART/Core/Src/main.c_save
2026-05-06 15:35:49,740 [INFO] CodeEngine:289 - Generated code: /Users/cristianpetramale/Biomed_projects/STMWorkSpace/ProgettoUART/Core/Src/main.c
2026-05-06 15:35:49,957 [INFO] ProjectBuilder:3606 - Time for Copy HAL[1] : 90mS.
2026-05-06 15:35:49,960 [INFO] ProjectBuilder:5216 - Project Generator version: 4.7.0-B52
2026-05-06 15:35:50,021 [INFO] ConfigFileManager:1595 - The Die is : DIE435
2026-05-06 15:35:53,026 [INFO] ProjectBuilder:5496 - Time for Generating toolchain IDE Files: 3044mS.
2026-05-06 15:35:53,040 [INFO] ProjectBuilder:3463 - Time for Copy CMSIS : 1mS.
2026-05-06 15:35:53,047 [INFO] ProjectBuilder:3463 - Time for Copy CMSIS : 0mS.
2026-05-06 16:08:39,992 [INFO] WebApp:194 - Connection lost
2026-05-06 16:12:12,442 [INFO] WebApp:191 - Connection restablished
2026-05-06 18:30:42,253 [INFO] WebApp:194 - Connection lost
2026-05-06 18:56:28,252 [INFO] WebApp:191 - Connection restablished
2026-05-06 19:48:27,517 [INFO] WebApp:194 - Connection lost
2026-05-06 19:48:32,567 [INFO] WebApp:191 - Connection restablished
2026-05-06 20:56:36,346 [INFO] WebApp:194 - Connection lost
2026-05-06 20:56:41,314 [INFO] WebApp:191 - Connection restablished
2026-05-06 21:10:30,368 [INFO] WebApp:194 - Connection lost
2026-05-06 21:10:34,923 [INFO] WebApp:191 - Connection restablished
2026-05-06 21:31:39,746 [INFO] WebApp:194 - Connection lost
2026-05-06 21:31:44,264 [INFO] WebApp:191 - Connection restablished
2026-05-06 21:53:20,396 [INFO] WebApp:194 - Connection lost
2026-05-06 21:53:25,494 [INFO] WebApp:191 - Connection restablished
2026-05-06 23:43:59,417 [INFO] WebApp:194 - Connection lost
2026-05-06 23:44:03,560 [INFO] WebApp:191 - Connection restablished
