2026-04-08 16:02:19,244 [INFO] Activator:176 - 


2026-04-08 16:02:19,249 [INFO] Activator:177 - !SESSION log4j initialized
2026-04-08 16:02:22,967 [INFO] LogOutputStream:77 - [STDOUT_REDIRECT] 
2026-04-08 16:02:23,997 [ERROR] LogOutputStream:75 - [STDERR_REDIRECT] 
2026-04-08 16:02:26,199 [INFO] LogOutputStream:77 - [STDOUT_REDIRECT] 
2026-04-08 16:02:27,313 [INFO] ApplicationProperties:184 - Using Application install path: /Applications/STM32CubeIDE.app/Contents/Eclipse/plugins/com.st.stm32cube.common.mx_6.15.0.202507011659
2026-04-08 16:02:27,325 [INFO] DbMcusXml:78 - Set database path to: /Applications/STM32CubeIDE.app/Contents/Eclipse/plugins/com.st.stm32cube.common.mx_6.15.0.202507011659//db//mcu/
2026-04-08 16:02:27,326 [INFO] ApiDb:274 - Set plugin database path to: /Applications/STM32CubeIDE.app/Contents/Eclipse/plugins/com.st.stm32cube.common.mx_6.15.0.202507011659//db//plugins/boardmanager/
2026-04-08 16:02:27,326 [WARN] ApiDb:259 - Overriding images path with different value:  => /Applications/STM32CubeIDE.app/Contents/Eclipse/plugins/com.st.stm32cube.common.mx_6.15.0.202507011659//db//plugins/mcufinder/images/
2026-04-08 16:02:27,334 [INFO] ApiDb:250 - Set database path to: /Users/cristianpetramale/.stmcufinder/plugins/mcufinder//mcu/
2026-04-08 16:02:27,335 [INFO] DbMcusAds:125 - Set database path to: /Users/cristianpetramale/.stmcufinder/plugins/mcufinder//mcu/
2026-04-08 16:02:27,336 [INFO] CrossReferenceDbSqlite:203 - Set database path to: /Users/cristianpetramale/.stmcufinder/plugins/mcufinder//mcu/cs/
2026-04-08 16:02:27,440 [INFO] RulesReader:64 - Compatibility file has been processed (317 Rules)
2026-04-08 16:02:27,492 [INFO] DbMcusXml:78 - Set database path to: /Applications/STM32CubeIDE.app/Contents/Eclipse/plugins/com.st.stm32cube.common.mx_6.15.0.202507011659//db//mcu/
2026-04-08 16:02:27,493 [INFO] ApiDb:274 - Set plugin database path to: /Applications/STM32CubeIDE.app/Contents/Eclipse/plugins/com.st.stm32cube.common.mx_6.15.0.202507011659//db//plugins/boardmanager/
2026-04-08 16:02:27,493 [INFO] ApiDb:261 - Set plugin images path to: /Applications/STM32CubeIDE.app/Contents/Eclipse/plugins/com.st.stm32cube.common.mx_6.15.0.202507011659//db//plugins/mcufinder/images/
2026-04-08 16:02:27,494 [WARN] DbFile:41 - Overriding database path with different value: /Users/cristianpetramale/.stmcufinder/plugins/mcufinder/ => /Users/cristianpetramale/.stmcufinder/plugins/mcufinder
2026-04-08 16:02:27,494 [INFO] ApiDb:250 - Set database path to: /Users/cristianpetramale/.stmcufinder/plugins/mcufinder//mcu/
2026-04-08 16:02:27,494 [WARN] DbFile:41 - Overriding database path with different value: /Users/cristianpetramale/.stmcufinder/plugins/mcufinder/ => /Users/cristianpetramale/.stmcufinder/plugins/mcufinder
2026-04-08 16:02:27,494 [INFO] DbMcusAds:125 - Set database path to: /Users/cristianpetramale/.stmcufinder/plugins/mcufinder//mcu/
2026-04-08 16:02:27,494 [WARN] DbFile:41 - Overriding database path with different value: /Users/cristianpetramale/.stmcufinder/plugins/mcufinder/ => /Users/cristianpetramale/.stmcufinder/plugins/mcufinder
2026-04-08 16:02:27,494 [WARN] DbFile:41 - Overriding database path with different value: /Users/cristianpetramale/.stmcufinder/plugins/mcufinder/ => /Users/cristianpetramale/.stmcufinder/plugins/mcufinder
2026-04-08 16:02:27,494 [INFO] CrossReferenceDbSqlite:203 - Set database path to: /Users/cristianpetramale/.stmcufinder/plugins/mcufinder//mcu/cs/
2026-04-08 16:02:27,559 [INFO] MainPanel:274 - HeapMemory: 268435456
2026-04-08 16:02:27,964 [INFO] DbMcusXml:78 - Set database path to: /Applications/STM32CubeIDE.app/Contents/Eclipse/plugins/com.st.stm32cube.common.mx_6.15.0.202507011659//db//mcu/
2026-04-08 16:02:27,965 [INFO] ApiDb:274 - Set plugin database path to: /Applications/STM32CubeIDE.app/Contents/Eclipse/plugins/com.st.stm32cube.common.mx_6.15.0.202507011659//db//plugins/boardmanager/
2026-04-08 16:02:27,965 [INFO] ApiDb:261 - Set plugin images path to: /Applications/STM32CubeIDE.app/Contents/Eclipse/plugins/com.st.stm32cube.common.mx_6.15.0.202507011659//db//plugins/mcufinder/images/
2026-04-08 16:02:27,966 [WARN] DbFile:41 - Overriding database path with different value: /Users/cristianpetramale/.stmcufinder/plugins/mcufinder/ => /Users/cristianpetramale/.stmcufinder/plugins/mcufinder
2026-04-08 16:02:27,966 [INFO] ApiDb:250 - Set database path to: /Users/cristianpetramale/.stmcufinder/plugins/mcufinder//mcu/
2026-04-08 16:02:27,966 [WARN] DbFile:41 - Overriding database path with different value: /Users/cristianpetramale/.stmcufinder/plugins/mcufinder/ => /Users/cristianpetramale/.stmcufinder/plugins/mcufinder
2026-04-08 16:02:27,966 [INFO] DbMcusAds:125 - Set database path to: /Users/cristianpetramale/.stmcufinder/plugins/mcufinder//mcu/
2026-04-08 16:02:27,966 [WARN] DbFile:41 - Overriding database path with different value: /Users/cristianpetramale/.stmcufinder/plugins/mcufinder/ => /Users/cristianpetramale/.stmcufinder/plugins/mcufinder
2026-04-08 16:02:27,966 [WARN] DbFile:41 - Overriding database path with different value: /Users/cristianpetramale/.stmcufinder/plugins/mcufinder/ => /Users/cristianpetramale/.stmcufinder/plugins/mcufinder
2026-04-08 16:02:27,966 [INFO] CrossReferenceDbSqlite:203 - Set database path to: /Users/cristianpetramale/.stmcufinder/plugins/mcufinder//mcu/cs/
2026-04-08 16:02:27,981 [INFO] ApplicationProperties:184 - Using Application install path: /Applications/STM32CubeIDE.app/Contents/Eclipse/plugins/com.st.stm32cube.common.mx_6.15.0.202507011659
2026-04-08 16:02:27,982 [INFO] PluginManage:196 - Search for loadable plugins [exclusion list=, ]
2026-04-08 16:02:27,983 [INFO] PluginManage:310 - Check plugin analytics
2026-04-08 16:02:28,169 [INFO] AnalyticsPlugin:253 - Accepted Software Licenses: 
2026-04-08 16:02:28,169 [INFO] AnalyticsPlugin:255 - Accepted CMSIS Pack Licenses: 
2026-04-08 16:02:28,169 [INFO] AnalyticsPlugin:257 - Accepted Firmware Licenses: FW.L4.1.18.0
2026-04-08 16:02:28,173 [INFO] PluginManage:359 - Loaded plugin analytics (category:tool,tabindex:-1)
2026-04-08 16:02:28,176 [INFO] PluginManage:310 - Check plugin cadmodel
2026-04-08 16:02:28,188 [INFO] CADModel:105 - Init CAD model plugin
2026-04-08 16:02:28,188 [INFO] PluginManage:359 - Loaded plugin cadmodel (category:power,tabindex:5)
2026-04-08 16:02:28,189 [INFO] PluginManage:310 - Check plugin clock
2026-04-08 16:02:28,197 [INFO] PluginManage:359 - Loaded plugin clock (category:base,tabindex:2)
2026-04-08 16:02:28,197 [INFO] PluginManage:310 - Check plugin ddr
2026-04-08 16:02:28,199 [INFO] PluginManage:359 - Loaded plugin ddr (category:tool,tabindex:6)
2026-04-08 16:02:28,199 [INFO] PluginManage:310 - Check plugin filemanager
2026-04-08 16:02:28,336 [INFO] PluginManage:359 - Loaded plugin filemanager (category:base,tabindex:10)
2026-04-08 16:02:28,336 [INFO] PluginManage:310 - Check plugin ipmanager
2026-04-08 16:02:28,343 [INFO] PluginManage:359 - Loaded plugin ipmanager (category:base,tabindex:5)
2026-04-08 16:02:28,343 [INFO] PluginManage:310 - Check plugin lpbam
2026-04-08 16:02:28,351 [INFO] PluginManage:359 - Loaded plugin lpbam (category:base,tabindex:0)
2026-04-08 16:02:28,351 [INFO] PluginManage:310 - Check plugin memorymap
2026-04-08 16:02:28,362 [INFO] PluginManage:359 - Loaded plugin memorymap (category:base,tabindex:4)
2026-04-08 16:02:28,362 [INFO] PluginManage:310 - Check plugin pinoutandconfiguration
2026-04-08 16:02:28,370 [INFO] PluginManage:359 - Loaded plugin pinoutandconfiguration (category:base,tabindex:1)
2026-04-08 16:02:28,370 [INFO] PluginManage:310 - Check plugin pinoutconfig
2026-04-08 16:02:28,439 [WARN] SupportedApi:132 - Cannot load RTOS API schema: s4s-elt-must-match.1: The content of 'definitions' must match (annotation?, (simpleType | complexType)?, (unique | key | keyref)*)). A problem was found starting at: attribute.
2026-04-08 16:02:28,557 [INFO] PluginManage:359 - Loaded plugin pinoutconfig (category:base,tabindex:0)
2026-04-08 16:02:28,557 [INFO] PluginManage:310 - Check plugin power
2026-04-08 16:02:28,566 [INFO] PluginManage:359 - Loaded plugin power (category:power,tabindex:4)
2026-04-08 16:02:28,566 [INFO] PluginManage:310 - Check plugin projectmanager
2026-04-08 16:02:28,589 [INFO] PluginManage:359 - Loaded plugin projectmanager (category:projectmanager,tabindex:4)
2026-04-08 16:02:28,589 [INFO] PluginManage:310 - Check plugin rif
2026-04-08 16:02:28,595 [INFO] PluginManage:359 - Loaded plugin rif (category:base,tabindex:3)
2026-04-08 16:02:28,595 [INFO] PluginManage:310 - Check plugin thirdparty
2026-04-08 16:02:28,723 [INFO] PluginManage:359 - Loaded plugin thirdparty (category:base,tabindex:-1)
2026-04-08 16:02:28,723 [INFO] PluginManage:310 - Check plugin tools
2026-04-08 16:02:28,723 [WARN] IntegrityCheckThread:84 - waiting for thirdparty lock release [integrity check]
2026-04-08 16:02:28,727 [INFO] IntegrityCheckThread:86 - entering critical section [integrity check]
2026-04-08 16:02:28,727 [INFO] ThirdPartyUpdaterWithRetryManager:70 - Updater plugin not ready yet. [1/15]
2026-04-08 16:02:28,728 [INFO] PluginManage:359 - Loaded plugin tools (category:base,tabindex:7)
2026-04-08 16:02:28,728 [INFO] PluginManage:310 - Check plugin tutovideos
2026-04-08 16:02:28,888 [INFO] PluginManage:359 - Loaded plugin tutovideos (category:base,tabindex:-1)
2026-04-08 16:02:28,888 [INFO] PluginManage:310 - Check plugin updater
2026-04-08 16:02:28,913 [INFO] PluginManage:359 - Loaded plugin updater (category:base,tabindex:12)
2026-04-08 16:02:28,913 [INFO] PluginManage:310 - Check plugin userauth
2026-04-08 16:02:28,917 [INFO] UserAuth:118 - Init User Auth plugin
2026-04-08 16:02:28,917 [INFO] PluginManage:359 - Loaded plugin userauth (category:base,tabindex:14)
2026-04-08 16:02:28,918 [INFO] PluginManage:283 - PluginManage : Loaded plugins [18]
2026-04-08 16:02:29,111 [INFO] PinOutPanel:1589 - setPackage(No Configuration,No Configuration)
2026-04-08 16:02:29,195 [INFO] CADModel:165 - CPN selected for project level
2026-04-08 16:02:29,195 [INFO] CADModel:114 - Register for checkConnection events
2026-04-08 16:02:29,204 [INFO] IPUIPlugin:80 - create IPUIPlugin
2026-04-08 16:02:29,204 [INFO] PluginManager:220 - loadIPPluginJar : add mdma
2026-04-08 16:02:29,209 [INFO] IPUIPlugin:80 - create IPUIPlugin
2026-04-08 16:02:29,209 [INFO] PluginManager:220 - loadIPPluginJar : add freertos
2026-04-08 16:02:29,212 [INFO] IPUIPlugin:80 - create IPUIPlugin
2026-04-08 16:02:29,212 [INFO] PluginManager:220 - loadIPPluginJar : add gic
2026-04-08 16:02:29,218 [INFO] IPUIPlugin:80 - create IPUIPlugin
2026-04-08 16:02:29,218 [INFO] PluginManager:220 - loadIPPluginJar : add adc
2026-04-08 16:02:29,219 [INFO] IPUIPlugin:80 - create IPUIPlugin
2026-04-08 16:02:29,219 [INFO] PluginManager:220 - loadIPPluginJar : add gtzc
2026-04-08 16:02:29,221 [INFO] IPUIPlugin:80 - create IPUIPlugin
2026-04-08 16:02:29,221 [INFO] PluginManager:220 - loadIPPluginJar : add quadspi
2026-04-08 16:02:29,222 [INFO] IPUIPlugin:80 - create IPUIPlugin
2026-04-08 16:02:29,222 [INFO] PluginManager:220 - loadIPPluginJar : add aes
2026-04-08 16:02:29,224 [INFO] IPUIPlugin:80 - create IPUIPlugin
2026-04-08 16:02:29,224 [INFO] PluginManager:220 - loadIPPluginJar : add pdm2pcm
2026-04-08 16:02:29,225 [INFO] IPUIPlugin:80 - create IPUIPlugin
2026-04-08 16:02:29,225 [INFO] PluginManager:220 - loadIPPluginJar : add hash
2026-04-08 16:02:29,226 [INFO] IPUIPlugin:80 - create IPUIPlugin
2026-04-08 16:02:29,226 [INFO] PluginManager:220 - loadIPPluginJar : add tim
2026-04-08 16:02:29,227 [INFO] IPUIPlugin:80 - create IPUIPlugin
2026-04-08 16:02:29,227 [INFO] PluginManager:220 - loadIPPluginJar : add tsc
2026-04-08 16:02:29,229 [INFO] IPUIPlugin:80 - create IPUIPlugin
2026-04-08 16:02:29,229 [INFO] PluginManager:220 - loadIPPluginJar : add extmemmanager
2026-04-08 16:02:29,230 [INFO] IPUIPlugin:80 - create IPUIPlugin
2026-04-08 16:02:29,230 [INFO] PluginManager:220 - loadIPPluginJar : add ts
2026-04-08 16:02:29,231 [INFO] IPUIPlugin:80 - create IPUIPlugin
2026-04-08 16:02:29,231 [INFO] PluginManager:220 - loadIPPluginJar : add radio
2026-04-08 16:02:29,232 [INFO] IPUIPlugin:80 - create IPUIPlugin
2026-04-08 16:02:29,232 [INFO] PluginManager:220 - loadIPPluginJar : add can
2026-04-08 16:02:29,234 [INFO] IPUIPlugin:80 - create IPUIPlugin
2026-04-08 16:02:29,234 [INFO] PluginManager:220 - loadIPPluginJar : add dma3
2026-04-08 16:02:29,235 [INFO] IPUIPlugin:80 - create IPUIPlugin
2026-04-08 16:02:29,235 [INFO] PluginManager:220 - loadIPPluginJar : add dfsdm
2026-04-08 16:02:29,236 [INFO] IPUIPlugin:80 - create IPUIPlugin
2026-04-08 16:02:29,236 [INFO] PluginManager:220 - loadIPPluginJar : add spi
2026-04-08 16:02:29,237 [INFO] IPUIPlugin:80 - create IPUIPlugin
2026-04-08 16:02:29,237 [INFO] PluginManager:220 - loadIPPluginJar : add gfxmmu
2026-04-08 16:02:29,238 [INFO] IPUIPlugin:80 - create IPUIPlugin
2026-04-08 16:02:29,238 [INFO] PluginManager:220 - loadIPPluginJar : add genericplugin
2026-04-08 16:02:29,239 [INFO] IPUIPlugin:80 - create IPUIPlugin
2026-04-08 16:02:29,239 [INFO] PluginManager:220 - loadIPPluginJar : add cryp
2026-04-08 16:02:29,241 [INFO] IPUIPlugin:80 - create IPUIPlugin
2026-04-08 16:02:29,242 [INFO] PluginManager:220 - loadIPPluginJar : add gpio
2026-04-08 16:02:29,243 [INFO] IPUIPlugin:80 - create IPUIPlugin
2026-04-08 16:02:29,243 [INFO] PluginManager:220 - loadIPPluginJar : add ddr_ctrl_phy
2026-04-08 16:02:29,244 [INFO] IPUIPlugin:80 - create IPUIPlugin
2026-04-08 16:02:29,244 [INFO] PluginManager:220 - loadIPPluginJar : add comp
2026-04-08 16:02:29,246 [INFO] IPUIPlugin:80 - create IPUIPlugin
2026-04-08 16:02:29,247 [INFO] PluginManager:220 - loadIPPluginJar : add tracer_emb
2026-04-08 16:02:29,248 [INFO] IPUIPlugin:80 - create IPUIPlugin
2026-04-08 16:02:29,248 [INFO] PluginManager:220 - loadIPPluginJar : add openamp
2026-04-08 16:02:29,251 [INFO] IPUIPlugin:80 - create IPUIPlugin
2026-04-08 16:02:29,251 [INFO] PluginManager:220 - loadIPPluginJar : add stm32_wpan
2026-04-08 16:02:29,253 [INFO] IPUIPlugin:80 - create IPUIPlugin
2026-04-08 16:02:29,255 [INFO] PluginManager:220 - loadIPPluginJar : add plateformsettings
2026-04-08 16:02:29,258 [INFO] IPUIPlugin:80 - create IPUIPlugin
2026-04-08 16:02:29,258 [INFO] PluginManager:220 - loadIPPluginJar : add ipddr
2026-04-08 16:02:29,259 [INFO] IPUIPlugin:80 - create IPUIPlugin
2026-04-08 16:02:29,259 [INFO] PluginManager:220 - loadIPPluginJar : add usart
2026-04-08 16:02:29,259 [INFO] IPUIPlugin:80 - create IPUIPlugin
2026-04-08 16:02:29,259 [INFO] PluginManager:220 - loadIPPluginJar : add ltdc
2026-04-08 16:02:29,261 [INFO] IPUIPlugin:80 - create IPUIPlugin
2026-04-08 16:02:29,261 [INFO] PluginManager:220 - loadIPPluginJar : add nvic
2026-04-08 16:02:29,261 [INFO] IPUIPlugin:80 - create IPUIPlugin
2026-04-08 16:02:29,261 [INFO] PluginManager:220 - loadIPPluginJar : add fatfs
2026-04-08 16:02:29,265 [INFO] IPUIPlugin:80 - create IPUIPlugin
2026-04-08 16:02:29,265 [INFO] PluginManager:220 - loadIPPluginJar : add linkedlist
2026-04-08 16:02:29,268 [INFO] IPUIPlugin:80 - create IPUIPlugin
2026-04-08 16:02:29,268 [INFO] PluginManager:220 - loadIPPluginJar : add dma
2026-04-08 16:02:29,270 [INFO] IPUIPlugin:80 - create IPUIPlugin
2026-04-08 16:02:29,270 [INFO] PluginManager:220 - loadIPPluginJar : add fmc
2026-04-08 16:02:29,271 [INFO] IPUIPlugin:80 - create IPUIPlugin
2026-04-08 16:02:29,271 [INFO] PluginManager:220 - loadIPPluginJar : add i2s
2026-04-08 16:02:29,272 [INFO] IPUIPlugin:80 - create IPUIPlugin
2026-04-08 16:02:29,272 [INFO] PluginManager:220 - loadIPPluginJar : add ucpd
2026-04-08 16:02:29,272 [INFO] IPUIPlugin:80 - create IPUIPlugin
2026-04-08 16:02:29,273 [INFO] PluginManager:220 - loadIPPluginJar : add lorawan
2026-04-08 16:02:29,273 [INFO] IPUIPlugin:80 - create IPUIPlugin
2026-04-08 16:02:29,273 [INFO] PluginManager:220 - loadIPPluginJar : add opamp
2026-04-08 16:02:29,274 [INFO] IPUIPlugin:80 - create IPUIPlugin
2026-04-08 16:02:29,274 [INFO] PluginManager:220 - loadIPPluginJar : add i3c
2026-04-08 16:02:29,276 [INFO] IPUIPlugin:80 - create IPUIPlugin
2026-04-08 16:02:29,276 [INFO] PluginManager:220 - loadIPPluginJar : add touchsensing
2026-04-08 16:02:29,278 [INFO] IPUIPlugin:80 - create IPUIPlugin
2026-04-08 16:02:29,278 [INFO] PluginManager:220 - loadIPPluginJar : add i2c
2026-04-08 16:02:29,280 [INFO] IPUIPlugin:80 - create IPUIPlugin
2026-04-08 16:02:29,281 [INFO] PluginManager:220 - loadIPPluginJar : add resmgrutility
2026-04-08 16:02:29,282 [INFO] IPUIPlugin:80 - create IPUIPlugin
2026-04-08 16:02:29,282 [INFO] PluginManager:220 - loadIPPluginJar : add sai
2026-04-08 16:02:29,284 [INFO] IPUIPlugin:80 - create IPUIPlugin
2026-04-08 16:02:29,284 [INFO] PluginManager:220 - loadIPPluginJar : add usbx
2026-04-08 16:02:29,390 [FATAL] Updater:351 - Updater called before beeing initialized
2026-04-08 16:02:29,437 [INFO] RulesReader:64 - Compatibility file has been processed (317 Rules)
2026-04-08 16:02:29,453 [INFO] RulesReader:64 - Compatibility file has been processed (317 Rules)
2026-04-08 16:02:29,460 [INFO] CADModel:165 - CPN selected for project level
2026-04-08 16:02:29,460 [INFO] CADModel:114 - Register for checkConnection events
2026-04-08 16:02:29,460 [FATAL] Updater:351 - Updater called before beeing initialized
2026-04-08 16:02:29,460 [ERROR] CADModel:125 - Updater not yet initialized, retry later 
2026-04-08 16:02:29,672 [FATAL] Updater:351 - Updater called before beeing initialized
2026-04-08 16:02:29,673 [INFO] CADModel:165 - CPN selected for project level
2026-04-08 16:02:29,674 [INFO] CADModel:114 - Register for checkConnection events
2026-04-08 16:02:29,674 [FATAL] Updater:351 - Updater called before beeing initialized
2026-04-08 16:02:29,674 [ERROR] CADModel:125 - Updater not yet initialized, retry later 
2026-04-08 16:02:29,676 [FATAL] Updater:351 - Updater called before beeing initialized
2026-04-08 16:02:29,818 [FATAL] Updater:351 - Updater called before beeing initialized
2026-04-08 16:02:29,821 [INFO] DbMcusAds:53 - JSON generation date=Thu Mar 05 15:32:52 CET 2026 (1772721172890)
2026-04-08 16:02:29,821 [FATAL] Updater:351 - Updater called before beeing initialized
2026-04-08 16:02:29,877 [WARN] DetailPanel:346 - Failed to get advertising image, set to default
2026-04-08 16:02:29,938 [FATAL] Updater:351 - Updater called before beeing initialized
2026-04-08 16:02:29,940 [FATAL] Updater:351 - Updater called before beeing initialized
2026-04-08 16:02:29,941 [FATAL] Updater:351 - Updater called before beeing initialized
2026-04-08 16:02:29,941 [WARN] DetailPanel:346 - Failed to get advertising image, set to default
2026-04-08 16:02:29,943 [FATAL] Updater:351 - Updater called before beeing initialized
2026-04-08 16:02:29,986 [ERROR] Updater:1198 - MainUpdater not yet initialized. External WinMGr cannot be set.
2026-04-08 16:02:29,990 [INFO] Updater:1134 - Updater Version found : 6.15.0
2026-04-08 16:02:30,002 [INFO] ApplicationProperties:184 - Using Application install path: /Applications/STM32CubeIDE.app/Contents/Eclipse/plugins/com.st.stm32cube.common.mx_6.15.0.202507011659
2026-04-08 16:02:30,438 [INFO] MainUpdater:2872 - connection check result : 10
2026-04-08 16:02:30,438 [INFO] MainUpdater:3604 - Updater definition file requires update
2026-04-08 16:02:30,440 [INFO] MainUpdater:289 - Updater Check For Update Now.
2026-04-08 16:02:30,440 [INFO] MicroXplorer:498 - Change Database Version : DB.6.0.150
2026-04-08 16:02:30,450 [INFO] McuFinderGlobals:63 - Set McuFinder mode to 2 (CubeIDE integrated)
2026-04-08 16:02:30,453 [INFO] UserAuth:487 - Internet connection configuration mode: 1
2026-04-08 16:02:30,474 [INFO] JxBrowserEngine:152 - Initiate JxBrowser Engine with user profile folder
2026-04-08 16:02:30,538 [INFO] ServerAccessManage:452 - Complete download http(s) 200
2026-04-08 16:02:30,541 [INFO] ServerAccessManage:509 - Download File updaters.zip
2026-04-08 16:02:30,768 [INFO] FileExtend:248 - Unzip File : updaters.zip
2026-04-08 16:02:30,768 [INFO] FileExtend:263 - Standard Zip Deflate
2026-04-08 16:02:31,304 [INFO] ServerAccessManage:452 - Complete download http(s) 200
2026-04-08 16:02:31,310 [INFO] ServerAccessManage:509 - Download File PacksControlFlags.xml
2026-04-08 16:02:31,491 [INFO] ServerAccessManage:452 - Complete download http(s) 200
2026-04-08 16:02:31,491 [INFO] ServerAccessManage:509 - Download File cubemx.pidx
2026-04-08 16:02:31,734 [WARN] MainUpdater:1193 - Updater busy. Cannot search thirdparties
2026-04-08 16:02:31,735 [INFO] ThirdPartyUpdaterWithRetryManager:96 - Updater plugin is busy. [1/15]
2026-04-08 16:02:32,557 [INFO] ServerAccessManage:452 - Complete download http(s) 200
2026-04-08 16:02:32,558 [INFO] ServerAccessManage:509 - Download File STMicroelectronics.X-CUBE-SUBG2.pdsc
2026-04-08 16:02:34,265 [INFO] ServerAccessManage:452 - Complete download http(s) 200
2026-04-08 16:02:34,266 [INFO] ServerAccessManage:509 - Download File STMicroelectronics.X-CUBE-SMBUS.pdsc
2026-04-08 16:02:34,720 [ERROR] ServerAccessManage:1212 - Problem, file not found on Server
2026-04-08 16:02:34,742 [WARN] MainUpdater:1193 - Updater busy. Cannot search thirdparties
2026-04-08 16:02:34,742 [INFO] ThirdPartyUpdaterWithRetryManager:96 - Updater plugin is busy. [2/15]
2026-04-08 16:02:34,982 [INFO] ServerAccessManage:452 - Complete download http(s) 200
2026-04-08 16:02:34,982 [INFO] ServerAccessManage:509 - Download File STMicroelectronics.X-CUBE-ST60.pdsc
2026-04-08 16:02:35,489 [INFO] WebApp:169 - Instantiating new browser for Auth
2026-04-08 16:02:35,570 [INFO] ServerAccessManage:452 - Complete download http(s) 200
2026-04-08 16:02:35,573 [INFO] ServerAccessManage:509 - Download File STMicroelectronics.X-CUBE-ST67W61.pdsc
2026-04-08 16:02:36,213 [INFO] ServerAccessManage:452 - Complete download http(s) 200
2026-04-08 16:02:36,215 [INFO] ServerAccessManage:509 - Download File STMicroelectronics.X-CUBE-STSE01.pdsc
2026-04-08 16:02:36,897 [INFO] WebApp:463 - Apply proxy settings
2026-04-08 16:02:36,905 [INFO] WebApp:508 - Chromium authenticates against Manually configured proxy
2026-04-08 16:02:36,922 [INFO] WebApp:516 - Username used for proxy authentication: 
2026-04-08 16:02:36,964 [INFO] WebApp:900 - Register for checkConnection events
2026-04-08 16:02:36,964 [INFO] WebApp:463 - Apply proxy settings
2026-04-08 16:02:36,967 [INFO] WebApp:508 - Chromium authenticates against Manually configured proxy
2026-04-08 16:02:36,967 [INFO] WebApp:516 - Username used for proxy authentication: 
2026-04-08 16:02:36,971 [INFO] ServerAccessManage:452 - Complete download http(s) 200
2026-04-08 16:02:36,971 [INFO] ServerAccessManage:509 - Download File STMicroelectronics.X-CUBE-PM33A1.pdsc
2026-04-08 16:02:37,105 [INFO] WebApp:225 - Starting web application
2026-04-08 16:02:37,105 [INFO] WebApp:593 - Web application path used /Applications/STM32CubeIDE.app/Contents/Eclipse/plugins/com.st.stm32cube.common.mx_6.15.0.202507011659/db/plugins/mcufinder/reactClient1/index.html
2026-04-08 16:02:37,340 [INFO] ServerAccessManage:452 - Complete download http(s) 200
2026-04-08 16:02:37,340 [INFO] ServerAccessManage:509 - Download File STMicroelectronics.X-CUBE-TCPP.pdsc
2026-04-08 16:02:37,729 [INFO] UserAuth:487 - Internet connection configuration mode: 1
2026-04-08 16:02:37,743 [WARN] MainUpdater:1193 - Updater busy. Cannot search thirdparties
2026-04-08 16:02:37,744 [INFO] ThirdPartyUpdaterWithRetryManager:96 - Updater plugin is busy. [3/15]
2026-04-08 16:02:37,798 [INFO] WebApp:191 - Connection restablished
2026-04-08 16:02:37,926 [INFO] ServerAccessManage:452 - Complete download http(s) 200
2026-04-08 16:02:37,927 [INFO] ServerAccessManage:509 - Download File STMicroelectronics.X-CUBE-TOF1.pdsc
2026-04-08 16:02:40,191 [ERROR] ServerAccessManage:1212 - Problem, file not found on Server
2026-04-08 16:02:40,747 [WARN] MainUpdater:1193 - Updater busy. Cannot search thirdparties
2026-04-08 16:02:40,747 [INFO] ThirdPartyUpdaterWithRetryManager:96 - Updater plugin is busy. [4/15]
2026-04-08 16:02:41,229 [INFO] ServerAccessManage:452 - Complete download http(s) 200
2026-04-08 16:02:41,231 [INFO] ServerAccessManage:509 - Download File STMicroelectronics.X-CUBE-TOUCHGFX.pdsc
2026-04-08 16:02:43,753 [WARN] MainUpdater:1193 - Updater busy. Cannot search thirdparties
2026-04-08 16:02:43,754 [INFO] ThirdPartyUpdaterWithRetryManager:96 - Updater plugin is busy. [5/15]
2026-04-08 16:02:46,395 [INFO] ServerAccessManage:452 - Complete download http(s) 200
2026-04-08 16:02:46,395 [INFO] ServerAccessManage:509 - Download File STMicroelectronics.X-CUBE-ALGOBUILD.pdsc
2026-04-08 16:02:46,758 [WARN] MainUpdater:1193 - Updater busy. Cannot search thirdparties
2026-04-08 16:02:46,760 [INFO] ThirdPartyUpdaterWithRetryManager:96 - Updater plugin is busy. [6/15]
2026-04-08 16:02:47,948 [INFO] ServerAccessManage:452 - Complete download http(s) 200
2026-04-08 16:02:47,950 [INFO] ServerAccessManage:509 - Download File STMicroelectronics.X-CUBE-AZRTOS-H7.pdsc
2026-04-08 16:02:49,766 [WARN] MainUpdater:1193 - Updater busy. Cannot search thirdparties
2026-04-08 16:02:49,767 [INFO] ThirdPartyUpdaterWithRetryManager:96 - Updater plugin is busy. [7/15]
2026-04-08 16:02:50,446 [INFO] ServerAccessManage:452 - Complete download http(s) 200
2026-04-08 16:02:50,447 [INFO] ServerAccessManage:509 - Download File STMicroelectronics.X-CUBE-AZRTOS-H7RS.pdsc
2026-04-08 16:02:51,404 [INFO] ServerAccessManage:452 - Complete download http(s) 200
2026-04-08 16:02:51,405 [INFO] ServerAccessManage:509 - Download File STMicroelectronics.X-CUBE-AZRTOS-F4.pdsc
2026-04-08 16:02:51,978 [INFO] ServerAccessManage:452 - Complete download http(s) 200
2026-04-08 16:02:51,979 [INFO] ServerAccessManage:509 - Download File STMicroelectronics.X-CUBE-AZRTOS-F7.pdsc
2026-04-08 16:02:52,564 [INFO] ServerAccessManage:452 - Complete download http(s) 200
2026-04-08 16:02:52,565 [INFO] ServerAccessManage:509 - Download File STMicroelectronics.X-CUBE-AZRTOS-L4.pdsc
2026-04-08 16:02:52,769 [WARN] MainUpdater:1193 - Updater busy. Cannot search thirdparties
2026-04-08 16:02:52,769 [INFO] ThirdPartyUpdaterWithRetryManager:96 - Updater plugin is busy. [8/15]
2026-04-08 16:02:53,163 [INFO] ServerAccessManage:452 - Complete download http(s) 200
2026-04-08 16:02:53,164 [INFO] ServerAccessManage:509 - Download File STMicroelectronics.X-CUBE-AZRTOS-L5.pdsc
2026-04-08 16:02:53,925 [INFO] ServerAccessManage:452 - Complete download http(s) 200
2026-04-08 16:02:53,930 [INFO] ServerAccessManage:509 - Download File STMicroelectronics.X-CUBE-AZRTOS-G0.pdsc
2026-04-08 16:02:54,482 [INFO] ServerAccessManage:452 - Complete download http(s) 200
2026-04-08 16:02:54,484 [INFO] ServerAccessManage:509 - Download File STMicroelectronics.X-CUBE-AZRTOS-G4.pdsc
2026-04-08 16:02:55,047 [INFO] ServerAccessManage:452 - Complete download http(s) 200
2026-04-08 16:02:55,047 [INFO] ServerAccessManage:509 - Download File STMicroelectronics.X-CUBE-AZRTOS-WB.pdsc
2026-04-08 16:02:55,650 [INFO] ServerAccessManage:452 - Complete download http(s) 200
2026-04-08 16:02:55,653 [INFO] ServerAccessManage:509 - Download File STMicroelectronics.X-CUBE-AZRTOS-WL.pdsc
2026-04-08 16:02:55,772 [WARN] MainUpdater:1193 - Updater busy. Cannot search thirdparties
2026-04-08 16:02:55,773 [INFO] ThirdPartyUpdaterWithRetryManager:96 - Updater plugin is busy. [9/15]
2026-04-08 16:02:56,177 [INFO] ServerAccessManage:452 - Complete download http(s) 200
2026-04-08 16:02:56,178 [INFO] ServerAccessManage:509 - Download File STMicroelectronics.X-CUBE-WB05N.pdsc
2026-04-08 16:02:56,505 [INFO] ServerAccessManage:452 - Complete download http(s) 200
2026-04-08 16:02:56,506 [INFO] ServerAccessManage:509 - Download File STMicroelectronics.eDS-WB_DPC_VIENNA.pdsc
2026-04-08 16:02:57,231 [ERROR] ServerAccessManage:1212 - Problem, file not found on Server
2026-04-08 16:02:57,382 [ERROR] ServerAccessManage:1212 - Problem, file not found on Server
2026-04-08 16:02:57,512 [ERROR] ServerAccessManage:1212 - Problem, file not found on Server
2026-04-08 16:02:57,639 [ERROR] ServerAccessManage:1212 - Problem, file not found on Server
2026-04-08 16:02:57,776 [ERROR] ServerAccessManage:1212 - Problem, file not found on Server
2026-04-08 16:02:57,961 [INFO] ServerAccessManage:452 - Complete download http(s) 200
2026-04-08 16:02:57,962 [INFO] ServerAccessManage:509 - Download File STMicroelectronics.eDS-WB_DPC_TT-BIDIR.pdsc
2026-04-08 16:02:58,221 [ERROR] ServerAccessManage:1212 - Problem, file not found on Server
2026-04-08 16:02:58,343 [ERROR] ServerAccessManage:1212 - Problem, file not found on Server
2026-04-08 16:02:58,527 [ERROR] ServerAccessManage:1212 - Problem, file not found on Server
2026-04-08 16:02:58,690 [ERROR] ServerAccessManage:1212 - Problem, file not found on Server
2026-04-08 16:02:58,775 [WARN] MainUpdater:1193 - Updater busy. Cannot search thirdparties
2026-04-08 16:02:58,775 [INFO] ThirdPartyUpdaterWithRetryManager:96 - Updater plugin is busy. [10/15]
2026-04-08 16:02:58,853 [INFO] ServerAccessManage:452 - Complete download http(s) 200
2026-04-08 16:02:58,854 [INFO] ServerAccessManage:509 - Download File STMicroelectronics.eDS-WB_DPC_3PH2L-BIDIR.pdsc
2026-04-08 16:02:59,219 [ERROR] ServerAccessManage:1212 - Problem, file not found on Server
2026-04-08 16:03:00,120 [INFO] ServerAccessManage:452 - Complete download http(s) 200
2026-04-08 16:03:00,120 [INFO] ServerAccessManage:509 - Download File wolfSSL.I-CUBE-wolfSSL.pdsc
2026-04-08 16:03:01,781 [WARN] MainUpdater:1193 - Updater busy. Cannot search thirdparties
2026-04-08 16:03:01,781 [INFO] ThirdPartyUpdaterWithRetryManager:96 - Updater plugin is busy. [11/15]
2026-04-08 16:03:04,791 [WARN] MainUpdater:1193 - Updater busy. Cannot search thirdparties
2026-04-08 16:03:04,796 [INFO] ThirdPartyUpdaterWithRetryManager:96 - Updater plugin is busy. [12/15]
2026-04-08 16:03:07,808 [WARN] MainUpdater:1193 - Updater busy. Cannot search thirdparties
2026-04-08 16:03:07,812 [INFO] ThirdPartyUpdaterWithRetryManager:96 - Updater plugin is busy. [13/15]
2026-04-08 16:03:08,904 [ERROR] ServerAccessManage:1212 - Problem, file not found on Server
2026-04-08 16:03:09,293 [ERROR] ServerAccessManage:1212 - Problem, file not found on Server
2026-04-08 16:03:09,639 [ERROR] ServerAccessManage:1212 - Problem, file not found on Server
2026-04-08 16:03:09,820 [INFO] ServerAccessManage:452 - Complete download http(s) 200
2026-04-08 16:03:09,823 [INFO] ServerAccessManage:509 - Download File wolfSSL.I-CUBE-wolfMQTT.pdsc
2026-04-08 16:03:10,819 [WARN] MainUpdater:1193 - Updater busy. Cannot search thirdparties
2026-04-08 16:03:10,819 [INFO] ThirdPartyUpdaterWithRetryManager:96 - Updater plugin is busy. [14/15]
2026-04-08 16:03:11,794 [ERROR] ServerAccessManage:1212 - Problem, file not found on Server
2026-04-08 16:03:11,968 [INFO] ServerAccessManage:452 - Complete download http(s) 200
2026-04-08 16:03:11,968 [INFO] ServerAccessManage:509 - Download File wolfSSL.I-CUBE-wolfTPM.pdsc
2026-04-08 16:03:13,831 [WARN] MainUpdater:1193 - Updater busy. Cannot search thirdparties
2026-04-08 16:03:13,837 [INFO] ThirdPartyUpdaterWithRetryManager:96 - Updater plugin is busy. [15/15]
2026-04-08 16:03:13,860 [ERROR] IntegrityCheckThread:130 - Cannot retrieve database content from updater: error -1
2026-04-08 16:03:13,869 [INFO] ThirdParty:978 - Integrity check success = false
2026-04-08 16:03:13,869 [INFO] IntegrityCheckThread:100 - exiting critical section [integrity check]
2026-04-08 16:03:13,869 [INFO] IntegrityCheckThread:103 - End integrity checks thread
2026-04-08 16:03:14,662 [INFO] ServerAccessManage:452 - Complete download http(s) 200
2026-04-08 16:03:14,665 [INFO] ServerAccessManage:509 - Download File wolfSSL.I-CUBE-wolfSSH.pdsc
2026-04-08 16:03:18,371 [INFO] ServerAccessManage:452 - Complete download http(s) 200
2026-04-08 16:03:18,371 [INFO] ServerAccessManage:509 - Download File RealThread.X-CUBE-RT-Thread_Nano.pdsc
2026-04-08 16:03:18,961 [INFO] ServerAccessManage:452 - Complete download http(s) 200
2026-04-08 16:03:18,961 [INFO] ServerAccessManage:509 - Download File SEGGER.I-CUBE-embOS.pdsc
2026-04-08 16:03:20,520 [INFO] ServerAccessManage:452 - Complete download http(s) 200
2026-04-08 16:03:20,526 [INFO] ServerAccessManage:509 - Download File emotas.I-CUBE-CANOPEN.pdsc
2026-04-08 16:03:22,025 [INFO] ServerAccessManage:452 - Complete download http(s) 200
2026-04-08 16:03:22,025 [INFO] ServerAccessManage:509 - Download File WES.I-CUBE-Cesium.pdsc
2026-04-08 16:03:23,024 [ERROR] ServerAccessManage:1212 - Problem, file not found on Server
2026-04-08 16:03:23,347 [ERROR] ServerAccessManage:1212 - Problem, file not found on Server
2026-04-08 16:03:24,633 [INFO] ServerAccessManage:452 - Complete download http(s) 200
2026-04-08 16:03:24,633 [INFO] ServerAccessManage:509 - Download File ITTIA_DB.I-CUBE-ITTIADB.pdsc
2026-04-08 16:03:30,256 [INFO] ServerAccessManage:452 - Complete download http(s) 200
2026-04-08 16:03:30,262 [INFO] ServerAccessManage:509 - Download File Infineon.AIROC-Wi-Fi-Bluetooth-STM32.pdsc
2026-04-08 16:04:16,236 [WARN] ServerAccessManage:1291 - Warning during Server Connection :  timeout Read timed out
2026-04-08 16:04:23,689 [INFO] McuFinderGlobals:63 - Set McuFinder mode to 2 (CubeIDE integrated)
2026-04-08 16:04:23,881 [INFO] ServerAccessManage:452 - Complete download http(s) 200
2026-04-08 16:04:23,885 [INFO] ServerAccessManage:509 - Download File Cesanta.I-CUBE-Mongoose.pdsc
2026-04-08 16:04:27,163 [INFO] ServerAccessManage:452 - Complete download http(s) 200
2026-04-08 16:04:27,172 [INFO] ServerAccessManage:509 - Download File EmbeddedOffice.I-CUBE-FS-RTOS.pdsc
2026-04-08 16:04:28,408 [INFO] ServerAccessManage:452 - Complete download http(s) 200
2026-04-08 16:04:28,410 [INFO] ServerAccessManage:509 - Download File quantropi.X-CUBE-qispace-sdk-base.pdsc
2026-04-08 16:04:29,473 [INFO] ServerAccessManage:452 - Complete download http(s) 200
2026-04-08 16:04:29,475 [INFO] ServerAccessManage:509 - Download File Avnet-IOTCONNECT.X-CUBE-iotc-st67-sdk.pdsc
2026-04-08 16:04:29,776 [WARN] PackLoader:240 - Cannot read IP mode file for STMicroelectronics.X-CUBE-SUBG2.5.0.0
2026-04-08 16:04:29,817 [WARN] PackLoader:240 - Cannot read IP mode file for STMicroelectronics.X-CUBE-SMBUS.2.1.0
2026-04-08 16:04:29,824 [WARN] PackLoader:240 - Cannot read IP mode file for STMicroelectronics.X-CUBE-ST60.1.1.0
2026-04-08 16:04:29,830 [WARN] PackLoader:240 - Cannot read IP mode file for STMicroelectronics.X-CUBE-ST67W61.1.2.0
2026-04-08 16:04:29,844 [WARN] PackLoader:240 - Cannot read IP mode file for STMicroelectronics.X-CUBE-STSE01.2.0.0
2026-04-08 16:04:29,859 [WARN] PackLoader:240 - Cannot read IP mode file for STMicroelectronics.X-CUBE-PM33A1.1.0.0
2026-04-08 16:04:29,867 [WARN] PackLoader:240 - Cannot read IP mode file for STMicroelectronics.X-CUBE-TCPP.4.2.0
2026-04-08 16:04:29,883 [WARN] PackLoader:240 - Cannot read IP mode file for STMicroelectronics.X-CUBE-TOF1.3.4.3
2026-04-08 16:04:29,900 [INFO] CheckServerUpdateThread:120 - End of CheckServer Thread
2026-04-08 16:04:29,934 [WARN] PackLoader:240 - Cannot read IP mode file for STMicroelectronics.X-CUBE-TOUCHGFX.4.26.1
2026-04-08 16:04:29,951 [WARN] PackLoader:240 - Cannot read IP mode file for STMicroelectronics.X-CUBE-ALGOBUILD.1.4.0
2026-04-08 16:04:29,958 [INFO] MainUpdater:2872 - connection check result : 10
2026-04-08 16:04:29,963 [INFO] McuFinderGlobals:76 - Set McuFinderConnectedMode to true
2026-04-08 16:04:30,053 [WARN] PackLoader:240 - Cannot read IP mode file for STMicroelectronics.X-CUBE-AZRTOS-H7.3.5.0
2026-04-08 16:04:30,171 [WARN] PackLoader:240 - Cannot read IP mode file for STMicroelectronics.X-CUBE-AZRTOS-H7RS.1.2.0
2026-04-08 16:04:30,249 [WARN] PackLoader:240 - Cannot read IP mode file for STMicroelectronics.X-CUBE-AZRTOS-F4.1.1.0
2026-04-08 16:04:30,313 [WARN] PackLoader:240 - Cannot read IP mode file for STMicroelectronics.X-CUBE-AZRTOS-F7.1.1.0
2026-04-08 16:04:30,356 [WARN] ConditionMgr:438 - getConditionDescription Invalid condition id : LAN8742 Phy interface Condition cause : null
2026-04-08 16:04:30,366 [WARN] PackLoader:240 - Cannot read IP mode file for STMicroelectronics.X-CUBE-AZRTOS-L4.2.0.0
2026-04-08 16:04:30,370 [WARN] ConditionMgr:1044 - genDependencies : Invalid condition id : LAN8742 Phy interface Condition cause : null
2026-04-08 16:04:30,370 [WARN] ConditionMgr:1044 - genDependencies : Invalid condition id : LAN8742 Phy interface Condition cause : null
2026-04-08 16:04:30,372 [WARN] ConditionMgr:1044 - genDependencies : Invalid condition id : LAN8742 Phy interface Condition cause : null
2026-04-08 16:04:30,399 [WARN] PackLoader:240 - Cannot read IP mode file for STMicroelectronics.X-CUBE-AZRTOS-L5.2.0.0
2026-04-08 16:04:30,423 [WARN] PackLoader:240 - Cannot read IP mode file for STMicroelectronics.X-CUBE-AZRTOS-G0.1.1.0
2026-04-08 16:04:30,459 [WARN] PackLoader:240 - Cannot read IP mode file for STMicroelectronics.X-CUBE-AZRTOS-G4.2.0.0
2026-04-08 16:04:30,477 [WARN] ConditionMgr:438 - getConditionDescription Invalid condition id : UX DEVICE CLASS RTOS Condition cause : null
2026-04-08 16:04:30,478 [WARN] ConditionMgr:438 - getConditionDescription Invalid condition id : UX DEVICE CLASS RTOS Condition cause : null
2026-04-08 16:04:30,482 [WARN] PackLoader:240 - Cannot read IP mode file for STMicroelectronics.X-CUBE-AZRTOS-WB.2.0.0
2026-04-08 16:04:30,483 [WARN] ConditionMgr:1044 - genDependencies : Invalid condition id : UX DEVICE CLASS RTOS Condition cause : null
2026-04-08 16:04:30,483 [WARN] ConditionMgr:1044 - genDependencies : Invalid condition id : UX DEVICE CLASS RTOS Condition cause : null
2026-04-08 16:04:30,485 [WARN] ConditionMgr:1044 - genDependencies : Invalid condition id : UX DEVICE CLASS RTOS Condition cause : null
2026-04-08 16:04:30,485 [WARN] ConditionMgr:1044 - genDependencies : Invalid condition id : UX DEVICE CLASS RTOS Condition cause : null
2026-04-08 16:04:30,486 [WARN] ConditionMgr:1044 - genDependencies : Invalid condition id : UX DEVICE CLASS RTOS Condition cause : null
2026-04-08 16:04:30,505 [INFO] LogOutputStream:77 - [STDOUT_REDIRECT] 1 : Invalid condition id : UX_CORESTACK_Condition cause : null
2026-04-08 16:04:30,509 [INFO] LogOutputStream:77 - [STDOUT_REDIRECT] 1 : Invalid condition id : UX_CORESTACK_Condition cause : null
2026-04-08 16:04:30,511 [INFO] LogOutputStream:77 - [STDOUT_REDIRECT] 1 : Invalid condition id : UX_CORESTACK_Condition cause : null
2026-04-08 16:04:30,511 [INFO] LogOutputStream:77 - [STDOUT_REDIRECT] 1 : Invalid condition id : UX_CORESTACK_Condition cause : null
2026-04-08 16:04:30,514 [INFO] LogOutputStream:77 - [STDOUT_REDIRECT] 1 : Invalid condition id : UX_CORESTACK_Condition cause : null
2026-04-08 16:04:30,523 [WARN] PackLoader:240 - Cannot read IP mode file for STMicroelectronics.X-CUBE-AZRTOS-WL.2.0.0
2026-04-08 16:04:30,557 [WARN] PackLoader:240 - Cannot read IP mode file for STMicroelectronics.X-CUBE-WB05N.2.1.0
2026-04-08 16:04:30,574 [WARN] PackLoader:240 - Cannot read IP mode file for STMicroelectronics.eDS-WB_DPC_VIENNA.1.2.0
2026-04-08 16:04:30,579 [WARN] PackLoader:240 - Cannot read IP mode file for STMicroelectronics.eDS-WB_DPC_TT-BIDIR.2.1.1
2026-04-08 16:04:30,583 [WARN] PackLoader:240 - Cannot read IP mode file for STMicroelectronics.eDS-WB_DPC_3PH2L-BIDIR.1.1.1
2026-04-08 16:04:30,592 [WARN] PackLoader:240 - Cannot read IP mode file for wolfSSL.I-CUBE-wolfSSL.5.8.4
2026-04-08 16:04:30,609 [WARN] PackLoader:240 - Cannot read IP mode file for wolfSSL.I-CUBE-wolfMQTT.1.19.2
2026-04-08 16:04:30,615 [WARN] PackLoader:240 - Cannot read IP mode file for wolfSSL.I-CUBE-wolfTPM.3.8.0
2026-04-08 16:04:30,618 [WARN] PackLoader:240 - Cannot read IP mode file for wolfSSL.I-CUBE-wolfSSH.1.4.20
2026-04-08 16:04:30,627 [WARN] PackLoader:240 - Cannot read IP mode file for RealThread.X-CUBE-RT-Thread_Nano.4.1.1
2026-04-08 16:04:30,699 [WARN] PackLoader:240 - Cannot read IP mode file for SEGGER.I-CUBE-embOS.1.3.1
2026-04-08 16:04:30,751 [WARN] PackLoader:240 - Cannot read IP mode file for emotas.I-CUBE-CANOPEN.1.3.0
2026-04-08 16:04:30,761 [WARN] PackLoader:240 - Cannot read IP mode file for WES.I-CUBE-Cesium.1.4.0
2026-04-08 16:04:30,768 [WARN] PackLoader:240 - Cannot read IP mode file for ITTIA_DB.I-CUBE-ITTIADB.8.9.0
2026-04-08 16:04:30,793 [WARN] PackLoader:240 - Cannot read IP mode file for Infineon.AIROC-Wi-Fi-Bluetooth-STM32.1.8.0
2026-04-08 16:04:30,801 [WARN] PackLoader:240 - Cannot read IP mode file for Cesanta.I-CUBE-Mongoose.7.20.0
2026-04-08 16:04:30,808 [WARN] PackLoader:240 - Cannot read IP mode file for EmbeddedOffice.I-CUBE-FS-RTOS.1.0.1
2026-04-08 16:04:30,816 [WARN] ConditionMgr:438 - getConditionDescription Invalid condition id : Cortex-A Device cause : null
2026-04-08 16:04:30,841 [WARN] ConditionMgr:1044 - genDependencies : Invalid condition id : Cortex-A Device cause : null
2026-04-08 16:04:30,841 [WARN] ConditionMgr:1044 - genDependencies : Invalid condition id : Cortex-A Device cause : null
2026-04-08 16:04:30,841 [WARN] ConditionMgr:1044 - genDependencies : Invalid condition id : Cortex-A Device cause : null
2026-04-08 16:04:30,850 [INFO] PopulateThirdPartyThread:66 - Ending populate Thread
2026-04-08 16:04:30,853 [INFO] ThirdParty:1030 - CMSIS Pack Vendor :wolfSSL I-CUBE-wolfTPM 3.8.0
2026-04-08 16:04:30,853 [INFO] ThirdParty:1030 - CMSIS Pack Vendor :STMicroelectronics X-CUBE-AZRTOS-H7 3.5.0
2026-04-08 16:04:30,853 [INFO] ThirdParty:1030 - CMSIS Pack Vendor :STMicroelectronics X-CUBE-PM33A1 1.0.0
2026-04-08 16:04:30,853 [INFO] ThirdParty:1030 - CMSIS Pack Vendor :wolfSSL I-CUBE-wolfSSH 1.4.20
2026-04-08 16:04:30,853 [INFO] ThirdParty:1030 - CMSIS Pack Vendor :STMicroelectronics X-CUBE-TCPP 4.2.0
2026-04-08 16:04:30,853 [INFO] ThirdParty:1030 - CMSIS Pack Vendor :RealThread X-CUBE-RT-Thread_Nano 4.1.1
2026-04-08 16:04:30,853 [INFO] ThirdParty:1030 - CMSIS Pack Vendor :STMicroelectronics X-CUBE-AZRTOS-F4 1.1.0
2026-04-08 16:04:30,853 [INFO] ThirdParty:1030 - CMSIS Pack Vendor :STMicroelectronics X-CUBE-SMBUS 2.1.0
2026-04-08 16:04:30,853 [INFO] ThirdParty:1030 - CMSIS Pack Vendor :wolfSSL I-CUBE-wolfMQTT 1.19.2
2026-04-08 16:04:30,853 [INFO] ThirdParty:1030 - CMSIS Pack Vendor :STMicroelectronics X-CUBE-ST60 1.1.0
2026-04-08 16:04:30,853 [INFO] ThirdParty:1030 - CMSIS Pack Vendor :STMicroelectronics eDS-WB_DPC_TT-BIDIR 2.1.1
2026-04-08 16:04:30,853 [INFO] ThirdParty:1030 - CMSIS Pack Vendor :STMicroelectronics X-CUBE-AZRTOS-WB 2.0.0
2026-04-08 16:04:30,853 [INFO] ThirdParty:1030 - CMSIS Pack Vendor :emotas I-CUBE-CANOPEN 1.3.0
2026-04-08 16:04:30,853 [INFO] ThirdParty:1030 - CMSIS Pack Vendor :wolfSSL I-CUBE-wolfSSL 5.8.4
2026-04-08 16:04:30,853 [INFO] ThirdParty:1030 - CMSIS Pack Vendor :Cesanta I-CUBE-Mongoose 7.20.0
2026-04-08 16:04:30,853 [INFO] ThirdParty:1030 - CMSIS Pack Vendor :ITTIA_DB I-CUBE-ITTIADB 8.9.0
2026-04-08 16:04:30,853 [INFO] ThirdParty:1030 - CMSIS Pack Vendor :STMicroelectronics X-CUBE-AZRTOS-F7 1.1.0
2026-04-08 16:04:30,853 [INFO] ThirdParty:1030 - CMSIS Pack Vendor :STMicroelectronics X-CUBE-AZRTOS-L5 2.0.0
2026-04-08 16:04:30,853 [INFO] ThirdParty:1030 - CMSIS Pack Vendor :STMicroelectronics X-CUBE-TOUCHGFX 4.26.1
2026-04-08 16:04:30,853 [INFO] ThirdParty:1030 - CMSIS Pack Vendor :quantropi X-CUBE-qispace-sdk-base 2.1.0
2026-04-08 16:04:30,853 [INFO] ThirdParty:1030 - CMSIS Pack Vendor :STMicroelectronics X-CUBE-STSE01 2.0.0
2026-04-08 16:04:30,853 [INFO] ThirdParty:1030 - CMSIS Pack Vendor :STMicroelectronics X-CUBE-AZRTOS-WL 2.0.0
2026-04-08 16:04:30,853 [INFO] ThirdParty:1030 - CMSIS Pack Vendor :SEGGER I-CUBE-embOS 1.3.1
2026-04-08 16:04:30,853 [INFO] ThirdParty:1030 - CMSIS Pack Vendor :STMicroelectronics X-CUBE-ALGOBUILD 1.4.0
2026-04-08 16:04:30,853 [INFO] ThirdParty:1030 - CMSIS Pack Vendor :STMicroelectronics X-CUBE-AZRTOS-G0 1.1.0
2026-04-08 16:04:30,853 [INFO] ThirdParty:1030 - CMSIS Pack Vendor :STMicroelectronics X-CUBE-AZRTOS-H7RS 1.2.0
2026-04-08 16:04:30,853 [INFO] ThirdParty:1030 - CMSIS Pack Vendor :STMicroelectronics X-CUBE-SUBG2 5.0.0
2026-04-08 16:04:30,854 [INFO] ThirdParty:1030 - CMSIS Pack Vendor :STMicroelectronics X-CUBE-AZRTOS-L4 2.0.0
2026-04-08 16:04:30,854 [INFO] ThirdParty:1030 - CMSIS Pack Vendor :STMicroelectronics eDS-WB_DPC_VIENNA 1.2.0
2026-04-08 16:04:30,854 [INFO] ThirdParty:1030 - CMSIS Pack Vendor :EmbeddedOffice I-CUBE-FS-RTOS 1.0.1
2026-04-08 16:04:30,854 [INFO] ThirdParty:1030 - CMSIS Pack Vendor :WES I-CUBE-Cesium 1.4.0
2026-04-08 16:04:30,854 [INFO] ThirdParty:1030 - CMSIS Pack Vendor :Avnet-IOTCONNECT X-CUBE-iotc-st67-sdk 1.0.0
2026-04-08 16:04:30,854 [INFO] ThirdParty:1030 - CMSIS Pack Vendor :STMicroelectronics X-CUBE-TOF1 3.4.3
2026-04-08 16:04:30,854 [INFO] ThirdParty:1030 - CMSIS Pack Vendor :STMicroelectronics eDS-WB_DPC_3PH2L-BIDIR 1.1.1
2026-04-08 16:04:30,854 [INFO] ThirdParty:1030 - CMSIS Pack Vendor :STMicroelectronics X-CUBE-AZRTOS-G4 2.0.0
2026-04-08 16:04:30,854 [INFO] ThirdParty:1030 - CMSIS Pack Vendor :Infineon AIROC-Wi-Fi-Bluetooth-STM32 1.8.0
2026-04-08 16:04:30,854 [INFO] ThirdParty:1030 - CMSIS Pack Vendor :STMicroelectronics X-CUBE-ST67W61 1.2.0
2026-04-08 16:04:30,854 [INFO] ThirdParty:1030 - CMSIS Pack Vendor :STMicroelectronics X-CUBE-WB05N 2.1.0
2026-04-08 16:04:30,854 [INFO] LoadServerUpdatesThread:375 - End of LoadServerUpdate Thread
2026-04-08 16:04:31,154 [INFO] ServerAccessManage:452 - Complete download http(s) 200
2026-04-08 16:04:31,157 [INFO] ServerAccessManage:509 - Download File mcusAds.json._tmp_
2026-04-08 16:04:31,160 [ERROR] LogOutputStream:75 - [STDERR_REDIRECT] Exception in thread "AWT-EventQueue-0" java.lang.NullPointerException: Cannot invoke "java.awt.Rectangle.equals(Object)" because "this.oldComponentInnards" is null
2026-04-08 16:04:31,164 [ERROR] LogOutputStream:75 - [STDERR_REDIRECT] 	at java.desktop/javax.swing.plaf.basic.BasicProgressBarUI.sizeChanged(BasicProgressBarUI.java:1051)
2026-04-08 16:04:31,164 [ERROR] LogOutputStream:75 - [STDERR_REDIRECT] 	at java.desktop/javax.swing.plaf.basic.BasicProgressBarUI.setAnimationIndex(BasicProgressBarUI.java:1011)
2026-04-08 16:04:31,164 [ERROR] LogOutputStream:75 - [STDERR_REDIRECT] 	at java.desktop/javax.swing.plaf.basic.BasicProgressBarUI.incrementAnimationIndex(BasicProgressBarUI.java:1078)
2026-04-08 16:04:31,164 [ERROR] LogOutputStream:75 - [STDERR_REDIRECT] 	at java.desktop/javax.swing.plaf.basic.BasicProgressBarUI$Animator.actionPerformed(BasicProgressBarUI.java:1286)
2026-04-08 16:04:31,164 [ERROR] LogOutputStream:75 - [STDERR_REDIRECT] 	at java.desktop/javax.swing.Timer.fireActionPerformed(Timer.java:311)
2026-04-08 16:04:31,164 [ERROR] LogOutputStream:75 - [STDERR_REDIRECT] 	at java.desktop/javax.swing.Timer$DoPostEvent.run(Timer.java:243)
2026-04-08 16:04:31,164 [ERROR] LogOutputStream:75 - [STDERR_REDIRECT] 	at java.desktop/java.awt.event.InvocationEvent.dispatch(InvocationEvent.java:318)
2026-04-08 16:04:31,164 [ERROR] LogOutputStream:75 - [STDERR_REDIRECT] 	at java.desktop/java.awt.EventQueue.dispatchEventImpl(EventQueue.java:773)
2026-04-08 16:04:31,165 [ERROR] LogOutputStream:75 - [STDERR_REDIRECT] 	at java.desktop/java.awt.EventQueue$4.run(EventQueue.java:720)
2026-04-08 16:04:31,165 [ERROR] LogOutputStream:75 - [STDERR_REDIRECT] 	at java.desktop/java.awt.EventQueue$4.run(EventQueue.java:714)
2026-04-08 16:04:31,165 [ERROR] LogOutputStream:75 - [STDERR_REDIRECT] 	at java.base/java.security.AccessController.doPrivileged(AccessController.java:400)
2026-04-08 16:04:31,165 [ERROR] LogOutputStream:75 - [STDERR_REDIRECT] 	at java.base/java.security.ProtectionDomain$JavaSecurityAccessImpl.doIntersectionPrivilege(ProtectionDomain.java:87)
2026-04-08 16:04:31,165 [ERROR] LogOutputStream:75 - [STDERR_REDIRECT] 	at java.desktop/java.awt.EventQueue.dispatchEvent(EventQueue.java:742)
2026-04-08 16:04:31,165 [ERROR] LogOutputStream:75 - [STDERR_REDIRECT] 	at java.desktop/java.awt.EventDispatchThread.pumpOneEventForFilters(EventDispatchThread.java:203)
2026-04-08 16:04:31,165 [ERROR] LogOutputStream:75 - [STDERR_REDIRECT] 	at java.desktop/java.awt.EventDispatchThread.pumpEventsForFilter(EventDispatchThread.java:124)
2026-04-08 16:04:31,166 [ERROR] LogOutputStream:75 - [STDERR_REDIRECT] 	at java.desktop/java.awt.EventDispatchThread.pumpEventsForFilter(EventDispatchThread.java:117)
2026-04-08 16:04:31,166 [ERROR] LogOutputStream:75 - [STDERR_REDIRECT] 	at java.desktop/java.awt.WaitDispatchSupport$2.run(WaitDispatchSupport.java:191)
2026-04-08 16:04:31,166 [ERROR] LogOutputStream:75 - [STDERR_REDIRECT] 	at java.desktop/java.awt.WaitDispatchSupport$4.run(WaitDispatchSupport.java:236)
2026-04-08 16:04:31,166 [ERROR] LogOutputStream:75 - [STDERR_REDIRECT] 	at java.desktop/java.awt.WaitDispatchSupport$4.run(WaitDispatchSupport.java:234)
2026-04-08 16:04:31,166 [ERROR] LogOutputStream:75 - [STDERR_REDIRECT] 	at java.base/java.security.AccessController.doPrivileged(AccessController.java:319)
2026-04-08 16:04:31,166 [ERROR] LogOutputStream:75 - [STDERR_REDIRECT] 	at java.desktop/java.awt.WaitDispatchSupport.enter(WaitDispatchSupport.java:234)
2026-04-08 16:04:31,166 [ERROR] LogOutputStream:75 - [STDERR_REDIRECT] 	at java.desktop/java.awt.Dialog.show(Dialog.java:1079)
2026-04-08 16:04:31,167 [ERROR] LogOutputStream:75 - [STDERR_REDIRECT] 	at com.st.microxplorer.plugins.updater.gui.ProgressBarDialog.startProgressBar(ProgressBarDialog.java:161)
2026-04-08 16:04:31,167 [ERROR] LogOutputStream:75 - [STDERR_REDIRECT] 	at com.st.microxplorer.plugins.updater.engine.MainUpdater.loadUrlFiles(MainUpdater.java:2520)
2026-04-08 16:04:31,167 [ERROR] LogOutputStream:75 - [STDERR_REDIRECT] 	at com.st.microxplorer.plugins.updater.Updater.getSpecificTask(Updater.java:409)
2026-04-08 16:04:31,167 [ERROR] LogOutputStream:75 - [STDERR_REDIRECT] 	at com.st.microxplorer.mcufinder.gui.WebUtils.downloadDbFile(WebUtils.java:624)
2026-04-08 16:04:31,168 [ERROR] LogOutputStream:75 - [STDERR_REDIRECT] 	at com.st.microxplorer.mcufinder.gui.WebUtils.downloadDbFiles(WebUtils.java:756)
2026-04-08 16:04:31,168 [ERROR] LogOutputStream:75 - [STDERR_REDIRECT] 	at com.st.stm32cube.common.mx.targetselector.TargetSelectorAdapter$5.run(TargetSelectorAdapter.java:257)
2026-04-08 16:04:31,168 [ERROR] LogOutputStream:75 - [STDERR_REDIRECT] 	at com.st.stm32cube.common.mx.oss.core.awtswtbridge.AwtEnvironment$2.run(AwtEnvironment.java:166)
2026-04-08 16:04:31,168 [ERROR] LogOutputStream:75 - [STDERR_REDIRECT] 	at java.desktop/java.awt.event.InvocationEvent.dispatch(InvocationEvent.java:318)
2026-04-08 16:04:31,168 [ERROR] LogOutputStream:75 - [STDERR_REDIRECT] 	at java.desktop/java.awt.EventQueue.dispatchEventImpl(EventQueue.java:773)
2026-04-08 16:04:31,168 [ERROR] LogOutputStream:75 - [STDERR_REDIRECT] 	at java.desktop/java.awt.EventQueue$4.run(EventQueue.java:720)
2026-04-08 16:04:31,168 [ERROR] LogOutputStream:75 - [STDERR_REDIRECT] 	at java.desktop/java.awt.EventQueue$4.run(EventQueue.java:714)
2026-04-08 16:04:31,168 [ERROR] LogOutputStream:75 - [STDERR_REDIRECT] 	at java.base/java.security.AccessController.doPrivileged(AccessController.java:400)
2026-04-08 16:04:31,169 [ERROR] LogOutputStream:75 - [STDERR_REDIRECT] 	at java.base/java.security.ProtectionDomain$JavaSecurityAccessImpl.doIntersectionPrivilege(ProtectionDomain.java:87)
2026-04-08 16:04:31,169 [ERROR] LogOutputStream:75 - [STDERR_REDIRECT] 	at java.desktop/java.awt.EventQueue.dispatchEvent(EventQueue.java:742)
2026-04-08 16:04:31,169 [ERROR] LogOutputStream:75 - [STDERR_REDIRECT] 	at java.desktop/java.awt.EventDispatchThread.pumpOneEventForFilters(EventDispatchThread.java:203)
2026-04-08 16:04:31,169 [ERROR] LogOutputStream:75 - [STDERR_REDIRECT] 	at java.desktop/java.awt.EventDispatchThread.pumpEventsForFilter(EventDispatchThread.java:124)
2026-04-08 16:04:31,169 [ERROR] LogOutputStream:75 - [STDERR_REDIRECT] 	at java.desktop/java.awt.EventDispatchThread.pumpEventsForHierarchy(EventDispatchThread.java:113)
2026-04-08 16:04:31,169 [ERROR] LogOutputStream:75 - [STDERR_REDIRECT] 	at java.desktop/java.awt.EventDispatchThread.pumpEvents(EventDispatchThread.java:109)
2026-04-08 16:04:31,169 [ERROR] LogOutputStream:75 - [STDERR_REDIRECT] 	at java.desktop/java.awt.EventDispatchThread.pumpEvents(EventDispatchThread.java:101)
2026-04-08 16:04:31,169 [ERROR] LogOutputStream:75 - [STDERR_REDIRECT] 	at java.desktop/java.awt.EventDispatchThread.run(EventDispatchThread.java:90)
2026-04-08 16:04:31,273 [INFO] LoadUrlFilesThread:156 - End of LoadUrlFiles Thread
2026-04-08 16:04:31,864 [INFO] ServerAccessManage:452 - Complete download http(s) 200
2026-04-08 16:04:31,870 [INFO] ServerAccessManage:509 - Download File cube-finder-db.zip
2026-04-08 16:04:33,483 [INFO] FileExtend:248 - Unzip File : cube-finder-db.zip
2026-04-08 16:04:33,484 [INFO] FileExtend:263 - Standard Zip Deflate
2026-04-08 16:04:33,929 [INFO] LoadUrlFilesThread:156 - End of LoadUrlFiles Thread
2026-04-08 16:04:34,564 [INFO] ServerAccessManage:452 - Complete download http(s) 200
2026-04-08 16:04:34,574 [INFO] ServerAccessManage:509 - Download File crdb.zip
2026-04-08 16:04:34,819 [INFO] FileExtend:248 - Unzip File : crdb.zip
2026-04-08 16:04:34,821 [INFO] FileExtend:263 - Standard Zip Deflate
2026-04-08 16:04:34,940 [INFO] LoadUrlFilesThread:156 - End of LoadUrlFiles Thread
2026-04-08 16:04:35,131 [INFO] ServerAccessManage:452 - Complete download http(s) 200
2026-04-08 16:04:35,134 [INFO] ServerAccessManage:509 - Download File tutoVideoDB.zip
2026-04-08 16:04:35,142 [INFO] FileExtend:248 - Unzip File : tutoVideoDB.zip
2026-04-08 16:04:35,142 [INFO] FileExtend:263 - Standard Zip Deflate
2026-04-08 16:04:35,252 [INFO] LoadUrlFilesThread:156 - End of LoadUrlFiles Thread
2026-04-08 16:04:35,254 [WARN] DbFile:41 - Overriding database path with different value: /Users/cristianpetramale/.stmcufinder/plugins/mcufinder/ => /Users/cristianpetramale/.stmcufinder/plugins/mcufinder
2026-04-08 16:04:35,450 [INFO] ServerAccessManage:452 - Complete download http(s) 200
2026-04-08 16:04:35,452 [INFO] ServerAccessManage:509 - Download File api_config.json
2026-04-08 16:04:35,559 [INFO] LoadUrlFilesThread:156 - End of LoadUrlFiles Thread
2026-04-08 16:04:35,560 [INFO] DbMcusAds:53 - JSON generation date=Tue Apr 07 09:33:18 CEST 2026 (1775547198697)
2026-04-08 16:04:35,627 [INFO] LoadUrlFilesThread:185 - End of LoadServerUrlFiles without Thread
2026-04-08 16:04:35,627 [INFO] TargetSelectorAdapter:259 - Refresh data is successful
2026-04-08 16:04:36,668 [INFO] ApiDb:581 - Connected to CubeFinder SQLite database (/Users/cristianpetramale/.stmcufinder/plugins/mcufinder/mcu/cube-finder-db.db)
2026-04-08 16:04:36,707 [INFO] ApiDb:668 - CubeFinder database Data Model version=2.1
2026-04-08 16:04:36,707 [INFO] ApiDb:669 - CubeFinder database Configuration version=3.0.42
2026-04-08 16:04:36,707 [INFO] ApiDb:670 - CubeFinder database generation date=2026-03-11 (1773229989)
2026-04-08 16:04:36,707 [INFO] ApiDb:671 - CubeFinder database FW Pack versions=[FP-ATR-ASTRA1_V2.0.0, FP-SNS-FLIGHT1_V5.1.0, FP-SNS-MOTENV1_V5.1.0, FP-SNS-MOTENVWB1_V1.5.0, FP-SNS-SMARTAG2_V1.2.0, FP-SNS-STBOX1_V2.1.0, STM32Cube_FW_C0_V1.4.0, STM32Cube_FW_F4_V1.28.3, STM32Cube_FW_F7_V1.17.4, STM32Cube_FW_G0_V1.6.3, STM32Cube_FW_G4_V1.6.2, STM32Cube_FW_H5_V1.6.0, STM32Cube_FW_H7RS_V1.3.0, STM32Cube_FW_H7_V1.13.0, STM32Cube_FW_L0_V1.12.2, STM32Cube_FW_L4_V1.18.2, STM32Cube_FW_L5_V1.6.0, STM32Cube_FW_N6_V1.3.0, STM32Cube_FW_U0_V1.3.0, STM32Cube_FW_U3_V1.3.0, STM32Cube_FW_U5_V1.8.0, STM32Cube_FW_WB0_V1.4.0, STM32Cube_FW_WBA_V1.9.0, STM32Cube_FW_WB_V1.24.0, STM32Cube_FW_WL3_V1.4.0, STM32Cube_FW_WL_V1.5.0, X-CUBE-ALGOBUILD_V1.4.0, X-CUBE-ALS_V1.0.2, X-CUBE-AZRTOS-F4_V1.1.0, X-CUBE-AZRTOS-F7_V1.1.0, X-CUBE-AZRTOS-G0_V1.1.0, X-CUBE-AZRTOS-G4_V2.0.0, X-CUBE-AZRTOS-H7RS_V1.1.0, X-CUBE-AZRTOS-H7_V3.4.0, X-CUBE-AZRTOS-L4_V2.0.0, X-CUBE-AZRTOS-L5_V2.0.0, X-CUBE-AZRTOS-WB_V2.0.0, X-CUBE-AZRTOS-WL_V2.0.0, X-CUBE-BLE1_V7.1.0, X-CUBE-BLE2_V3.3.0, X-CUBE-BLEMGR_V4.1.0, X-CUBE-EEPRMA1_V5.2.0, X-CUBE-FREERTOS_V1.5.0, X-CUBE-GNSS1_V6.0.0, X-CUBE-MEMS1_V12.0.0, X-CUBE-NFC4_V3.0.0, X-CUBE-NFC7_V2.0.0, X-CUBE-SFXS2LP1_V4.0.0, X-CUBE-ST67W61_V1.2.0, X-CUBE-SUBG2_V5.0.0, X-CUBE-TOF1_V3.4.3]
2026-04-08 16:04:38,050 [INFO] ApiDb:240 - Found 880 in-development CPN: [B-G473E-ZEST1S, B-WB1M-WPAN1, B-WBA5M-WPAN, B-WL5M-SUBG1, NUCLEO-C031C6, NUCLEO-C051C8, NUCLEO-C071RB, NUCLEO-C092RC, NUCLEO-H503RB, NUCLEO-H533RE, NUCLEO-H563ZI, NUCLEO-H7S3L8, NUCLEO-N657X0-Q, NUCLEO-U031R8, NUCLEO-U083RC, NUCLEO-U385RG-Q, NUCLEO-U545RE-Q, NUCLEO-U5A5ZJ-Q, NUCLEO-WB05KZ, NUCLEO-WB07CC, NUCLEO-WB09KE, NUCLEO-WBA52CG, NUCLEO-WBA55CG, NUCLEO-WL33CC1, NUCLEO-WL33CC2, STEVAL-PROTEUS1, STEVAL-SMARTAG2, STEVAL-STWINBX1, STM320518-EVAL, STM32C0116-DK, STM32C011D6Y3TR, STM32C011D6Y6TR, STM32C011F4P3, STM32C011F4P6, STM32C011F4U3, STM32C011F4U6TR, STM32C011F6P3, STM32C011F6P6, STM32C011F6U3, STM32C011F6U6TR, STM32C011J4M3, STM32C011J4M6, STM32C011J6M3, STM32C011J6M6, STM32C0316-DK, STM32C031C4T3, STM32C031C4T6, STM32C031C4U3, STM32C031C4U6, STM32C031C6T3, STM32C031C6T6, STM32C031C6U3, STM32C031C6U6, STM32C031F4P3, STM32C031F4P6, STM32C031F6P3, STM32C031F6P6, STM32C031G4U3, STM32C031G4U6, STM32C031G6U3, STM32C031G6U6, STM32C031K4T3, STM32C031K4T6, STM32C031K4U3, STM32C031K4U6, STM32C031K6T3, STM32C031K6T6, STM32C031K6U3, STM32C031K6U6, STM32C051C6T6, STM32C051C6U6, STM32C051C8T6, STM32C051C8U6, STM32C051D8Y6TR, STM32C051F6P6, STM32C051F8P6, STM32C051G6U6, STM32C051G8U6, STM32C051K6T6, STM32C051K6U6, STM32C051K8T6, STM32C071C8T6, STM32C071C8T6N, STM32C071C8U6, STM32C071C8U6N, STM32C071CBT6, STM32C071CBT6N, STM32C071CBU6, STM32C071CBU6N, STM32C071F8P6, STM32C071F8P6N, STM32C071FBP6, STM32C071FBP6N, STM32C071FBY6TR, STM32C071G8U6, STM32C071G8U6N, STM32C071GBU6, STM32C071GBU6N, STM32C071K8T6, STM32C071K8T6N, STM32C071K8U6, STM32C071K8U6N, STM32C071KBT6, STM32C071KBT6N, STM32C071KBU6, STM32C071KBU6N, STM32C071R8T6, STM32C071R8T6N, STM32C071RBI6N, STM32C071RBT6, STM32C071RBT6N, STM32C091CBT6, STM32C091CBU6, STM32C091CCT6, STM32C091CCU6, STM32C091ECY6TR, STM32C091FBP6, STM32C091FCP6, STM32C091GBU6, STM32C091GCU6, STM32C091KBT6, STM32C091KBU6, STM32C091KCT6, STM32C091KCU6, STM32C091RBT6, STM32C091RCI6, STM32C091RCT6, STM32C092CBT6, STM32C092CBU6, STM32C092CCT6, STM32C092CCU6, STM32C092ECY6TR, STM32C092FBP6, STM32C092FCP6, STM32C092GBU6, STM32C092GCU6, STM32C092KBT6, STM32C092KBU6, STM32C092KCT6, STM32C092KCU6, STM32C092RBT6, STM32C092RCI6, STM32C092RCT6, STM32G071K8TXN, STM32G071K8UXN, STM32G081GBU6N, STM32G081KBT6N, STM32G081KBUXN, STM32G0B1CCT6N, STM32G0B1KCT6, STM32G0B1NEY6TR, STM32G0B1RCT6N, STM32G0C1CCT6, STM32G0C1CCT6N, STM32G0C1CCU6N, STM32G0C1CET6N, STM32G0C1CEU6N, STM32G0C1KCT6, STM32G0C1NEY6TR, STM32G0C1RCI6N, STM32G0C1RCT6N, STM32G0C1REI6N, STM32G0C1RET6N, STM32G0C1VCI6, STM32G0C1VEI6, STM32G411C6T3, STM32G411C6T6, STM32G411C6U3, STM32G411C6U6, STM32G411C8T3, STM32G411C8T6, STM32G411C8U3, STM32G411C8U6, STM32G411CBT3, STM32G411CBT6, STM32G411CBU3, STM32G411CBU6, STM32G411K6T3, STM32G411K6T6, STM32G411K6U3, STM32G411K6U6, STM32G411K8T3, STM32G411K8T6, STM32G411K8U3, STM32G411K8U6, STM32G411KBT3, STM32G411KBT6, STM32G411KBU3, STM32G411KBU6, STM32G411M6T3, STM32G411M6T6, STM32G411M8T3, STM32G411M8T6, STM32G411MBT3, STM32G411MBT6, STM32G411R6T3, STM32G411R6T6, STM32G411R8T3, STM32G411R8T6, STM32G411RBT3, STM32G411RBT6, STM32G414CBT3, STM32G414CBT6, STM32G414CBU3, STM32G414CBU6, STM32G414CCT3, STM32G414CCT6, STM32G414CCU3, STM32G414CCU6, STM32G414MBT3, STM32G414MBT6, STM32G414MCT3, STM32G414MCT6, STM32G414RBT3, STM32G414RBT6, STM32G414RCT3, STM32G414RCT6, STM32G414VBT3, STM32G414VBT6, STM32G414VCT3, STM32G414VCT6, STM32G431CBT3Z, STM32G431RBT3Z, STM32G471CCT6, STM32G471CCU6, STM32G471CET3, STM32G471CET6, STM32G471CEU3, STM32G471CEU6, STM32G471MCT6, STM32G471MET3, STM32G471MET6, STM32G471MEY6TR, STM32G471QCT6, STM32G471QET3, STM32G471RCT6, STM32G471RET3, STM32G471RET6, STM32G471VCH6, STM32G471VCI6, STM32G471VCT6, STM32G471VEH3, STM32G471VEH6, STM32G471VEI3, STM32G471VEI6, STM32G471VET3, STM32G471VET6, STM32G473QET3Z, STM32G473RET3Z, STM32G474CCT6, STM32G491RET3Z, STM32H503CBT6, STM32H503CBU6, STM32H503EBY6TR, STM32H503KBU6, STM32H503RBT6, STM32H523CCT6, STM32H523CCU6, STM32H523CET6, STM32H523CEU6, STM32H523HEY6TR, STM32H523RCT6, STM32H523RET6, STM32H523VCI6, STM32H523VCT6, STM32H523VEI6, STM32H523VET6, STM32H523ZCJ6, STM32H523ZCT6, STM32H523ZEJ6, STM32H523ZET6, STM32H533CET6, STM32H533CEU6, STM32H533HEY6TR, STM32H533RET6, STM32H533VEI6, STM32H533VET6, STM32H533ZEJ6, STM32H533ZET6, STM32H562AGI6, STM32H562AII6, STM32H562IGK6, STM32H562IGT6, STM32H562IIK6, STM32H562IIT6, STM32H562RGT6, STM32H562RGV6, STM32H562RIT6, STM32H562RIV6, STM32H562VGT6, STM32H562VIT6, STM32H562ZGT6, STM32H562ZIT6, STM32H563AGI6, STM32H563AII3Q, STM32H563AII6, STM32H563IGK6, STM32H563IGT6, STM32H563IIK3Q, STM32H563IIK6, STM32H563IIT3Q, STM32H563IIT6, STM32H563MIY3QTR, STM32H563RGT6, STM32H563RGV6, STM32H563RIT6, STM32H563RIV6, STM32H563VGT6, STM32H563VIT3Q, STM32H563VIT6, STM32H563ZGT6, STM32H563ZIT3Q, STM32H563ZIT6, STM32H573AII3Q, STM32H573AII6, STM32H573I-DK, STM32H573IIK3Q, STM32H573IIK6, STM32H573IIT3Q, STM32H573IIT6, STM32H573MIY3QTR, STM32H573RIT6, STM32H573RIV6, STM32H573VIT3Q, STM32H573VIT6, STM32H573ZIT3Q, STM32H573ZIT6, STM32H7R3A8I6, STM32H7R3I8K6, STM32H7R3I8T6, STM32H7R3L8H6, STM32H7R3L8H6H, STM32H7R3R8V6, STM32H7R3V8H6, STM32H7R3V8T6, STM32H7R3V8Y6TR, STM32H7R3Z8J6, STM32H7R3Z8T6, STM32H7R7A8I6, STM32H7R7I8K6, STM32H7R7I8T6, STM32H7R7L8H6, STM32H7R7L8H6H, STM32H7R7Z8J6, STM32H7S3A8I6, STM32H7S3I8K6, STM32H7S3I8T6, STM32H7S3L8H6, STM32H7S3L8H6H, STM32H7S3R8V6, STM32H7S3V8H6, STM32H7S3V8T6, STM32H7S3V8Y6TR, STM32H7S3Z8J6, STM32H7S3Z8T6, STM32H7S78-DK, STM32H7S7A8I6, STM32H7S7I8K6, STM32H7S7I8T6, STM32H7S7L8H6, STM32H7S7L8H6H, STM32H7S7Z8J6, STM32L4R5QGI6STR, STM32MP131AAE3, STM32MP131AAF3, STM32MP131AAG3, STM32MP131CAE3, STM32MP131CAF3, STM32MP131CAG3, STM32MP131DAE7, STM32MP131DAF7, STM32MP131DAG7, STM32MP131FAE7, STM32MP131FAF7, STM32MP131FAG7, STM32MP133AAE3, STM32MP133AAF3, STM32MP133AAG3, STM32MP133CAE3, STM32MP133CAF3, STM32MP133CAG3, STM32MP133DAE7, STM32MP133DAF7, STM32MP133DAG7, STM32MP133FAE7, STM32MP133FAF7, STM32MP133FAG7, STM32MP135AAE3, STM32MP135AAF3, STM32MP135AAG3, STM32MP135CAE3, STM32MP135CAF3, STM32MP135CAG3, STM32MP135DAE7, STM32MP135DAF7, STM32MP135DAG7, STM32MP135F-DK, STM32MP135FAE7, STM32MP135FAF7, STM32MP135FAF7T, STM32MP135FAF7U, STM32MP135FAG7, STM32MP211AAL3, STM32MP211AAM3, STM32MP211AAN3, STM32MP211AAO3, STM32MP211CAL3, STM32MP211CAM3, STM32MP211CAN3, STM32MP211CAO3, STM32MP211DAL3, STM32MP211DAM3, STM32MP211DAN3, STM32MP211DAO3, STM32MP211FAL3, STM32MP211FAM3, STM32MP211FAN3, STM32MP211FAO3, STM32MP213AAL3, STM32MP213AAM3, STM32MP213AAN3, STM32MP213AAO3, STM32MP213CAL3, STM32MP213CAM3, STM32MP213CAN3, STM32MP213CAO3, STM32MP213DAL3, STM32MP213DAM3, STM32MP213DAN3, STM32MP213DAO3, STM32MP213FAL3, STM32MP213FAM3, STM32MP213FAN3, STM32MP213FAO3, STM32MP215AAL3, STM32MP215AAM3, STM32MP215AAN3, STM32MP215AAO3, STM32MP215CAL3, STM32MP215CAM3, STM32MP215CAN3, STM32MP215CAO3, STM32MP215DAL3, STM32MP215DAM3, STM32MP215DAN3, STM32MP215DAO3, STM32MP215F-DK, STM32MP215FAL3, STM32MP215FAM3, STM32MP215FAN3, STM32MP215FAO3, STM32MP231AAJ3, STM32MP231AAK3, STM32MP231AAL3, STM32MP231CAJ3, STM32MP231CAK3, STM32MP231CAL3, STM32MP231DAJ3, STM32MP231DAK3, STM32MP231DAL3, STM32MP231FAJ3, STM32MP231FAK3, STM32MP231FAL3, STM32MP233AAJ3, STM32MP233AAK3, STM32MP233AAL3, STM32MP233CAJ3, STM32MP233CAK3, STM32MP233CAL3, STM32MP233DAJ3, STM32MP233DAK3, STM32MP233DAL3, STM32MP233FAJ3, STM32MP233FAK3, STM32MP233FAL3, STM32MP235AAJ3, STM32MP235AAK3, STM32MP235AAL3, STM32MP235CAJ3, STM32MP235CAK3, STM32MP235CAL3, STM32MP235DAJ3, STM32MP235DAK3, STM32MP235DAL3, STM32MP235FAJ3, STM32MP235FAK3, STM32MP235FAL3, STM32MP251AAI3, STM32MP251AAK3, STM32MP251AAL3, STM32MP251CAI3, STM32MP251CAK3, STM32MP251CAL3, STM32MP251DAI3, STM32MP251DAK3, STM32MP251DAL3, STM32MP251FAI3, STM32MP251FAK3, STM32MP251FAL3, STM32MP253AAI3, STM32MP253AAK3, STM32MP253AAL3, STM32MP253CAI3, STM32MP253CAK3, STM32MP253CAL3, STM32MP253DAI3, STM32MP253DAK3, STM32MP253DAL3, STM32MP253FAI3, STM32MP253FAK3, STM32MP253FAL3, STM32MP255AAI3, STM32MP255AAK3, STM32MP255AAL3, STM32MP255CAI3, STM32MP255CAK3, STM32MP255CAL3, STM32MP255DAI3, STM32MP255DAK3, STM32MP255DAL3, STM32MP255FAI3, STM32MP255FAK3, STM32MP255FAL3, STM32MP257AAI3, STM32MP257AAK3, STM32MP257AAL3, STM32MP257CAI3, STM32MP257CAK3, STM32MP257CAL3, STM32MP257DAI3, STM32MP257DAK3, STM32MP257DAL3, STM32MP257F-DK, STM32MP257F-EV1, STM32MP257FAI3, STM32MP257FAK3, STM32MP257FAL3, STM32N645A0H3Q, STM32N645B0H3Q, STM32N645I0H3Q, STM32N645L0H3Q, STM32N645X0H3Q, STM32N645Z0H3Q, STM32N647A0H3Q, STM32N647B0H3Q, STM32N647I0H3Q, STM32N647L0H3Q, STM32N647X0H3Q, STM32N647Z0H3Q, STM32N655A0H3Q, STM32N655B0H3Q, STM32N655I0H3Q, STM32N655L0H3Q, STM32N655X0H3Q, STM32N655Z0H3Q, STM32N6570-DK, STM32N657A0H3Q, STM32N657B0H3Q, STM32N657I0H3Q, STM32N657L0H3Q, STM32N657X0H3Q, STM32N657Z0H3Q, STM32U031C6T6, STM32U031C6U6, STM32U031C8T6, STM32U031C8U6, STM32U031F4P6, STM32U031F6P6, STM32U031F8P6, STM32U031G6Y6TR, STM32U031G8Y6TR, STM32U031K4U6, STM32U031K6U6, STM32U031K8U6, STM32U031R6I6, STM32U031R6T6, STM32U031R8I6, STM32U031R8T6, STM32U073C8T6, STM32U073C8U6, STM32U073CBT6, STM32U073CBU6, STM32U073CCT6, STM32U073CCU6, STM32U073H8Y6TR, STM32U073HBY6TR, STM32U073HCY6TR, STM32U073K8U6, STM32U073KBU6, STM32U073KCU6, STM32U073M8I6, STM32U073M8T6, STM32U073MBI6, STM32U073MBT6, STM32U073MCI6, STM32U073MCT6, STM32U073R8I6, STM32U073R8T6, STM32U073RBI6, STM32U073RBT6, STM32U073RCI6, STM32U073RCT6, STM32U083C-DK, STM32U083CCT6, STM32U083CCU6, STM32U083HCY6TR, STM32U083KCU6, STM32U083MCI6, STM32U083MCT6, STM32U083RCI6, STM32U083RCT6, STM32U375CET6, STM32U375CET6Q, STM32U375CEU6, STM32U375CEU6Q, STM32U375CEY6QTR, STM32U375CGT6, STM32U375CGT6Q, STM32U375CGU6, STM32U375CGU6Q, STM32U375CGY6QTR, STM32U375KEU6, STM32U375KGU6, STM32U375REI6, STM32U375REI6Q, STM32U375RET6, STM32U375RET6Q, STM32U375REY6GTR, STM32U375REY6QTR, STM32U375RGI6, STM32U375RGI6Q, STM32U375RGT6, STM32U375RGT6Q, STM32U375RGY6GTR, STM32U375RGY6QTR, STM32U375VEI6, STM32U375VEI6Q, STM32U375VET6, STM32U375VET6Q, STM32U375VGI6, STM32U375VGI6Q, STM32U375VGT6, STM32U375VGT6Q, STM32U385CGT6, STM32U385CGT6Q, STM32U385CGU6, STM32U385CGU6Q, STM32U385CGY6QTR, STM32U385KGU6, STM32U385RGI6, STM32U385RGI6Q, STM32U385RGT6, STM32U385RGT6Q, STM32U385RGY6GTR, STM32U385RGY6QTR, STM32U385VGI6, STM32U385VGI6Q, STM32U385VGT6, STM32U385VGT6Q, STM32U535CBT6, STM32U535CBT6Q, STM32U535CBU6, STM32U535CBU6Q, STM32U535CCT6, STM32U535CCT6Q, STM32U535CCU6, STM32U535CCU6Q, STM32U535CET6, STM32U535CET6Q, STM32U535CEU6, STM32U535CEU6Q, STM32U535JEY6QTR, STM32U535NCY6QTR, STM32U535NEY6QTR, STM32U535RBI6, STM32U535RBI6Q, STM32U535RBT6, STM32U535RBT6Q, STM32U535RCI6, STM32U535RCI6Q, STM32U535RCT6, STM32U535RCT6Q, STM32U535REI6, STM32U535REI6Q, STM32U535RET6, STM32U535RET6Q, STM32U535VCI6, STM32U535VCI6Q, STM32U535VCT6, STM32U535VCT6Q, STM32U535VEI6, STM32U535VEI6Q, STM32U535VET6, STM32U535VET6Q, STM32U545CET6, STM32U545CET6Q, STM32U545CEU6, STM32U545CEU6Q, STM32U545JEY6QTR, STM32U545NEY6QTR, STM32U545REI6, STM32U545REI6Q, STM32U545RET6, STM32U545RET6Q, STM32U545VEI6, STM32U545VEI6Q, STM32U545VET6, STM32U545VET6Q, STM32U595AIH6, STM32U595AIH6Q, STM32U595AJH6, STM32U595AJH6Q, STM32U595QII6, STM32U595QII6Q, STM32U595QJI6, STM32U595QJI6Q, STM32U595RIT6, STM32U595RIT6Q, STM32U595RJT6, STM32U595RJT6Q, STM32U595VIT6, STM32U595VIT6Q, STM32U595VJT6, STM32U595VJT6Q, STM32U595ZIT6, STM32U595ZIT6Q, STM32U595ZIY6QTR, STM32U595ZJT6, STM32U595ZJT6Q, STM32U595ZJY6QTR, STM32U599BJY6QTR, STM32U599NIH6Q, STM32U599NJH6Q, STM32U599VIT6Q, STM32U599VJT6, STM32U599VJT6Q, STM32U599ZIT6Q, STM32U599ZIY6QTR, STM32U599ZJT6Q, STM32U599ZJY6QTR, STM32U5A5AJH6, STM32U5A5AJH6Q, STM32U5A5QII3Q , STM32U5A5QJI6, STM32U5A5QJI6Q, STM32U5A5RJT6, STM32U5A5RJT6Q, STM32U5A5VJT6, STM32U5A5VJT6Q, STM32U5A5ZJT6, STM32U5A5ZJT6Q, STM32U5A5ZJY6QTR, STM32U5A9BJY6QTR, STM32U5A9J-DK, STM32U5A9NJH6Q, STM32U5A9VJT6Q, STM32U5A9ZJT6Q, STM32U5A9ZJY6QTR, STM32U5F7VIT6, STM32U5F7VIT6Q, STM32U5F7VJT6, STM32U5F7VJT6Q, STM32U5F9BJY6QTR, STM32U5F9NJH6Q, STM32U5F9VIT6Q, STM32U5F9VJT6Q, STM32U5F9ZIJ6QTR, STM32U5F9ZIT6Q, STM32U5F9ZJJ6QTR, STM32U5F9ZJT6Q, STM32U5G7VJT6, STM32U5G7VJT6Q, STM32U5G9BJY6QTR, STM32U5G9J-DK1, STM32U5G9J-DK2, STM32U5G9NJH6Q, STM32U5G9VJT6Q, STM32U5G9ZJJ6QTR, STM32U5G9ZJT6Q, STM32WB05KZV6TR, STM32WB05KZV7TR, STM32WB05TZF6TR, STM32WB05TZF7TR, STM32WB06CCF6TR, STM32WB06CCF7TR, STM32WB06CCV6TR, STM32WB06CCV7TR, STM32WB06KCV6TR, STM32WB06KCV7TR, STM32WB07CCF6TR, STM32WB07CCF7TR, STM32WB07CCV6TR, STM32WB07CCV7TR, STM32WB07KCV6TR, STM32WB07KCV7TR, STM32WB09KEV6TR, STM32WB09KEV7TR, STM32WB09TEF6TR, STM32WB09TEF7TR, STM32WB1MMCH6, STM32WBA50KGU6, STM32WBA50KGU6TR, STM32WBA52CEU6, STM32WBA52CEU6TR, STM32WBA52CEU7, STM32WBA52CEU7TR, STM32WBA52CGU6, STM32WBA52CGU6TR, STM32WBA52CGU6U, STM32WBA52CGU7, STM32WBA52CGU7TR, STM32WBA52KEU6, STM32WBA52KEU6TR, STM32WBA52KGU6, STM32WBA52KGU6TR, STM32WBA54CEU6, STM32WBA54CEU6TR, STM32WBA54CEU7, STM32WBA54CEU7TR, STM32WBA54CGU6, STM32WBA54CGU6TR, STM32WBA54CGU7, STM32WBA54CGU7TR, STM32WBA54KEU6, STM32WBA54KEU6TR, STM32WBA54KEU7, STM32WBA54KEU7TR, STM32WBA54KGU6, STM32WBA54KGU6TR, STM32WBA54KGU7, STM32WBA54KGU7TR, STM32WBA55CEU6, STM32WBA55CEU6TR, STM32WBA55CEU7, STM32WBA55CEU7TR, STM32WBA55CGU6, STM32WBA55CGU6TR, STM32WBA55CGU6U, STM32WBA55CGU7, STM32WBA55CGU7TR, STM32WBA55G-DK1, STM32WBA55HEF6, STM32WBA55HEF7, STM32WBA55HGF6, STM32WBA55HGF7, STM32WBA55UEI6, STM32WBA55UEI6TR, STM32WBA55UEI7, STM32WBA55UEI7TR, STM32WBA55UGI6, STM32WBA55UGI6TR, STM32WBA55UGI7, STM32WBA55UGI7TR, STM32WBA5MMGH6TR, STM32WBA62MGF6, STM32WBA62MIF6, STM32WBA65MGF7, STM32WBA65MIF6, STM32WBA65MIF7, STM32WL30K8V6, STM32WL30KBV6, STM32WL31C8V6, STM32WL31CBV6, STM32WL31K8V6, STM32WL31KBV6, STM32WL33C8V6, STM32WL33C8V6X, STM32WL33CBV6, STM32WL33CBV6X, STM32WL33CCV6, STM32WL33CCV6A, STM32WL33CCV6X, STM32WL33K8V7, STM32WL33K8V7X, STM32WL33KBV7 , STM32WL33KBV7X, STM32WL33KCV7, STM32WL33KCV7X, STM32WL5MOCH6, STM32WL5MOCH6TR]
2026-04-08 16:04:38,057 [INFO] DbMcus:218 - Found 5055 MCUs, 4968 are supported
2026-04-08 16:04:38,058 [INFO] ApiDb:423 - Load user favorites file /Users/cristianpetramale/.stm32cubeide/favorites.mcus.txt: 0 item(s)
2026-04-08 16:04:38,058 [INFO] ApiDb:427 - User favorites MCUs=[]
2026-04-08 16:04:38,058 [INFO] DbMcus:224 - Set 0 / 0 favorites MCUs
2026-04-08 16:04:38,401 [INFO] ApiDb:668 - CubeFinder database Data Model version=2.1
2026-04-08 16:04:38,401 [INFO] ApiDb:669 - CubeFinder database Configuration version=3.0.42
2026-04-08 16:04:38,401 [INFO] ApiDb:670 - CubeFinder database generation date=2026-03-11 (1773229989)
2026-04-08 16:04:38,401 [INFO] ApiDb:671 - CubeFinder database FW Pack versions=[FP-ATR-ASTRA1_V2.0.0, FP-SNS-FLIGHT1_V5.1.0, FP-SNS-MOTENV1_V5.1.0, FP-SNS-MOTENVWB1_V1.5.0, FP-SNS-SMARTAG2_V1.2.0, FP-SNS-STBOX1_V2.1.0, STM32Cube_FW_C0_V1.4.0, STM32Cube_FW_F4_V1.28.3, STM32Cube_FW_F7_V1.17.4, STM32Cube_FW_G0_V1.6.3, STM32Cube_FW_G4_V1.6.2, STM32Cube_FW_H5_V1.6.0, STM32Cube_FW_H7RS_V1.3.0, STM32Cube_FW_H7_V1.13.0, STM32Cube_FW_L0_V1.12.2, STM32Cube_FW_L4_V1.18.2, STM32Cube_FW_L5_V1.6.0, STM32Cube_FW_N6_V1.3.0, STM32Cube_FW_U0_V1.3.0, STM32Cube_FW_U3_V1.3.0, STM32Cube_FW_U5_V1.8.0, STM32Cube_FW_WB0_V1.4.0, STM32Cube_FW_WBA_V1.9.0, STM32Cube_FW_WB_V1.24.0, STM32Cube_FW_WL3_V1.4.0, STM32Cube_FW_WL_V1.5.0, X-CUBE-ALGOBUILD_V1.4.0, X-CUBE-ALS_V1.0.2, X-CUBE-AZRTOS-F4_V1.1.0, X-CUBE-AZRTOS-F7_V1.1.0, X-CUBE-AZRTOS-G0_V1.1.0, X-CUBE-AZRTOS-G4_V2.0.0, X-CUBE-AZRTOS-H7RS_V1.1.0, X-CUBE-AZRTOS-H7_V3.4.0, X-CUBE-AZRTOS-L4_V2.0.0, X-CUBE-AZRTOS-L5_V2.0.0, X-CUBE-AZRTOS-WB_V2.0.0, X-CUBE-AZRTOS-WL_V2.0.0, X-CUBE-BLE1_V7.1.0, X-CUBE-BLE2_V3.3.0, X-CUBE-BLEMGR_V4.1.0, X-CUBE-EEPRMA1_V5.2.0, X-CUBE-FREERTOS_V1.5.0, X-CUBE-GNSS1_V6.0.0, X-CUBE-MEMS1_V12.0.0, X-CUBE-NFC4_V3.0.0, X-CUBE-NFC7_V2.0.0, X-CUBE-SFXS2LP1_V4.0.0, X-CUBE-ST67W61_V1.2.0, X-CUBE-SUBG2_V5.0.0, X-CUBE-TOF1_V3.4.3]
2026-04-08 16:04:38,432 [INFO] DbBoardsSqlite:226 - include board P-NUCLEO-WB55-NUCLEO as a kit item of type 'Nucleo-64'
2026-04-08 16:04:38,432 [INFO] DbBoardsSqlite:226 - include board P-NUCLEO-WB55-USBDONGLE as a kit item of type 'Nucleo USB Dongle'
2026-04-08 16:04:38,432 [INFO] DbBoardsSqlite:226 - include board STEVAL-IDP005V1 as a kit item of type 'Evaluation Board'
2026-04-08 16:04:38,432 [INFO] DbBoardsSqlite:226 - include board STEVAL-IDP005V2 as a kit item of type 'Evaluation Board'
2026-04-08 16:04:38,458 [INFO] ApiDb:240 - Found 880 in-development CPN: [B-G473E-ZEST1S, B-WB1M-WPAN1, B-WBA5M-WPAN, B-WL5M-SUBG1, NUCLEO-C031C6, NUCLEO-C051C8, NUCLEO-C071RB, NUCLEO-C092RC, NUCLEO-H503RB, NUCLEO-H533RE, NUCLEO-H563ZI, NUCLEO-H7S3L8, NUCLEO-N657X0-Q, NUCLEO-U031R8, NUCLEO-U083RC, NUCLEO-U385RG-Q, NUCLEO-U545RE-Q, NUCLEO-U5A5ZJ-Q, NUCLEO-WB05KZ, NUCLEO-WB07CC, NUCLEO-WB09KE, NUCLEO-WBA52CG, NUCLEO-WBA55CG, NUCLEO-WL33CC1, NUCLEO-WL33CC2, STEVAL-PROTEUS1, STEVAL-SMARTAG2, STEVAL-STWINBX1, STM320518-EVAL, STM32C0116-DK, STM32C011D6Y3TR, STM32C011D6Y6TR, STM32C011F4P3, STM32C011F4P6, STM32C011F4U3, STM32C011F4U6TR, STM32C011F6P3, STM32C011F6P6, STM32C011F6U3, STM32C011F6U6TR, STM32C011J4M3, STM32C011J4M6, STM32C011J6M3, STM32C011J6M6, STM32C0316-DK, STM32C031C4T3, STM32C031C4T6, STM32C031C4U3, STM32C031C4U6, STM32C031C6T3, STM32C031C6T6, STM32C031C6U3, STM32C031C6U6, STM32C031F4P3, STM32C031F4P6, STM32C031F6P3, STM32C031F6P6, STM32C031G4U3, STM32C031G4U6, STM32C031G6U3, STM32C031G6U6, STM32C031K4T3, STM32C031K4T6, STM32C031K4U3, STM32C031K4U6, STM32C031K6T3, STM32C031K6T6, STM32C031K6U3, STM32C031K6U6, STM32C051C6T6, STM32C051C6U6, STM32C051C8T6, STM32C051C8U6, STM32C051D8Y6TR, STM32C051F6P6, STM32C051F8P6, STM32C051G6U6, STM32C051G8U6, STM32C051K6T6, STM32C051K6U6, STM32C051K8T6, STM32C071C8T6, STM32C071C8T6N, STM32C071C8U6, STM32C071C8U6N, STM32C071CBT6, STM32C071CBT6N, STM32C071CBU6, STM32C071CBU6N, STM32C071F8P6, STM32C071F8P6N, STM32C071FBP6, STM32C071FBP6N, STM32C071FBY6TR, STM32C071G8U6, STM32C071G8U6N, STM32C071GBU6, STM32C071GBU6N, STM32C071K8T6, STM32C071K8T6N, STM32C071K8U6, STM32C071K8U6N, STM32C071KBT6, STM32C071KBT6N, STM32C071KBU6, STM32C071KBU6N, STM32C071R8T6, STM32C071R8T6N, STM32C071RBI6N, STM32C071RBT6, STM32C071RBT6N, STM32C091CBT6, STM32C091CBU6, STM32C091CCT6, STM32C091CCU6, STM32C091ECY6TR, STM32C091FBP6, STM32C091FCP6, STM32C091GBU6, STM32C091GCU6, STM32C091KBT6, STM32C091KBU6, STM32C091KCT6, STM32C091KCU6, STM32C091RBT6, STM32C091RCI6, STM32C091RCT6, STM32C092CBT6, STM32C092CBU6, STM32C092CCT6, STM32C092CCU6, STM32C092ECY6TR, STM32C092FBP6, STM32C092FCP6, STM32C092GBU6, STM32C092GCU6, STM32C092KBT6, STM32C092KBU6, STM32C092KCT6, STM32C092KCU6, STM32C092RBT6, STM32C092RCI6, STM32C092RCT6, STM32G071K8TXN, STM32G071K8UXN, STM32G081GBU6N, STM32G081KBT6N, STM32G081KBUXN, STM32G0B1CCT6N, STM32G0B1KCT6, STM32G0B1NEY6TR, STM32G0B1RCT6N, STM32G0C1CCT6, STM32G0C1CCT6N, STM32G0C1CCU6N, STM32G0C1CET6N, STM32G0C1CEU6N, STM32G0C1KCT6, STM32G0C1NEY6TR, STM32G0C1RCI6N, STM32G0C1RCT6N, STM32G0C1REI6N, STM32G0C1RET6N, STM32G0C1VCI6, STM32G0C1VEI6, STM32G411C6T3, STM32G411C6T6, STM32G411C6U3, STM32G411C6U6, STM32G411C8T3, STM32G411C8T6, STM32G411C8U3, STM32G411C8U6, STM32G411CBT3, STM32G411CBT6, STM32G411CBU3, STM32G411CBU6, STM32G411K6T3, STM32G411K6T6, STM32G411K6U3, STM32G411K6U6, STM32G411K8T3, STM32G411K8T6, STM32G411K8U3, STM32G411K8U6, STM32G411KBT3, STM32G411KBT6, STM32G411KBU3, STM32G411KBU6, STM32G411M6T3, STM32G411M6T6, STM32G411M8T3, STM32G411M8T6, STM32G411MBT3, STM32G411MBT6, STM32G411R6T3, STM32G411R6T6, STM32G411R8T3, STM32G411R8T6, STM32G411RBT3, STM32G411RBT6, STM32G414CBT3, STM32G414CBT6, STM32G414CBU3, STM32G414CBU6, STM32G414CCT3, STM32G414CCT6, STM32G414CCU3, STM32G414CCU6, STM32G414MBT3, STM32G414MBT6, STM32G414MCT3, STM32G414MCT6, STM32G414RBT3, STM32G414RBT6, STM32G414RCT3, STM32G414RCT6, STM32G414VBT3, STM32G414VBT6, STM32G414VCT3, STM32G414VCT6, STM32G431CBT3Z, STM32G431RBT3Z, STM32G471CCT6, STM32G471CCU6, STM32G471CET3, STM32G471CET6, STM32G471CEU3, STM32G471CEU6, STM32G471MCT6, STM32G471MET3, STM32G471MET6, STM32G471MEY6TR, STM32G471QCT6, STM32G471QET3, STM32G471RCT6, STM32G471RET3, STM32G471RET6, STM32G471VCH6, STM32G471VCI6, STM32G471VCT6, STM32G471VEH3, STM32G471VEH6, STM32G471VEI3, STM32G471VEI6, STM32G471VET3, STM32G471VET6, STM32G473QET3Z, STM32G473RET3Z, STM32G474CCT6, STM32G491RET3Z, STM32H503CBT6, STM32H503CBU6, STM32H503EBY6TR, STM32H503KBU6, STM32H503RBT6, STM32H523CCT6, STM32H523CCU6, STM32H523CET6, STM32H523CEU6, STM32H523HEY6TR, STM32H523RCT6, STM32H523RET6, STM32H523VCI6, STM32H523VCT6, STM32H523VEI6, STM32H523VET6, STM32H523ZCJ6, STM32H523ZCT6, STM32H523ZEJ6, STM32H523ZET6, STM32H533CET6, STM32H533CEU6, STM32H533HEY6TR, STM32H533RET6, STM32H533VEI6, STM32H533VET6, STM32H533ZEJ6, STM32H533ZET6, STM32H562AGI6, STM32H562AII6, STM32H562IGK6, STM32H562IGT6, STM32H562IIK6, STM32H562IIT6, STM32H562RGT6, STM32H562RGV6, STM32H562RIT6, STM32H562RIV6, STM32H562VGT6, STM32H562VIT6, STM32H562ZGT6, STM32H562ZIT6, STM32H563AGI6, STM32H563AII3Q, STM32H563AII6, STM32H563IGK6, STM32H563IGT6, STM32H563IIK3Q, STM32H563IIK6, STM32H563IIT3Q, STM32H563IIT6, STM32H563MIY3QTR, STM32H563RGT6, STM32H563RGV6, STM32H563RIT6, STM32H563RIV6, STM32H563VGT6, STM32H563VIT3Q, STM32H563VIT6, STM32H563ZGT6, STM32H563ZIT3Q, STM32H563ZIT6, STM32H573AII3Q, STM32H573AII6, STM32H573I-DK, STM32H573IIK3Q, STM32H573IIK6, STM32H573IIT3Q, STM32H573IIT6, STM32H573MIY3QTR, STM32H573RIT6, STM32H573RIV6, STM32H573VIT3Q, STM32H573VIT6, STM32H573ZIT3Q, STM32H573ZIT6, STM32H7R3A8I6, STM32H7R3I8K6, STM32H7R3I8T6, STM32H7R3L8H6, STM32H7R3L8H6H, STM32H7R3R8V6, STM32H7R3V8H6, STM32H7R3V8T6, STM32H7R3V8Y6TR, STM32H7R3Z8J6, STM32H7R3Z8T6, STM32H7R7A8I6, STM32H7R7I8K6, STM32H7R7I8T6, STM32H7R7L8H6, STM32H7R7L8H6H, STM32H7R7Z8J6, STM32H7S3A8I6, STM32H7S3I8K6, STM32H7S3I8T6, STM32H7S3L8H6, STM32H7S3L8H6H, STM32H7S3R8V6, STM32H7S3V8H6, STM32H7S3V8T6, STM32H7S3V8Y6TR, STM32H7S3Z8J6, STM32H7S3Z8T6, STM32H7S78-DK, STM32H7S7A8I6, STM32H7S7I8K6, STM32H7S7I8T6, STM32H7S7L8H6, STM32H7S7L8H6H, STM32H7S7Z8J6, STM32L4R5QGI6STR, STM32MP131AAE3, STM32MP131AAF3, STM32MP131AAG3, STM32MP131CAE3, STM32MP131CAF3, STM32MP131CAG3, STM32MP131DAE7, STM32MP131DAF7, STM32MP131DAG7, STM32MP131FAE7, STM32MP131FAF7, STM32MP131FAG7, STM32MP133AAE3, STM32MP133AAF3, STM32MP133AAG3, STM32MP133CAE3, STM32MP133CAF3, STM32MP133CAG3, STM32MP133DAE7, STM32MP133DAF7, STM32MP133DAG7, STM32MP133FAE7, STM32MP133FAF7, STM32MP133FAG7, STM32MP135AAE3, STM32MP135AAF3, STM32MP135AAG3, STM32MP135CAE3, STM32MP135CAF3, STM32MP135CAG3, STM32MP135DAE7, STM32MP135DAF7, STM32MP135DAG7, STM32MP135F-DK, STM32MP135FAE7, STM32MP135FAF7, STM32MP135FAF7T, STM32MP135FAF7U, STM32MP135FAG7, STM32MP211AAL3, STM32MP211AAM3, STM32MP211AAN3, STM32MP211AAO3, STM32MP211CAL3, STM32MP211CAM3, STM32MP211CAN3, STM32MP211CAO3, STM32MP211DAL3, STM32MP211DAM3, STM32MP211DAN3, STM32MP211DAO3, STM32MP211FAL3, STM32MP211FAM3, STM32MP211FAN3, STM32MP211FAO3, STM32MP213AAL3, STM32MP213AAM3, STM32MP213AAN3, STM32MP213AAO3, STM32MP213CAL3, STM32MP213CAM3, STM32MP213CAN3, STM32MP213CAO3, STM32MP213DAL3, STM32MP213DAM3, STM32MP213DAN3, STM32MP213DAO3, STM32MP213FAL3, STM32MP213FAM3, STM32MP213FAN3, STM32MP213FAO3, STM32MP215AAL3, STM32MP215AAM3, STM32MP215AAN3, STM32MP215AAO3, STM32MP215CAL3, STM32MP215CAM3, STM32MP215CAN3, STM32MP215CAO3, STM32MP215DAL3, STM32MP215DAM3, STM32MP215DAN3, STM32MP215DAO3, STM32MP215F-DK, STM32MP215FAL3, STM32MP215FAM3, STM32MP215FAN3, STM32MP215FAO3, STM32MP231AAJ3, STM32MP231AAK3, STM32MP231AAL3, STM32MP231CAJ3, STM32MP231CAK3, STM32MP231CAL3, STM32MP231DAJ3, STM32MP231DAK3, STM32MP231DAL3, STM32MP231FAJ3, STM32MP231FAK3, STM32MP231FAL3, STM32MP233AAJ3, STM32MP233AAK3, STM32MP233AAL3, STM32MP233CAJ3, STM32MP233CAK3, STM32MP233CAL3, STM32MP233DAJ3, STM32MP233DAK3, STM32MP233DAL3, STM32MP233FAJ3, STM32MP233FAK3, STM32MP233FAL3, STM32MP235AAJ3, STM32MP235AAK3, STM32MP235AAL3, STM32MP235CAJ3, STM32MP235CAK3, STM32MP235CAL3, STM32MP235DAJ3, STM32MP235DAK3, STM32MP235DAL3, STM32MP235FAJ3, STM32MP235FAK3, STM32MP235FAL3, STM32MP251AAI3, STM32MP251AAK3, STM32MP251AAL3, STM32MP251CAI3, STM32MP251CAK3, STM32MP251CAL3, STM32MP251DAI3, STM32MP251DAK3, STM32MP251DAL3, STM32MP251FAI3, STM32MP251FAK3, STM32MP251FAL3, STM32MP253AAI3, STM32MP253AAK3, STM32MP253AAL3, STM32MP253CAI3, STM32MP253CAK3, STM32MP253CAL3, STM32MP253DAI3, STM32MP253DAK3, STM32MP253DAL3, STM32MP253FAI3, STM32MP253FAK3, STM32MP253FAL3, STM32MP255AAI3, STM32MP255AAK3, STM32MP255AAL3, STM32MP255CAI3, STM32MP255CAK3, STM32MP255CAL3, STM32MP255DAI3, STM32MP255DAK3, STM32MP255DAL3, STM32MP255FAI3, STM32MP255FAK3, STM32MP255FAL3, STM32MP257AAI3, STM32MP257AAK3, STM32MP257AAL3, STM32MP257CAI3, STM32MP257CAK3, STM32MP257CAL3, STM32MP257DAI3, STM32MP257DAK3, STM32MP257DAL3, STM32MP257F-DK, STM32MP257F-EV1, STM32MP257FAI3, STM32MP257FAK3, STM32MP257FAL3, STM32N645A0H3Q, STM32N645B0H3Q, STM32N645I0H3Q, STM32N645L0H3Q, STM32N645X0H3Q, STM32N645Z0H3Q, STM32N647A0H3Q, STM32N647B0H3Q, STM32N647I0H3Q, STM32N647L0H3Q, STM32N647X0H3Q, STM32N647Z0H3Q, STM32N655A0H3Q, STM32N655B0H3Q, STM32N655I0H3Q, STM32N655L0H3Q, STM32N655X0H3Q, STM32N655Z0H3Q, STM32N6570-DK, STM32N657A0H3Q, STM32N657B0H3Q, STM32N657I0H3Q, STM32N657L0H3Q, STM32N657X0H3Q, STM32N657Z0H3Q, STM32U031C6T6, STM32U031C6U6, STM32U031C8T6, STM32U031C8U6, STM32U031F4P6, STM32U031F6P6, STM32U031F8P6, STM32U031G6Y6TR, STM32U031G8Y6TR, STM32U031K4U6, STM32U031K6U6, STM32U031K8U6, STM32U031R6I6, STM32U031R6T6, STM32U031R8I6, STM32U031R8T6, STM32U073C8T6, STM32U073C8U6, STM32U073CBT6, STM32U073CBU6, STM32U073CCT6, STM32U073CCU6, STM32U073H8Y6TR, STM32U073HBY6TR, STM32U073HCY6TR, STM32U073K8U6, STM32U073KBU6, STM32U073KCU6, STM32U073M8I6, STM32U073M8T6, STM32U073MBI6, STM32U073MBT6, STM32U073MCI6, STM32U073MCT6, STM32U073R8I6, STM32U073R8T6, STM32U073RBI6, STM32U073RBT6, STM32U073RCI6, STM32U073RCT6, STM32U083C-DK, STM32U083CCT6, STM32U083CCU6, STM32U083HCY6TR, STM32U083KCU6, STM32U083MCI6, STM32U083MCT6, STM32U083RCI6, STM32U083RCT6, STM32U375CET6, STM32U375CET6Q, STM32U375CEU6, STM32U375CEU6Q, STM32U375CEY6QTR, STM32U375CGT6, STM32U375CGT6Q, STM32U375CGU6, STM32U375CGU6Q, STM32U375CGY6QTR, STM32U375KEU6, STM32U375KGU6, STM32U375REI6, STM32U375REI6Q, STM32U375RET6, STM32U375RET6Q, STM32U375REY6GTR, STM32U375REY6QTR, STM32U375RGI6, STM32U375RGI6Q, STM32U375RGT6, STM32U375RGT6Q, STM32U375RGY6GTR, STM32U375RGY6QTR, STM32U375VEI6, STM32U375VEI6Q, STM32U375VET6, STM32U375VET6Q, STM32U375VGI6, STM32U375VGI6Q, STM32U375VGT6, STM32U375VGT6Q, STM32U385CGT6, STM32U385CGT6Q, STM32U385CGU6, STM32U385CGU6Q, STM32U385CGY6QTR, STM32U385KGU6, STM32U385RGI6, STM32U385RGI6Q, STM32U385RGT6, STM32U385RGT6Q, STM32U385RGY6GTR, STM32U385RGY6QTR, STM32U385VGI6, STM32U385VGI6Q, STM32U385VGT6, STM32U385VGT6Q, STM32U535CBT6, STM32U535CBT6Q, STM32U535CBU6, STM32U535CBU6Q, STM32U535CCT6, STM32U535CCT6Q, STM32U535CCU6, STM32U535CCU6Q, STM32U535CET6, STM32U535CET6Q, STM32U535CEU6, STM32U535CEU6Q, STM32U535JEY6QTR, STM32U535NCY6QTR, STM32U535NEY6QTR, STM32U535RBI6, STM32U535RBI6Q, STM32U535RBT6, STM32U535RBT6Q, STM32U535RCI6, STM32U535RCI6Q, STM32U535RCT6, STM32U535RCT6Q, STM32U535REI6, STM32U535REI6Q, STM32U535RET6, STM32U535RET6Q, STM32U535VCI6, STM32U535VCI6Q, STM32U535VCT6, STM32U535VCT6Q, STM32U535VEI6, STM32U535VEI6Q, STM32U535VET6, STM32U535VET6Q, STM32U545CET6, STM32U545CET6Q, STM32U545CEU6, STM32U545CEU6Q, STM32U545JEY6QTR, STM32U545NEY6QTR, STM32U545REI6, STM32U545REI6Q, STM32U545RET6, STM32U545RET6Q, STM32U545VEI6, STM32U545VEI6Q, STM32U545VET6, STM32U545VET6Q, STM32U595AIH6, STM32U595AIH6Q, STM32U595AJH6, STM32U595AJH6Q, STM32U595QII6, STM32U595QII6Q, STM32U595QJI6, STM32U595QJI6Q, STM32U595RIT6, STM32U595RIT6Q, STM32U595RJT6, STM32U595RJT6Q, STM32U595VIT6, STM32U595VIT6Q, STM32U595VJT6, STM32U595VJT6Q, STM32U595ZIT6, STM32U595ZIT6Q, STM32U595ZIY6QTR, STM32U595ZJT6, STM32U595ZJT6Q, STM32U595ZJY6QTR, STM32U599BJY6QTR, STM32U599NIH6Q, STM32U599NJH6Q, STM32U599VIT6Q, STM32U599VJT6, STM32U599VJT6Q, STM32U599ZIT6Q, STM32U599ZIY6QTR, STM32U599ZJT6Q, STM32U599ZJY6QTR, STM32U5A5AJH6, STM32U5A5AJH6Q, STM32U5A5QII3Q , STM32U5A5QJI6, STM32U5A5QJI6Q, STM32U5A5RJT6, STM32U5A5RJT6Q, STM32U5A5VJT6, STM32U5A5VJT6Q, STM32U5A5ZJT6, STM32U5A5ZJT6Q, STM32U5A5ZJY6QTR, STM32U5A9BJY6QTR, STM32U5A9J-DK, STM32U5A9NJH6Q, STM32U5A9VJT6Q, STM32U5A9ZJT6Q, STM32U5A9ZJY6QTR, STM32U5F7VIT6, STM32U5F7VIT6Q, STM32U5F7VJT6, STM32U5F7VJT6Q, STM32U5F9BJY6QTR, STM32U5F9NJH6Q, STM32U5F9VIT6Q, STM32U5F9VJT6Q, STM32U5F9ZIJ6QTR, STM32U5F9ZIT6Q, STM32U5F9ZJJ6QTR, STM32U5F9ZJT6Q, STM32U5G7VJT6, STM32U5G7VJT6Q, STM32U5G9BJY6QTR, STM32U5G9J-DK1, STM32U5G9J-DK2, STM32U5G9NJH6Q, STM32U5G9VJT6Q, STM32U5G9ZJJ6QTR, STM32U5G9ZJT6Q, STM32WB05KZV6TR, STM32WB05KZV7TR, STM32WB05TZF6TR, STM32WB05TZF7TR, STM32WB06CCF6TR, STM32WB06CCF7TR, STM32WB06CCV6TR, STM32WB06CCV7TR, STM32WB06KCV6TR, STM32WB06KCV7TR, STM32WB07CCF6TR, STM32WB07CCF7TR, STM32WB07CCV6TR, STM32WB07CCV7TR, STM32WB07KCV6TR, STM32WB07KCV7TR, STM32WB09KEV6TR, STM32WB09KEV7TR, STM32WB09TEF6TR, STM32WB09TEF7TR, STM32WB1MMCH6, STM32WBA50KGU6, STM32WBA50KGU6TR, STM32WBA52CEU6, STM32WBA52CEU6TR, STM32WBA52CEU7, STM32WBA52CEU7TR, STM32WBA52CGU6, STM32WBA52CGU6TR, STM32WBA52CGU6U, STM32WBA52CGU7, STM32WBA52CGU7TR, STM32WBA52KEU6, STM32WBA52KEU6TR, STM32WBA52KGU6, STM32WBA52KGU6TR, STM32WBA54CEU6, STM32WBA54CEU6TR, STM32WBA54CEU7, STM32WBA54CEU7TR, STM32WBA54CGU6, STM32WBA54CGU6TR, STM32WBA54CGU7, STM32WBA54CGU7TR, STM32WBA54KEU6, STM32WBA54KEU6TR, STM32WBA54KEU7, STM32WBA54KEU7TR, STM32WBA54KGU6, STM32WBA54KGU6TR, STM32WBA54KGU7, STM32WBA54KGU7TR, STM32WBA55CEU6, STM32WBA55CEU6TR, STM32WBA55CEU7, STM32WBA55CEU7TR, STM32WBA55CGU6, STM32WBA55CGU6TR, STM32WBA55CGU6U, STM32WBA55CGU7, STM32WBA55CGU7TR, STM32WBA55G-DK1, STM32WBA55HEF6, STM32WBA55HEF7, STM32WBA55HGF6, STM32WBA55HGF7, STM32WBA55UEI6, STM32WBA55UEI6TR, STM32WBA55UEI7, STM32WBA55UEI7TR, STM32WBA55UGI6, STM32WBA55UGI6TR, STM32WBA55UGI7, STM32WBA55UGI7TR, STM32WBA5MMGH6TR, STM32WBA62MGF6, STM32WBA62MIF6, STM32WBA65MGF7, STM32WBA65MIF6, STM32WBA65MIF7, STM32WL30K8V6, STM32WL30KBV6, STM32WL31C8V6, STM32WL31CBV6, STM32WL31K8V6, STM32WL31KBV6, STM32WL33C8V6, STM32WL33C8V6X, STM32WL33CBV6, STM32WL33CBV6X, STM32WL33CCV6, STM32WL33CCV6A, STM32WL33CCV6X, STM32WL33K8V7, STM32WL33K8V7X, STM32WL33KBV7 , STM32WL33KBV7X, STM32WL33KCV7, STM32WL33KCV7X, STM32WL5MOCH6, STM32WL5MOCH6TR]
2026-04-08 16:04:38,531 [INFO] BoardInfo:889 - No configuration file found for board NUCLEO-H5E5ZJ
2026-04-08 16:04:38,531 [INFO] DbBoards:161 - Board is not supported: NUCLEO-H5E5ZJ
2026-04-08 16:04:38,559 [INFO] BoardInfo:889 - No configuration file found for board NUCLEO-U3C5ZI-Q
2026-04-08 16:04:38,560 [INFO] DbBoards:161 - Board is not supported: NUCLEO-U3C5ZI-Q
2026-04-08 16:04:38,577 [INFO] BoardInfo:889 - No configuration file found for board NUCLEO-WBA25CE1
2026-04-08 16:04:38,577 [INFO] DbBoards:161 - Board is not supported: NUCLEO-WBA25CE1
2026-04-08 16:04:38,582 [INFO] BoardInfo:889 - No configuration file found for board NUCLEO-WL3RKB1
2026-04-08 16:04:38,582 [INFO] DbBoards:161 - Board is not supported: NUCLEO-WL3RKB1
2026-04-08 16:04:38,583 [INFO] BoardInfo:889 - No configuration file found for board NUCLEO-WL3RKB2
2026-04-08 16:04:38,583 [INFO] DbBoards:161 - Board is not supported: NUCLEO-WL3RKB2
2026-04-08 16:04:38,587 [INFO] BoardInfo:889 - No configuration file found for board P-NUCLEO-WB55
2026-04-08 16:04:38,587 [INFO] DbBoards:161 - Kit is not supported: P-NUCLEO-WB55
2026-04-08 16:04:38,590 [INFO] BoardInfo:889 - No configuration file found for board STEVAL-BFA001V1B
2026-04-08 16:04:38,591 [INFO] DbBoards:161 - Kit is not supported: STEVAL-BFA001V1B
2026-04-08 16:04:38,591 [INFO] BoardInfo:889 - No configuration file found for board STEVAL-BFA001V2B
2026-04-08 16:04:38,591 [INFO] DbBoards:161 - Kit is not supported: STEVAL-BFA001V2B
2026-04-08 16:04:38,645 [INFO] BoardInfo:889 - No configuration file found for board STM32H5F5J-DK
2026-04-08 16:04:38,645 [INFO] DbBoards:161 - Board is not supported: STM32H5F5J-DK
2026-04-08 16:04:38,723 [INFO] DbBoards:168 - Found 218 boards, 209 are supported
2026-04-08 16:04:38,733 [INFO] DbBoards:169 - Found 218 boards, 43 of them is supported for  Bsp
2026-04-08 16:04:38,743 [INFO] ApiDb:414 - User favorites file not found: /Users/cristianpetramale/.stm32cubeide/favorites.boards.txt
2026-04-08 16:04:38,748 [INFO] DbBoards:198 - Set 0 / 0 favorites Boards
2026-04-08 16:04:38,763 [INFO] ApiDb:668 - CubeFinder database Data Model version=2.1
2026-04-08 16:04:38,764 [INFO] ApiDb:669 - CubeFinder database Configuration version=3.0.42
2026-04-08 16:04:38,765 [INFO] ApiDb:670 - CubeFinder database generation date=2026-03-11 (1773229989)
2026-04-08 16:04:38,766 [INFO] ApiDb:671 - CubeFinder database FW Pack versions=[FP-ATR-ASTRA1_V2.0.0, FP-SNS-FLIGHT1_V5.1.0, FP-SNS-MOTENV1_V5.1.0, FP-SNS-MOTENVWB1_V1.5.0, FP-SNS-SMARTAG2_V1.2.0, FP-SNS-STBOX1_V2.1.0, STM32Cube_FW_C0_V1.4.0, STM32Cube_FW_F4_V1.28.3, STM32Cube_FW_F7_V1.17.4, STM32Cube_FW_G0_V1.6.3, STM32Cube_FW_G4_V1.6.2, STM32Cube_FW_H5_V1.6.0, STM32Cube_FW_H7RS_V1.3.0, STM32Cube_FW_H7_V1.13.0, STM32Cube_FW_L0_V1.12.2, STM32Cube_FW_L4_V1.18.2, STM32Cube_FW_L5_V1.6.0, STM32Cube_FW_N6_V1.3.0, STM32Cube_FW_U0_V1.3.0, STM32Cube_FW_U3_V1.3.0, STM32Cube_FW_U5_V1.8.0, STM32Cube_FW_WB0_V1.4.0, STM32Cube_FW_WBA_V1.9.0, STM32Cube_FW_WB_V1.24.0, STM32Cube_FW_WL3_V1.4.0, STM32Cube_FW_WL_V1.5.0, X-CUBE-ALGOBUILD_V1.4.0, X-CUBE-ALS_V1.0.2, X-CUBE-AZRTOS-F4_V1.1.0, X-CUBE-AZRTOS-F7_V1.1.0, X-CUBE-AZRTOS-G0_V1.1.0, X-CUBE-AZRTOS-G4_V2.0.0, X-CUBE-AZRTOS-H7RS_V1.1.0, X-CUBE-AZRTOS-H7_V3.4.0, X-CUBE-AZRTOS-L4_V2.0.0, X-CUBE-AZRTOS-L5_V2.0.0, X-CUBE-AZRTOS-WB_V2.0.0, X-CUBE-AZRTOS-WL_V2.0.0, X-CUBE-BLE1_V7.1.0, X-CUBE-BLE2_V3.3.0, X-CUBE-BLEMGR_V4.1.0, X-CUBE-EEPRMA1_V5.2.0, X-CUBE-FREERTOS_V1.5.0, X-CUBE-GNSS1_V6.0.0, X-CUBE-MEMS1_V12.0.0, X-CUBE-NFC4_V3.0.0, X-CUBE-NFC7_V2.0.0, X-CUBE-SFXS2LP1_V4.0.0, X-CUBE-ST67W61_V1.2.0, X-CUBE-SUBG2_V5.0.0, X-CUBE-TOF1_V3.4.3]
2026-04-08 16:04:39,429 [ERROR] DbExamplesSqlite:437 - Missing JSON key: board_cpn
2026-04-08 16:04:39,439 [ERROR] DbExamplesSqlite:437 - Missing JSON key: board_cpn
2026-04-08 16:04:39,442 [ERROR] DbExamplesSqlite:437 - Missing JSON key: board_cpn
2026-04-08 16:04:39,443 [ERROR] DbExamplesSqlite:437 - Missing JSON key: board_cpn
2026-04-08 16:04:39,698 [ERROR] DbExamplesSqlite:437 - Missing JSON key: board_cpn
2026-04-08 16:04:39,699 [ERROR] DbExamplesSqlite:437 - Missing JSON key: board_cpn
2026-04-08 16:04:39,747 [INFO] DbExamplesSqlite:395 - Ignored 39 examples not supported by CubeIDE
2026-04-08 16:04:39,749 [INFO] DbExamplesSqlite:396 - Found 11210 examples active
2026-04-08 16:04:39,749 [INFO] DbExamplesSqlite:397 - Found 0 examples obsolete
2026-04-08 16:04:39,750 [INFO] DbExamplesSqlite:398 - Found 0 examples under development
2026-04-08 16:04:39,750 [INFO] DbExamplesSqlite:399 - Found 76 examples not building
2026-04-08 16:04:39,760 [INFO] DbExamples:125 - Found 11247 examples
2026-04-08 16:04:39,809 [ERROR] DbExamples:208 - Found 377 examples with invalid data (board or MCU)
2026-04-08 16:04:39,810 [INFO] DbExamples:222 - Found 140 boards with related examples
2026-04-08 16:04:39,811 [INFO] DbExamples:235 - Found 114 MCUs with related examples
2026-04-08 16:04:39,833 [INFO] ApiDb:414 - User favorites file not found: /Users/cristianpetramale/.stm32cubeide/favorites.examples.txt
2026-04-08 16:04:39,835 [INFO] DbExamples:250 - Set 0 / 0 favorites Examples
2026-04-08 16:04:40,778 [INFO] McuFinderGlobals:76 - Set McuFinderConnectedMode to true
2026-04-08 16:04:40,795 [INFO] MultiScanPanel:200 - Auto-refresh data requested => check proxy status ongoing
2026-04-08 16:04:40,797 [INFO] FinderPluginLoader:96 - Searching for filters in installed packs
2026-04-08 16:04:42,271 [INFO] LoadUrlFilesThread:185 - End of LoadServerUrlFiles without Thread
2026-04-08 16:04:42,290 [INFO] DetailPanel:341 - Set advertising image to /Users/cristianpetramale/STM32Cube/Repository//en.prom-stm32c5-0326.jpg
2026-04-08 16:05:07,341 [INFO] MultiScanPanel:200 - Auto-refresh data requested => check proxy status ongoing
2026-04-08 16:05:07,531 [INFO] LoadUrlFilesThread:185 - End of LoadServerUrlFiles without Thread
2026-04-08 16:05:07,534 [INFO] DetailPanel:341 - Set advertising image to /Users/cristianpetramale/STM32Cube/Repository//en.prom-stm32c5-0326.jpg
2026-04-08 16:05:07,556 [INFO] DbBoards:642 - Loading board mini-images...
2026-04-08 16:05:09,093 [INFO] DbBoards:665 - Loaded 218 board mini-images
2026-04-08 16:06:59,677 [INFO] MainUpdater:2872 - connection check result : 10
2026-04-08 16:06:59,677 [INFO] MainUpdater:2872 - connection check result : 10
2026-04-08 16:07:00,132 [INFO] MicroXplorer:468 - Change Database Path : 
2026-04-08 16:07:00,132 [INFO] MicroXplorer:498 - Change Database Version : DB.6.0.150
2026-04-08 16:07:00,136 [WARN] ThirdParty:871 - waiting for thirdparty lock release [close project]
2026-04-08 16:07:00,136 [INFO] ThirdParty:873 - entering critical section [close project]
2026-04-08 16:07:00,142 [INFO] ThirdParty:883 - exiting critical section [close project]
2026-04-08 16:07:00,144 [INFO] PinOutPanel:1589 - setPackage(No Configuration,No Configuration)
2026-04-08 16:07:00,145 [INFO] UtilMem:75 - Begin LoadConfig() Used Memory: 1070028600 Bytes (1073741824)
2026-04-08 16:07:00,151 [INFO] OpenFileManager:355 - Change cursor
2026-04-08 16:07:00,164 [WARN] IntegrityCheckThread:84 - waiting for thirdparty lock release [integrity check]
2026-04-08 16:07:00,164 [INFO] IntegrityCheckThread:86 - entering critical section [integrity check]
2026-04-08 16:07:00,999 [WARN] PackLoader:240 - Cannot read IP mode file for STMicroelectronics.X-CUBE-AZRTOS-H7.3.5.0
2026-04-08 16:07:01,129 [WARN] PackLoader:240 - Cannot read IP mode file for STMicroelectronics.FP-ATR-ASTRA1.2.0.2
2026-04-08 16:07:01,140 [WARN] PackLoader:240 - Cannot read IP mode file for STMicroelectronics.X-CUBE-SMBUS.2.1.0
2026-04-08 16:07:01,165 [WARN] PackLoader:240 - Cannot read IP mode file for STMicroelectronics.X-CUBE-AZRTOS-F7.1.1.0
2026-04-08 16:07:01,200 [WARN] PackLoader:240 - Cannot read IP mode file for WES.I-CUBE-Cesium.1.4.0
2026-04-08 16:07:01,220 [WARN] PackLoader:240 - Cannot read IP mode file for STMicroelectronics.X-CUBE-DISPLAY.3.0.0
2026-04-08 16:07:01,257 [WARN] PackLoader:240 - Cannot read IP mode file for STMicroelectronics.X-CUBE-NFC10.1.0.0
2026-04-08 16:07:01,267 [WARN] PackLoader:240 - Cannot read IP mode file for STMicroelectronics.X-CUBE-ST60.1.1.0
2026-04-08 16:07:01,278 [WARN] PackLoader:240 - Cannot read IP mode file for emotas.I-CUBE-CANOPEN.1.3.0
2026-04-08 16:07:01,285 [WARN] PackLoader:240 - Cannot read IP mode file for STMicroelectronics.FP-SNS-SMARTAG2.1.2.0
2026-04-08 16:07:01,288 [WARN] PackLoader:240 - Cannot read IP mode file for STMicroelectronics.FP-SNS-FLIGHT1.5.1.0
2026-04-08 16:07:01,306 [INFO] LogOutputStream:77 - [STDOUT_REDIRECT] 1 : Invalid condition id : UX_CORESTACK_Condition cause : null
2026-04-08 16:07:01,309 [INFO] LogOutputStream:77 - [STDOUT_REDIRECT] 1 : Invalid condition id : UX_CORESTACK_Condition cause : null
2026-04-08 16:07:01,310 [INFO] LogOutputStream:77 - [STDOUT_REDIRECT] 1 : Invalid condition id : UX_CORESTACK_Condition cause : null
2026-04-08 16:07:01,310 [INFO] LogOutputStream:77 - [STDOUT_REDIRECT] 1 : Invalid condition id : UX_CORESTACK_Condition cause : null
2026-04-08 16:07:01,310 [INFO] LogOutputStream:77 - [STDOUT_REDIRECT] 1 : Invalid condition id : UX_CORESTACK_Condition cause : null
2026-04-08 16:07:01,317 [WARN] PackLoader:240 - Cannot read IP mode file for STMicroelectronics.X-CUBE-AZRTOS-WL.2.0.0
2026-04-08 16:07:01,341 [WARN] PackLoader:240 - Cannot read IP mode file for STMicroelectronics.X-CUBE-AZRTOS-H7RS.1.2.0
2026-04-08 16:07:01,354 [WARN] PackLoader:240 - Cannot read IP mode file for STMicroelectronics.X-CUBE-BLE2.3.3.0
2026-04-08 16:07:01,410 [WARN] PackLoader:240 - Cannot read IP mode file for Infineon.AIROC-Wi-Fi-Bluetooth-STM32.1.8.0
2026-04-08 16:07:01,431 [WARN] PackLoader:240 - Cannot read IP mode file for STMicroelectronics.X-CUBE-NFC9.1.0.0
2026-04-08 16:07:01,439 [WARN] PackLoader:240 - Cannot read IP mode file for STMicroelectronics.X-CUBE-BLE1.7.1.0
2026-04-08 16:07:01,442 [WARN] PackLoader:240 - Cannot read IP mode file for wolfSSL.I-CUBE-wolfMQTT.1.19.2
2026-04-08 16:07:01,448 [WARN] PackLoader:240 - Cannot read IP mode file for wolfSSL.I-CUBE-wolfSSL.5.8.4
2026-04-08 16:07:01,450 [WARN] PackLoader:240 - Cannot read IP mode file for Cesanta.I-CUBE-Mongoose.7.20.0
2026-04-08 16:07:01,466 [WARN] PackLoader:240 - Cannot read IP mode file for STMicroelectronics.X-CUBE-AZRTOS-G0.1.1.0
2026-04-08 16:07:01,482 [WARN] PackLoader:240 - Cannot read IP mode file for STMicroelectronics.X-CUBE-NFC4.3.0.0
2026-04-08 16:07:01,493 [WARN] PackLoader:240 - Cannot read IP mode file for EmbeddedOffice.I-CUBE-FS-RTOS.1.0.1
2026-04-08 16:07:01,496 [WARN] PackLoader:240 - Cannot read IP mode file for wolfSSL.I-CUBE-wolfTPM.3.8.0
2026-04-08 16:07:01,501 [WARN] PackLoader:240 - Cannot read IP mode file for STMicroelectronics.X-CUBE-TCPP.4.2.0
2026-04-08 16:07:01,505 [WARN] PackLoader:240 - Cannot read IP mode file for RealThread.X-CUBE-RT-Thread_Nano.4.1.1
2026-04-08 16:07:01,507 [WARN] PackLoader:240 - Cannot read IP mode file for STMicroelectronics.FP-ATR-SIGFOX1.3.2.0
2026-04-08 16:07:01,510 [WARN] PackLoader:240 - Cannot read IP mode file for ITTIA_DB.I-CUBE-ITTIADB.8.9.0
2026-04-08 16:07:01,544 [WARN] PackLoader:240 - Cannot read IP mode file for SEGGER.I-CUBE-embOS.1.3.1
2026-04-08 16:07:01,567 [WARN] PackLoader:240 - Cannot read IP mode file for STMicroelectronics.X-CUBE-ALGOBUILD.1.4.0
2026-04-08 16:07:01,570 [WARN] PackLoader:240 - Cannot read IP mode file for STMicroelectronics.X-CUBE-PM33A1.1.0.0
2026-04-08 16:07:01,586 [WARN] PackLoader:240 - Cannot read IP mode file for STMicroelectronics.X-CUBE-AZRTOS-F4.1.1.0
2026-04-08 16:07:01,594 [WARN] PackLoader:240 - Cannot read IP mode file for STMicroelectronics.X-CUBE-ISPU.2.1.0
2026-04-08 16:07:01,600 [WARN] PackLoader:240 - Cannot read IP mode file for STMicroelectronics.eDS-WB_DPC_TT-BIDIR.2.1.1
2026-04-08 16:07:01,617 [WARN] PackLoader:240 - Cannot read IP mode file for STMicroelectronics.X-CUBE-AZRTOS-L5.2.0.0
2026-04-08 16:07:01,622 [WARN] PackLoader:240 - Cannot read IP mode file for STMicroelectronics.eDS-WB_DPC_VIENNA.1.2.0
2026-04-08 16:07:01,624 [WARN] PackLoader:240 - Cannot read IP mode file for STMicroelectronics.eDS-WB_DPC_3PH2L-BIDIR.1.1.1
2026-04-08 16:07:01,627 [WARN] PackLoader:240 - Cannot read IP mode file for STMicroelectronics.X-CUBE-TOUCHGFX.4.26.1
2026-04-08 16:07:01,643 [WARN] PackLoader:240 - Cannot read IP mode file for STMicroelectronics.X-CUBE-DPower.1.3.0
2026-04-08 16:07:01,664 [WARN] ConditionMgr:438 - getConditionDescription Invalid condition id : LAN8742 Phy interface Condition cause : null
2026-04-08 16:07:01,666 [WARN] PackLoader:240 - Cannot read IP mode file for STMicroelectronics.X-CUBE-AZRTOS-L4.2.0.0
2026-04-08 16:07:01,671 [WARN] ConditionMgr:1044 - genDependencies : Invalid condition id : LAN8742 Phy interface Condition cause : null
2026-04-08 16:07:01,672 [WARN] ConditionMgr:1044 - genDependencies : Invalid condition id : LAN8742 Phy interface Condition cause : null
2026-04-08 16:07:01,673 [WARN] ConditionMgr:1044 - genDependencies : Invalid condition id : LAN8742 Phy interface Condition cause : null
2026-04-08 16:07:01,682 [WARN] PackLoader:240 - Cannot read IP mode file for STMicroelectronics.X-CUBE-SFXS2LP1.4.0.0
2026-04-08 16:07:01,688 [WARN] PackLoader:240 - Cannot read IP mode file for STMicroelectronics.X-CUBE-WB05N.2.1.0
2026-04-08 16:07:01,697 [WARN] PackLoader:240 - Cannot read IP mode file for STMicroelectronics.X-CUBE-ST67W61.1.2.0
2026-04-08 16:07:01,709 [WARN] ConditionMgr:438 - getConditionDescription Invalid condition id : UX DEVICE CLASS RTOS Condition cause : null
2026-04-08 16:07:01,709 [WARN] ConditionMgr:438 - getConditionDescription Invalid condition id : UX DEVICE CLASS RTOS Condition cause : null
2026-04-08 16:07:01,713 [WARN] PackLoader:240 - Cannot read IP mode file for STMicroelectronics.X-CUBE-AZRTOS-WB.2.0.0
2026-04-08 16:07:01,714 [WARN] ConditionMgr:1044 - genDependencies : Invalid condition id : UX DEVICE CLASS RTOS Condition cause : null
2026-04-08 16:07:01,714 [WARN] ConditionMgr:1044 - genDependencies : Invalid condition id : UX DEVICE CLASS RTOS Condition cause : null
2026-04-08 16:07:01,715 [WARN] ConditionMgr:1044 - genDependencies : Invalid condition id : UX DEVICE CLASS RTOS Condition cause : null
2026-04-08 16:07:01,715 [WARN] ConditionMgr:1044 - genDependencies : Invalid condition id : UX DEVICE CLASS RTOS Condition cause : null
2026-04-08 16:07:01,715 [WARN] ConditionMgr:1044 - genDependencies : Invalid condition id : UX DEVICE CLASS RTOS Condition cause : null
2026-04-08 16:07:01,720 [WARN] ConditionMgr:438 - getConditionDescription Invalid condition id : Cortex-A Device cause : null
2026-04-08 16:07:01,725 [WARN] ConditionMgr:1044 - genDependencies : Invalid condition id : Cortex-A Device cause : null
2026-04-08 16:07:01,725 [WARN] ConditionMgr:1044 - genDependencies : Invalid condition id : Cortex-A Device cause : null
2026-04-08 16:07:01,725 [WARN] ConditionMgr:1044 - genDependencies : Invalid condition id : Cortex-A Device cause : null
2026-04-08 16:07:01,731 [WARN] PackLoader:240 - Cannot read IP mode file for STMicroelectronics.X-CUBE-STSE01.2.0.0
2026-04-08 16:07:01,745 [WARN] PackLoader:240 - Cannot read IP mode file for STMicroelectronics.X-CUBE-SUBG2.5.0.0
2026-04-08 16:07:01,768 [WARN] PackLoader:240 - Cannot read IP mode file for STMicroelectronics.X-CUBE-AZRTOS-G4.2.0.0
2026-04-08 16:07:01,773 [WARN] PackLoader:240 - Cannot read IP mode file for wolfSSL.I-CUBE-wolfSSH.1.4.20
2026-04-08 16:07:01,779 [WARN] PackLoader:240 - Cannot read IP mode file for STMicroelectronics.X-CUBE-NFC7.2.0.0
2026-04-08 16:07:01,782 [WARN] PackLoader:240 - Cannot read IP mode file for STMicroelectronics.X-CUBE-ALS.1.0.2
2026-04-08 16:07:01,793 [WARN] PackLoader:240 - Cannot read IP mode file for STMicroelectronics.X-CUBE-TOF1.3.4.3
2026-04-08 16:07:01,804 [INFO] ThirdParty:978 - Integrity check success = true
2026-04-08 16:07:01,804 [INFO] IntegrityCheckThread:100 - exiting critical section [integrity check]
2026-04-08 16:07:01,804 [INFO] IntegrityCheckThread:103 - End integrity checks thread
2026-04-08 16:07:01,947 [INFO] ProjectFactory:514 - No CPN specified for board NUCLEO-L432KC => set CPN to STM32L432KCU3
2026-04-08 16:07:01,986 [INFO] Mcu:2029 - Initializing MCU STM32L432K(B-C)Ux STM32L432KCUx STM32L432KCU3
2026-04-08 16:07:03,442 [INFO] Context:786 - Trying to add GPIOservice into a context  which must be forbidden
2026-04-08 16:07:03,980 [INFO] Rule:233 - rule 117617 - U5Cobra4M][GTZC] default value MPCBB3 and MPCBB5 - Not Secured memory - MPCBB1 is applicable
2026-04-08 16:07:03,982 [INFO] Rule:233 - rule 117617 - U5Cobra4M][GTZC] default value MPCBB3 and MPCBB5 - Not Secured memory - MPCBB1 is applicable
2026-04-08 16:07:03,982 [INFO] Rule:233 - rule 117617 - U5Cobra4M][GTZC] default value MPCBB3 and MPCBB5 - Not Secured memory - MPCBB2 is applicable
2026-04-08 16:07:03,982 [INFO] Rule:233 - rule 117617 - U5Cobra4M][GTZC] default value MPCBB3 and MPCBB5 - Not Secured memory - MPCBB2 is applicable
2026-04-08 16:07:03,983 [INFO] Rule:233 - rule 117617 - U5Cobra4M][GTZC] default value MPCBB3 and MPCBB5 - Not Secured memory - MPCBB3 is applicable
2026-04-08 16:07:03,983 [INFO] Rule:233 - rule 117617 - U5Cobra4M][GTZC] default value MPCBB3 and MPCBB5 - Not Secured memory - MPCBB3 is applicable
2026-04-08 16:07:03,983 [INFO] Rule:233 - rule 117617 - U5Cobra4M][GTZC] default value MPCBB3 and MPCBB5 - Not Secured memory - MPCBB4 is applicable
2026-04-08 16:07:03,983 [INFO] Rule:233 - rule 117617 - U5Cobra4M][GTZC] default value MPCBB3 and MPCBB5 - Not Secured memory - MPCBB4 is applicable
2026-04-08 16:07:03,983 [INFO] Rule:233 - rule 117617 - U5Cobra4M][GTZC] default value MPCBB3 and MPCBB5 - Secured memory - MPCBB1 is applicable
2026-04-08 16:07:03,983 [INFO] Rule:233 - rule 117617 - U5Cobra4M][GTZC] default value MPCBB3 and MPCBB5 - Secured memory - MPCBB2 is applicable
2026-04-08 16:07:03,983 [INFO] Rule:233 - rule 117617 - U5Cobra4M][GTZC] default value MPCBB3 and MPCBB5 - Secured memory - MPCBB3 is applicable
2026-04-08 16:07:03,983 [INFO] Rule:233 - rule 117617 - U5Cobra4M][GTZC] default value MPCBB3 and MPCBB5 - Secured memory - MPCBB4 is applicable
2026-04-08 16:07:03,983 [INFO] Rule:233 - rule 117617 - U5Cobra4M][GTZC] default value MPCBB3 and MPCBB5 - Privileged memory - MPCBB1 is applicable
2026-04-08 16:07:03,983 [INFO] Rule:233 - rule 117617 - U5Cobra4M][GTZC] default value MPCBB3 and MPCBB5 - Privileged memory - MPCBB2 is applicable
2026-04-08 16:07:03,983 [INFO] Rule:233 - rule 117617 - U5Cobra4M][GTZC] default value MPCBB3 and MPCBB5 - Privileged memory - MPCBB3 is applicable
2026-04-08 16:07:03,983 [INFO] Rule:233 - rule 117617 - U5Cobra4M][GTZC] default value MPCBB3 and MPCBB5 - Privileged memory - MPCBB4 is applicable
2026-04-08 16:07:03,983 [INFO] Rule:233 - rule 117617 - U5Cobra4M][GTZC] default value MPCBB3 and MPCBB5 - Not Privileged memory - MPCBB1 is applicable
2026-04-08 16:07:03,983 [INFO] Rule:233 - rule 117617 - U5Cobra4M][GTZC] default value MPCBB3 and MPCBB5 - Not Privileged memory - MPCBB2 is applicable
2026-04-08 16:07:03,983 [INFO] Rule:233 - rule 117617 - U5Cobra4M][GTZC] default value MPCBB3 and MPCBB5 - Not Privileged memory - MPCBB3 is applicable
2026-04-08 16:07:03,983 [INFO] Rule:233 - rule 117617 - U5Cobra4M][GTZC] default value MPCBB3 and MPCBB5 - Not Privileged memory - MPCBB4 is applicable
2026-04-08 16:07:03,983 [INFO] Rule:233 - rule 117617 - U5Cobra4M][GTZC] default value MPCBB3 and MPCBB5 - Privileged memory - MPCBB1 is applicable
2026-04-08 16:07:03,983 [INFO] Rule:233 - rule 117617 - U5Cobra4M][GTZC] default value MPCBB3 and MPCBB5 - Privileged memory - MPCBB2 is applicable
2026-04-08 16:07:03,983 [INFO] Rule:233 - rule 117617 - U5Cobra4M][GTZC] default value MPCBB3 and MPCBB5 - Privileged memory - MPCBB3 is applicable
2026-04-08 16:07:03,983 [INFO] Rule:233 - rule 117617 - U5Cobra4M][GTZC] default value MPCBB3 and MPCBB5 - Privileged memory - MPCBB4 is applicable
2026-04-08 16:07:03,983 [INFO] Rule:233 - rule 117617 - U5Cobra4M][GTZC] default value MPCBB3 and MPCBB5 - Privileged memory - MPCBB1 is applicable
2026-04-08 16:07:03,983 [INFO] Rule:233 - rule 117617 - U5Cobra4M][GTZC] default value MPCBB3 and MPCBB5 - Privileged memory - MPCBB2 is applicable
2026-04-08 16:07:03,983 [INFO] Rule:233 - rule 117617 - U5Cobra4M][GTZC] default value MPCBB3 and MPCBB5 - Privileged memory - MPCBB3 is applicable
2026-04-08 16:07:03,983 [INFO] Rule:233 - rule 117617 - U5Cobra4M][GTZC] default value MPCBB3 and MPCBB5 - Privileged memory - MPCBB4 is applicable
2026-04-08 16:07:03,983 [INFO] Rule:233 - rule 117617 - U5Cobra4M][GTZC] default value MPCBB3 and MPCBB5 - Not Privileged memory - MPCBB1 is applicable
2026-04-08 16:07:03,983 [INFO] Rule:233 - rule 117617 - U5Cobra4M][GTZC] default value MPCBB3 and MPCBB5 - Not Privileged memory - MPCBB2 is applicable
2026-04-08 16:07:03,983 [INFO] Rule:233 - rule 117617 - U5Cobra4M][GTZC] default value MPCBB3 and MPCBB5 - Not Privileged memory - MPCBB3 is applicable
2026-04-08 16:07:03,983 [INFO] Rule:233 - rule 117617 - U5Cobra4M][GTZC] default value MPCBB3 and MPCBB5 - Not Privileged memory - MPCBB4 is applicable
2026-04-08 16:07:03,983 [INFO] Rule:233 - rule 117617 - U5Cobra4M][GTZC] default value MPCBB3 and MPCBB5 - Privileged memory - MPCBB1 is applicable
2026-04-08 16:07:03,983 [INFO] Rule:233 - rule 117617 - U5Cobra4M][GTZC] default value MPCBB3 and MPCBB5 - Privileged memory - MPCBB2 is applicable
2026-04-08 16:07:03,983 [INFO] Rule:233 - rule 117617 - U5Cobra4M][GTZC] default value MPCBB3 and MPCBB5 - Privileged memory - MPCBB3 is applicable
2026-04-08 16:07:03,983 [INFO] Rule:233 - rule 117617 - U5Cobra4M][GTZC] default value MPCBB3 and MPCBB5 - Privileged memory - MPCBB4 is applicable
2026-04-08 16:07:03,983 [INFO] Rule:233 - rule Rename SubGHz_Phy SUBGHZ_APPLICATION SUBGHZ_PINGPONG to SUBGHZ_ADV_APPLICATION is applicable
2026-04-08 16:07:03,984 [INFO] Rule:233 - rule Rename Enabled to IBEACON is applicable
2026-04-08 16:07:03,984 [INFO] Rule:233 - rule GTZC_S instance for project manager is applicable
2026-04-08 16:07:03,984 [INFO] Rule:233 - rule GTZC_S instance for context M33S is applicable
2026-04-08 16:07:03,984 [INFO] Rule:233 - rule GTZC_S instance value for IP GTZC is applicable
2026-04-08 16:07:03,984 [INFO] Rule:233 - rule GTZC_S instance for mcu.IP is applicable
2026-04-08 16:07:03,985 [INFO] Rule:233 - rule GTZC_S instance for VP is applicable
2026-04-08 16:07:03,986 [INFO] Rule:233 - rule GTZC_S instance for signal is applicable
2026-04-08 16:07:03,987 [INFO] Rule:233 - rule GTZC_S instance for mcu.Pin is applicable
2026-04-08 16:07:03,987 [INFO] Rule:233 - rule GTZC_S instance for VP is applicable
2026-04-08 16:07:03,987 [INFO] Rule:233 - rule GTZC_S instance for signal is applicable
2026-04-08 16:07:03,987 [INFO] Rule:233 - rule GTZC_S instance for mcu is applicable
2026-04-08 16:07:03,987 [INFO] Rule:233 - rule GTZC_S instance for mcu.Pin is applicable
2026-04-08 16:07:03,987 [INFO] Rule:233 - rule GTZC_S instance value for IP GTZC is applicable
2026-04-08 16:07:03,987 [INFO] Rule:233 - rule GTZC_S instance for project manager is applicable
2026-04-08 16:07:03,987 [INFO] Rule:233 - rule GTZC_S instance for context M33S is applicable
2026-04-08 16:07:03,987 [INFO] Rule:233 - rule GTZC_S instance for VP is applicable
2026-04-08 16:07:03,987 [INFO] Rule:233 - rule GTZC_S instance for signal is applicable
2026-04-08 16:07:03,987 [INFO] Rule:233 - rule SPDIFRX instance for mcu is applicable
2026-04-08 16:07:03,987 [INFO] Rule:233 - rule Rename Tracer Mode is applicable
2026-04-08 16:07:03,987 [INFO] Rule:233 - rule SPDIFRX instance value for IP SPDIFRX is applicable
2026-04-08 16:07:03,987 [INFO] Rule:233 - rule SPDIFRX instance for signal is applicable
2026-04-08 16:07:03,987 [INFO] Rule:233 - rule SPDIFRX instance for project manager is applicable
2026-04-08 16:07:03,987 [INFO] Rule:233 - rule SPDIFRX instance for project manager is applicable
2026-04-08 16:07:03,987 [INFO] Rule:233 - rule ADC Scan  fix with FW F7 is applicable
2026-04-08 16:07:03,987 [INFO] Rule:233 - rule ADC Scan  fix with FW F7 is applicable
2026-04-08 16:07:03,987 [INFO] Rule:233 - rule DFSDM instance value for IP DFSDM is applicable
2026-04-08 16:07:03,987 [INFO] Rule:233 - rule DFSDM instance for mcu is applicable
2026-04-08 16:07:03,987 [INFO] Rule:233 - rule DFSDM instance for VP is applicable
2026-04-08 16:07:03,987 [INFO] Rule:233 - rule DFSDM instance for signal is applicable
2026-04-08 16:07:03,987 [INFO] Rule:233 - rule DFSDM instance for shared is applicable
2026-04-08 16:07:03,987 [INFO] Rule:233 - rule BreakInputSource parameter for IP Timer is applicable
2026-04-08 16:07:03,987 [INFO] Rule:233 - rule Sourcebreak parameter for IP Timer is applicable
2026-04-08 16:07:03,987 [INFO] Rule:233 - rule Sourcebreak parameter for IP Timer is applicable
2026-04-08 16:07:03,987 [INFO] Rule:233 - rule DFSDM for PCC is applicable
2026-04-08 16:07:03,987 [INFO] Rule:233 - rule Serial_Wire Mode is applicable
2026-04-08 16:07:03,987 [INFO] Rule:233 - rule JTAG_4_pins Mode is applicable
2026-04-08 16:07:03,987 [INFO] Rule:233 - rule JTAG_5_pins Mode is applicable
2026-04-08 16:07:03,987 [INFO] Rule:233 - rule Trace_Asynchronous_SW Mode is applicable
2026-04-08 16:07:03,987 [INFO] Rule:233 - rule Trace_Synchro_1bit_JTAG Mode is applicable
2026-04-08 16:07:03,987 [INFO] Rule:233 - rule Trace_Synchro_2bits_JTAG Mode is applicable
2026-04-08 16:07:03,987 [INFO] Rule:233 - rule Trace_Synchro_4bits_JTAG Mode is applicable
2026-04-08 16:07:03,987 [INFO] Rule:233 - rule Trace_Synchro_1bit_SW Mode is applicable
2026-04-08 16:07:03,987 [INFO] Rule:233 - rule Trace_Synchro_2bits_SW Mode is applicable
2026-04-08 16:07:03,987 [INFO] Rule:233 - rule Trace_Synchro_4bits_SW Mode is applicable
2026-04-08 16:07:03,987 [INFO] Rule:233 - rule SYS_WakeUp0 Mode is applicable
2026-04-08 16:07:03,987 [INFO] Rule:233 - rule SYS_WakeUp0 Mode for STM32F446 is applicable
2026-04-08 16:07:03,987 [INFO] Rule:233 - rule SYS_WakeUp1 Mode is applicable
2026-04-08 16:07:03,987 [INFO] Rule:233 - rule SYS_WakeUp1 Mode for STM32F446 is applicable
2026-04-08 16:07:03,987 [INFO] Rule:233 - rule SYS_WakeUp2 Mode is applicable
2026-04-08 16:07:03,987 [INFO] Rule:233 - rule SYS_WakeUp3 Mode is applicable
2026-04-08 16:07:03,987 [INFO] Rule:233 - rule SYS_WakeUp4 Mode is applicable
2026-04-08 16:07:03,988 [INFO] Rule:233 - rule SYS_WakeUp5 Mode is applicable
2026-04-08 16:07:03,988 [INFO] Rule:233 - rule SYS_WakeUp6 Mode is applicable
2026-04-08 16:07:03,988 [INFO] Rule:233 - rule SYS_WakeUp7 Mode is applicable
2026-04-08 16:07:03,988 [INFO] Rule:233 - rule WakeUp0 Mode is applicable
2026-04-08 16:07:03,988 [INFO] Rule:233 - rule WakeUp0 SIGNAL is applicable
2026-04-08 16:07:03,988 [INFO] Rule:233 - rule WakeUp1 Mode is applicable
2026-04-08 16:07:03,988 [INFO] Rule:233 - rule WakeUp1 SIGNAL is applicable
2026-04-08 16:07:03,988 [INFO] Rule:233 - rule WakeUp2 Mode is applicable
2026-04-08 16:07:03,988 [INFO] Rule:233 - rule WakeUp2 SIGNAL is applicable
2026-04-08 16:07:03,988 [INFO] Rule:233 - rule WakeUp4 Mode is applicable
2026-04-08 16:07:03,988 [INFO] Rule:233 - rule WakeUp4 SIGNAL is applicable
2026-04-08 16:07:03,988 [INFO] Rule:233 - rule WakeUp5 Mode is applicable
2026-04-08 16:07:03,988 [INFO] Rule:233 - rule WakeUp5 SIGNAL is applicable
2026-04-08 16:07:03,988 [INFO] Rule:233 - rule Mode_PVD_Ext is applicable
2026-04-08 16:07:03,988 [INFO] Rule:233 - rule Mode_PVD_Int is applicable
2026-04-08 16:07:03,988 [INFO] Rule:233 - rule Add RTC Activate Clock Source is applicable
2026-04-08 16:07:03,988 [INFO] Rule:233 - rule Add RTC Activate Calendar 1 is applicable
2026-04-08 16:07:03,988 [INFO] Rule:233 - rule Add RTC Activate Calendar 2 is applicable
2026-04-08 16:07:03,988 [INFO] Rule:233 - rule Add RTC Activate Calendar 3 is applicable
2026-04-08 16:07:03,988 [INFO] Rule:233 - rule UART/USART TX Mode is applicable
2026-04-08 16:07:03,988 [INFO] Rule:233 - rule UART/USART RX Mode is applicable
2026-04-08 16:07:03,988 [INFO] Rule:233 - rule UART/USART RX TX Mode is applicable
2026-04-08 16:07:03,988 [INFO] Rule:233 - rule UART/USART PARITY NONE is applicable
2026-04-08 16:07:03,988 [INFO] Rule:233 - rule UART/USART PARITY EVEN is applicable
2026-04-08 16:07:03,988 [INFO] Rule:233 - rule UART/USART PARITY ODD is applicable
2026-04-08 16:07:03,988 [INFO] Rule:233 - rule USART StopBits 1 is applicable
2026-04-08 16:07:03,988 [INFO] Rule:233 - rule USART StopBits 2 is applicable
2026-04-08 16:07:03,988 [INFO] Rule:233 - rule USART StopBits 1.5 is applicable
2026-04-08 16:07:03,988 [INFO] Rule:233 - rule USART StopBits 0.5 is applicable
2026-04-08 16:07:03,988 [INFO] Rule:233 - rule UART/USART WORD LENGTH 7 is applicable
2026-04-08 16:07:03,988 [INFO] Rule:233 - rule UART/USART WORD LENGTH 8 is applicable
2026-04-08 16:07:03,988 [INFO] Rule:233 - rule UART/USART WORD LENGTH 9 is applicable
2026-04-08 16:07:03,988 [INFO] Rule:233 - rule Rename FMC NAND NCE signal is applicable
2026-04-08 16:07:03,988 [INFO] Rule:233 - rule Rename FMC NAND INT signal is applicable
2026-04-08 16:07:03,988 [INFO] Rule:233 - rule Change Default Value for LSE Drive Capability for WB family is applicable
2026-04-08 16:07:03,988 [INFO] Rule:233 - rule Change Default Value for ADC Clock Prescaler G0 family is applicable
2026-04-08 16:07:03,988 [INFO] Rule:233 - rule Change Default Value for ADC ExternalTrigConv L4 family is applicable
2026-04-08 16:07:03,988 [INFO] Rule:233 - rule Change Default Value for ADC ExternalTrigInjecConv L4 family is applicable
2026-04-08 16:07:03,988 [INFO] Rule:233 - rule Change Default Value for ADC ExternalTrigConv F3 family is applicable
2026-04-08 16:07:03,988 [INFO] Rule:233 - rule Change Default Value for ADC ExternalTrigInjecConv F3 family is applicable
2026-04-08 16:07:03,988 [INFO] Rule:233 - rule Change Default Value for ADC ExternalTrigConv Goldfish serie is applicable
2026-04-08 16:07:03,988 [INFO] Rule:233 - rule Change Default Value for ADC ExternalTrigInjecConv Goldfish serie is applicable
2026-04-08 16:07:03,988 [INFO] Rule:233 - rule Change Default Value for ADC ExternalTrigConv L0 family is applicable
2026-04-08 16:07:03,988 [INFO] Rule:233 - rule Change Default Value for ADC ExternalTrigConv F0 family is applicable
2026-04-08 16:07:03,988 [INFO] Rule:233 - rule Change Default Value for ADC ExternalTrigConvn L1 family is applicable
2026-04-08 16:07:03,988 [INFO] Rule:233 - rule Change Default Value for ADC ExternalTrigInjecConv L1 family is applicable
2026-04-08 16:07:03,988 [INFO] Rule:233 - rule Change Default Value for ADC ExternalTrigConv F1 family is applicable
2026-04-08 16:07:03,988 [INFO] Rule:233 - rule Change Default Value for ADC ExternalTrigInjecConv F1 family is applicable
2026-04-08 16:07:03,988 [INFO] Rule:233 - rule Change Default Value for ADC ExternalTrigConv F7 family is applicable
2026-04-08 16:07:03,988 [INFO] Rule:233 - rule Change Default Value for ADC ExternalTrigInjecConv F7 family is applicable
2026-04-08 16:07:03,988 [INFO] Rule:233 - rule Change Default Value for ADC ExternalTrigConv F4 and F2 family is applicable
2026-04-08 16:07:03,988 [INFO] Rule:233 - rule Change Default Value for ADC ExternalTrigInjecConv F4 and F2 family is applicable
2026-04-08 16:07:03,988 [INFO] Rule:233 - rule ADC SamplingTime fix with FW L0  is applicable
2026-04-08 16:07:03,988 [INFO] Rule:233 - rule ADC SamplingTime fix with FW L0  is applicable
2026-04-08 16:07:03,988 [INFO] Rule:233 - rule ADC SamplingTime fix with FW L0 is applicable
2026-04-08 16:07:03,988 [INFO] Rule:233 - rule ADC SamplingTime fix with FW L0 is applicable
2026-04-08 16:07:03,988 [INFO] Rule:233 - rule ADC SamplingTime fix with FW L0  is applicable
2026-04-08 16:07:03,989 [INFO] Rule:233 - rule ADC SamplingTime fix with FW L0 is applicable
2026-04-08 16:07:03,989 [INFO] Rule:233 - rule Rename USB_OE Signal is applicable
2026-04-08 16:07:03,989 [INFO] Rule:233 - rule Rename Activate_OE Mode is applicable
2026-04-08 16:07:03,989 [INFO] Rule:233 - rule Rename DIE462/DIE415 pin PC14/OSC32_IN -> PC14-OSC32_IN (PC14) is applicable
2026-04-08 16:07:03,989 [INFO] Rule:233 - rule Rename DIE462/DIE415 pin PC15/OSC32_OUT -> PC15-OSC32_OUT (PC15) is applicable
2026-04-08 16:07:03,989 [INFO] Rule:233 - rule Rename DIE462/DIE415 pin PH0/OSC_IN -> PH0-OSC_IN (PH0) is applicable
2026-04-08 16:07:03,989 [INFO] Rule:233 - rule Rename DIE462/DIE415 pin PH1/OSC_OUT -> PH1-OSC_OUT (PH1) is applicable
2026-04-08 16:07:03,989 [INFO] Rule:233 - rule Rename DIE462 pin PA13 -> PA13 (JTMS/SWDIO) is applicable
2026-04-08 16:07:03,989 [INFO] Rule:233 - rule Rename DIE415 pin PA13 -> PA13 (JTMS/SWDIO) is applicable
2026-04-08 16:07:03,989 [INFO] Rule:233 - rule Rename DIE462 pin PA14 -> PA14 (JTCK/SWCLK) is applicable
2026-04-08 16:07:03,989 [INFO] Rule:233 - rule Rename DIE415 pin PA14 -> PA14 (JTCK/SWCLK) is applicable
2026-04-08 16:07:03,989 [INFO] Rule:233 - rule Rename DIE462/DIE415 pin PA15 -> PA15 (JTDI) is applicable
2026-04-08 16:07:03,989 [INFO] Rule:233 - rule Rename DIE462 pin PB3 -> PB3 (JTD0/TRACESWO) is applicable
2026-04-08 16:07:03,989 [INFO] Rule:233 - rule Rename DIE415 pin PB3 -> PB3 (JTD0-TRACESWO) is applicable
2026-04-08 16:07:03,989 [INFO] Rule:233 - rule Rename DIE462/DIE415 pin PB4 -> PB4 (NJTRST) is applicable
2026-04-08 16:07:03,989 [INFO] Rule:233 - rule Rename DIE462 pin PH3/BOOT0 -> PH3-BOOT0 (BOOT0) is applicable
2026-04-08 16:07:03,990 [INFO] Rule:233 - rule Rename CRYP DataEncryptionTypesList to Algorithm is applicable
2026-04-08 16:07:03,990 [INFO] Rule:233 - rule Rename AES DataEncryptionTypesList to Algorithm is applicable
2026-04-08 16:07:03,991 [INFO] Rule:233 - rule Rename TDESECB to CRYP_TDES_ECB is applicable
2026-04-08 16:07:03,991 [INFO] Rule:233 - rule Rename TDESCBC to CRYP_TDES_CBC is applicable
2026-04-08 16:07:03,991 [INFO] Rule:233 - rule Rename DESECB to CRYP_DES_ECB is applicable
2026-04-08 16:07:03,991 [INFO] Rule:233 - rule Rename DESCBC to CRYP_DES_CBC is applicable
2026-04-08 16:07:03,991 [INFO] Rule:233 - rule Rename AESECB to CRYP_AES_ECB is applicable
2026-04-08 16:07:03,991 [INFO] Rule:233 - rule Rename AESCBC to CRYP_AES_CBC is applicable
2026-04-08 16:07:03,992 [INFO] Rule:233 - rule Rename AESCTR to CRYP_AES_CTR is applicable
2026-04-08 16:07:03,992 [INFO] Rule:233 - rule Rename AESGCM to CRYP_AES_GCM is applicable
2026-04-08 16:07:03,992 [INFO] Rule:233 - rule Rename AESCCM to CRYP_AES_CCM is applicable
2026-04-08 16:07:03,992 [INFO] Rule:233 - rule Rename CAN TimeSeg1 to BS1 is applicable
2026-04-08 16:07:03,992 [INFO] Rule:233 - rule Rename CAN TimeSeg2 to BS2 is applicable
2026-04-08 16:07:03,992 [INFO] Rule:233 - rule Rename CAN SyncJumpWidth to SJW is applicable
2026-04-08 16:07:03,992 [INFO] Rule:233 - rule TimeTriggeredMode to TTCM is applicable
2026-04-08 16:07:03,992 [INFO] Rule:233 - rule Rename CAN AutoBusOff to ABOM is applicable
2026-04-08 16:07:03,992 [INFO] Rule:233 - rule Rename CAN AutoWakeUp to AWUM is applicable
2026-04-08 16:07:03,992 [INFO] Rule:233 - rule Rename CAN AutoRetransmission to NART is applicable
2026-04-08 16:07:03,992 [INFO] Rule:233 - rule Rename CAN ReceiveFifoLocked to RFLM is applicable
2026-04-08 16:07:03,992 [INFO] Rule:233 - rule Rename CAN TransmitFifoPriority to TXFP is applicable
2026-04-08 16:07:03,992 [INFO] Rule:233 - rule Rename HRTIMER HRTIM_OUTPUTFAULTLEVEL_HIGH in HRTIMER HRTIM_OUTPUTFAULTLEVEL_HIGHZ is applicable
2026-04-08 16:07:03,992 [INFO] Rule:233 - rule Rename TIMER TIM_CLEARINPUTSOURCE_OCREFCLR in  TIMER TIM_CLEARINPUTSOURCE_NONE for F7 family is applicable
2026-04-08 16:07:03,992 [INFO] Rule:233 - rule FDCAN_R1 - Rename FDCAN mode Master into Classic is applicable
2026-04-08 16:07:03,992 [INFO] Rule:233 - rule FDCAN_R2 - Rename FDCAN mode Slave into Classic is applicable
2026-04-08 16:07:03,992 [INFO] Rule:233 - rule FDCAN1_R3 - if PA10.Mode=FullDuplex, add Pin PA12 is applicable
2026-04-08 16:07:03,992 [INFO] Rule:233 - rule FDCAN1_R3 - if PA9.Mode=FullDuplex, add Pin PA11 is applicable
2026-04-08 16:07:03,992 [INFO] Rule:233 - rule FDCAN1_R3 - Alternatepin_1 - if PE1.Mode=FullDuplex, add Pin PB9 is applicable
2026-04-08 16:07:03,992 [INFO] Rule:233 - rule FDCAN1_R3 - Alternatepin_1 - if PE0.Mode=FullDuplex, add Pin PB8 is applicable
2026-04-08 16:07:03,992 [INFO] Rule:233 - rule FDCAN1_R3 - Alternatepin_2 - if PD5.Mode=FullDuplex, add Pin PD1 is applicable
2026-04-08 16:07:03,992 [INFO] Rule:233 - rule FDCAN1_R3 - Alternatepin_2 - if PD4.Mode=FullDuplex, add Pin PD0 is applicable
2026-04-08 16:07:03,992 [INFO] Rule:233 - rule FDCAN1_R4 - Rename Mode FullDuplex into Enable FDCAN_TXFD for pin PA10 is applicable
2026-04-08 16:07:03,992 [INFO] Rule:233 - rule FDCAN1_R4 - Rename Mode FullDuplex into Enable FDCAN_TXFD for pin PA9 is applicable
2026-04-08 16:07:03,992 [INFO] Rule:233 - rule FDCAN1_R4 - Alternatepin_1 - Rename Mode FullDuplex into Enable FDCAN_TXFD for pin PE1 is applicable
2026-04-08 16:07:03,992 [INFO] Rule:233 - rule FDCAN1_R4 - Alternatepin_1 - Rename Mode FullDuplex into Enable FDCAN_TXFD for pin PE0 is applicable
2026-04-08 16:07:03,992 [INFO] Rule:233 - rule FDCAN1_R4 - Alternatepin_2 - Rename Mode FullDuplex into Enable FDCAN_TXFD for pin PD5 is applicable
2026-04-08 16:07:03,992 [INFO] Rule:233 - rule FDCAN1_R4 - Alternatepin_2 - Rename Mode FullDuplex into Enable FDCAN_TXFD for pin PD4 is applicable
2026-04-08 16:07:03,992 [INFO] Rule:233 - rule FDCAN2_R3 - if PD10.Mode=FullDuplex, add Pin PB13 is applicable
2026-04-08 16:07:03,992 [INFO] Rule:233 - rule FDCAN2_R3 - if PD9.Mode=FullDuplex, add Pin PB12 is applicable
2026-04-08 16:07:03,992 [INFO] Rule:233 - rule FDCAN2_R3 - Alternatepin_1 - if PB7.Mode=FullDuplex, add Pin PB6 is applicable
2026-04-08 16:07:03,992 [INFO] Rule:233 - rule FDCAN2_R3 - Alternatepin_1 - if PD9.Mode=FullDuplex, add Pin PB12 is applicable
2026-04-08 16:07:03,992 [INFO] Rule:233 - rule FDCAN2_R4 - Rename Mode FullDuplex into Enable FDCAN_TXFD for pin PD10 is applicable
2026-04-08 16:07:03,992 [INFO] Rule:233 - rule FDCAN2_R4 - Rename Mode FullDuplex into Enable FDCAN_TXFD for pin PD9 is applicable
2026-04-08 16:07:03,992 [INFO] Rule:233 - rule FDCAN2_R4 - Alternatepin_1 - Rename Mode FullDuplex into Enable FDCAN_TXFD for pin PB7 is applicable
2026-04-08 16:07:03,992 [INFO] Rule:233 - rule FDCAN2_R4 - Alternatepin_1 - Rename Mode FullDuplex into Enable FDCAN_TXFD for pin PD6 is applicable
2026-04-08 16:07:03,992 [INFO] Rule:233 - rule USART TxPinLevelInvertParam Mode is applicable
2026-04-08 16:07:03,992 [INFO] Rule:233 - rule USART RxPinLevelInvertParam Mode is applicable
2026-04-08 16:07:03,992 [INFO] Rule:233 - rule USART DataInvertParam Mode is applicable
2026-04-08 16:07:03,992 [INFO] Rule:233 - rule USART SwapParam Mode is applicable
2026-04-08 16:07:03,992 [INFO] Rule:233 - rule USART OverrunDisableParam Mode is applicable
2026-04-08 16:07:03,992 [INFO] Rule:233 - rule USART DMADisableonRxErrorParam Mode is applicable
2026-04-08 16:07:03,992 [INFO] Rule:233 - rule USART MSBFirstParam Mode is applicable
2026-04-08 16:07:03,992 [INFO] Rule:233 - rule Update MwName for USB_DEVICE is applicable
2026-04-08 16:07:03,992 [INFO] Rule:233 - rule Change PWR_Regulator_Voltage_Scale Default Value for RCC  H7 family is applicable
2026-04-08 16:07:03,992 [INFO] Rule:233 - rule UART/USART IPParameter rename Prescaler parameter to ClockPrescaler is applicable
2026-04-08 16:07:03,992 [INFO] Rule:233 - rule UART/USART Prescaler rename Prescaler parameter to ClockPrescaler is applicable
2026-04-08 16:07:03,992 [INFO] Rule:233 - rule TIM1CLockSelection is applicable
2026-04-08 16:07:03,992 [INFO] Rule:233 - rule TIM15CLockSelection is applicable
2026-04-08 16:07:03,992 [INFO] Rule:233 - rule align RCC SDMMC3CLockSelection default value on MP1 is applicable
2026-04-08 16:07:03,992 [INFO] Rule:233 - rule align RCC SDMMC12CLockSelection default value on MP1 is applicable
2026-04-08 16:07:03,992 [INFO] Rule:233 - rule align RCC QSPICLockSelection default value on MP1 is applicable
2026-04-08 16:07:03,993 [INFO] Rule:233 - rule align RCC QSPICLockSelection default value on MP1 is applicable
2026-04-08 16:07:03,993 [INFO] Rule:233 - rule align RCC SPI6CLockSelection default value on MP1 is applicable
2026-04-08 16:07:03,993 [INFO] Rule:233 - rule align RCC LPTIM23CLockSelection default value on MP1 is applicable
2026-04-08 16:07:03,993 [INFO] Rule:233 - rule align RCC LPTIM1CLockSelection default value on MP1 is applicable
2026-04-08 16:07:03,993 [INFO] Rule:233 - rule align RCC USART1CLockSelection default value on MP1 is applicable
2026-04-08 16:07:03,993 [INFO] Rule:233 - rule align RCC USART24CLockSelection default value on MP1 is applicable
2026-04-08 16:07:03,993 [INFO] Rule:233 - rule align RCC USART6CLockSelection default value on MP1 is applicable
2026-04-08 16:07:03,993 [INFO] Rule:233 - rule align RCC UART78CLockSelection default value on MP1 is applicable
2026-04-08 16:07:03,993 [INFO] Rule:233 - rule align RCC USART35CLockSelection default value on MP1 is applicable
2026-04-08 16:07:03,993 [INFO] Rule:233 - rule align RCC SPI45CLockSelection default value on MP1 is applicable
2026-04-08 16:07:03,993 [INFO] Rule:233 - rule align RCC I2C46CLockSelection BCLK value on MP1 is applicable
2026-04-08 16:07:03,993 [INFO] Rule:233 - rule align RCC SPI45CLockSelection default value on MP1 is applicable
2026-04-08 16:07:03,993 [INFO] Rule:233 - rule align RCC I2C12CLockSelection default value on MP1 is applicable
2026-04-08 16:07:03,993 [INFO] Rule:233 - rule align RCC I2C35CLockSelection default value on MP1 is applicable
2026-04-08 16:07:03,993 [INFO] Rule:233 - rule align RCC LPTIM45CLockSelection default value on MP1 is applicable
2026-04-08 16:07:03,993 [INFO] Rule:233 - rule Rename DCMI PIXCK signal is applicable
2026-04-08 16:07:03,993 [INFO] Rule:233 - rule Change Default Value for I2C46CLockSelection MP1 family is applicable
2026-04-08 16:07:03,993 [INFO] Rule:233 - rule Change Default Value for UART for G4, G0 and WB families is applicable
2026-04-08 16:07:03,993 [INFO] Rule:233 - rule Change Default Value for USART for G4, G0 and WB families is applicable
2026-04-08 16:07:03,993 [INFO] Rule:233 - rule Change Default Value for USART for G4 family is applicable
2026-04-08 16:07:03,993 [INFO] Rule:233 - rule Change USART1CLockSelection refparam name for MP1 is applicable
2026-04-08 16:07:03,993 [INFO] Rule:233 - rule Change USART2CLockSelection refparam name for MP1 is applicable
2026-04-08 16:07:03,993 [INFO] Rule:233 - rule Change USART3CLockSelection refparam name for MP1 is applicable
2026-04-08 16:07:03,993 [INFO] Rule:233 - rule Change UART4CLockSelection refparam name for MP1 is applicable
2026-04-08 16:07:03,993 [INFO] Rule:233 - rule Change UART5CLockSelection refparam name for MP1 is applicable
2026-04-08 16:07:03,993 [INFO] Rule:233 - rule Change LPUART1CLockSelection refparam name for MP1 is applicable
2026-04-08 16:07:03,993 [INFO] Rule:233 - rule Change LPTIM1CLockSelection refparam name for MP1 is applicable
2026-04-08 16:07:03,993 [INFO] Rule:233 - rule Change LPTIM2CLockSelection refparam name for MP1 is applicable
2026-04-08 16:07:03,993 [INFO] Rule:233 - rule Change RCC_MCO1Source refparam name for MP1 is applicable
2026-04-08 16:07:03,993 [INFO] Rule:233 - rule Change LSCOSource1 refparam name for MP1 is applicable
2026-04-08 16:07:03,993 [INFO] Rule:233 - rule Change SMPSCLockSelection refparam name for MP1 is applicable
2026-04-08 16:07:03,993 [INFO] Rule:233 - rule Change LPTIM3CLockSelection refparam name for MP1 is applicable
2026-04-08 16:07:03,993 [INFO] Rule:233 - rule Change MPCBB* Default Template Mode to Parameters is applicable
2026-04-08 16:07:03,993 [INFO] Rule:233 - rule Change MPCWM* or MPCBB* Secure Mode to Parameters is applicable
2026-04-08 16:07:03,993 [INFO] Rule:233 - rule Change MPCWM* or MPCBB* No Secure Mode to Parameters is applicable
2026-04-08 16:07:03,993 [INFO] Rule:233 - rule Change TZSC IP Secure Mode to Parameters is applicable
2026-04-08 16:07:03,993 [INFO] Rule:233 - rule Change TZSC IP No Secure Mode to Parameters is applicable
2026-04-08 16:07:03,993 [INFO] Rule:233 - rule Change TZSC IP Privilege Mode to Parameters is applicable
2026-04-08 16:07:03,993 [INFO] Rule:233 - rule Change TZSC IP No Privilege Mode to Parameters is applicable
2026-04-08 16:07:03,993 [INFO] Rule:233 - rule Change TZIC IT Secure Mode to Parameters is applicable
2026-04-08 16:07:03,993 [INFO] Rule:233 - rule Change TZIC IT No Secure Mode to Parameters is applicable
2026-04-08 16:07:03,993 [INFO] Rule:233 - rule Add MPCBB1_NonSecureArea_Start_Address value with referenced to MPCBB1_NonSecureArea_Start value is applicable
2026-04-08 16:07:03,993 [INFO] Rule:233 - rule Add MPCBB2_NonSecureArea_Start_Address value with referenced to MPCBB2_NonSecureArea_Start value is applicable
2026-04-08 16:07:03,993 [INFO] Rule:233 - rule Add MPCWM1_NonSecureArea*_Start_Address value with referenced to MPCWM1_NonSecureArea*_Start value is applicable
2026-04-08 16:07:03,993 [INFO] Rule:233 - rule Add MPCWM2_NonSecureArea*_Start_Address value with referenced to MPCWM2_NonSecureArea*_Start value is applicable
2026-04-08 16:07:03,993 [INFO] Rule:233 - rule Add MPCWM3_NonSecureArea_Start_Address value with referenced to MPCWM3_NonSecureArea_Start value is applicable
2026-04-08 16:07:03,993 [INFO] Rule:233 - rule Change Default Value for PLL1UserDefinedConfig is applicable
2026-04-08 16:07:03,993 [INFO] Rule:233 - rule Change GPIO_PuPd Default Value for USART in async mode is applicable
2026-04-08 16:07:03,993 [INFO] Rule:233 - rule Change SMPSDivider Default Value is applicable
2026-04-08 16:07:03,994 [INFO] Rule:233 - rule OPAMP is applicable
2026-04-08 16:07:03,994 [INFO] Rule:233 - rule LPUART IPParameter rename Prescaler parameter to ClockPrescaler for STM32H7 is applicable
2026-04-08 16:07:03,994 [INFO] Rule:233 - rule LPUART IPParameter rename Prescaler parameter to ClockPrescaler for STM32H7 is applicable
2026-04-08 16:07:03,994 [INFO] Rule:233 - rule LPUART IPParameter rename Prescaler parameter to ClockPrescaler for STM32WB is applicable
2026-04-08 16:07:03,994 [INFO] Rule:233 - rule LPUART IPParameter rename Prescaler parameter to ClockPrescaler for STM32WB is applicable
2026-04-08 16:07:03,994 [INFO] Rule:233 - rule LPUART IPParameter rename Prescaler parameter to ClockPrescaler for STM32G4 is applicable
2026-04-08 16:07:03,994 [INFO] Rule:233 - rule LPUART IPParameter rename Prescaler parameter to ClockPrescaler for STM32G4 is applicable
2026-04-08 16:07:03,994 [INFO] Rule:233 - rule LPUART IPParameter rename Prescaler parameter to ClockPrescaler for STM32L5 is applicable
2026-04-08 16:07:03,994 [INFO] Rule:233 - rule LPUART IPParameter rename Prescaler parameter to ClockPrescaler for STM32L5 is applicable
2026-04-08 16:07:03,994 [INFO] Rule:233 - rule LPUART IPParameter rename Prescaler parameter to ClockPrescaler for STM32G4 is applicable
2026-04-08 16:07:03,994 [INFO] Rule:233 - rule LPUART IPParameter rename Prescaler parameter to ClockPrescaler for STM32G4 is applicable
2026-04-08 16:07:03,994 [INFO] Rule:233 - rule USB device lib V2.5.3 for L0 rename USBD_SUPPORT_USER_STRING parameter to USBD_SUPPORT_USER_STRING_DESC4 is applicable
2026-04-08 16:07:03,994 [INFO] Rule:233 - rule I2SCLockSelection clock entry align is applicable
2026-04-08 16:07:03,994 [INFO] Rule:233 - rule Assign TIMx context if used as SYS timebase is applicable
2026-04-08 16:07:03,994 [INFO] Rule:233 - rule Change GPIO_Pu Default Value for I2C is applicable
2026-04-08 16:07:03,994 [INFO] Rule:233 - rule Change GPIO_Pu Default Value for SMBus is applicable
2026-04-08 16:07:03,994 [INFO] Rule:233 - rule change FDCAN default value is applicable
2026-04-08 16:07:03,994 [INFO] Rule:233 - rule Change mode sai is applicable
2026-04-08 16:07:03,994 [INFO] Rule:233 - rule **Change sai mode is applicable
2026-04-08 16:07:03,994 [INFO] Rule:233 - rule Rename STM32WPAN CFG_BLE_IRK to CFG_BLE_IR is applicable
2026-04-08 16:07:03,994 [INFO] Rule:233 - rule Rename STM32WPAN CFG_BLE_ERK to CFG_BLE_ER is applicable
2026-04-08 16:07:03,995 [INFO] Rule:233 - rule Rename STM32WPAN CFG_BLE_IRK_HEX to CFG_BLE_IR_HEX is applicable
2026-04-08 16:07:03,995 [INFO] Rule:233 - rule Rename STM32WPAN CFG_BLE_ERK_HEX to CFG_BLE_ER_HEX is applicable
2026-04-08 16:07:03,995 [INFO] Rule:233 - rule Adapt Old IOC before rework replace old CORTEX_M33/CORTEX_M55 attributes by the new one. is applicable
2026-04-08 16:07:03,995 [INFO] Rule:233 - rule Rename parametre of RCC RCC_APBDBG_DIV2 to RCC_TIMPRES_DIV2 is applicable
2026-04-08 16:07:03,995 [INFO] Rule:233 - rule Rename DIE493 pin PA10 [PA12] -> PA10 is applicable
2026-04-08 16:07:03,995 [INFO] Rule:233 - rule Rename DIE493 pin PA9 [PA11] -> PA9 is applicable
2026-04-08 16:07:03,995 [INFO] Rule:233 - rule Rename DIE492 PartNumber CPN STM32WBA5MJGHx -> STM32WBA5MMGHx is applicable
2026-04-08 16:07:03,995 [INFO] Rule:233 - rule Rename DIE492 PartNumber  Name STM32WBA5MJGHx -> STM32WBA5MMGHx is applicable
2026-04-08 16:07:03,996 [INFO] Rule:233 - rule Rename DIE492 PartNumber UserName STM32WBA5MJGHx -> STM32WBA5MMGHx is applicable
2026-04-08 16:07:03,997 [INFO] Rule:233 - rule Rename DIE492 PartNumber DeviceId STM32WBA5MJGHx -> STM32WBA5MMGHx is applicable
2026-04-08 16:07:03,997 [INFO] Rule:233 - rule Adapt Old IOC CSI. is applicable
2026-04-08 16:07:03,997 [INFO] Rule:233 - rule Adapt Old IOC DCMIPP. is applicable
2026-04-08 16:07:03,997 [INFO] Rule:233 - rule Adapt Old IOC DCMIPP Mode Parallel. is applicable
2026-04-08 16:07:03,997 [INFO] Rule:233 - rule Adapt Old IOC LTDC. is applicable
2026-04-08 16:07:03,997 [INFO] Rule:233 - rule Rename STM32MP2 RIF Peripheral LTDC RIF.RISUP.LTDC_L0L1.Privilege -> RIF.RISUP.LTDC_L1L2.Privilege is applicable
2026-04-08 16:07:03,997 [INFO] Rule:233 - rule Rename STM32MP2 RIF Peripheral LTDC RIF.RISUP.LTDC_L0L1.Privilege -> RIF.RISUP.LTDC_L1L2.Privilege is applicable
2026-04-08 16:07:03,997 [INFO] Rule:233 - rule Rename STM32MP2 RIF Peripheral LTDC RIF.RISUP.LTDC_L0L1.Lock -> RIF.RISUP.LTDC_L1L2.Lock is applicable
2026-04-08 16:07:03,997 [INFO] Rule:233 - rule Rename STM32MP2 RIF Peripheral LTDC RIF.RISUP.LTDC_L2.Lock -> RIF.RISUP.LTDC_L3.Lock is applicable
2026-04-08 16:07:03,997 [INFO] Rule:233 - rule Adapt the old IOC example for updating the SYS when it is misconfigured. is applicable
2026-04-08 16:07:03,997 [INFO] Rule:233 - rule Rename STM32C09 Mcu.Package LQFP64 -> LQFP48 is applicable
2026-04-08 16:07:03,997 [INFO] Rule:233 - rule Adapt the old IOC example for updating the SYS when it is misconfigured. is applicable
2026-04-08 16:07:03,997 [INFO] Rule:233 - rule Adapt the old IOC example for updating the SYS when it is misconfigured. is applicable
2026-04-08 16:07:04,027 [INFO] DbConfProperties:307 - Apply Compatibility (75/313 Rules)
2026-04-08 16:07:04,046 [INFO] ImportTextPane:234 - (OptionalMessage_ERROR) Unable to find key (Mcu.ThirdPartyNb) in loaded IOC file
2026-04-08 16:07:04,061 [INFO] ImportTextPane:234 - (OptionalMessage_ERROR) Pin9 (VP_RIF_VS_RIF1) cannot be retrieved for this MCU
2026-04-08 16:07:04,194 [INFO] RtosManager:558 - Registered RTOS mode: class=CMSIS, group=RTOS, mode=CMSIS_V1, owner=FREERTOS
2026-04-08 16:07:04,195 [INFO] RtosManager:558 - Registered RTOS mode: class=CMSIS, group=RTOS2, mode=CMSIS_V2, owner=FREERTOS
2026-04-08 16:07:04,195 [INFO] RtosManager:558 - Registered RTOS mode: class=RTOS, group=Core, mode=CMSIS_V1, owner=FREERTOS
2026-04-08 16:07:04,195 [INFO] RtosManager:558 - Registered RTOS mode: class=RTOS, group=Core, mode=CMSIS_V2, owner=FREERTOS
2026-04-08 16:07:04,195 [WARN] ModelIntegratedComponent:184 - Missing modes for component STMicroelectronics:FreeRTOS:0.0.1:STMicroelectronics:RTOS:FreeRTOS:Core:::10.2.0:
2026-04-08 16:07:04,215 [WARN] ModelIntegratedComponent:63 - No mode defined for component null
2026-04-08 16:07:04,216 [WARN] ModelIntegratedComponent:63 - No mode defined for component null
2026-04-08 16:07:04,216 [WARN] ModelIntegratedComponent:63 - No mode defined for component null
2026-04-08 16:07:04,216 [WARN] ModelIntegratedComponent:63 - No mode defined for component null
2026-04-08 16:07:04,216 [WARN] ModelIntegratedComponent:63 - No mode defined for component null
2026-04-08 16:07:04,216 [WARN] ModelIntegratedComponent:63 - No mode defined for component null
2026-04-08 16:07:04,216 [WARN] ModelIntegratedComponent:63 - No mode defined for component null
2026-04-08 16:07:04,216 [WARN] ModelIntegratedComponent:63 - No mode defined for component null
2026-04-08 16:07:04,216 [WARN] ModelIntegratedComponent:63 - No mode defined for component null
2026-04-08 16:07:04,216 [WARN] ModelIntegratedComponent:63 - No mode defined for component null
2026-04-08 16:07:04,216 [WARN] ModelIntegratedComponent:63 - No mode defined for component null
2026-04-08 16:07:04,216 [WARN] ModelIntegratedComponent:63 - No mode defined for component null
2026-04-08 16:07:04,216 [WARN] ModelIntegratedComponent:63 - No mode defined for component null
2026-04-08 16:07:04,216 [WARN] ModelIntegratedComponent:63 - No mode defined for component null
2026-04-08 16:07:04,216 [WARN] ModelIntegratedComponent:63 - No mode defined for component null
2026-04-08 16:07:04,216 [WARN] ModelIntegratedComponent:63 - No mode defined for component null
2026-04-08 16:07:04,216 [WARN] ModelIntegratedComponent:63 - No mode defined for component null
2026-04-08 16:07:04,216 [WARN] ModelIntegratedComponent:63 - No mode defined for component null
2026-04-08 16:07:04,216 [WARN] ModelIntegratedComponent:63 - No mode defined for component null
2026-04-08 16:07:04,216 [WARN] ModelIntegratedComponent:63 - No mode defined for component null
2026-04-08 16:07:04,216 [WARN] ModelIntegratedComponent:63 - No mode defined for component null
2026-04-08 16:07:04,216 [WARN] ModelIntegratedComponent:63 - No mode defined for component null
2026-04-08 16:07:04,216 [WARN] ModelIntegratedComponent:63 - No mode defined for component null
2026-04-08 16:07:04,216 [WARN] ModelIntegratedComponent:63 - No mode defined for component null
2026-04-08 16:07:04,216 [WARN] ModelIntegratedComponent:63 - No mode defined for component null
2026-04-08 16:07:04,216 [WARN] ModelIntegratedComponent:63 - No mode defined for component null
2026-04-08 16:07:04,216 [WARN] ModelIntegratedComponent:63 - No mode defined for component null
2026-04-08 16:07:04,216 [WARN] ModelIntegratedComponent:63 - No mode defined for component null
2026-04-08 16:07:04,216 [WARN] ModelIntegratedComponent:63 - No mode defined for component null
2026-04-08 16:07:04,216 [WARN] ModelIntegratedComponent:63 - No mode defined for component null
2026-04-08 16:07:04,216 [WARN] ModelIntegratedComponent:63 - No mode defined for component null
2026-04-08 16:07:04,216 [WARN] ModelIntegratedComponent:63 - No mode defined for component null
2026-04-08 16:07:04,216 [WARN] ModelIntegratedComponent:63 - No mode defined for component null
2026-04-08 16:07:04,216 [WARN] ModelIntegratedComponent:63 - No mode defined for component null
2026-04-08 16:07:04,216 [WARN] ModelIntegratedComponent:63 - No mode defined for component null
2026-04-08 16:07:04,216 [WARN] ModelPack:524 - Component already loaded: STMicroelectronics:HAL Drivers:0.0.0:STMicroelectronics:Device:STMicro_Driver:XSPI:HAL::0.0.1:HAL_XSPI
2026-04-08 16:07:04,252 [INFO] ThirdPartyModel:298 - Start build external matchings
2026-04-08 16:07:04,365 [INFO] ThirdPartyModel:316 - End build external matchings
2026-04-08 16:07:04,376 [INFO] ImportTextPane:234 - (OptionalMessage_ERROR) IP (RCC) : Invalid parameter (LPUARTFreq_Value)
2026-04-08 16:07:04,377 [INFO] ImportTextPane:234 - (OptionalMessage_ERROR) IP (RCC) : Invalid parameter (FamilyName)
2026-04-08 16:07:04,377 [INFO] ImportTextPane:234 - (OptionalMessage_ERROR) IP (RCC) : Invalid parameter (PLLCLKFreq_Value)
2026-04-08 16:07:04,377 [INFO] ImportTextPane:234 - (OptionalMessage_ERROR) IP (RCC) : Invalid parameter (RTCHSEDivFreq_Value)
2026-04-08 16:07:04,377 [INFO] ImportTextPane:234 - (OptionalMessage_ERROR) IP (RCC) : Invalid parameter (LPTIMFreq_Value)
2026-04-08 16:07:04,378 [INFO] ImportTextPane:234 - (OptionalMessage_ERROR) IP (RCC) : Invalid parameter (TIMFreq_Value)
2026-04-08 16:07:04,378 [INFO] ImportTextPane:234 - (OptionalMessage_ERROR) IP (RCC) : Invalid parameter (HSI16_VALUE)
2026-04-08 16:07:04,379 [INFO] ImportTextPane:234 - (OptionalMessage_ERROR) IP (RCC) : Invalid parameter (48CLKFreq_Value)
2026-04-08 16:07:04,379 [INFO] ImportTextPane:234 - (OptionalMessage_ERROR) IP (RCC) : Invalid parameter (PLLMUL)
2026-04-08 16:07:04,379 [INFO] ImportTextPane:234 - (OptionalMessage_ERROR) IP (RCC) : Invalid parameter (TimerFreq_Value)
2026-04-08 16:07:04,379 [INFO] ImportTextPane:234 - (OptionalMessage_ERROR) IP (RCC) : Invalid parameter (MCOPinFreq_Value)
2026-04-08 16:07:04,565 [INFO] UtilMem:75 - End LoadConfig() Used Memory: 609599680 Bytes (1073741824)
2026-04-08 16:07:04,795 [WARN] ThirdParty:833 - waiting for thirdparty lock release [change project]
2026-04-08 16:07:04,804 [INFO] ThirdParty:835 - entering critical section [change project]
2026-04-08 16:07:04,805 [INFO] ThirdParty:1030 - CMSIS Pack Vendor :STMicroelectronics X-CUBE-AZRTOS-H7 3.5.0
2026-04-08 16:07:04,806 [INFO] ThirdParty:1030 - CMSIS Pack Vendor :STMicroelectronics X-CUBE-PM33A1 1.0.0
2026-04-08 16:07:04,806 [INFO] ThirdParty:1030 - CMSIS Pack Vendor :STMicroelectronics USBPD 4.1
2026-04-08 16:07:04,806 [INFO] ThirdParty:1030 - CMSIS Pack Vendor :STMicroelectronics X-CUBE-NFC9 1.0.0
2026-04-08 16:07:04,806 [INFO] ThirdParty:1030 - CMSIS Pack Vendor :STMicroelectronics USB_HOST 2.0.0
2026-04-08 16:07:04,806 [INFO] ThirdParty:1030 - CMSIS Pack Vendor :STMicroelectronics X-CUBE-AZRTOS-F4 1.1.0
2026-04-08 16:07:04,806 [INFO] ThirdParty:1030 - CMSIS Pack Vendor :STMicroelectronics LIBJPEG 8.0.0
2026-04-08 16:07:04,806 [INFO] ThirdParty:1030 - CMSIS Pack Vendor :STMicroelectronics FP-ATR-ASTRA1 2.0.2
2026-04-08 16:07:04,806 [INFO] ThirdParty:1030 - CMSIS Pack Vendor :STMicroelectronics X-CUBE-BLE1 7.1.0
2026-04-08 16:07:04,806 [INFO] ThirdParty:1030 - CMSIS Pack Vendor :STMicroelectronics X-CUBE-SMBUS 2.1.0
2026-04-08 16:07:04,806 [INFO] ThirdParty:1030 - CMSIS Pack Vendor :wolfSSL I-CUBE-wolfMQTT 1.19.2
2026-04-08 16:07:04,806 [INFO] ThirdParty:1030 - CMSIS Pack Vendor :STMicroelectronics USB_DEVICE 3.0.0
2026-04-08 16:07:04,806 [INFO] ThirdParty:1030 - CMSIS Pack Vendor :STMicroelectronics X-CUBE-ISPU 2.1.0
2026-04-08 16:07:04,806 [INFO] ThirdParty:1030 - CMSIS Pack Vendor :STMicroelectronics eDS-WB_DPC_TT-BIDIR 2.1.1
2026-04-08 16:07:04,806 [INFO] ThirdParty:1030 - CMSIS Pack Vendor :STMicroelectronics X-CUBE-AZRTOS-WB 2.0.0
2026-04-08 16:07:04,806 [INFO] ThirdParty:1030 - CMSIS Pack Vendor :wolfSSL I-CUBE-wolfSSL 5.8.4
2026-04-08 16:07:04,806 [INFO] ThirdParty:1030 - CMSIS Pack Vendor :Cesanta I-CUBE-Mongoose 7.20.0
2026-04-08 16:07:04,806 [INFO] ThirdParty:1030 - CMSIS Pack Vendor :STMicroelectronics X-CUBE-AZRTOS-F7 1.1.0
2026-04-08 16:07:04,806 [INFO] ThirdParty:1030 - CMSIS Pack Vendor :STMicroelectronics X-CUBE-AZRTOS-L5 2.0.0
2026-04-08 16:07:04,806 [INFO] ThirdParty:1030 - CMSIS Pack Vendor :STMicroelectronics USB_DEVICE 2.0.0
2026-04-08 16:07:04,806 [INFO] ThirdParty:1030 - CMSIS Pack Vendor :quantropi X-CUBE-qispace-sdk-base 2.1.0
2026-04-08 16:07:04,806 [INFO] ThirdParty:1030 - CMSIS Pack Vendor :STMicroelectronics X-CUBE-STSE01 2.0.0
2026-04-08 16:07:04,806 [INFO] ThirdParty:1030 - CMSIS Pack Vendor :STMicroelectronics FreeRTOS 0.0.1
2026-04-08 16:07:04,806 [INFO] ThirdParty:1030 - CMSIS Pack Vendor :STMicroelectronics X-CUBE-AZRTOS-G0 1.1.0
2026-04-08 16:07:04,806 [INFO] ThirdParty:1030 - CMSIS Pack Vendor :STMicroelectronics X-CUBE-NFC4 3.0.0
2026-04-08 16:07:04,806 [INFO] ThirdParty:1030 - CMSIS Pack Vendor :STMicroelectronics X-CUBE-SUBG2 5.0.0
2026-04-08 16:07:04,806 [INFO] ThirdParty:1030 - CMSIS Pack Vendor :STMicroelectronics STM32_WPAN 1.0.0
2026-04-08 16:07:04,806 [INFO] ThirdParty:1030 - CMSIS Pack Vendor :STMicroelectronics eDS-WB_DPC_VIENNA 1.2.0
2026-04-08 16:07:04,806 [INFO] ThirdParty:1030 - CMSIS Pack Vendor :EmbeddedOffice I-CUBE-FS-RTOS 1.0.1
2026-04-08 16:07:04,806 [INFO] ThirdParty:1030 - CMSIS Pack Vendor :STMicroelectronics lwIP 2.0.3
2026-04-08 16:07:04,806 [INFO] ThirdParty:1030 - CMSIS Pack Vendor :WES I-CUBE-Cesium 1.4.0
2026-04-08 16:07:04,806 [INFO] ThirdParty:1030 - CMSIS Pack Vendor :STMicroelectronics eDS-WB_DPC_3PH2L-BIDIR 1.1.1
2026-04-08 16:07:04,806 [INFO] ThirdParty:1030 - CMSIS Pack Vendor :STMicroelectronics USB_HOST 1.0.0
2026-04-08 16:07:04,806 [INFO] ThirdParty:1030 - CMSIS Pack Vendor :STMicroelectronics X-CUBE-AZRTOS-G4 2.0.0
2026-04-08 16:07:04,806 [INFO] ThirdParty:1030 - CMSIS Pack Vendor :STMicroelectronics PDM2PCM 3.1.0
2026-04-08 16:07:04,806 [INFO] ThirdParty:1030 - CMSIS Pack Vendor :STMicroelectronics PDM2PCM 3.3.0
2026-04-08 16:07:04,806 [INFO] ThirdParty:1030 - CMSIS Pack Vendor :wolfSSL I-CUBE-wolfTPM 3.8.0
2026-04-08 16:07:04,806 [INFO] ThirdParty:1030 - CMSIS Pack Vendor :STMicroelectronics X-CUBE-DISPLAY 3.0.0
2026-04-08 16:07:04,806 [INFO] ThirdParty:1030 - CMSIS Pack Vendor :wolfSSL I-CUBE-wolfSSH 1.4.20
2026-04-08 16:07:04,807 [INFO] ThirdParty:1030 - CMSIS Pack Vendor :STMicroelectronics X-CUBE-NFC7 2.0.0
2026-04-08 16:07:04,807 [INFO] ThirdParty:1030 - CMSIS Pack Vendor :STMicroelectronics X-CUBE-TCPP 4.2.0
2026-04-08 16:07:04,807 [INFO] ThirdParty:1030 - CMSIS Pack Vendor :RealThread X-CUBE-RT-Thread_Nano 4.1.1
2026-04-08 16:07:04,807 [INFO] ThirdParty:1030 - CMSIS Pack Vendor :STMicroelectronics FP-ATR-SIGFOX1 3.2.0
2026-04-08 16:07:04,807 [INFO] ThirdParty:1030 - CMSIS Pack Vendor :STMicroelectronics X-CUBE-NFC10 1.0.0
2026-04-08 16:07:04,807 [INFO] ThirdParty:1030 - CMSIS Pack Vendor :STMicroelectronics HAL Drivers 0.0.0
2026-04-08 16:07:04,807 [INFO] ThirdParty:1030 - CMSIS Pack Vendor :STMicroelectronics MBEDTLS 2.16.2
2026-04-08 16:07:04,807 [INFO] ThirdParty:1030 - CMSIS Pack Vendor :STMicroelectronics X-CUBE-ST60 1.1.0
2026-04-08 16:07:04,807 [INFO] ThirdParty:1030 - CMSIS Pack Vendor :STMicroelectronics X-CUBE-ALS 1.0.2
2026-04-08 16:07:04,812 [INFO] ThirdParty:1030 - CMSIS Pack Vendor :emotas I-CUBE-CANOPEN 1.3.0
2026-04-08 16:07:04,815 [INFO] ThirdParty:1030 - CMSIS Pack Vendor :STMicroelectronics MBEDTLS 2.14.1
2026-04-08 16:07:04,816 [INFO] ThirdParty:1030 - CMSIS Pack Vendor :ITTIA_DB I-CUBE-ITTIADB 8.9.0
2026-04-08 16:07:04,816 [INFO] ThirdParty:1030 - CMSIS Pack Vendor :STMicroelectronics X-CUBE-TOUCHGFX 4.26.1
2026-04-08 16:07:04,816 [INFO] ThirdParty:1030 - CMSIS Pack Vendor :STMicroelectronics ThreadX 1.0.0
2026-04-08 16:07:04,816 [INFO] ThirdParty:1030 - CMSIS Pack Vendor :STMicroelectronics FP-SNS-SMARTAG2 1.2.0
2026-04-08 16:07:04,816 [INFO] ThirdParty:1030 - CMSIS Pack Vendor :STMicroelectronics FP-SNS-FLIGHT1 5.1.0
2026-04-08 16:07:04,816 [INFO] ThirdParty:1030 - CMSIS Pack Vendor :STMicroelectronics X-CUBE-AZRTOS-WL 2.0.0
2026-04-08 16:07:04,816 [INFO] ThirdParty:1030 - CMSIS Pack Vendor :SEGGER I-CUBE-embOS 1.3.1
2026-04-08 16:07:04,816 [INFO] ThirdParty:1030 - CMSIS Pack Vendor :STMicroelectronics X-CUBE-ALGOBUILD 1.4.0
2026-04-08 16:07:04,816 [INFO] ThirdParty:1030 - CMSIS Pack Vendor :STMicroelectronics X-CUBE-DPower 1.3.0
2026-04-08 16:07:04,816 [INFO] ThirdParty:1030 - CMSIS Pack Vendor :STMicroelectronics USB_DEVICE 1.0.0
2026-04-08 16:07:04,816 [INFO] ThirdParty:1030 - CMSIS Pack Vendor :STMicroelectronics X-CUBE-AZRTOS-H7RS 1.2.0
2026-04-08 16:07:04,816 [INFO] ThirdParty:1030 - CMSIS Pack Vendor :STMicroelectronics X-CUBE-AZRTOS-L4 2.0.0
2026-04-08 16:07:04,816 [INFO] ThirdParty:1030 - CMSIS Pack Vendor :STMicroelectronics ThreadX 0.0.2
2026-04-08 16:07:04,816 [INFO] ThirdParty:1030 - CMSIS Pack Vendor :STMicroelectronics lwIP 2.1.2
2026-04-08 16:07:04,816 [INFO] ThirdParty:1030 - CMSIS Pack Vendor :STMicroelectronics X-CUBE-SFXS2LP1 4.0.0
2026-04-08 16:07:04,816 [INFO] ThirdParty:1030 - CMSIS Pack Vendor :STMicroelectronics X-CUBE-BLE2 3.3.0
2026-04-08 16:07:04,816 [INFO] ThirdParty:1030 - CMSIS Pack Vendor :Avnet-IOTCONNECT X-CUBE-iotc-st67-sdk 1.0.0
2026-04-08 16:07:04,816 [INFO] ThirdParty:1030 - CMSIS Pack Vendor :STMicroelectronics X-CUBE-TOF1 3.4.3
2026-04-08 16:07:04,816 [INFO] ThirdParty:1030 - CMSIS Pack Vendor :Infineon AIROC-Wi-Fi-Bluetooth-STM32 1.8.0
2026-04-08 16:07:04,816 [INFO] ThirdParty:1030 - CMSIS Pack Vendor :STMicroelectronics PDM2PCM 3.2.0
2026-04-08 16:07:04,816 [INFO] ThirdParty:1030 - CMSIS Pack Vendor :STMicroelectronics X-CUBE-WB05N 2.1.0
2026-04-08 16:07:04,816 [INFO] ThirdParty:1030 - CMSIS Pack Vendor :STMicroelectronics X-CUBE-ST67W61 1.2.0
2026-04-08 16:07:04,819 [INFO] ThirdParty:841 - exiting critical section [change project]
2026-04-08 16:07:05,343 [INFO] PinOutPanel:1589 - setPackage(No Configuration,No Configuration)
2026-04-08 16:07:05,347 [INFO] PinOutPanel:1589 - setPackage(STM32L432KCUx,UFQFPN32)
2026-04-08 16:07:06,758 [INFO] UtilMem:75 - Before build in PCC Used Memory: 811967456 Bytes (1073741824)
2026-04-08 16:07:07,886 [INFO] UtilMem:75 - After build in PCC Used Memory: 803581008 Bytes (1073741824)
2026-04-08 16:07:07,943 [INFO] IPUIPlugin:80 - create IPUIPlugin
2026-04-08 16:07:07,943 [INFO] IPUIPlugin:80 - create IPUIPlugin
2026-04-08 16:07:07,944 [INFO] IPUIPlugin:80 - create IPUIPlugin
2026-04-08 16:07:07,945 [INFO] IPUIPlugin:80 - create IPUIPlugin
2026-04-08 16:07:07,945 [INFO] IPUIPlugin:80 - create IPUIPlugin
2026-04-08 16:07:07,945 [INFO] IPUIPlugin:80 - create IPUIPlugin
2026-04-08 16:07:07,945 [INFO] IPUIPlugin:80 - create IPUIPlugin
2026-04-08 16:07:07,946 [INFO] IPUIPlugin:80 - create IPUIPlugin
2026-04-08 16:07:07,946 [INFO] IPUIPlugin:80 - create IPUIPlugin
2026-04-08 16:07:07,946 [INFO] IPUIPlugin:80 - create IPUIPlugin
2026-04-08 16:07:07,946 [INFO] IPUIPlugin:80 - create IPUIPlugin
2026-04-08 16:07:07,947 [INFO] IPUIPlugin:80 - create IPUIPlugin
2026-04-08 16:07:07,947 [INFO] IPUIPlugin:80 - create IPUIPlugin
2026-04-08 16:07:07,947 [INFO] IPUIPlugin:80 - create IPUIPlugin
2026-04-08 16:07:07,947 [INFO] IPUIPlugin:80 - create IPUIPlugin
2026-04-08 16:07:07,947 [INFO] IPUIPlugin:80 - create IPUIPlugin
2026-04-08 16:07:07,947 [INFO] IPUIPlugin:80 - create IPUIPlugin
2026-04-08 16:07:07,947 [INFO] IPUIPlugin:80 - create IPUIPlugin
2026-04-08 16:07:07,948 [INFO] IPUIPlugin:80 - create IPUIPlugin
2026-04-08 16:07:07,948 [INFO] IPUIPlugin:80 - create IPUIPlugin
2026-04-08 16:07:07,949 [INFO] IPUIPlugin:80 - create IPUIPlugin
2026-04-08 16:07:07,949 [INFO] IPUIPlugin:80 - create IPUIPlugin
2026-04-08 16:07:07,949 [INFO] IPUIPlugin:80 - create IPUIPlugin
2026-04-08 16:07:07,949 [INFO] IPUIPlugin:80 - create IPUIPlugin
2026-04-08 16:07:07,950 [INFO] IPUIPlugin:80 - create IPUIPlugin
2026-04-08 16:07:07,950 [INFO] IPUIPlugin:80 - create IPUIPlugin
2026-04-08 16:07:07,950 [INFO] IPUIPlugin:80 - create IPUIPlugin
2026-04-08 16:07:07,950 [INFO] IPUIPlugin:80 - create IPUIPlugin
2026-04-08 16:07:07,950 [INFO] IPUIPlugin:80 - create IPUIPlugin
2026-04-08 16:07:07,950 [INFO] IPUIPlugin:80 - create IPUIPlugin
2026-04-08 16:07:07,950 [INFO] IPUIPlugin:80 - create IPUIPlugin
2026-04-08 16:07:07,950 [INFO] IPUIPlugin:80 - create IPUIPlugin
2026-04-08 16:07:07,950 [INFO] IPUIPlugin:80 - create IPUIPlugin
2026-04-08 16:07:07,950 [INFO] IPUIPlugin:80 - create IPUIPlugin
2026-04-08 16:07:07,950 [INFO] IPUIPlugin:80 - create IPUIPlugin
2026-04-08 16:07:07,950 [INFO] IPUIPlugin:80 - create IPUIPlugin
2026-04-08 16:07:07,950 [INFO] IPUIPlugin:80 - create IPUIPlugin
2026-04-08 16:07:07,951 [INFO] IPUIPlugin:80 - create IPUIPlugin
2026-04-08 16:07:07,951 [INFO] IPUIPlugin:80 - create IPUIPlugin
2026-04-08 16:07:07,951 [INFO] IPUIPlugin:80 - create IPUIPlugin
2026-04-08 16:07:07,951 [INFO] IPUIPlugin:80 - create IPUIPlugin
2026-04-08 16:07:08,211 [INFO] CADModel:165 - CPN selected for project levelSTM32L432KCU3
2026-04-08 16:07:08,211 [INFO] CADModel:114 - Register for checkConnection events
2026-04-08 16:07:08,263 [INFO] OpenFileManager:386 - Restore cursor
2026-04-08 16:07:08,979 [INFO] UtilMem:75 - End SaveConfig() Used Memory: 979219536 Bytes (1073741824)
2026-04-08 16:07:09,094 [INFO] UtilMem:75 - End SaveConfig() Used Memory: 621814040 Bytes (1073741824)
2026-04-08 16:07:10,336 [INFO] BlockDiagram:2775 - set Specific Code input for plugin: NVIC
2026-04-08 16:07:10,343 [INFO] BlockDiagram:2775 - set Specific Code input for plugin: USART
2026-04-08 16:07:10,346 [INFO] BlockDiagram:2775 - set Specific Code input for plugin: SYS
2026-04-08 16:07:10,346 [INFO] BlockDiagram:2775 - set Specific Code input for plugin: GPIO
2026-04-08 16:07:10,346 [INFO] BlockDiagram:2775 - set Specific Code input for plugin: RCC
2026-04-08 16:07:10,347 [INFO] CodeGenerator:892 - code generatio: config db path: /Applications/STM32CubeIDE.app/Contents/Eclipse/plugins/com.st.stm32cube.common.mx_6.15.0.202507011659//db/
2026-04-08 16:07:10,557 [INFO] CodeEngine:265 - oldGeneratedFile, /Users/cristianpetramale/Biomed_projects/STMWorkSpace/EX1/MXTmpFiles/license.tmp_save
2026-04-08 16:07:11,130 [INFO] CodeEngine:289 - Generated code: /Users/cristianpetramale/Biomed_projects/STMWorkSpace/EX1/MXTmpFiles/license.tmp
2026-04-08 16:07:11,296 [INFO] CodeEngine:265 - oldGeneratedFile, /Users/cristianpetramale/Biomed_projects/STMWorkSpace/EX1/MXTmpFiles/gpio.tmp_save
2026-04-08 16:07:11,503 [INFO] CodeEngine:289 - Generated code: /Users/cristianpetramale/Biomed_projects/STMWorkSpace/EX1/MXTmpFiles/gpio.tmp
2026-04-08 16:07:11,679 [INFO] CodeEngine:265 - oldGeneratedFile, /Users/cristianpetramale/Biomed_projects/STMWorkSpace/EX1/Core/Src/stm32l4xx_it.c_save
2026-04-08 16:07:11,840 [INFO] CodeEngine:289 - Generated code: /Users/cristianpetramale/Biomed_projects/STMWorkSpace/EX1/Core/Src/stm32l4xx_it.c
2026-04-08 16:07:11,842 [INFO] CodeEngine:265 - oldGeneratedFile, /Users/cristianpetramale/Biomed_projects/STMWorkSpace/EX1/Core/Inc/stm32l4xx_it.h_save
2026-04-08 16:07:11,903 [INFO] CodeEngine:289 - Generated code: /Users/cristianpetramale/Biomed_projects/STMWorkSpace/EX1/Core/Inc/stm32l4xx_it.h
2026-04-08 16:07:11,909 [INFO] CodeEngine:265 - oldGeneratedFile, /Users/cristianpetramale/Biomed_projects/STMWorkSpace/EX1/Core/Src/stm32l4xx_hal_msp.c_save
2026-04-08 16:07:12,030 [INFO] CodeEngine:289 - Generated code: /Users/cristianpetramale/Biomed_projects/STMWorkSpace/EX1/Core/Src/stm32l4xx_hal_msp.c
2026-04-08 16:07:12,032 [INFO] CodeEngine:265 - oldGeneratedFile, /Users/cristianpetramale/Biomed_projects/STMWorkSpace/EX1/MXTmpFiles/system.tmp_save
2026-04-08 16:07:12,085 [INFO] CodeEngine:289 - Generated code: /Users/cristianpetramale/Biomed_projects/STMWorkSpace/EX1/MXTmpFiles/system.tmp
2026-04-08 16:07:12,091 [INFO] CodeEngine:321 - oldGeneratedFile, /Users/cristianpetramale/Biomed_projects/STMWorkSpace/EX1/Core/Inc/stm32l4xx_hal_conf.h_save
2026-04-08 16:07:12,163 [INFO] CodeEngine:345 - Generated code: /Users/cristianpetramale/Biomed_projects/STMWorkSpace/EX1/Core/Inc/stm32l4xx_hal_conf.h
2026-04-08 16:07:12,241 [INFO] ApiDbMcu:532 - Load IP Config File for USART2
2026-04-08 16:07:12,244 [INFO] ApiDbMcu:532 - Load IP Config File for RCC
2026-04-08 16:07:12,250 [INFO] CodeEngine:265 - oldGeneratedFile, /Users/cristianpetramale/Biomed_projects/STMWorkSpace/EX1/Core/Inc/main.h_save
2026-04-08 16:07:12,379 [INFO] CodeEngine:289 - Generated code: /Users/cristianpetramale/Biomed_projects/STMWorkSpace/EX1/Core/Inc/main.h
2026-04-08 16:07:12,383 [INFO] CodeEngine:265 - oldGeneratedFile, /Users/cristianpetramale/Biomed_projects/STMWorkSpace/EX1/Core/Src/main.c_save
2026-04-08 16:07:12,590 [INFO] CodeEngine:289 - Generated code: /Users/cristianpetramale/Biomed_projects/STMWorkSpace/EX1/Core/Src/main.c
2026-04-08 16:07:12,791 [INFO] ProjectBuilder:3606 - Time for Copy HAL[1] : 56mS.
2026-04-08 16:07:12,799 [INFO] ProjectBuilder:5216 - Project Generator version: 4.7.0-B52
2026-04-08 16:07:12,910 [INFO] ConfigFileManager:1595 - The Die is : DIE435
2026-04-08 16:07:12,922 [INFO] ApiDbMcu:532 - Load IP Config File for FATFS
2026-04-08 16:07:12,928 [INFO] ApiDbMcu:532 - Load IP Config File for FREERTOS
2026-04-08 16:07:12,936 [INFO] ApiDbMcu:532 - Load IP Config File for TOUCHSENSING
2026-04-08 16:07:12,942 [INFO] ApiDbMcu:532 - Load IP Config File for USB_DEVICE
2026-04-08 16:07:13,389 [INFO] LogOutputStream:77 - [STDOUT_REDIRECT] 
2026-04-08 16:07:16,448 [INFO] ProjectBuilder:5496 - Time for Generating toolchain IDE Files: 3648mS.
2026-04-08 16:07:16,450 [INFO] ProjectBuilder:3463 - Time for Copy CMSIS : 0mS.
2026-04-08 16:07:16,451 [INFO] ProjectBuilder:3463 - Time for Copy CMSIS : 0mS.
2026-04-08 16:07:17,794 [INFO] McuFinderGlobals:76 - Set McuFinderConnectedMode to true
2026-04-08 16:07:17,806 [INFO] ApiDb:448 - Save user favorites file /Users/cristianpetramale/.stm32cubeide/favorites.mcus.txt: 0 item(s)
2026-04-08 16:07:17,806 [INFO] ApiDb:452 - User favorites MCUs=[]
2026-04-08 16:07:17,841 [INFO] ApiDb:448 - Save user favorites file /Users/cristianpetramale/.stm32cubeide/favorites.boards.txt: 0 item(s)
2026-04-08 16:07:17,841 [INFO] ApiDb:452 - User favorites Boards=[]
2026-04-08 16:13:49,858 [INFO] UtilMem:75 - End SaveConfig() Used Memory: 994833832 Bytes (1073741824)
2026-04-08 16:13:57,236 [INFO] UtilMem:75 - End SaveConfig() Used Memory: 733525552 Bytes (1073741824)
2026-04-08 16:14:00,136 [INFO] UtilMem:75 - End SaveConfig() Used Memory: 767079984 Bytes (1073741824)
2026-04-08 16:14:00,313 [INFO] ProjectBuilder:2380 - IP not ready for code generation: Clock
2026-04-08 16:14:05,081 [INFO] BlockDiagram:2775 - set Specific Code input for plugin: NVIC
2026-04-08 16:14:05,081 [INFO] BlockDiagram:2775 - set Specific Code input for plugin: USART
2026-04-08 16:14:05,081 [INFO] BlockDiagram:2775 - set Specific Code input for plugin: USB
2026-04-08 16:14:05,081 [INFO] BlockDiagram:2775 - set Specific Code input for plugin: SYS
2026-04-08 16:14:05,082 [INFO] BlockDiagram:2775 - set Specific Code input for plugin: GPIO
2026-04-08 16:14:05,082 [INFO] BlockDiagram:2775 - set Specific Code input for plugin: RCC
2026-04-08 16:14:05,082 [INFO] CodeGenerator:892 - code generatio: config db path: /Applications/STM32CubeIDE.app/Contents/Eclipse/plugins/com.st.stm32cube.common.mx_6.15.0.202507011659//db/
2026-04-08 16:14:05,193 [INFO] CodeEngine:265 - oldGeneratedFile, /Users/cristianpetramale/Biomed_projects/STMWorkSpace/EX1/MXTmpFiles/license.tmp_save
2026-04-08 16:14:05,397 [INFO] CodeEngine:289 - Generated code: /Users/cristianpetramale/Biomed_projects/STMWorkSpace/EX1/MXTmpFiles/license.tmp
2026-04-08 16:14:05,443 [INFO] CodeEngine:265 - oldGeneratedFile, /Users/cristianpetramale/Biomed_projects/STMWorkSpace/EX1/MXTmpFiles/gpio.tmp_save
2026-04-08 16:14:05,535 [INFO] CodeEngine:289 - Generated code: /Users/cristianpetramale/Biomed_projects/STMWorkSpace/EX1/MXTmpFiles/gpio.tmp
2026-04-08 16:14:05,642 [INFO] CodeEngine:265 - oldGeneratedFile, /Users/cristianpetramale/Biomed_projects/STMWorkSpace/EX1/Core/Src/stm32l4xx_it.c_save
2026-04-08 16:14:05,793 [INFO] CodeEngine:289 - Generated code: /Users/cristianpetramale/Biomed_projects/STMWorkSpace/EX1/Core/Src/stm32l4xx_it.c
2026-04-08 16:14:05,795 [INFO] CodeEngine:265 - oldGeneratedFile, /Users/cristianpetramale/Biomed_projects/STMWorkSpace/EX1/Core/Inc/stm32l4xx_it.h_save
2026-04-08 16:14:05,845 [INFO] CodeEngine:289 - Generated code: /Users/cristianpetramale/Biomed_projects/STMWorkSpace/EX1/Core/Inc/stm32l4xx_it.h
2026-04-08 16:14:05,850 [INFO] CodeEngine:265 - oldGeneratedFile, /Users/cristianpetramale/Biomed_projects/STMWorkSpace/EX1/Core/Src/stm32l4xx_hal_msp.c_save
2026-04-08 16:14:05,968 [INFO] CodeEngine:289 - Generated code: /Users/cristianpetramale/Biomed_projects/STMWorkSpace/EX1/Core/Src/stm32l4xx_hal_msp.c
2026-04-08 16:14:05,969 [INFO] CodeEngine:265 - oldGeneratedFile, /Users/cristianpetramale/Biomed_projects/STMWorkSpace/EX1/MXTmpFiles/system.tmp_save
2026-04-08 16:14:06,015 [INFO] CodeEngine:289 - Generated code: /Users/cristianpetramale/Biomed_projects/STMWorkSpace/EX1/MXTmpFiles/system.tmp
2026-04-08 16:14:06,019 [INFO] CodeEngine:321 - oldGeneratedFile, /Users/cristianpetramale/Biomed_projects/STMWorkSpace/EX1/Core/Inc/stm32l4xx_hal_conf.h_save
2026-04-08 16:14:06,070 [INFO] CodeEngine:345 - Generated code: /Users/cristianpetramale/Biomed_projects/STMWorkSpace/EX1/Core/Inc/stm32l4xx_hal_conf.h
2026-04-08 16:14:06,106 [INFO] ApiDbMcu:532 - Load IP Config File for USB
2026-04-08 16:14:06,110 [INFO] CodeEngine:265 - oldGeneratedFile, /Users/cristianpetramale/Biomed_projects/STMWorkSpace/EX1/Core/Inc/main.h_save
2026-04-08 16:14:06,202 [INFO] CodeEngine:289 - Generated code: /Users/cristianpetramale/Biomed_projects/STMWorkSpace/EX1/Core/Inc/main.h
2026-04-08 16:14:06,204 [INFO] CodeEngine:265 - oldGeneratedFile, /Users/cristianpetramale/Biomed_projects/STMWorkSpace/EX1/Core/Src/main.c_save
2026-04-08 16:14:06,314 [INFO] CodeEngine:289 - Generated code: /Users/cristianpetramale/Biomed_projects/STMWorkSpace/EX1/Core/Src/main.c
2026-04-08 16:14:06,493 [INFO] ProjectBuilder:3606 - Time for Copy HAL[1] : 66mS.
2026-04-08 16:14:06,496 [INFO] ProjectBuilder:5216 - Project Generator version: 4.7.0-B52
2026-04-08 16:14:06,556 [INFO] ConfigFileManager:1595 - The Die is : DIE435
2026-04-08 16:14:08,968 [INFO] ProjectBuilder:5496 - Time for Generating toolchain IDE Files: 2466mS.
2026-04-08 16:14:08,981 [INFO] ProjectBuilder:3463 - Time for Copy CMSIS : 1mS.
2026-04-08 16:14:08,989 [INFO] ProjectBuilder:3463 - Time for Copy CMSIS : 0mS.
2026-04-08 16:15:54,931 [ERROR] LogOutputStream:75 - [STDERR_REDIRECT] Exception in thread "AWT-EventQueue-0" java.lang.ClassCastException: class sun.lwawt.macosx.CViewEmbeddedFrame cannot be cast to class javax.swing.JFrame (sun.lwawt.macosx.CViewEmbeddedFrame and javax.swing.JFrame are in module java.desktop of loader 'bootstrap')
2026-04-08 16:15:54,939 [ERROR] LogOutputStream:75 - [STDERR_REDIRECT] 	at com.st.microxplorer.plugins.clock.ClockConfigurationView.activatePlugin(ClockConfigurationView.java:424)
2026-04-08 16:15:54,940 [ERROR] LogOutputStream:75 - [STDERR_REDIRECT] 	at com.st.microxplorer.maingui.MainPanel$1.stateChanged(MainPanel.java:385)
2026-04-08 16:15:54,940 [ERROR] LogOutputStream:75 - [STDERR_REDIRECT] 	at java.desktop/javax.swing.JTabbedPane.fireStateChanged(JTabbedPane.java:446)
2026-04-08 16:15:54,941 [ERROR] LogOutputStream:75 - [STDERR_REDIRECT] 	at java.desktop/javax.swing.JTabbedPane$ModelListener.stateChanged(JTabbedPane.java:297)
2026-04-08 16:15:54,941 [ERROR] LogOutputStream:75 - [STDERR_REDIRECT] 	at java.desktop/javax.swing.DefaultSingleSelectionModel.fireStateChanged(DefaultSingleSelectionModel.java:148)
2026-04-08 16:15:54,941 [ERROR] LogOutputStream:75 - [STDERR_REDIRECT] 	at java.desktop/javax.swing.DefaultSingleSelectionModel.setSelectedIndex(DefaultSingleSelectionModel.java:79)
2026-04-08 16:15:54,942 [ERROR] LogOutputStream:75 - [STDERR_REDIRECT] 	at java.desktop/javax.swing.JTabbedPane.setSelectedIndexImpl(JTabbedPane.java:650)
2026-04-08 16:15:54,942 [ERROR] LogOutputStream:75 - [STDERR_REDIRECT] 	at java.desktop/javax.swing.JTabbedPane.setSelectedIndex(JTabbedPane.java:625)
2026-04-08 16:15:54,943 [ERROR] LogOutputStream:75 - [STDERR_REDIRECT] 	at java.desktop/javax.swing.plaf.basic.BasicTabbedPaneUI$Handler.mousePressed(BasicTabbedPaneUI.java:4140)
2026-04-08 16:15:54,943 [ERROR] LogOutputStream:75 - [STDERR_REDIRECT] 	at java.desktop/java.awt.Component.processMouseEvent(Component.java:6618)
2026-04-08 16:15:54,943 [ERROR] LogOutputStream:75 - [STDERR_REDIRECT] 	at java.desktop/javax.swing.JComponent.processMouseEvent(JComponent.java:3398)
2026-04-08 16:15:54,943 [ERROR] LogOutputStream:75 - [STDERR_REDIRECT] 	at java.desktop/java.awt.Component.processEvent(Component.java:6386)
2026-04-08 16:15:54,943 [ERROR] LogOutputStream:75 - [STDERR_REDIRECT] 	at java.desktop/java.awt.Container.processEvent(Container.java:2266)
2026-04-08 16:15:54,943 [ERROR] LogOutputStream:75 - [STDERR_REDIRECT] 	at java.desktop/java.awt.Component.dispatchEventImpl(Component.java:4996)
2026-04-08 16:15:54,943 [ERROR] LogOutputStream:75 - [STDERR_REDIRECT] 	at java.desktop/java.awt.Container.dispatchEventImpl(Container.java:2324)
2026-04-08 16:15:54,944 [ERROR] LogOutputStream:75 - [STDERR_REDIRECT] 	at java.desktop/java.awt.Component.dispatchEvent(Component.java:4828)
2026-04-08 16:15:54,944 [ERROR] LogOutputStream:75 - [STDERR_REDIRECT] 	at java.desktop/java.awt.LightweightDispatcher.retargetMouseEvent(Container.java:4948)
2026-04-08 16:15:54,944 [ERROR] LogOutputStream:75 - [STDERR_REDIRECT] 	at java.desktop/java.awt.LightweightDispatcher.processMouseEvent(Container.java:4572)
2026-04-08 16:15:54,944 [ERROR] LogOutputStream:75 - [STDERR_REDIRECT] 	at java.desktop/java.awt.LightweightDispatcher.dispatchEvent(Container.java:4516)
2026-04-08 16:15:54,945 [ERROR] LogOutputStream:75 - [STDERR_REDIRECT] 	at java.desktop/java.awt.Container.dispatchEventImpl(Container.java:2310)
2026-04-08 16:15:54,945 [ERROR] LogOutputStream:75 - [STDERR_REDIRECT] 	at java.desktop/java.awt.Component.dispatchEvent(Component.java:4828)
2026-04-08 16:15:54,945 [ERROR] LogOutputStream:75 - [STDERR_REDIRECT] 	at java.desktop/java.awt.EventQueue.dispatchEventImpl(EventQueue.java:775)
2026-04-08 16:15:54,945 [ERROR] LogOutputStream:75 - [STDERR_REDIRECT] 	at java.desktop/java.awt.EventQueue$4.run(EventQueue.java:720)
2026-04-08 16:15:54,945 [ERROR] LogOutputStream:75 - [STDERR_REDIRECT] 	at java.desktop/java.awt.EventQueue$4.run(EventQueue.java:714)
2026-04-08 16:15:54,946 [ERROR] LogOutputStream:75 - [STDERR_REDIRECT] 	at java.base/java.security.AccessController.doPrivileged(AccessController.java:400)
2026-04-08 16:15:54,946 [ERROR] LogOutputStream:75 - [STDERR_REDIRECT] 	at java.base/java.security.ProtectionDomain$JavaSecurityAccessImpl.doIntersectionPrivilege(ProtectionDomain.java:87)
2026-04-08 16:15:54,946 [ERROR] LogOutputStream:75 - [STDERR_REDIRECT] 	at java.base/java.security.ProtectionDomain$JavaSecurityAccessImpl.doIntersectionPrivilege(ProtectionDomain.java:98)
2026-04-08 16:15:54,946 [ERROR] LogOutputStream:75 - [STDERR_REDIRECT] 	at java.desktop/java.awt.EventQueue$5.run(EventQueue.java:747)
2026-04-08 16:15:54,947 [ERROR] LogOutputStream:75 - [STDERR_REDIRECT] 	at java.desktop/java.awt.EventQueue$5.run(EventQueue.java:745)
2026-04-08 16:15:54,948 [ERROR] LogOutputStream:75 - [STDERR_REDIRECT] 	at java.base/java.security.AccessController.doPrivileged(AccessController.java:400)
2026-04-08 16:15:54,948 [ERROR] LogOutputStream:75 - [STDERR_REDIRECT] 	at java.base/java.security.ProtectionDomain$JavaSecurityAccessImpl.doIntersectionPrivilege(ProtectionDomain.java:87)
2026-04-08 16:15:54,949 [ERROR] LogOutputStream:75 - [STDERR_REDIRECT] 	at java.desktop/java.awt.EventQueue.dispatchEvent(EventQueue.java:744)
2026-04-08 16:15:54,949 [ERROR] LogOutputStream:75 - [STDERR_REDIRECT] 	at java.desktop/java.awt.EventDispatchThread.pumpOneEventForFilters(EventDispatchThread.java:203)
2026-04-08 16:15:54,949 [ERROR] LogOutputStream:75 - [STDERR_REDIRECT] 	at java.desktop/java.awt.EventDispatchThread.pumpEventsForFilter(EventDispatchThread.java:124)
2026-04-08 16:15:54,949 [ERROR] LogOutputStream:75 - [STDERR_REDIRECT] 	at java.desktop/java.awt.EventDispatchThread.pumpEventsForHierarchy(EventDispatchThread.java:113)
2026-04-08 16:15:54,949 [ERROR] LogOutputStream:75 - [STDERR_REDIRECT] 	at java.desktop/java.awt.EventDispatchThread.pumpEvents(EventDispatchThread.java:109)
2026-04-08 16:15:54,949 [ERROR] LogOutputStream:75 - [STDERR_REDIRECT] 	at java.desktop/java.awt.EventDispatchThread.pumpEvents(EventDispatchThread.java:101)
2026-04-08 16:15:54,950 [ERROR] LogOutputStream:75 - [STDERR_REDIRECT] 	at java.desktop/java.awt.EventDispatchThread.run(EventDispatchThread.java:90)
2026-04-08 16:17:05,886 [INFO] NvicIntPanel:101 - NVIC parent = com.st.microxplorer.plugins.ip.nvic.MultiNvicIntPanel[,0,0,450x501,layout=javax.swing.BoxLayout,alignmentX=0.0,alignmentY=0.0,border=,flags=9,maximumSize=,minimumSize=,preferredSize=]
2026-04-08 16:20:09,066 [INFO] UtilMem:75 - End SaveConfig() Used Memory: 860560296 Bytes (1073741824)
2026-04-08 16:20:12,333 [INFO] UtilMem:75 - End SaveConfig() Used Memory: 929766312 Bytes (1073741824)
2026-04-08 16:20:12,669 [INFO] BlockDiagram:2775 - set Specific Code input for plugin: NVIC
2026-04-08 16:20:12,670 [INFO] BlockDiagram:2775 - set Specific Code input for plugin: USART
2026-04-08 16:20:12,670 [INFO] BlockDiagram:2775 - set Specific Code input for plugin: USB_DEVICE
2026-04-08 16:20:12,670 [INFO] BlockDiagram:2775 - set Specific Code input for plugin: USB
2026-04-08 16:20:12,670 [INFO] BlockDiagram:2775 - set Specific Code input for plugin: SYS
2026-04-08 16:20:12,670 [INFO] BlockDiagram:2775 - set Specific Code input for plugin: GPIO
2026-04-08 16:20:12,670 [INFO] BlockDiagram:2775 - set Specific Code input for plugin: RCC
2026-04-08 16:20:12,671 [INFO] CodeGenerator:892 - code generatio: config db path: /Applications/STM32CubeIDE.app/Contents/Eclipse/plugins/com.st.stm32cube.common.mx_6.15.0.202507011659//db/
2026-04-08 16:20:12,762 [INFO] CodeEngine:265 - oldGeneratedFile, /Users/cristianpetramale/Biomed_projects/STMWorkSpace/EX1/MXTmpFiles/license.tmp_save
2026-04-08 16:20:13,012 [INFO] CodeEngine:289 - Generated code: /Users/cristianpetramale/Biomed_projects/STMWorkSpace/EX1/MXTmpFiles/license.tmp
2026-04-08 16:20:13,149 [INFO] CodeEngine:265 - oldGeneratedFile, /Users/cristianpetramale/Biomed_projects/STMWorkSpace/EX1/MXTmpFiles/gpio.tmp_save
2026-04-08 16:20:13,288 [INFO] CodeEngine:289 - Generated code: /Users/cristianpetramale/Biomed_projects/STMWorkSpace/EX1/MXTmpFiles/gpio.tmp
2026-04-08 16:20:13,422 [INFO] CodeEngine:265 - oldGeneratedFile, /Users/cristianpetramale/Biomed_projects/STMWorkSpace/EX1/MXTmpFiles/usb_vars.tmp_save
2026-04-08 16:20:13,511 [INFO] CodeEngine:289 - Generated code: /Users/cristianpetramale/Biomed_projects/STMWorkSpace/EX1/MXTmpFiles/usb_vars.tmp
2026-04-08 16:20:13,514 [INFO] CodeEngine:265 - oldGeneratedFile, /Users/cristianpetramale/Biomed_projects/STMWorkSpace/EX1/MXTmpFiles/usb_inc.tmp_save
2026-04-08 16:20:13,592 [INFO] CodeEngine:289 - Generated code: /Users/cristianpetramale/Biomed_projects/STMWorkSpace/EX1/MXTmpFiles/usb_inc.tmp
2026-04-08 16:20:13,593 [INFO] CodeEngine:265 - oldGeneratedFile, /Users/cristianpetramale/Biomed_projects/STMWorkSpace/EX1/MXTmpFiles/usb_HalInit.tmp_save
2026-04-08 16:20:13,674 [INFO] CodeEngine:289 - Generated code: /Users/cristianpetramale/Biomed_projects/STMWorkSpace/EX1/MXTmpFiles/usb_HalInit.tmp
2026-04-08 16:20:13,676 [INFO] CodeEngine:265 - oldGeneratedFile, /Users/cristianpetramale/Biomed_projects/STMWorkSpace/EX1/MXTmpFiles/usb_Msp.tmp_save
2026-04-08 16:20:13,791 [INFO] CodeEngine:289 - Generated code: /Users/cristianpetramale/Biomed_projects/STMWorkSpace/EX1/MXTmpFiles/usb_Msp.tmp
2026-04-08 16:20:13,979 [INFO] Middleware:1452 - No code input for Bsp Dependency
2026-04-08 16:20:13,992 [INFO] Middleware:1452 - No code input for Bsp Dependency
2026-04-08 16:20:14,001 [INFO] CodeEngine:265 - oldGeneratedFile, /Users/cristianpetramale/Biomed_projects/STMWorkSpace/EX1/USB_DEVICE/App/usb_device.c_save
2026-04-08 16:20:14,148 [INFO] CodeEngine:289 - Generated code: /Users/cristianpetramale/Biomed_projects/STMWorkSpace/EX1/USB_DEVICE/App/usb_device.c
2026-04-08 16:20:14,151 [INFO] CodeEngine:265 - oldGeneratedFile, /Users/cristianpetramale/Biomed_projects/STMWorkSpace/EX1/USB_DEVICE/App/usb_device.h_save
2026-04-08 16:20:14,219 [INFO] CodeEngine:289 - Generated code: /Users/cristianpetramale/Biomed_projects/STMWorkSpace/EX1/USB_DEVICE/App/usb_device.h
2026-04-08 16:20:14,221 [INFO] CodeEngine:265 - oldGeneratedFile, /Users/cristianpetramale/Biomed_projects/STMWorkSpace/EX1/USB_DEVICE/Target/usbd_conf.h_save
2026-04-08 16:20:14,307 [INFO] CodeEngine:289 - Generated code: /Users/cristianpetramale/Biomed_projects/STMWorkSpace/EX1/USB_DEVICE/Target/usbd_conf.h
2026-04-08 16:20:14,309 [INFO] CodeEngine:265 - oldGeneratedFile, /Users/cristianpetramale/Biomed_projects/STMWorkSpace/EX1/USB_DEVICE/Target/usbd_conf.c_save
2026-04-08 16:20:14,379 [INFO] CodeEngine:289 - Generated code: /Users/cristianpetramale/Biomed_projects/STMWorkSpace/EX1/USB_DEVICE/Target/usbd_conf.c
2026-04-08 16:20:14,380 [INFO] CodeEngine:265 - oldGeneratedFile, /Users/cristianpetramale/Biomed_projects/STMWorkSpace/EX1/USB_DEVICE/App/usbd_desc.h_save
2026-04-08 16:20:14,427 [INFO] CodeEngine:289 - Generated code: /Users/cristianpetramale/Biomed_projects/STMWorkSpace/EX1/USB_DEVICE/App/usbd_desc.h
2026-04-08 16:20:14,428 [INFO] CodeEngine:265 - oldGeneratedFile, /Users/cristianpetramale/Biomed_projects/STMWorkSpace/EX1/USB_DEVICE/App/usbd_desc.c_save
2026-04-08 16:20:14,489 [INFO] CodeEngine:289 - Generated code: /Users/cristianpetramale/Biomed_projects/STMWorkSpace/EX1/USB_DEVICE/App/usbd_desc.c
2026-04-08 16:20:14,491 [INFO] CodeEngine:265 - oldGeneratedFile, /Users/cristianpetramale/Biomed_projects/STMWorkSpace/EX1/USB_DEVICE/App/usbd_cdc_if.h_save
2026-04-08 16:20:14,543 [INFO] CodeEngine:289 - Generated code: /Users/cristianpetramale/Biomed_projects/STMWorkSpace/EX1/USB_DEVICE/App/usbd_cdc_if.h
2026-04-08 16:20:14,545 [INFO] CodeEngine:265 - oldGeneratedFile, /Users/cristianpetramale/Biomed_projects/STMWorkSpace/EX1/USB_DEVICE/App/usbd_cdc_if.c_save
2026-04-08 16:20:14,603 [INFO] CodeEngine:289 - Generated code: /Users/cristianpetramale/Biomed_projects/STMWorkSpace/EX1/USB_DEVICE/App/usbd_cdc_if.c
2026-04-08 16:20:14,609 [INFO] CodeEngine:265 - oldGeneratedFile, /Users/cristianpetramale/Biomed_projects/STMWorkSpace/EX1/Core/Src/stm32l4xx_it.c_save
2026-04-08 16:20:14,672 [INFO] CodeEngine:289 - Generated code: /Users/cristianpetramale/Biomed_projects/STMWorkSpace/EX1/Core/Src/stm32l4xx_it.c
2026-04-08 16:20:14,676 [INFO] CodeEngine:265 - oldGeneratedFile, /Users/cristianpetramale/Biomed_projects/STMWorkSpace/EX1/Core/Inc/stm32l4xx_it.h_save
2026-04-08 16:20:14,729 [INFO] CodeEngine:289 - Generated code: /Users/cristianpetramale/Biomed_projects/STMWorkSpace/EX1/Core/Inc/stm32l4xx_it.h
2026-04-08 16:20:14,745 [INFO] CodeEngine:265 - oldGeneratedFile, /Users/cristianpetramale/Biomed_projects/STMWorkSpace/EX1/Core/Src/stm32l4xx_hal_msp.c_save
2026-04-08 16:20:14,836 [INFO] CodeEngine:289 - Generated code: /Users/cristianpetramale/Biomed_projects/STMWorkSpace/EX1/Core/Src/stm32l4xx_hal_msp.c
2026-04-08 16:20:14,838 [INFO] CodeEngine:265 - oldGeneratedFile, /Users/cristianpetramale/Biomed_projects/STMWorkSpace/EX1/MXTmpFiles/system.tmp_save
2026-04-08 16:20:14,880 [INFO] CodeEngine:289 - Generated code: /Users/cristianpetramale/Biomed_projects/STMWorkSpace/EX1/MXTmpFiles/system.tmp
2026-04-08 16:20:14,884 [INFO] CodeEngine:321 - oldGeneratedFile, /Users/cristianpetramale/Biomed_projects/STMWorkSpace/EX1/Core/Inc/stm32l4xx_hal_conf.h_save
2026-04-08 16:20:14,942 [INFO] CodeEngine:345 - Generated code: /Users/cristianpetramale/Biomed_projects/STMWorkSpace/EX1/Core/Inc/stm32l4xx_hal_conf.h
2026-04-08 16:20:15,017 [INFO] CodeEngine:265 - oldGeneratedFile, /Users/cristianpetramale/Biomed_projects/STMWorkSpace/EX1/Core/Inc/main.h_save
2026-04-08 16:20:15,084 [INFO] CodeEngine:289 - Generated code: /Users/cristianpetramale/Biomed_projects/STMWorkSpace/EX1/Core/Inc/main.h
2026-04-08 16:20:15,087 [INFO] CodeEngine:265 - oldGeneratedFile, /Users/cristianpetramale/Biomed_projects/STMWorkSpace/EX1/Core/Src/main.c_save
2026-04-08 16:20:15,176 [INFO] CodeEngine:289 - Generated code: /Users/cristianpetramale/Biomed_projects/STMWorkSpace/EX1/Core/Src/main.c
2026-04-08 16:20:15,868 [INFO] ProjectBuilder:3606 - Time for Copy HAL[1] : 67mS.
2026-04-08 16:20:15,910 [INFO] ProjectBuilder:5216 - Project Generator version: 4.7.0-B52
2026-04-08 16:20:16,031 [INFO] ConfigFileManager:1595 - The Die is : DIE435
2026-04-08 16:20:18,196 [INFO] ProjectBuilder:5496 - Time for Generating toolchain IDE Files: 2287mS.
2026-04-08 16:20:18,199 [INFO] ProjectBuilder:3463 - Time for Copy CMSIS : 0mS.
2026-04-08 16:20:18,202 [INFO] ProjectBuilder:3463 - Time for Copy CMSIS : 0mS.
2026-04-08 16:33:08,888 [INFO] UtilMem:75 - End SaveConfig() Used Memory: 715118640 Bytes (1073741824)
2026-04-08 16:33:10,323 [INFO] UtilMem:75 - End SaveConfig() Used Memory: 735567920 Bytes (1073741824)
2026-04-08 16:33:11,798 [INFO] UtilMem:75 - End SaveConfig() Used Memory: 771741744 Bytes (1073741824)
2026-04-08 16:33:13,136 [INFO] BlockDiagram:2775 - set Specific Code input for plugin: NVIC
2026-04-08 16:33:13,143 [INFO] BlockDiagram:2775 - set Specific Code input for plugin: USART
2026-04-08 16:33:13,144 [INFO] BlockDiagram:2775 - set Specific Code input for plugin: USB_DEVICE
2026-04-08 16:33:13,144 [INFO] BlockDiagram:2775 - set Specific Code input for plugin: USB
2026-04-08 16:33:13,144 [INFO] BlockDiagram:2775 - set Specific Code input for plugin: SYS
2026-04-08 16:33:13,145 [INFO] BlockDiagram:2775 - set Specific Code input for plugin: GPIO
2026-04-08 16:33:13,145 [INFO] BlockDiagram:2775 - set Specific Code input for plugin: RCC
2026-04-08 16:33:13,146 [INFO] CodeGenerator:892 - code generatio: config db path: /Applications/STM32CubeIDE.app/Contents/Eclipse/plugins/com.st.stm32cube.common.mx_6.15.0.202507011659//db/
2026-04-08 16:33:13,414 [INFO] CodeEngine:265 - oldGeneratedFile, /Users/cristianpetramale/Biomed_projects/STMWorkSpace/EX1/MXTmpFiles/license.tmp_save
2026-04-08 16:33:13,716 [INFO] CodeEngine:289 - Generated code: /Users/cristianpetramale/Biomed_projects/STMWorkSpace/EX1/MXTmpFiles/license.tmp
2026-04-08 16:33:13,829 [INFO] CodeEngine:265 - oldGeneratedFile, /Users/cristianpetramale/Biomed_projects/STMWorkSpace/EX1/MXTmpFiles/gpio.tmp_save
2026-04-08 16:33:14,006 [INFO] CodeEngine:289 - Generated code: /Users/cristianpetramale/Biomed_projects/STMWorkSpace/EX1/MXTmpFiles/gpio.tmp
2026-04-08 16:33:14,113 [INFO] CodeEngine:265 - oldGeneratedFile, /Users/cristianpetramale/Biomed_projects/STMWorkSpace/EX1/MXTmpFiles/usb_vars.tmp_save
2026-04-08 16:33:14,220 [INFO] CodeEngine:289 - Generated code: /Users/cristianpetramale/Biomed_projects/STMWorkSpace/EX1/MXTmpFiles/usb_vars.tmp
2026-04-08 16:33:14,224 [INFO] CodeEngine:265 - oldGeneratedFile, /Users/cristianpetramale/Biomed_projects/STMWorkSpace/EX1/MXTmpFiles/usb_inc.tmp_save
2026-04-08 16:33:14,291 [INFO] CodeEngine:289 - Generated code: /Users/cristianpetramale/Biomed_projects/STMWorkSpace/EX1/MXTmpFiles/usb_inc.tmp
2026-04-08 16:33:14,293 [INFO] CodeEngine:265 - oldGeneratedFile, /Users/cristianpetramale/Biomed_projects/STMWorkSpace/EX1/MXTmpFiles/usb_HalInit.tmp_save
2026-04-08 16:33:14,389 [INFO] CodeEngine:289 - Generated code: /Users/cristianpetramale/Biomed_projects/STMWorkSpace/EX1/MXTmpFiles/usb_HalInit.tmp
2026-04-08 16:33:14,390 [INFO] CodeEngine:265 - oldGeneratedFile, /Users/cristianpetramale/Biomed_projects/STMWorkSpace/EX1/MXTmpFiles/usb_Msp.tmp_save
2026-04-08 16:33:14,522 [INFO] CodeEngine:289 - Generated code: /Users/cristianpetramale/Biomed_projects/STMWorkSpace/EX1/MXTmpFiles/usb_Msp.tmp
2026-04-08 16:33:15,040 [INFO] Middleware:1452 - No code input for Bsp Dependency
2026-04-08 16:33:15,049 [INFO] Middleware:1452 - No code input for Bsp Dependency
2026-04-08 16:33:15,061 [INFO] CodeEngine:265 - oldGeneratedFile, /Users/cristianpetramale/Biomed_projects/STMWorkSpace/EX1/USB_DEVICE/App/usb_device.c_save
2026-04-08 16:33:15,157 [INFO] CodeEngine:289 - Generated code: /Users/cristianpetramale/Biomed_projects/STMWorkSpace/EX1/USB_DEVICE/App/usb_device.c
2026-04-08 16:33:15,161 [INFO] CodeEngine:265 - oldGeneratedFile, /Users/cristianpetramale/Biomed_projects/STMWorkSpace/EX1/USB_DEVICE/App/usb_device.h_save
2026-04-08 16:33:15,257 [INFO] CodeEngine:289 - Generated code: /Users/cristianpetramale/Biomed_projects/STMWorkSpace/EX1/USB_DEVICE/App/usb_device.h
2026-04-08 16:33:15,259 [INFO] CodeEngine:265 - oldGeneratedFile, /Users/cristianpetramale/Biomed_projects/STMWorkSpace/EX1/USB_DEVICE/Target/usbd_conf.h_save
2026-04-08 16:33:15,344 [INFO] CodeEngine:289 - Generated code: /Users/cristianpetramale/Biomed_projects/STMWorkSpace/EX1/USB_DEVICE/Target/usbd_conf.h
2026-04-08 16:33:15,346 [INFO] CodeEngine:265 - oldGeneratedFile, /Users/cristianpetramale/Biomed_projects/STMWorkSpace/EX1/USB_DEVICE/Target/usbd_conf.c_save
2026-04-08 16:33:15,490 [INFO] CodeEngine:289 - Generated code: /Users/cristianpetramale/Biomed_projects/STMWorkSpace/EX1/USB_DEVICE/Target/usbd_conf.c
2026-04-08 16:33:15,492 [INFO] CodeEngine:265 - oldGeneratedFile, /Users/cristianpetramale/Biomed_projects/STMWorkSpace/EX1/USB_DEVICE/App/usbd_desc.h_save
2026-04-08 16:33:15,550 [INFO] CodeEngine:289 - Generated code: /Users/cristianpetramale/Biomed_projects/STMWorkSpace/EX1/USB_DEVICE/App/usbd_desc.h
2026-04-08 16:33:15,552 [INFO] CodeEngine:265 - oldGeneratedFile, /Users/cristianpetramale/Biomed_projects/STMWorkSpace/EX1/USB_DEVICE/App/usbd_desc.c_save
2026-04-08 16:33:15,609 [INFO] CodeEngine:289 - Generated code: /Users/cristianpetramale/Biomed_projects/STMWorkSpace/EX1/USB_DEVICE/App/usbd_desc.c
2026-04-08 16:33:15,611 [INFO] CodeEngine:265 - oldGeneratedFile, /Users/cristianpetramale/Biomed_projects/STMWorkSpace/EX1/USB_DEVICE/App/usbd_cdc_if.h_save
2026-04-08 16:33:15,663 [INFO] CodeEngine:289 - Generated code: /Users/cristianpetramale/Biomed_projects/STMWorkSpace/EX1/USB_DEVICE/App/usbd_cdc_if.h
2026-04-08 16:33:15,665 [INFO] CodeEngine:265 - oldGeneratedFile, /Users/cristianpetramale/Biomed_projects/STMWorkSpace/EX1/USB_DEVICE/App/usbd_cdc_if.c_save
2026-04-08 16:33:15,723 [INFO] CodeEngine:289 - Generated code: /Users/cristianpetramale/Biomed_projects/STMWorkSpace/EX1/USB_DEVICE/App/usbd_cdc_if.c
2026-04-08 16:33:15,729 [INFO] CodeEngine:265 - oldGeneratedFile, /Users/cristianpetramale/Biomed_projects/STMWorkSpace/EX1/Core/Src/stm32l4xx_it.c_save
2026-04-08 16:33:15,857 [INFO] CodeEngine:289 - Generated code: /Users/cristianpetramale/Biomed_projects/STMWorkSpace/EX1/Core/Src/stm32l4xx_it.c
2026-04-08 16:33:15,859 [INFO] CodeEngine:265 - oldGeneratedFile, /Users/cristianpetramale/Biomed_projects/STMWorkSpace/EX1/Core/Inc/stm32l4xx_it.h_save
2026-04-08 16:33:15,915 [INFO] CodeEngine:289 - Generated code: /Users/cristianpetramale/Biomed_projects/STMWorkSpace/EX1/Core/Inc/stm32l4xx_it.h
2026-04-08 16:33:15,930 [INFO] CodeEngine:265 - oldGeneratedFile, /Users/cristianpetramale/Biomed_projects/STMWorkSpace/EX1/Core/Src/stm32l4xx_hal_msp.c_save
2026-04-08 16:33:16,017 [INFO] CodeEngine:289 - Generated code: /Users/cristianpetramale/Biomed_projects/STMWorkSpace/EX1/Core/Src/stm32l4xx_hal_msp.c
2026-04-08 16:33:16,019 [INFO] CodeEngine:265 - oldGeneratedFile, /Users/cristianpetramale/Biomed_projects/STMWorkSpace/EX1/MXTmpFiles/system.tmp_save
2026-04-08 16:33:16,071 [INFO] CodeEngine:289 - Generated code: /Users/cristianpetramale/Biomed_projects/STMWorkSpace/EX1/MXTmpFiles/system.tmp
2026-04-08 16:33:16,076 [INFO] CodeEngine:321 - oldGeneratedFile, /Users/cristianpetramale/Biomed_projects/STMWorkSpace/EX1/Core/Inc/stm32l4xx_hal_conf.h_save
2026-04-08 16:33:16,139 [INFO] CodeEngine:345 - Generated code: /Users/cristianpetramale/Biomed_projects/STMWorkSpace/EX1/Core/Inc/stm32l4xx_hal_conf.h
2026-04-08 16:33:16,219 [INFO] CodeEngine:265 - oldGeneratedFile, /Users/cristianpetramale/Biomed_projects/STMWorkSpace/EX1/Core/Inc/main.h_save
2026-04-08 16:33:16,302 [INFO] CodeEngine:289 - Generated code: /Users/cristianpetramale/Biomed_projects/STMWorkSpace/EX1/Core/Inc/main.h
2026-04-08 16:33:16,305 [INFO] CodeEngine:265 - oldGeneratedFile, /Users/cristianpetramale/Biomed_projects/STMWorkSpace/EX1/Core/Src/main.c_save
2026-04-08 16:33:16,391 [INFO] CodeEngine:289 - Generated code: /Users/cristianpetramale/Biomed_projects/STMWorkSpace/EX1/Core/Src/main.c
2026-04-08 16:33:17,040 [INFO] ProjectBuilder:3606 - Time for Copy HAL[1] : 74mS.
2026-04-08 16:33:17,059 [INFO] ProjectBuilder:5216 - Project Generator version: 4.7.0-B52
2026-04-08 16:33:17,195 [INFO] ConfigFileManager:1595 - The Die is : DIE435
2026-04-08 16:33:19,166 [INFO] ProjectBuilder:5496 - Time for Generating toolchain IDE Files: 2107mS.
2026-04-08 16:33:19,168 [INFO] ProjectBuilder:3463 - Time for Copy CMSIS : 0mS.
2026-04-08 16:33:19,169 [INFO] ProjectBuilder:3463 - Time for Copy CMSIS : 0mS.
2026-04-08 16:35:59,094 [INFO] MainUpdater:2872 - connection check result : 10
2026-04-08 16:35:59,250 [INFO] McuFinderGlobals:76 - Set McuFinderConnectedMode to true
2026-04-08 16:35:59,253 [INFO] MultiScanPanel:200 - Auto-refresh data requested => check proxy status ongoing
2026-04-08 16:35:59,254 [INFO] FinderPluginLoader:96 - Searching for filters in installed packs
2026-04-08 16:36:01,145 [INFO] LoadUrlFilesThread:185 - End of LoadServerUrlFiles without Thread
2026-04-08 16:36:01,154 [INFO] DetailPanel:341 - Set advertising image to /Users/cristianpetramale/STM32Cube/Repository//en.prom-stm32c5-0326.jpg
2026-04-08 16:36:08,899 [INFO] ApiDb:581 - Connected to CubeFinder SQLite database (/Users/cristianpetramale/.stmcufinder/plugins/mcufinder/mcu/cube-finder-db.db)
2026-04-08 16:36:11,709 [INFO] MultiScanPanel:200 - Auto-refresh data requested => check proxy status ongoing
2026-04-08 16:36:11,846 [INFO] LoadUrlFilesThread:185 - End of LoadServerUrlFiles without Thread
2026-04-08 16:36:11,847 [INFO] DetailPanel:341 - Set advertising image to /Users/cristianpetramale/STM32Cube/Repository//en.prom-stm32c5-0326.jpg
2026-04-08 16:36:41,622 [INFO] MainUpdater:2872 - connection check result : 10
2026-04-08 16:36:41,623 [INFO] MainUpdater:2872 - connection check result : 10
2026-04-08 16:36:41,921 [INFO] MicroXplorer:468 - Change Database Path : 
2026-04-08 16:36:41,922 [INFO] MicroXplorer:498 - Change Database Version : DB.6.0.150
2026-04-08 16:36:41,976 [ERROR] ProjectManagerView:395 - 
java.lang.NullPointerException: Cannot invoke "javax.swing.JTextField.getText()" because the return value of "java.util.List.get(int)" is null
	at com.st.microxplorer.plugins.projectmanager.gui.ProjectChoiceTab$9.caretUpdate(ProjectChoiceTab.java:2706) ~[filemanager.jar:?]
	at javax.swing.text.JTextComponent.fireCaretUpdate(JTextComponent.java:408) ~[?:?]
	at javax.swing.text.JTextComponent$MutableCaretEvent.fire(JTextComponent.java:4484) ~[?:?]
	at javax.swing.text.JTextComponent$MutableCaretEvent.stateChanged(JTextComponent.java:4506) ~[?:?]
	at javax.swing.text.DefaultCaret.fireStateChanged(DefaultCaret.java:857) ~[?:?]
	at javax.swing.text.DefaultCaret.changeCaretPosition(DefaultCaret.java:1343) ~[?:?]
	at javax.swing.text.DefaultCaret.handleSetDot(DefaultCaret.java:1242) ~[?:?]
	at javax.swing.text.DefaultCaret.setDot(DefaultCaret.java:1223) ~[?:?]
	at javax.swing.text.DefaultCaret$Handler.insertUpdate(DefaultCaret.java:1819) ~[?:?]
	at javax.swing.text.AbstractDocument.fireInsertUpdate(AbstractDocument.java:227) ~[?:?]
	at javax.swing.text.AbstractDocument.handleInsertString(AbstractDocument.java:781) ~[?:?]
	at javax.swing.text.AbstractDocument.insertString(AbstractDocument.java:740) ~[?:?]
	at javax.swing.text.PlainDocument.insertString(PlainDocument.java:131) ~[?:?]
	at javax.swing.text.AbstractDocument.replace(AbstractDocument.java:699) ~[?:?]
	at javax.swing.text.JTextComponent.setText(JTextComponent.java:1725) ~[?:?]
	at com.st.microxplorer.plugins.projectmanager.gui.ProjectChoiceTab.createHeapStackFields(ProjectChoiceTab.java:993) ~[filemanager.jar:?]
	at com.st.microxplorer.plugins.projectmanager.gui.ProjectChoiceTab.buildLinkSettingsPanel(ProjectChoiceTab.java:3813) ~[filemanager.jar:?]
	at com.st.microxplorer.plugins.projectmanager.gui.ProjectChoiceTab.defineWindowsFields(ProjectChoiceTab.java:1987) ~[filemanager.jar:?]
	at com.st.microxplorer.plugins.projectmanager.gui.ProjectChoiceTab.updateSettings(ProjectChoiceTab.java:558) ~[filemanager.jar:?]
	at com.st.microxplorer.plugins.projectmanager.gui.ProjectSettingsPanel.UpdateDialog(ProjectSettingsPanel.java:247) ~[filemanager.jar:?]
	at com.st.microxplorer.plugins.projectmanager.ProjectManagerView.propertyChange(ProjectManagerView.java:392) ~[filemanager.jar:?]
	at java.beans.PropertyChangeSupport.fire(PropertyChangeSupport.java:343) ~[?:?]
	at java.beans.PropertyChangeSupport.firePropertyChange(PropertyChangeSupport.java:335) ~[?:?]
	at java.beans.PropertyChangeSupport.firePropertyChange(PropertyChangeSupport.java:268) ~[?:?]
	at com.st.microxplorer.util.MXPropertyChangeSupport.firePropertyChange(MXPropertyChangeSupport.java:54) ~[STM32CubeMX.jar:?]
	at com.st.microxplorer.mxsystem.MxSystem.closeConfig(MxSystem.java:899) ~[STM32CubeMX.jar:?]
	at com.st.microxplorer.maingui.MainPanel.closeConfig(MainPanel.java:792) ~[STM32CubeMX.jar:?]
	at com.st.microxplorer.plugins.filemanager.engine.OpenFileManager.loadConfigurationFile(OpenFileManager.java:288) ~[filemanager.jar:?]
	at com.st.microxplorer.plugins.filemanager.engine.MainFileManager.userLoadConfig(MainFileManager.java:364) ~[filemanager.jar:?]
	at com.st.microxplorer.plugins.filemanager.FileManagerView.getSpecificTask(FileManagerView.java:268) ~[filemanager.jar:?]
	at com.st.stm32cube.common.mx.editor.CubeMxEditor.getMxTabbedPaneInstance(CubeMxEditor.java:1191) ~[com.st.stm32cube.common.mx_6.15.0.202507011659/:?]
	at com.st.stm32cube.common.mx.editor.CubeMxEditor$12$1.createSwingComponent(CubeMxEditor.java:1068) ~[com.st.stm32cube.common.mx_6.15.0.202507011659/:?]
	at com.st.stm32cube.common.mx.oss.core.awtswtbridge.EmbeddedSwingComposite.doComponentCreation(EmbeddedSwingComposite.java:492) ~[com.st.stm32cube.common.mx.oss_6.15.0.202507011659/:?]
	at com.st.stm32cube.common.mx.oss.core.awtswtbridge.EmbeddedSwingComposite$4.run(EmbeddedSwingComposite.java:291) ~[com.st.stm32cube.common.mx.oss_6.15.0.202507011659/:?]
	at com.st.stm32cube.common.mx.oss.core.awtswtbridge.AwtEnvironment$2.run(AwtEnvironment.java:166) ~[com.st.stm32cube.common.mx.oss_6.15.0.202507011659/:?]
	at java.awt.event.InvocationEvent.dispatch(InvocationEvent.java:318) ~[?:?]
	at java.awt.EventQueue.dispatchEventImpl(EventQueue.java:773) ~[?:?]
	at java.awt.EventQueue$4.run(EventQueue.java:720) ~[?:?]
	at java.awt.EventQueue$4.run(EventQueue.java:714) ~[?:?]
	at java.security.AccessController.doPrivileged(AccessController.java:400) ~[?:?]
	at java.security.ProtectionDomain$JavaSecurityAccessImpl.doIntersectionPrivilege(ProtectionDomain.java:87) ~[?:?]
	at java.awt.EventQueue.dispatchEvent(EventQueue.java:742) ~[?:?]
	at java.awt.EventDispatchThread.pumpOneEventForFilters(EventDispatchThread.java:203) ~[?:?]
	at java.awt.EventDispatchThread.pumpEventsForFilter(EventDispatchThread.java:124) ~[?:?]
	at java.awt.EventDispatchThread.pumpEventsForHierarchy(EventDispatchThread.java:113) ~[?:?]
	at java.awt.EventDispatchThread.pumpEvents(EventDispatchThread.java:109) ~[?:?]
	at java.awt.EventDispatchThread.pumpEvents(EventDispatchThread.java:101) ~[?:?]
	at java.awt.EventDispatchThread.run(EventDispatchThread.java:90) ~[?:?]
2026-04-08 16:36:42,005 [WARN] ThirdParty:871 - waiting for thirdparty lock release [close project]
2026-04-08 16:36:42,005 [INFO] ThirdParty:873 - entering critical section [close project]
2026-04-08 16:36:42,006 [INFO] ThirdParty:883 - exiting critical section [close project]
2026-04-08 16:36:42,008 [INFO] PinOutPanel:1589 - setPackage(No Configuration,No Configuration)
2026-04-08 16:36:42,014 [INFO] UtilMem:75 - Begin LoadConfig() Used Memory: 794490984 Bytes (1073741824)
2026-04-08 16:36:42,016 [INFO] OpenFileManager:355 - Change cursor
2026-04-08 16:36:42,084 [INFO] RulesReader:64 - Compatibility file has been processed (317 Rules)
2026-04-08 16:36:42,099 [INFO] ProjectFactory:514 - No CPN specified for board NUCLEO-L432KC => set CPN to STM32L432KCU3
2026-04-08 16:36:42,100 [INFO] Mcu:2029 - Initializing MCU STM32L432K(B-C)Ux STM32L432KCUx STM32L432KCU3
2026-04-08 16:36:43,319 [INFO] Context:786 - Trying to add GPIOservice into a context  which must be forbidden
2026-04-08 16:36:43,847 [INFO] Rule:233 - rule 117617 - U5Cobra4M][GTZC] default value MPCBB3 and MPCBB5 - Not Secured memory - MPCBB1 is applicable
2026-04-08 16:36:43,849 [INFO] Rule:233 - rule 117617 - U5Cobra4M][GTZC] default value MPCBB3 and MPCBB5 - Not Secured memory - MPCBB1 is applicable
2026-04-08 16:36:43,849 [INFO] Rule:233 - rule 117617 - U5Cobra4M][GTZC] default value MPCBB3 and MPCBB5 - Not Secured memory - MPCBB2 is applicable
2026-04-08 16:36:43,849 [INFO] Rule:233 - rule 117617 - U5Cobra4M][GTZC] default value MPCBB3 and MPCBB5 - Not Secured memory - MPCBB2 is applicable
2026-04-08 16:36:43,849 [INFO] Rule:233 - rule 117617 - U5Cobra4M][GTZC] default value MPCBB3 and MPCBB5 - Not Secured memory - MPCBB3 is applicable
2026-04-08 16:36:43,849 [INFO] Rule:233 - rule 117617 - U5Cobra4M][GTZC] default value MPCBB3 and MPCBB5 - Not Secured memory - MPCBB3 is applicable
2026-04-08 16:36:43,849 [INFO] Rule:233 - rule 117617 - U5Cobra4M][GTZC] default value MPCBB3 and MPCBB5 - Not Secured memory - MPCBB4 is applicable
2026-04-08 16:36:43,849 [INFO] Rule:233 - rule 117617 - U5Cobra4M][GTZC] default value MPCBB3 and MPCBB5 - Not Secured memory - MPCBB4 is applicable
2026-04-08 16:36:43,849 [INFO] Rule:233 - rule 117617 - U5Cobra4M][GTZC] default value MPCBB3 and MPCBB5 - Secured memory - MPCBB1 is applicable
2026-04-08 16:36:43,849 [INFO] Rule:233 - rule 117617 - U5Cobra4M][GTZC] default value MPCBB3 and MPCBB5 - Secured memory - MPCBB2 is applicable
2026-04-08 16:36:43,849 [INFO] Rule:233 - rule 117617 - U5Cobra4M][GTZC] default value MPCBB3 and MPCBB5 - Secured memory - MPCBB3 is applicable
2026-04-08 16:36:43,849 [INFO] Rule:233 - rule 117617 - U5Cobra4M][GTZC] default value MPCBB3 and MPCBB5 - Secured memory - MPCBB4 is applicable
2026-04-08 16:36:43,849 [INFO] Rule:233 - rule 117617 - U5Cobra4M][GTZC] default value MPCBB3 and MPCBB5 - Privileged memory - MPCBB1 is applicable
2026-04-08 16:36:43,849 [INFO] Rule:233 - rule 117617 - U5Cobra4M][GTZC] default value MPCBB3 and MPCBB5 - Privileged memory - MPCBB2 is applicable
2026-04-08 16:36:43,849 [INFO] Rule:233 - rule 117617 - U5Cobra4M][GTZC] default value MPCBB3 and MPCBB5 - Privileged memory - MPCBB3 is applicable
2026-04-08 16:36:43,849 [INFO] Rule:233 - rule 117617 - U5Cobra4M][GTZC] default value MPCBB3 and MPCBB5 - Privileged memory - MPCBB4 is applicable
2026-04-08 16:36:43,849 [INFO] Rule:233 - rule 117617 - U5Cobra4M][GTZC] default value MPCBB3 and MPCBB5 - Not Privileged memory - MPCBB1 is applicable
2026-04-08 16:36:43,850 [INFO] Rule:233 - rule 117617 - U5Cobra4M][GTZC] default value MPCBB3 and MPCBB5 - Not Privileged memory - MPCBB2 is applicable
2026-04-08 16:36:43,850 [INFO] Rule:233 - rule 117617 - U5Cobra4M][GTZC] default value MPCBB3 and MPCBB5 - Not Privileged memory - MPCBB3 is applicable
2026-04-08 16:36:43,850 [INFO] Rule:233 - rule 117617 - U5Cobra4M][GTZC] default value MPCBB3 and MPCBB5 - Not Privileged memory - MPCBB4 is applicable
2026-04-08 16:36:43,850 [INFO] Rule:233 - rule 117617 - U5Cobra4M][GTZC] default value MPCBB3 and MPCBB5 - Privileged memory - MPCBB1 is applicable
2026-04-08 16:36:43,851 [INFO] Rule:233 - rule 117617 - U5Cobra4M][GTZC] default value MPCBB3 and MPCBB5 - Privileged memory - MPCBB2 is applicable
2026-04-08 16:36:43,852 [INFO] Rule:233 - rule 117617 - U5Cobra4M][GTZC] default value MPCBB3 and MPCBB5 - Privileged memory - MPCBB3 is applicable
2026-04-08 16:36:43,855 [INFO] Rule:233 - rule 117617 - U5Cobra4M][GTZC] default value MPCBB3 and MPCBB5 - Privileged memory - MPCBB4 is applicable
2026-04-08 16:36:43,860 [INFO] Rule:233 - rule 117617 - U5Cobra4M][GTZC] default value MPCBB3 and MPCBB5 - Privileged memory - MPCBB1 is applicable
2026-04-08 16:36:43,862 [INFO] Rule:233 - rule 117617 - U5Cobra4M][GTZC] default value MPCBB3 and MPCBB5 - Privileged memory - MPCBB2 is applicable
2026-04-08 16:36:43,862 [INFO] Rule:233 - rule 117617 - U5Cobra4M][GTZC] default value MPCBB3 and MPCBB5 - Privileged memory - MPCBB3 is applicable
2026-04-08 16:36:43,862 [INFO] Rule:233 - rule 117617 - U5Cobra4M][GTZC] default value MPCBB3 and MPCBB5 - Privileged memory - MPCBB4 is applicable
2026-04-08 16:36:43,862 [INFO] Rule:233 - rule 117617 - U5Cobra4M][GTZC] default value MPCBB3 and MPCBB5 - Not Privileged memory - MPCBB1 is applicable
2026-04-08 16:36:43,862 [INFO] Rule:233 - rule 117617 - U5Cobra4M][GTZC] default value MPCBB3 and MPCBB5 - Not Privileged memory - MPCBB2 is applicable
2026-04-08 16:36:43,862 [INFO] Rule:233 - rule 117617 - U5Cobra4M][GTZC] default value MPCBB3 and MPCBB5 - Not Privileged memory - MPCBB3 is applicable
2026-04-08 16:36:43,862 [INFO] Rule:233 - rule 117617 - U5Cobra4M][GTZC] default value MPCBB3 and MPCBB5 - Not Privileged memory - MPCBB4 is applicable
2026-04-08 16:36:43,862 [INFO] Rule:233 - rule 117617 - U5Cobra4M][GTZC] default value MPCBB3 and MPCBB5 - Privileged memory - MPCBB1 is applicable
2026-04-08 16:36:43,862 [INFO] Rule:233 - rule 117617 - U5Cobra4M][GTZC] default value MPCBB3 and MPCBB5 - Privileged memory - MPCBB2 is applicable
2026-04-08 16:36:43,862 [INFO] Rule:233 - rule 117617 - U5Cobra4M][GTZC] default value MPCBB3 and MPCBB5 - Privileged memory - MPCBB3 is applicable
2026-04-08 16:36:43,862 [INFO] Rule:233 - rule 117617 - U5Cobra4M][GTZC] default value MPCBB3 and MPCBB5 - Privileged memory - MPCBB4 is applicable
2026-04-08 16:36:43,862 [INFO] Rule:233 - rule Rename SubGHz_Phy SUBGHZ_APPLICATION SUBGHZ_PINGPONG to SUBGHZ_ADV_APPLICATION is applicable
2026-04-08 16:36:43,862 [INFO] Rule:233 - rule Rename Enabled to IBEACON is applicable
2026-04-08 16:36:43,862 [INFO] Rule:233 - rule GTZC_S instance for project manager is applicable
2026-04-08 16:36:43,862 [INFO] Rule:233 - rule GTZC_S instance for context M33S is applicable
2026-04-08 16:36:43,862 [INFO] Rule:233 - rule GTZC_S instance value for IP GTZC is applicable
2026-04-08 16:36:43,863 [INFO] Rule:233 - rule GTZC_S instance for mcu.IP is applicable
2026-04-08 16:36:43,863 [INFO] Rule:233 - rule GTZC_S instance for VP is applicable
2026-04-08 16:36:43,863 [INFO] Rule:233 - rule GTZC_S instance for signal is applicable
2026-04-08 16:36:43,863 [INFO] Rule:233 - rule GTZC_S instance for mcu.Pin is applicable
2026-04-08 16:36:43,863 [INFO] Rule:233 - rule GTZC_S instance for VP is applicable
2026-04-08 16:36:43,863 [INFO] Rule:233 - rule GTZC_S instance for signal is applicable
2026-04-08 16:36:43,863 [INFO] Rule:233 - rule GTZC_S instance for mcu is applicable
2026-04-08 16:36:43,863 [INFO] Rule:233 - rule GTZC_S instance for mcu.Pin is applicable
2026-04-08 16:36:43,863 [INFO] Rule:233 - rule GTZC_S instance value for IP GTZC is applicable
2026-04-08 16:36:43,863 [INFO] Rule:233 - rule GTZC_S instance for project manager is applicable
2026-04-08 16:36:43,863 [INFO] Rule:233 - rule GTZC_S instance for context M33S is applicable
2026-04-08 16:36:43,863 [INFO] Rule:233 - rule GTZC_S instance for VP is applicable
2026-04-08 16:36:43,863 [INFO] Rule:233 - rule GTZC_S instance for signal is applicable
2026-04-08 16:36:43,863 [INFO] Rule:233 - rule SPDIFRX instance for mcu is applicable
2026-04-08 16:36:43,863 [INFO] Rule:233 - rule Rename Tracer Mode is applicable
2026-04-08 16:36:43,863 [INFO] Rule:233 - rule SPDIFRX instance value for IP SPDIFRX is applicable
2026-04-08 16:36:43,863 [INFO] Rule:233 - rule SPDIFRX instance for signal is applicable
2026-04-08 16:36:43,863 [INFO] Rule:233 - rule SPDIFRX instance for project manager is applicable
2026-04-08 16:36:43,863 [INFO] Rule:233 - rule SPDIFRX instance for project manager is applicable
2026-04-08 16:36:43,864 [INFO] Rule:233 - rule ADC Scan  fix with FW F7 is applicable
2026-04-08 16:36:43,866 [INFO] Rule:233 - rule ADC Scan  fix with FW F7 is applicable
2026-04-08 16:36:43,869 [INFO] Rule:233 - rule DFSDM instance value for IP DFSDM is applicable
2026-04-08 16:36:43,869 [INFO] Rule:233 - rule DFSDM instance for mcu is applicable
2026-04-08 16:36:43,869 [INFO] Rule:233 - rule DFSDM instance for VP is applicable
2026-04-08 16:36:43,869 [INFO] Rule:233 - rule DFSDM instance for signal is applicable
2026-04-08 16:36:43,869 [INFO] Rule:233 - rule DFSDM instance for shared is applicable
2026-04-08 16:36:43,870 [INFO] Rule:233 - rule BreakInputSource parameter for IP Timer is applicable
2026-04-08 16:36:43,870 [INFO] Rule:233 - rule Sourcebreak parameter for IP Timer is applicable
2026-04-08 16:36:43,870 [INFO] Rule:233 - rule Sourcebreak parameter for IP Timer is applicable
2026-04-08 16:36:43,870 [INFO] Rule:233 - rule DFSDM for PCC is applicable
2026-04-08 16:36:43,870 [INFO] Rule:233 - rule Serial_Wire Mode is applicable
2026-04-08 16:36:43,870 [INFO] Rule:233 - rule JTAG_4_pins Mode is applicable
2026-04-08 16:36:43,870 [INFO] Rule:233 - rule JTAG_5_pins Mode is applicable
2026-04-08 16:36:43,870 [INFO] Rule:233 - rule Trace_Asynchronous_SW Mode is applicable
2026-04-08 16:36:43,870 [INFO] Rule:233 - rule Trace_Synchro_1bit_JTAG Mode is applicable
2026-04-08 16:36:43,870 [INFO] Rule:233 - rule Trace_Synchro_2bits_JTAG Mode is applicable
2026-04-08 16:36:43,870 [INFO] Rule:233 - rule Trace_Synchro_4bits_JTAG Mode is applicable
2026-04-08 16:36:43,870 [INFO] Rule:233 - rule Trace_Synchro_1bit_SW Mode is applicable
2026-04-08 16:36:43,870 [INFO] Rule:233 - rule Trace_Synchro_2bits_SW Mode is applicable
2026-04-08 16:36:43,870 [INFO] Rule:233 - rule Trace_Synchro_4bits_SW Mode is applicable
2026-04-08 16:36:43,870 [INFO] Rule:233 - rule SYS_WakeUp0 Mode is applicable
2026-04-08 16:36:43,870 [INFO] Rule:233 - rule SYS_WakeUp0 Mode for STM32F446 is applicable
2026-04-08 16:36:43,870 [INFO] Rule:233 - rule SYS_WakeUp1 Mode is applicable
2026-04-08 16:36:43,870 [INFO] Rule:233 - rule SYS_WakeUp1 Mode for STM32F446 is applicable
2026-04-08 16:36:43,870 [INFO] Rule:233 - rule SYS_WakeUp2 Mode is applicable
2026-04-08 16:36:43,870 [INFO] Rule:233 - rule SYS_WakeUp3 Mode is applicable
2026-04-08 16:36:43,870 [INFO] Rule:233 - rule SYS_WakeUp4 Mode is applicable
2026-04-08 16:36:43,870 [INFO] Rule:233 - rule SYS_WakeUp5 Mode is applicable
2026-04-08 16:36:43,870 [INFO] Rule:233 - rule SYS_WakeUp6 Mode is applicable
2026-04-08 16:36:43,870 [INFO] Rule:233 - rule SYS_WakeUp7 Mode is applicable
2026-04-08 16:36:43,870 [INFO] Rule:233 - rule WakeUp0 Mode is applicable
2026-04-08 16:36:43,870 [INFO] Rule:233 - rule WakeUp0 SIGNAL is applicable
2026-04-08 16:36:43,870 [INFO] Rule:233 - rule WakeUp1 Mode is applicable
2026-04-08 16:36:43,870 [INFO] Rule:233 - rule WakeUp1 SIGNAL is applicable
2026-04-08 16:36:43,870 [INFO] Rule:233 - rule WakeUp2 Mode is applicable
2026-04-08 16:36:43,870 [INFO] Rule:233 - rule WakeUp2 SIGNAL is applicable
2026-04-08 16:36:43,870 [INFO] Rule:233 - rule WakeUp4 Mode is applicable
2026-04-08 16:36:43,870 [INFO] Rule:233 - rule WakeUp4 SIGNAL is applicable
2026-04-08 16:36:43,870 [INFO] Rule:233 - rule WakeUp5 Mode is applicable
2026-04-08 16:36:43,870 [INFO] Rule:233 - rule WakeUp5 SIGNAL is applicable
2026-04-08 16:36:43,870 [INFO] Rule:233 - rule Mode_PVD_Ext is applicable
2026-04-08 16:36:43,870 [INFO] Rule:233 - rule Mode_PVD_Int is applicable
2026-04-08 16:36:43,870 [INFO] Rule:233 - rule Add RTC Activate Clock Source is applicable
2026-04-08 16:36:43,870 [INFO] Rule:233 - rule Add RTC Activate Calendar 1 is applicable
2026-04-08 16:36:43,870 [INFO] Rule:233 - rule Add RTC Activate Calendar 2 is applicable
2026-04-08 16:36:43,870 [INFO] Rule:233 - rule Add RTC Activate Calendar 3 is applicable
2026-04-08 16:36:43,870 [INFO] Rule:233 - rule UART/USART TX Mode is applicable
2026-04-08 16:36:43,870 [INFO] Rule:233 - rule UART/USART RX Mode is applicable
2026-04-08 16:36:43,870 [INFO] Rule:233 - rule UART/USART RX TX Mode is applicable
2026-04-08 16:36:43,870 [INFO] Rule:233 - rule UART/USART PARITY NONE is applicable
2026-04-08 16:36:43,870 [INFO] Rule:233 - rule UART/USART PARITY EVEN is applicable
2026-04-08 16:36:43,870 [INFO] Rule:233 - rule UART/USART PARITY ODD is applicable
2026-04-08 16:36:43,870 [INFO] Rule:233 - rule USART StopBits 1 is applicable
2026-04-08 16:36:43,870 [INFO] Rule:233 - rule USART StopBits 2 is applicable
2026-04-08 16:36:43,870 [INFO] Rule:233 - rule USART StopBits 1.5 is applicable
2026-04-08 16:36:43,870 [INFO] Rule:233 - rule USART StopBits 0.5 is applicable
2026-04-08 16:36:43,870 [INFO] Rule:233 - rule UART/USART WORD LENGTH 7 is applicable
2026-04-08 16:36:43,870 [INFO] Rule:233 - rule UART/USART WORD LENGTH 8 is applicable
2026-04-08 16:36:43,870 [INFO] Rule:233 - rule UART/USART WORD LENGTH 9 is applicable
2026-04-08 16:36:43,870 [INFO] Rule:233 - rule Rename FMC NAND NCE signal is applicable
2026-04-08 16:36:43,870 [INFO] Rule:233 - rule Rename FMC NAND INT signal is applicable
2026-04-08 16:36:43,870 [INFO] Rule:233 - rule Change Default Value for LSE Drive Capability for WB family is applicable
2026-04-08 16:36:43,870 [INFO] Rule:233 - rule Change Default Value for ADC Clock Prescaler G0 family is applicable
2026-04-08 16:36:43,870 [INFO] Rule:233 - rule Change Default Value for ADC ExternalTrigConv L4 family is applicable
2026-04-08 16:36:43,870 [INFO] Rule:233 - rule Change Default Value for ADC ExternalTrigInjecConv L4 family is applicable
2026-04-08 16:36:43,870 [INFO] Rule:233 - rule Change Default Value for ADC ExternalTrigConv F3 family is applicable
2026-04-08 16:36:43,870 [INFO] Rule:233 - rule Change Default Value for ADC ExternalTrigInjecConv F3 family is applicable
2026-04-08 16:36:43,870 [INFO] Rule:233 - rule Change Default Value for ADC ExternalTrigConv Goldfish serie is applicable
2026-04-08 16:36:43,870 [INFO] Rule:233 - rule Change Default Value for ADC ExternalTrigInjecConv Goldfish serie is applicable
2026-04-08 16:36:43,870 [INFO] Rule:233 - rule Change Default Value for ADC ExternalTrigConv L0 family is applicable
2026-04-08 16:36:43,870 [INFO] Rule:233 - rule Change Default Value for ADC ExternalTrigConv F0 family is applicable
2026-04-08 16:36:43,870 [INFO] Rule:233 - rule Change Default Value for ADC ExternalTrigConvn L1 family is applicable
2026-04-08 16:36:43,870 [INFO] Rule:233 - rule Change Default Value for ADC ExternalTrigInjecConv L1 family is applicable
2026-04-08 16:36:43,870 [INFO] Rule:233 - rule Change Default Value for ADC ExternalTrigConv F1 family is applicable
2026-04-08 16:36:43,870 [INFO] Rule:233 - rule Change Default Value for ADC ExternalTrigInjecConv F1 family is applicable
2026-04-08 16:36:43,871 [INFO] Rule:233 - rule Change Default Value for ADC ExternalTrigConv F7 family is applicable
2026-04-08 16:36:43,871 [INFO] Rule:233 - rule Change Default Value for ADC ExternalTrigInjecConv F7 family is applicable
2026-04-08 16:36:43,871 [INFO] Rule:233 - rule Change Default Value for ADC ExternalTrigConv F4 and F2 family is applicable
2026-04-08 16:36:43,871 [INFO] Rule:233 - rule Change Default Value for ADC ExternalTrigInjecConv F4 and F2 family is applicable
2026-04-08 16:36:43,871 [INFO] Rule:233 - rule ADC SamplingTime fix with FW L0  is applicable
2026-04-08 16:36:43,871 [INFO] Rule:233 - rule ADC SamplingTime fix with FW L0  is applicable
2026-04-08 16:36:43,871 [INFO] Rule:233 - rule ADC SamplingTime fix with FW L0 is applicable
2026-04-08 16:36:43,871 [INFO] Rule:233 - rule ADC SamplingTime fix with FW L0 is applicable
2026-04-08 16:36:43,871 [INFO] Rule:233 - rule ADC SamplingTime fix with FW L0  is applicable
2026-04-08 16:36:43,871 [INFO] Rule:233 - rule ADC SamplingTime fix with FW L0 is applicable
2026-04-08 16:36:43,871 [INFO] Rule:233 - rule Rename USB_OE Signal is applicable
2026-04-08 16:36:43,873 [INFO] Rule:233 - rule Rename Activate_OE Mode is applicable
2026-04-08 16:36:43,875 [INFO] Rule:233 - rule Rename DIE462/DIE415 pin PC14/OSC32_IN -> PC14-OSC32_IN (PC14) is applicable
2026-04-08 16:36:43,876 [INFO] Rule:233 - rule Rename DIE462/DIE415 pin PC15/OSC32_OUT -> PC15-OSC32_OUT (PC15) is applicable
2026-04-08 16:36:43,876 [INFO] Rule:233 - rule Rename DIE462/DIE415 pin PH0/OSC_IN -> PH0-OSC_IN (PH0) is applicable
2026-04-08 16:36:43,876 [INFO] Rule:233 - rule Rename DIE462/DIE415 pin PH1/OSC_OUT -> PH1-OSC_OUT (PH1) is applicable
2026-04-08 16:36:43,876 [INFO] Rule:233 - rule Rename DIE462 pin PA13 -> PA13 (JTMS/SWDIO) is applicable
2026-04-08 16:36:43,876 [INFO] Rule:233 - rule Rename DIE415 pin PA13 -> PA13 (JTMS/SWDIO) is applicable
2026-04-08 16:36:43,876 [INFO] Rule:233 - rule Rename DIE462 pin PA14 -> PA14 (JTCK/SWCLK) is applicable
2026-04-08 16:36:43,876 [INFO] Rule:233 - rule Rename DIE415 pin PA14 -> PA14 (JTCK/SWCLK) is applicable
2026-04-08 16:36:43,876 [INFO] Rule:233 - rule Rename DIE462/DIE415 pin PA15 -> PA15 (JTDI) is applicable
2026-04-08 16:36:43,876 [INFO] Rule:233 - rule Rename DIE462 pin PB3 -> PB3 (JTD0/TRACESWO) is applicable
2026-04-08 16:36:43,876 [INFO] Rule:233 - rule Rename DIE415 pin PB3 -> PB3 (JTD0-TRACESWO) is applicable
2026-04-08 16:36:43,876 [INFO] Rule:233 - rule Rename DIE462/DIE415 pin PB4 -> PB4 (NJTRST) is applicable
2026-04-08 16:36:43,876 [INFO] Rule:233 - rule Rename DIE462 pin PH3/BOOT0 -> PH3-BOOT0 (BOOT0) is applicable
2026-04-08 16:36:43,876 [INFO] Rule:233 - rule Rename CRYP DataEncryptionTypesList to Algorithm is applicable
2026-04-08 16:36:43,876 [INFO] Rule:233 - rule Rename AES DataEncryptionTypesList to Algorithm is applicable
2026-04-08 16:36:43,876 [INFO] Rule:233 - rule Rename TDESECB to CRYP_TDES_ECB is applicable
2026-04-08 16:36:43,876 [INFO] Rule:233 - rule Rename TDESCBC to CRYP_TDES_CBC is applicable
2026-04-08 16:36:43,876 [INFO] Rule:233 - rule Rename DESECB to CRYP_DES_ECB is applicable
2026-04-08 16:36:43,876 [INFO] Rule:233 - rule Rename DESCBC to CRYP_DES_CBC is applicable
2026-04-08 16:36:43,876 [INFO] Rule:233 - rule Rename AESECB to CRYP_AES_ECB is applicable
2026-04-08 16:36:43,876 [INFO] Rule:233 - rule Rename AESCBC to CRYP_AES_CBC is applicable
2026-04-08 16:36:43,876 [INFO] Rule:233 - rule Rename AESCTR to CRYP_AES_CTR is applicable
2026-04-08 16:36:43,876 [INFO] Rule:233 - rule Rename AESGCM to CRYP_AES_GCM is applicable
2026-04-08 16:36:43,876 [INFO] Rule:233 - rule Rename AESCCM to CRYP_AES_CCM is applicable
2026-04-08 16:36:43,876 [INFO] Rule:233 - rule Rename CAN TimeSeg1 to BS1 is applicable
2026-04-08 16:36:43,876 [INFO] Rule:233 - rule Rename CAN TimeSeg2 to BS2 is applicable
2026-04-08 16:36:43,876 [INFO] Rule:233 - rule Rename CAN SyncJumpWidth to SJW is applicable
2026-04-08 16:36:43,876 [INFO] Rule:233 - rule TimeTriggeredMode to TTCM is applicable
2026-04-08 16:36:43,876 [INFO] Rule:233 - rule Rename CAN AutoBusOff to ABOM is applicable
2026-04-08 16:36:43,876 [INFO] Rule:233 - rule Rename CAN AutoWakeUp to AWUM is applicable
2026-04-08 16:36:43,876 [INFO] Rule:233 - rule Rename CAN AutoRetransmission to NART is applicable
2026-04-08 16:36:43,876 [INFO] Rule:233 - rule Rename CAN ReceiveFifoLocked to RFLM is applicable
2026-04-08 16:36:43,876 [INFO] Rule:233 - rule Rename CAN TransmitFifoPriority to TXFP is applicable
2026-04-08 16:36:43,876 [INFO] Rule:233 - rule Rename HRTIMER HRTIM_OUTPUTFAULTLEVEL_HIGH in HRTIMER HRTIM_OUTPUTFAULTLEVEL_HIGHZ is applicable
2026-04-08 16:36:43,876 [INFO] Rule:233 - rule Rename TIMER TIM_CLEARINPUTSOURCE_OCREFCLR in  TIMER TIM_CLEARINPUTSOURCE_NONE for F7 family is applicable
2026-04-08 16:36:43,876 [INFO] Rule:233 - rule FDCAN_R1 - Rename FDCAN mode Master into Classic is applicable
2026-04-08 16:36:43,876 [INFO] Rule:233 - rule FDCAN_R2 - Rename FDCAN mode Slave into Classic is applicable
2026-04-08 16:36:43,876 [INFO] Rule:233 - rule FDCAN1_R3 - if PA10.Mode=FullDuplex, add Pin PA12 is applicable
2026-04-08 16:36:43,876 [INFO] Rule:233 - rule FDCAN1_R3 - if PA9.Mode=FullDuplex, add Pin PA11 is applicable
2026-04-08 16:36:43,876 [INFO] Rule:233 - rule FDCAN1_R3 - Alternatepin_1 - if PE1.Mode=FullDuplex, add Pin PB9 is applicable
2026-04-08 16:36:43,876 [INFO] Rule:233 - rule FDCAN1_R3 - Alternatepin_1 - if PE0.Mode=FullDuplex, add Pin PB8 is applicable
2026-04-08 16:36:43,876 [INFO] Rule:233 - rule FDCAN1_R3 - Alternatepin_2 - if PD5.Mode=FullDuplex, add Pin PD1 is applicable
2026-04-08 16:36:43,876 [INFO] Rule:233 - rule FDCAN1_R3 - Alternatepin_2 - if PD4.Mode=FullDuplex, add Pin PD0 is applicable
2026-04-08 16:36:43,876 [INFO] Rule:233 - rule FDCAN1_R4 - Rename Mode FullDuplex into Enable FDCAN_TXFD for pin PA10 is applicable
2026-04-08 16:36:43,876 [INFO] Rule:233 - rule FDCAN1_R4 - Rename Mode FullDuplex into Enable FDCAN_TXFD for pin PA9 is applicable
2026-04-08 16:36:43,876 [INFO] Rule:233 - rule FDCAN1_R4 - Alternatepin_1 - Rename Mode FullDuplex into Enable FDCAN_TXFD for pin PE1 is applicable
2026-04-08 16:36:43,876 [INFO] Rule:233 - rule FDCAN1_R4 - Alternatepin_1 - Rename Mode FullDuplex into Enable FDCAN_TXFD for pin PE0 is applicable
2026-04-08 16:36:43,876 [INFO] Rule:233 - rule FDCAN1_R4 - Alternatepin_2 - Rename Mode FullDuplex into Enable FDCAN_TXFD for pin PD5 is applicable
2026-04-08 16:36:43,876 [INFO] Rule:233 - rule FDCAN1_R4 - Alternatepin_2 - Rename Mode FullDuplex into Enable FDCAN_TXFD for pin PD4 is applicable
2026-04-08 16:36:43,876 [INFO] Rule:233 - rule FDCAN2_R3 - if PD10.Mode=FullDuplex, add Pin PB13 is applicable
2026-04-08 16:36:43,876 [INFO] Rule:233 - rule FDCAN2_R3 - if PD9.Mode=FullDuplex, add Pin PB12 is applicable
2026-04-08 16:36:43,876 [INFO] Rule:233 - rule FDCAN2_R3 - Alternatepin_1 - if PB7.Mode=FullDuplex, add Pin PB6 is applicable
2026-04-08 16:36:43,876 [INFO] Rule:233 - rule FDCAN2_R3 - Alternatepin_1 - if PD9.Mode=FullDuplex, add Pin PB12 is applicable
2026-04-08 16:36:43,877 [INFO] Rule:233 - rule FDCAN2_R4 - Rename Mode FullDuplex into Enable FDCAN_TXFD for pin PD10 is applicable
2026-04-08 16:36:43,877 [INFO] Rule:233 - rule FDCAN2_R4 - Rename Mode FullDuplex into Enable FDCAN_TXFD for pin PD9 is applicable
2026-04-08 16:36:43,877 [INFO] Rule:233 - rule FDCAN2_R4 - Alternatepin_1 - Rename Mode FullDuplex into Enable FDCAN_TXFD for pin PB7 is applicable
2026-04-08 16:36:43,877 [INFO] Rule:233 - rule FDCAN2_R4 - Alternatepin_1 - Rename Mode FullDuplex into Enable FDCAN_TXFD for pin PD6 is applicable
2026-04-08 16:36:43,877 [INFO] Rule:233 - rule USART TxPinLevelInvertParam Mode is applicable
2026-04-08 16:36:43,877 [INFO] Rule:233 - rule USART RxPinLevelInvertParam Mode is applicable
2026-04-08 16:36:43,877 [INFO] Rule:233 - rule USART DataInvertParam Mode is applicable
2026-04-08 16:36:43,877 [INFO] Rule:233 - rule USART SwapParam Mode is applicable
2026-04-08 16:36:43,877 [INFO] Rule:233 - rule USART OverrunDisableParam Mode is applicable
2026-04-08 16:36:43,877 [INFO] Rule:233 - rule USART DMADisableonRxErrorParam Mode is applicable
2026-04-08 16:36:43,877 [INFO] Rule:233 - rule USART MSBFirstParam Mode is applicable
2026-04-08 16:36:43,877 [INFO] Rule:233 - rule Update MwName for USB_DEVICE is applicable
2026-04-08 16:36:43,877 [INFO] Rule:233 - rule Change PWR_Regulator_Voltage_Scale Default Value for RCC  H7 family is applicable
2026-04-08 16:36:43,877 [INFO] Rule:233 - rule UART/USART IPParameter rename Prescaler parameter to ClockPrescaler is applicable
2026-04-08 16:36:43,877 [INFO] Rule:233 - rule UART/USART Prescaler rename Prescaler parameter to ClockPrescaler is applicable
2026-04-08 16:36:43,877 [INFO] Rule:233 - rule TIM1CLockSelection is applicable
2026-04-08 16:36:43,877 [INFO] Rule:233 - rule TIM15CLockSelection is applicable
2026-04-08 16:36:43,877 [INFO] Rule:233 - rule align RCC SDMMC3CLockSelection default value on MP1 is applicable
2026-04-08 16:36:43,877 [INFO] Rule:233 - rule align RCC SDMMC12CLockSelection default value on MP1 is applicable
2026-04-08 16:36:43,877 [INFO] Rule:233 - rule align RCC QSPICLockSelection default value on MP1 is applicable
2026-04-08 16:36:43,877 [INFO] Rule:233 - rule align RCC QSPICLockSelection default value on MP1 is applicable
2026-04-08 16:36:43,877 [INFO] Rule:233 - rule align RCC SPI6CLockSelection default value on MP1 is applicable
2026-04-08 16:36:43,877 [INFO] Rule:233 - rule align RCC LPTIM23CLockSelection default value on MP1 is applicable
2026-04-08 16:36:43,877 [INFO] Rule:233 - rule align RCC LPTIM1CLockSelection default value on MP1 is applicable
2026-04-08 16:36:43,877 [INFO] Rule:233 - rule align RCC USART1CLockSelection default value on MP1 is applicable
2026-04-08 16:36:43,877 [INFO] Rule:233 - rule align RCC USART24CLockSelection default value on MP1 is applicable
2026-04-08 16:36:43,877 [INFO] Rule:233 - rule align RCC USART6CLockSelection default value on MP1 is applicable
2026-04-08 16:36:43,877 [INFO] Rule:233 - rule align RCC UART78CLockSelection default value on MP1 is applicable
2026-04-08 16:36:43,877 [INFO] Rule:233 - rule align RCC USART35CLockSelection default value on MP1 is applicable
2026-04-08 16:36:43,877 [INFO] Rule:233 - rule align RCC SPI45CLockSelection default value on MP1 is applicable
2026-04-08 16:36:43,877 [INFO] Rule:233 - rule align RCC I2C46CLockSelection BCLK value on MP1 is applicable
2026-04-08 16:36:43,877 [INFO] Rule:233 - rule align RCC SPI45CLockSelection default value on MP1 is applicable
2026-04-08 16:36:43,877 [INFO] Rule:233 - rule align RCC I2C12CLockSelection default value on MP1 is applicable
2026-04-08 16:36:43,877 [INFO] Rule:233 - rule align RCC I2C35CLockSelection default value on MP1 is applicable
2026-04-08 16:36:43,877 [INFO] Rule:233 - rule align RCC LPTIM45CLockSelection default value on MP1 is applicable
2026-04-08 16:36:43,877 [INFO] Rule:233 - rule Rename DCMI PIXCK signal is applicable
2026-04-08 16:36:43,877 [INFO] Rule:233 - rule Change Default Value for I2C46CLockSelection MP1 family is applicable
2026-04-08 16:36:43,877 [INFO] Rule:233 - rule Change Default Value for UART for G4, G0 and WB families is applicable
2026-04-08 16:36:43,877 [INFO] Rule:233 - rule Change Default Value for USART for G4, G0 and WB families is applicable
2026-04-08 16:36:43,877 [INFO] Rule:233 - rule Change Default Value for USART for G4 family is applicable
2026-04-08 16:36:43,877 [INFO] Rule:233 - rule Change USART1CLockSelection refparam name for MP1 is applicable
2026-04-08 16:36:43,877 [INFO] Rule:233 - rule Change USART2CLockSelection refparam name for MP1 is applicable
2026-04-08 16:36:43,877 [INFO] Rule:233 - rule Change USART3CLockSelection refparam name for MP1 is applicable
2026-04-08 16:36:43,877 [INFO] Rule:233 - rule Change UART4CLockSelection refparam name for MP1 is applicable
2026-04-08 16:36:43,877 [INFO] Rule:233 - rule Change UART5CLockSelection refparam name for MP1 is applicable
2026-04-08 16:36:43,877 [INFO] Rule:233 - rule Change LPUART1CLockSelection refparam name for MP1 is applicable
2026-04-08 16:36:43,877 [INFO] Rule:233 - rule Change LPTIM1CLockSelection refparam name for MP1 is applicable
2026-04-08 16:36:43,877 [INFO] Rule:233 - rule Change LPTIM2CLockSelection refparam name for MP1 is applicable
2026-04-08 16:36:43,877 [INFO] Rule:233 - rule Change RCC_MCO1Source refparam name for MP1 is applicable
2026-04-08 16:36:43,877 [INFO] Rule:233 - rule Change LSCOSource1 refparam name for MP1 is applicable
2026-04-08 16:36:43,877 [INFO] Rule:233 - rule Change SMPSCLockSelection refparam name for MP1 is applicable
2026-04-08 16:36:43,877 [INFO] Rule:233 - rule Change LPTIM3CLockSelection refparam name for MP1 is applicable
2026-04-08 16:36:43,877 [INFO] Rule:233 - rule Change MPCBB* Default Template Mode to Parameters is applicable
2026-04-08 16:36:43,877 [INFO] Rule:233 - rule Change MPCWM* or MPCBB* Secure Mode to Parameters is applicable
2026-04-08 16:36:43,877 [INFO] Rule:233 - rule Change MPCWM* or MPCBB* No Secure Mode to Parameters is applicable
2026-04-08 16:36:43,877 [INFO] Rule:233 - rule Change TZSC IP Secure Mode to Parameters is applicable
2026-04-08 16:36:43,877 [INFO] Rule:233 - rule Change TZSC IP No Secure Mode to Parameters is applicable
2026-04-08 16:36:43,877 [INFO] Rule:233 - rule Change TZSC IP Privilege Mode to Parameters is applicable
2026-04-08 16:36:43,877 [INFO] Rule:233 - rule Change TZSC IP No Privilege Mode to Parameters is applicable
2026-04-08 16:36:43,877 [INFO] Rule:233 - rule Change TZIC IT Secure Mode to Parameters is applicable
2026-04-08 16:36:43,877 [INFO] Rule:233 - rule Change TZIC IT No Secure Mode to Parameters is applicable
2026-04-08 16:36:43,877 [INFO] Rule:233 - rule Add MPCBB1_NonSecureArea_Start_Address value with referenced to MPCBB1_NonSecureArea_Start value is applicable
2026-04-08 16:36:43,877 [INFO] Rule:233 - rule Add MPCBB2_NonSecureArea_Start_Address value with referenced to MPCBB2_NonSecureArea_Start value is applicable
2026-04-08 16:36:43,877 [INFO] Rule:233 - rule Add MPCWM1_NonSecureArea*_Start_Address value with referenced to MPCWM1_NonSecureArea*_Start value is applicable
2026-04-08 16:36:43,877 [INFO] Rule:233 - rule Add MPCWM2_NonSecureArea*_Start_Address value with referenced to MPCWM2_NonSecureArea*_Start value is applicable
2026-04-08 16:36:43,877 [INFO] Rule:233 - rule Add MPCWM3_NonSecureArea_Start_Address value with referenced to MPCWM3_NonSecureArea_Start value is applicable
2026-04-08 16:36:43,877 [INFO] Rule:233 - rule Change Default Value for PLL1UserDefinedConfig is applicable
2026-04-08 16:36:43,877 [INFO] Rule:233 - rule Change GPIO_PuPd Default Value for USART in async mode is applicable
2026-04-08 16:36:43,877 [INFO] Rule:233 - rule Change SMPSDivider Default Value is applicable
2026-04-08 16:36:43,878 [INFO] Rule:233 - rule OPAMP is applicable
2026-04-08 16:36:43,878 [INFO] Rule:233 - rule LPUART IPParameter rename Prescaler parameter to ClockPrescaler for STM32H7 is applicable
2026-04-08 16:36:43,878 [INFO] Rule:233 - rule LPUART IPParameter rename Prescaler parameter to ClockPrescaler for STM32H7 is applicable
2026-04-08 16:36:43,878 [INFO] Rule:233 - rule LPUART IPParameter rename Prescaler parameter to ClockPrescaler for STM32WB is applicable
2026-04-08 16:36:43,878 [INFO] Rule:233 - rule LPUART IPParameter rename Prescaler parameter to ClockPrescaler for STM32WB is applicable
2026-04-08 16:36:43,878 [INFO] Rule:233 - rule LPUART IPParameter rename Prescaler parameter to ClockPrescaler for STM32G4 is applicable
2026-04-08 16:36:43,878 [INFO] Rule:233 - rule LPUART IPParameter rename Prescaler parameter to ClockPrescaler for STM32G4 is applicable
2026-04-08 16:36:43,878 [INFO] Rule:233 - rule LPUART IPParameter rename Prescaler parameter to ClockPrescaler for STM32L5 is applicable
2026-04-08 16:36:43,878 [INFO] Rule:233 - rule LPUART IPParameter rename Prescaler parameter to ClockPrescaler for STM32L5 is applicable
2026-04-08 16:36:43,878 [INFO] Rule:233 - rule LPUART IPParameter rename Prescaler parameter to ClockPrescaler for STM32G4 is applicable
2026-04-08 16:36:43,878 [INFO] Rule:233 - rule LPUART IPParameter rename Prescaler parameter to ClockPrescaler for STM32G4 is applicable
2026-04-08 16:36:43,878 [INFO] Rule:233 - rule USB device lib V2.5.3 for L0 rename USBD_SUPPORT_USER_STRING parameter to USBD_SUPPORT_USER_STRING_DESC4 is applicable
2026-04-08 16:36:43,878 [INFO] Rule:233 - rule I2SCLockSelection clock entry align is applicable
2026-04-08 16:36:43,878 [INFO] Rule:233 - rule Assign TIMx context if used as SYS timebase is applicable
2026-04-08 16:36:43,878 [INFO] Rule:233 - rule Change GPIO_Pu Default Value for I2C is applicable
2026-04-08 16:36:43,878 [INFO] Rule:233 - rule Change GPIO_Pu Default Value for SMBus is applicable
2026-04-08 16:36:43,878 [INFO] Rule:233 - rule change FDCAN default value is applicable
2026-04-08 16:36:43,878 [INFO] Rule:233 - rule Change mode sai is applicable
2026-04-08 16:36:43,878 [INFO] Rule:233 - rule **Change sai mode is applicable
2026-04-08 16:36:43,878 [INFO] Rule:233 - rule Rename STM32WPAN CFG_BLE_IRK to CFG_BLE_IR is applicable
2026-04-08 16:36:43,878 [INFO] Rule:233 - rule Rename STM32WPAN CFG_BLE_ERK to CFG_BLE_ER is applicable
2026-04-08 16:36:43,878 [INFO] Rule:233 - rule Rename STM32WPAN CFG_BLE_IRK_HEX to CFG_BLE_IR_HEX is applicable
2026-04-08 16:36:43,878 [INFO] Rule:233 - rule Rename STM32WPAN CFG_BLE_ERK_HEX to CFG_BLE_ER_HEX is applicable
2026-04-08 16:36:43,878 [INFO] Rule:233 - rule Adapt Old IOC before rework replace old CORTEX_M33/CORTEX_M55 attributes by the new one. is applicable
2026-04-08 16:36:43,878 [INFO] Rule:233 - rule Rename parametre of RCC RCC_APBDBG_DIV2 to RCC_TIMPRES_DIV2 is applicable
2026-04-08 16:36:43,878 [INFO] Rule:233 - rule Rename DIE493 pin PA10 [PA12] -> PA10 is applicable
2026-04-08 16:36:43,878 [INFO] Rule:233 - rule Rename DIE493 pin PA9 [PA11] -> PA9 is applicable
2026-04-08 16:36:43,878 [INFO] Rule:233 - rule Rename DIE492 PartNumber CPN STM32WBA5MJGHx -> STM32WBA5MMGHx is applicable
2026-04-08 16:36:43,878 [INFO] Rule:233 - rule Rename DIE492 PartNumber  Name STM32WBA5MJGHx -> STM32WBA5MMGHx is applicable
2026-04-08 16:36:43,878 [INFO] Rule:233 - rule Rename DIE492 PartNumber UserName STM32WBA5MJGHx -> STM32WBA5MMGHx is applicable
2026-04-08 16:36:43,878 [INFO] Rule:233 - rule Rename DIE492 PartNumber DeviceId STM32WBA5MJGHx -> STM32WBA5MMGHx is applicable
2026-04-08 16:36:43,878 [INFO] Rule:233 - rule Adapt Old IOC CSI. is applicable
2026-04-08 16:36:43,878 [INFO] Rule:233 - rule Adapt Old IOC DCMIPP. is applicable
2026-04-08 16:36:43,878 [INFO] Rule:233 - rule Adapt Old IOC DCMIPP Mode Parallel. is applicable
2026-04-08 16:36:43,878 [INFO] Rule:233 - rule Adapt Old IOC LTDC. is applicable
2026-04-08 16:36:43,878 [INFO] Rule:233 - rule Rename STM32MP2 RIF Peripheral LTDC RIF.RISUP.LTDC_L0L1.Privilege -> RIF.RISUP.LTDC_L1L2.Privilege is applicable
2026-04-08 16:36:43,878 [INFO] Rule:233 - rule Rename STM32MP2 RIF Peripheral LTDC RIF.RISUP.LTDC_L0L1.Privilege -> RIF.RISUP.LTDC_L1L2.Privilege is applicable
2026-04-08 16:36:43,878 [INFO] Rule:233 - rule Rename STM32MP2 RIF Peripheral LTDC RIF.RISUP.LTDC_L0L1.Lock -> RIF.RISUP.LTDC_L1L2.Lock is applicable
2026-04-08 16:36:43,878 [INFO] Rule:233 - rule Rename STM32MP2 RIF Peripheral LTDC RIF.RISUP.LTDC_L2.Lock -> RIF.RISUP.LTDC_L3.Lock is applicable
2026-04-08 16:36:43,878 [INFO] Rule:233 - rule Adapt the old IOC example for updating the SYS when it is misconfigured. is applicable
2026-04-08 16:36:43,879 [INFO] Rule:233 - rule Rename STM32C09 Mcu.Package LQFP64 -> LQFP48 is applicable
2026-04-08 16:36:43,879 [INFO] Rule:233 - rule Adapt the old IOC example for updating the SYS when it is misconfigured. is applicable
2026-04-08 16:36:43,879 [INFO] Rule:233 - rule Adapt the old IOC example for updating the SYS when it is misconfigured. is applicable
2026-04-08 16:36:43,913 [INFO] DbConfProperties:307 - Apply Compatibility (75/313 Rules)
2026-04-08 16:36:43,932 [INFO] ImportTextPane:234 - (OptionalMessage_ERROR) Unable to find key (Mcu.ThirdPartyNb) in loaded IOC file
2026-04-08 16:36:43,940 [INFO] ImportTextPane:234 - (OptionalMessage_ERROR) Pin9 (VP_RIF_VS_RIF1) cannot be retrieved for this MCU
2026-04-08 16:36:44,017 [INFO] RtosManager:558 - Registered RTOS mode: class=CMSIS, group=RTOS, mode=CMSIS_V1, owner=FREERTOS
2026-04-08 16:36:44,017 [INFO] RtosManager:558 - Registered RTOS mode: class=CMSIS, group=RTOS2, mode=CMSIS_V2, owner=FREERTOS
2026-04-08 16:36:44,017 [INFO] RtosManager:558 - Registered RTOS mode: class=RTOS, group=Core, mode=CMSIS_V1, owner=FREERTOS
2026-04-08 16:36:44,017 [INFO] RtosManager:558 - Registered RTOS mode: class=RTOS, group=Core, mode=CMSIS_V2, owner=FREERTOS
2026-04-08 16:36:44,017 [WARN] ModelIntegratedComponent:184 - Missing modes for component STMicroelectronics:FreeRTOS:0.0.1:STMicroelectronics:RTOS:FreeRTOS:Core:::10.2.0:
2026-04-08 16:36:44,036 [WARN] ModelIntegratedComponent:63 - No mode defined for component null
2026-04-08 16:36:44,036 [WARN] ModelIntegratedComponent:63 - No mode defined for component null
2026-04-08 16:36:44,036 [WARN] ModelIntegratedComponent:63 - No mode defined for component null
2026-04-08 16:36:44,036 [WARN] ModelIntegratedComponent:63 - No mode defined for component null
2026-04-08 16:36:44,036 [WARN] ModelIntegratedComponent:63 - No mode defined for component null
2026-04-08 16:36:44,036 [WARN] ModelIntegratedComponent:63 - No mode defined for component null
2026-04-08 16:36:44,036 [WARN] ModelIntegratedComponent:63 - No mode defined for component null
2026-04-08 16:36:44,036 [WARN] ModelIntegratedComponent:63 - No mode defined for component null
2026-04-08 16:36:44,036 [WARN] ModelIntegratedComponent:63 - No mode defined for component null
2026-04-08 16:36:44,036 [WARN] ModelIntegratedComponent:63 - No mode defined for component null
2026-04-08 16:36:44,036 [WARN] ModelIntegratedComponent:63 - No mode defined for component null
2026-04-08 16:36:44,036 [WARN] ModelIntegratedComponent:63 - No mode defined for component null
2026-04-08 16:36:44,036 [WARN] ModelIntegratedComponent:63 - No mode defined for component null
2026-04-08 16:36:44,036 [WARN] ModelIntegratedComponent:63 - No mode defined for component null
2026-04-08 16:36:44,036 [WARN] ModelIntegratedComponent:63 - No mode defined for component null
2026-04-08 16:36:44,036 [WARN] ModelIntegratedComponent:63 - No mode defined for component null
2026-04-08 16:36:44,036 [WARN] ModelIntegratedComponent:63 - No mode defined for component null
2026-04-08 16:36:44,036 [WARN] ModelIntegratedComponent:63 - No mode defined for component null
2026-04-08 16:36:44,036 [WARN] ModelIntegratedComponent:63 - No mode defined for component null
2026-04-08 16:36:44,036 [WARN] ModelIntegratedComponent:63 - No mode defined for component null
2026-04-08 16:36:44,036 [WARN] ModelIntegratedComponent:63 - No mode defined for component null
2026-04-08 16:36:44,036 [WARN] ModelIntegratedComponent:63 - No mode defined for component null
2026-04-08 16:36:44,036 [WARN] ModelIntegratedComponent:63 - No mode defined for component null
2026-04-08 16:36:44,036 [WARN] ModelIntegratedComponent:63 - No mode defined for component null
2026-04-08 16:36:44,036 [WARN] ModelIntegratedComponent:63 - No mode defined for component null
2026-04-08 16:36:44,036 [WARN] ModelIntegratedComponent:63 - No mode defined for component null
2026-04-08 16:36:44,036 [WARN] ModelIntegratedComponent:63 - No mode defined for component null
2026-04-08 16:36:44,036 [WARN] ModelIntegratedComponent:63 - No mode defined for component null
2026-04-08 16:36:44,036 [WARN] ModelIntegratedComponent:63 - No mode defined for component null
2026-04-08 16:36:44,036 [WARN] ModelIntegratedComponent:63 - No mode defined for component null
2026-04-08 16:36:44,036 [WARN] ModelIntegratedComponent:63 - No mode defined for component null
2026-04-08 16:36:44,036 [WARN] ModelIntegratedComponent:63 - No mode defined for component null
2026-04-08 16:36:44,036 [WARN] ModelIntegratedComponent:63 - No mode defined for component null
2026-04-08 16:36:44,036 [WARN] ModelIntegratedComponent:63 - No mode defined for component null
2026-04-08 16:36:44,036 [WARN] ModelIntegratedComponent:63 - No mode defined for component null
2026-04-08 16:36:44,037 [WARN] ModelPack:524 - Component already loaded: STMicroelectronics:HAL Drivers:0.0.0:STMicroelectronics:Device:STMicro_Driver:XSPI:HAL::0.0.1:HAL_XSPI
2026-04-08 16:36:44,074 [INFO] ThirdPartyModel:298 - Start build external matchings
2026-04-08 16:36:44,143 [INFO] ThirdPartyModel:316 - End build external matchings
2026-04-08 16:36:44,157 [INFO] ImportTextPane:234 - (OptionalMessage_ERROR) IP (RCC) : Invalid parameter (LPUARTFreq_Value)
2026-04-08 16:36:44,158 [INFO] ImportTextPane:234 - (OptionalMessage_ERROR) IP (RCC) : Invalid parameter (FamilyName)
2026-04-08 16:36:44,158 [INFO] ImportTextPane:234 - (OptionalMessage_ERROR) IP (RCC) : Invalid parameter (PLLCLKFreq_Value)
2026-04-08 16:36:44,158 [INFO] ImportTextPane:234 - (OptionalMessage_ERROR) IP (RCC) : Invalid parameter (RTCHSEDivFreq_Value)
2026-04-08 16:36:44,158 [INFO] ImportTextPane:234 - (OptionalMessage_ERROR) IP (RCC) : Invalid parameter (LPTIMFreq_Value)
2026-04-08 16:36:44,158 [INFO] ImportTextPane:234 - (OptionalMessage_ERROR) IP (RCC) : Invalid parameter (TIMFreq_Value)
2026-04-08 16:36:44,158 [INFO] ImportTextPane:234 - (OptionalMessage_ERROR) IP (RCC) : Invalid parameter (HSI16_VALUE)
2026-04-08 16:36:44,158 [INFO] ImportTextPane:234 - (OptionalMessage_ERROR) IP (RCC) : Invalid parameter (48CLKFreq_Value)
2026-04-08 16:36:44,158 [INFO] ImportTextPane:234 - (OptionalMessage_ERROR) IP (RCC) : Invalid parameter (PLLMUL)
2026-04-08 16:36:44,158 [INFO] ImportTextPane:234 - (OptionalMessage_ERROR) IP (RCC) : Invalid parameter (TimerFreq_Value)
2026-04-08 16:36:44,158 [INFO] ImportTextPane:234 - (OptionalMessage_ERROR) IP (RCC) : Invalid parameter (MCOPinFreq_Value)
2026-04-08 16:36:44,456 [INFO] UtilMem:75 - End LoadConfig() Used Memory: 723474192 Bytes (1073741824)
2026-04-08 16:36:44,803 [WARN] ThirdParty:833 - waiting for thirdparty lock release [change project]
2026-04-08 16:36:44,827 [INFO] ThirdParty:835 - entering critical section [change project]
2026-04-08 16:36:44,831 [INFO] ThirdParty:1030 - CMSIS Pack Vendor :STMicroelectronics X-CUBE-AZRTOS-H7 3.5.0
2026-04-08 16:36:44,831 [INFO] ThirdParty:1030 - CMSIS Pack Vendor :STMicroelectronics X-CUBE-PM33A1 1.0.0
2026-04-08 16:36:44,831 [INFO] ThirdParty:1030 - CMSIS Pack Vendor :STMicroelectronics USBPD 4.1
2026-04-08 16:36:44,831 [INFO] ThirdParty:1030 - CMSIS Pack Vendor :STMicroelectronics X-CUBE-NFC9 1.0.0
2026-04-08 16:36:44,831 [INFO] ThirdParty:1030 - CMSIS Pack Vendor :STMicroelectronics USB_HOST 2.0.0
2026-04-08 16:36:44,831 [INFO] ThirdParty:1030 - CMSIS Pack Vendor :STMicroelectronics X-CUBE-AZRTOS-F4 1.1.0
2026-04-08 16:36:44,831 [INFO] ThirdParty:1030 - CMSIS Pack Vendor :STMicroelectronics LIBJPEG 8.0.0
2026-04-08 16:36:44,831 [INFO] ThirdParty:1030 - CMSIS Pack Vendor :STMicroelectronics FP-ATR-ASTRA1 2.0.2
2026-04-08 16:36:44,831 [INFO] ThirdParty:1030 - CMSIS Pack Vendor :STMicroelectronics X-CUBE-BLE1 7.1.0
2026-04-08 16:36:44,831 [INFO] ThirdParty:1030 - CMSIS Pack Vendor :STMicroelectronics X-CUBE-SMBUS 2.1.0
2026-04-08 16:36:44,831 [INFO] ThirdParty:1030 - CMSIS Pack Vendor :wolfSSL I-CUBE-wolfMQTT 1.19.2
2026-04-08 16:36:44,831 [INFO] ThirdParty:1030 - CMSIS Pack Vendor :STMicroelectronics USB_DEVICE 3.0.0
2026-04-08 16:36:44,831 [INFO] ThirdParty:1030 - CMSIS Pack Vendor :STMicroelectronics X-CUBE-ISPU 2.1.0
2026-04-08 16:36:44,831 [INFO] ThirdParty:1030 - CMSIS Pack Vendor :STMicroelectronics eDS-WB_DPC_TT-BIDIR 2.1.1
2026-04-08 16:36:44,831 [INFO] ThirdParty:1030 - CMSIS Pack Vendor :STMicroelectronics X-CUBE-AZRTOS-WB 2.0.0
2026-04-08 16:36:44,831 [INFO] ThirdParty:1030 - CMSIS Pack Vendor :wolfSSL I-CUBE-wolfSSL 5.8.4
2026-04-08 16:36:44,831 [INFO] ThirdParty:1030 - CMSIS Pack Vendor :Cesanta I-CUBE-Mongoose 7.20.0
2026-04-08 16:36:44,832 [INFO] ThirdParty:1030 - CMSIS Pack Vendor :STMicroelectronics X-CUBE-AZRTOS-F7 1.1.0
2026-04-08 16:36:44,832 [INFO] ThirdParty:1030 - CMSIS Pack Vendor :STMicroelectronics X-CUBE-AZRTOS-L5 2.0.0
2026-04-08 16:36:44,832 [INFO] ThirdParty:1030 - CMSIS Pack Vendor :STMicroelectronics USB_DEVICE 2.0.0
2026-04-08 16:36:44,832 [INFO] ThirdParty:1030 - CMSIS Pack Vendor :quantropi X-CUBE-qispace-sdk-base 2.1.0
2026-04-08 16:36:44,832 [INFO] ThirdParty:1030 - CMSIS Pack Vendor :STMicroelectronics X-CUBE-STSE01 2.0.0
2026-04-08 16:36:44,832 [INFO] ThirdParty:1030 - CMSIS Pack Vendor :STMicroelectronics FreeRTOS 0.0.1
2026-04-08 16:36:44,832 [INFO] ThirdParty:1030 - CMSIS Pack Vendor :STMicroelectronics X-CUBE-AZRTOS-G0 1.1.0
2026-04-08 16:36:44,832 [INFO] ThirdParty:1030 - CMSIS Pack Vendor :STMicroelectronics X-CUBE-NFC4 3.0.0
2026-04-08 16:36:44,832 [INFO] ThirdParty:1030 - CMSIS Pack Vendor :STMicroelectronics X-CUBE-SUBG2 5.0.0
2026-04-08 16:36:44,832 [INFO] ThirdParty:1030 - CMSIS Pack Vendor :STMicroelectronics STM32_WPAN 1.0.0
2026-04-08 16:36:44,832 [INFO] ThirdParty:1030 - CMSIS Pack Vendor :STMicroelectronics eDS-WB_DPC_VIENNA 1.2.0
2026-04-08 16:36:44,832 [INFO] ThirdParty:1030 - CMSIS Pack Vendor :EmbeddedOffice I-CUBE-FS-RTOS 1.0.1
2026-04-08 16:36:44,832 [INFO] ThirdParty:1030 - CMSIS Pack Vendor :STMicroelectronics lwIP 2.0.3
2026-04-08 16:36:44,832 [INFO] ThirdParty:1030 - CMSIS Pack Vendor :WES I-CUBE-Cesium 1.4.0
2026-04-08 16:36:44,832 [INFO] ThirdParty:1030 - CMSIS Pack Vendor :STMicroelectronics eDS-WB_DPC_3PH2L-BIDIR 1.1.1
2026-04-08 16:36:44,832 [INFO] ThirdParty:1030 - CMSIS Pack Vendor :STMicroelectronics USB_HOST 1.0.0
2026-04-08 16:36:44,832 [INFO] ThirdParty:1030 - CMSIS Pack Vendor :STMicroelectronics X-CUBE-AZRTOS-G4 2.0.0
2026-04-08 16:36:44,832 [INFO] ThirdParty:1030 - CMSIS Pack Vendor :STMicroelectronics PDM2PCM 3.1.0
2026-04-08 16:36:44,832 [INFO] ThirdParty:1030 - CMSIS Pack Vendor :STMicroelectronics PDM2PCM 3.3.0
2026-04-08 16:36:44,832 [INFO] ThirdParty:1030 - CMSIS Pack Vendor :wolfSSL I-CUBE-wolfTPM 3.8.0
2026-04-08 16:36:44,832 [INFO] ThirdParty:1030 - CMSIS Pack Vendor :STMicroelectronics X-CUBE-DISPLAY 3.0.0
2026-04-08 16:36:44,832 [INFO] ThirdParty:1030 - CMSIS Pack Vendor :wolfSSL I-CUBE-wolfSSH 1.4.20
2026-04-08 16:36:44,832 [INFO] ThirdParty:1030 - CMSIS Pack Vendor :STMicroelectronics X-CUBE-NFC7 2.0.0
2026-04-08 16:36:44,832 [INFO] ThirdParty:1030 - CMSIS Pack Vendor :STMicroelectronics X-CUBE-TCPP 4.2.0
2026-04-08 16:36:44,832 [INFO] ThirdParty:1030 - CMSIS Pack Vendor :RealThread X-CUBE-RT-Thread_Nano 4.1.1
2026-04-08 16:36:44,832 [INFO] ThirdParty:1030 - CMSIS Pack Vendor :STMicroelectronics FP-ATR-SIGFOX1 3.2.0
2026-04-08 16:36:44,832 [INFO] ThirdParty:1030 - CMSIS Pack Vendor :STMicroelectronics X-CUBE-NFC10 1.0.0
2026-04-08 16:36:44,832 [INFO] ThirdParty:1030 - CMSIS Pack Vendor :STMicroelectronics HAL Drivers 0.0.0
2026-04-08 16:36:44,832 [INFO] ThirdParty:1030 - CMSIS Pack Vendor :STMicroelectronics MBEDTLS 2.16.2
2026-04-08 16:36:44,832 [INFO] ThirdParty:1030 - CMSIS Pack Vendor :STMicroelectronics X-CUBE-ST60 1.1.0
2026-04-08 16:36:44,832 [INFO] ThirdParty:1030 - CMSIS Pack Vendor :STMicroelectronics X-CUBE-ALS 1.0.2
2026-04-08 16:36:44,832 [INFO] ThirdParty:1030 - CMSIS Pack Vendor :emotas I-CUBE-CANOPEN 1.3.0
2026-04-08 16:36:44,832 [INFO] ThirdParty:1030 - CMSIS Pack Vendor :STMicroelectronics MBEDTLS 2.14.1
2026-04-08 16:36:44,832 [INFO] ThirdParty:1030 - CMSIS Pack Vendor :ITTIA_DB I-CUBE-ITTIADB 8.9.0
2026-04-08 16:36:44,832 [INFO] ThirdParty:1030 - CMSIS Pack Vendor :STMicroelectronics X-CUBE-TOUCHGFX 4.26.1
2026-04-08 16:36:44,832 [INFO] ThirdParty:1030 - CMSIS Pack Vendor :STMicroelectronics ThreadX 1.0.0
2026-04-08 16:36:44,832 [INFO] ThirdParty:1030 - CMSIS Pack Vendor :STMicroelectronics FP-SNS-SMARTAG2 1.2.0
2026-04-08 16:36:44,832 [INFO] ThirdParty:1030 - CMSIS Pack Vendor :STMicroelectronics FP-SNS-FLIGHT1 5.1.0
2026-04-08 16:36:44,832 [INFO] ThirdParty:1030 - CMSIS Pack Vendor :STMicroelectronics X-CUBE-AZRTOS-WL 2.0.0
2026-04-08 16:36:44,832 [INFO] ThirdParty:1030 - CMSIS Pack Vendor :SEGGER I-CUBE-embOS 1.3.1
2026-04-08 16:36:44,832 [INFO] ThirdParty:1030 - CMSIS Pack Vendor :STMicroelectronics X-CUBE-ALGOBUILD 1.4.0
2026-04-08 16:36:44,832 [INFO] ThirdParty:1030 - CMSIS Pack Vendor :STMicroelectronics X-CUBE-DPower 1.3.0
2026-04-08 16:36:44,832 [INFO] ThirdParty:1030 - CMSIS Pack Vendor :STMicroelectronics USB_DEVICE 1.0.0
2026-04-08 16:36:44,832 [INFO] ThirdParty:1030 - CMSIS Pack Vendor :STMicroelectronics X-CUBE-AZRTOS-H7RS 1.2.0
2026-04-08 16:36:44,832 [INFO] ThirdParty:1030 - CMSIS Pack Vendor :STMicroelectronics X-CUBE-AZRTOS-L4 2.0.0
2026-04-08 16:36:44,832 [INFO] ThirdParty:1030 - CMSIS Pack Vendor :STMicroelectronics ThreadX 0.0.2
2026-04-08 16:36:44,832 [INFO] ThirdParty:1030 - CMSIS Pack Vendor :STMicroelectronics lwIP 2.1.2
2026-04-08 16:36:44,832 [INFO] ThirdParty:1030 - CMSIS Pack Vendor :STMicroelectronics X-CUBE-SFXS2LP1 4.0.0
2026-04-08 16:36:44,832 [INFO] ThirdParty:1030 - CMSIS Pack Vendor :STMicroelectronics X-CUBE-BLE2 3.3.0
2026-04-08 16:36:44,832 [INFO] ThirdParty:1030 - CMSIS Pack Vendor :Avnet-IOTCONNECT X-CUBE-iotc-st67-sdk 1.0.0
2026-04-08 16:36:44,832 [INFO] ThirdParty:1030 - CMSIS Pack Vendor :STMicroelectronics X-CUBE-TOF1 3.4.3
2026-04-08 16:36:44,832 [INFO] ThirdParty:1030 - CMSIS Pack Vendor :Infineon AIROC-Wi-Fi-Bluetooth-STM32 1.8.0
2026-04-08 16:36:44,832 [INFO] ThirdParty:1030 - CMSIS Pack Vendor :STMicroelectronics PDM2PCM 3.2.0
2026-04-08 16:36:44,832 [INFO] ThirdParty:1030 - CMSIS Pack Vendor :STMicroelectronics X-CUBE-WB05N 2.1.0
2026-04-08 16:36:44,832 [INFO] ThirdParty:1030 - CMSIS Pack Vendor :STMicroelectronics X-CUBE-ST67W61 1.2.0
2026-04-08 16:36:44,843 [INFO] ThirdParty:841 - exiting critical section [change project]
2026-04-08 16:36:45,344 [INFO] PinOutPanel:1589 - setPackage(No Configuration,No Configuration)
2026-04-08 16:36:45,349 [INFO] PinOutPanel:1589 - setPackage(STM32L432KCUx,UFQFPN32)
2026-04-08 16:36:45,747 [INFO] UtilMem:75 - Before build in PCC Used Memory: 857689264 Bytes (1073741824)
2026-04-08 16:36:46,294 [INFO] UtilMem:75 - After build in PCC Used Memory: 949437616 Bytes (1073741824)
2026-04-08 16:36:46,329 [INFO] IPUIPlugin:80 - create IPUIPlugin
2026-04-08 16:36:46,330 [INFO] IPUIPlugin:80 - create IPUIPlugin
2026-04-08 16:36:46,330 [INFO] IPUIPlugin:80 - create IPUIPlugin
2026-04-08 16:36:46,330 [INFO] IPUIPlugin:80 - create IPUIPlugin
2026-04-08 16:36:46,330 [INFO] IPUIPlugin:80 - create IPUIPlugin
2026-04-08 16:36:46,331 [INFO] IPUIPlugin:80 - create IPUIPlugin
2026-04-08 16:36:46,331 [INFO] IPUIPlugin:80 - create IPUIPlugin
2026-04-08 16:36:46,331 [INFO] IPUIPlugin:80 - create IPUIPlugin
2026-04-08 16:36:46,331 [INFO] IPUIPlugin:80 - create IPUIPlugin
2026-04-08 16:36:46,331 [INFO] IPUIPlugin:80 - create IPUIPlugin
2026-04-08 16:36:46,331 [INFO] IPUIPlugin:80 - create IPUIPlugin
2026-04-08 16:36:46,332 [INFO] IPUIPlugin:80 - create IPUIPlugin
2026-04-08 16:36:46,332 [INFO] IPUIPlugin:80 - create IPUIPlugin
2026-04-08 16:36:46,332 [INFO] IPUIPlugin:80 - create IPUIPlugin
2026-04-08 16:36:46,332 [INFO] IPUIPlugin:80 - create IPUIPlugin
2026-04-08 16:36:46,333 [INFO] IPUIPlugin:80 - create IPUIPlugin
2026-04-08 16:36:46,333 [INFO] IPUIPlugin:80 - create IPUIPlugin
2026-04-08 16:36:46,333 [INFO] IPUIPlugin:80 - create IPUIPlugin
2026-04-08 16:36:46,333 [INFO] IPUIPlugin:80 - create IPUIPlugin
2026-04-08 16:36:46,333 [INFO] IPUIPlugin:80 - create IPUIPlugin
2026-04-08 16:36:46,333 [INFO] IPUIPlugin:80 - create IPUIPlugin
2026-04-08 16:36:46,333 [INFO] IPUIPlugin:80 - create IPUIPlugin
2026-04-08 16:36:46,333 [INFO] IPUIPlugin:80 - create IPUIPlugin
2026-04-08 16:36:46,333 [INFO] IPUIPlugin:80 - create IPUIPlugin
2026-04-08 16:36:46,333 [INFO] IPUIPlugin:80 - create IPUIPlugin
2026-04-08 16:36:46,334 [INFO] IPUIPlugin:80 - create IPUIPlugin
2026-04-08 16:36:46,334 [INFO] IPUIPlugin:80 - create IPUIPlugin
2026-04-08 16:36:46,334 [INFO] IPUIPlugin:80 - create IPUIPlugin
2026-04-08 16:36:46,334 [INFO] IPUIPlugin:80 - create IPUIPlugin
2026-04-08 16:36:46,334 [INFO] IPUIPlugin:80 - create IPUIPlugin
2026-04-08 16:36:46,334 [INFO] IPUIPlugin:80 - create IPUIPlugin
2026-04-08 16:36:46,334 [INFO] IPUIPlugin:80 - create IPUIPlugin
2026-04-08 16:36:46,334 [INFO] IPUIPlugin:80 - create IPUIPlugin
2026-04-08 16:36:46,334 [INFO] IPUIPlugin:80 - create IPUIPlugin
2026-04-08 16:36:46,334 [INFO] IPUIPlugin:80 - create IPUIPlugin
2026-04-08 16:36:46,334 [INFO] IPUIPlugin:80 - create IPUIPlugin
2026-04-08 16:36:46,334 [INFO] IPUIPlugin:80 - create IPUIPlugin
2026-04-08 16:36:46,334 [INFO] IPUIPlugin:80 - create IPUIPlugin
2026-04-08 16:36:46,335 [INFO] IPUIPlugin:80 - create IPUIPlugin
2026-04-08 16:36:46,335 [INFO] IPUIPlugin:80 - create IPUIPlugin
2026-04-08 16:36:46,335 [INFO] IPUIPlugin:80 - create IPUIPlugin
2026-04-08 16:36:46,415 [INFO] CADModel:165 - CPN selected for project levelSTM32L432KCU3
2026-04-08 16:36:46,415 [INFO] CADModel:114 - Register for checkConnection events
2026-04-08 16:36:46,458 [INFO] OpenFileManager:386 - Restore cursor
2026-04-08 16:36:47,252 [INFO] UtilMem:75 - End SaveConfig() Used Memory: 756416920 Bytes (1073741824)
2026-04-08 16:36:47,302 [INFO] UtilMem:75 - End SaveConfig() Used Memory: 768356088 Bytes (1073741824)
2026-04-08 16:36:47,619 [INFO] BlockDiagram:2775 - set Specific Code input for plugin: NVIC
2026-04-08 16:36:47,619 [INFO] BlockDiagram:2775 - set Specific Code input for plugin: USART
2026-04-08 16:36:47,619 [INFO] BlockDiagram:2775 - set Specific Code input for plugin: SYS
2026-04-08 16:36:47,619 [INFO] BlockDiagram:2775 - set Specific Code input for plugin: GPIO
2026-04-08 16:36:47,619 [INFO] BlockDiagram:2775 - set Specific Code input for plugin: RCC
2026-04-08 16:36:47,620 [INFO] CodeGenerator:892 - code generatio: config db path: /Applications/STM32CubeIDE.app/Contents/Eclipse/plugins/com.st.stm32cube.common.mx_6.15.0.202507011659//db/
2026-04-08 16:36:47,728 [INFO] CodeEngine:265 - oldGeneratedFile, /Users/cristianpetramale/Biomed_projects/STMWorkSpace/EX2/MXTmpFiles/license.tmp_save
2026-04-08 16:36:47,950 [INFO] CodeEngine:289 - Generated code: /Users/cristianpetramale/Biomed_projects/STMWorkSpace/EX2/MXTmpFiles/license.tmp
2026-04-08 16:36:47,995 [INFO] CodeEngine:265 - oldGeneratedFile, /Users/cristianpetramale/Biomed_projects/STMWorkSpace/EX2/MXTmpFiles/gpio.tmp_save
2026-04-08 16:36:48,133 [INFO] CodeEngine:289 - Generated code: /Users/cristianpetramale/Biomed_projects/STMWorkSpace/EX2/MXTmpFiles/gpio.tmp
2026-04-08 16:36:48,251 [INFO] CodeEngine:265 - oldGeneratedFile, /Users/cristianpetramale/Biomed_projects/STMWorkSpace/EX2/Core/Src/stm32l4xx_it.c_save
2026-04-08 16:36:48,361 [INFO] CodeEngine:289 - Generated code: /Users/cristianpetramale/Biomed_projects/STMWorkSpace/EX2/Core/Src/stm32l4xx_it.c
2026-04-08 16:36:48,364 [INFO] CodeEngine:265 - oldGeneratedFile, /Users/cristianpetramale/Biomed_projects/STMWorkSpace/EX2/Core/Inc/stm32l4xx_it.h_save
2026-04-08 16:36:48,444 [INFO] CodeEngine:289 - Generated code: /Users/cristianpetramale/Biomed_projects/STMWorkSpace/EX2/Core/Inc/stm32l4xx_it.h
2026-04-08 16:36:48,450 [INFO] CodeEngine:265 - oldGeneratedFile, /Users/cristianpetramale/Biomed_projects/STMWorkSpace/EX2/Core/Src/stm32l4xx_hal_msp.c_save
2026-04-08 16:36:48,588 [INFO] CodeEngine:289 - Generated code: /Users/cristianpetramale/Biomed_projects/STMWorkSpace/EX2/Core/Src/stm32l4xx_hal_msp.c
2026-04-08 16:36:48,590 [INFO] CodeEngine:265 - oldGeneratedFile, /Users/cristianpetramale/Biomed_projects/STMWorkSpace/EX2/MXTmpFiles/system.tmp_save
2026-04-08 16:36:48,663 [INFO] CodeEngine:289 - Generated code: /Users/cristianpetramale/Biomed_projects/STMWorkSpace/EX2/MXTmpFiles/system.tmp
2026-04-08 16:36:48,666 [INFO] CodeEngine:321 - oldGeneratedFile, /Users/cristianpetramale/Biomed_projects/STMWorkSpace/EX2/Core/Inc/stm32l4xx_hal_conf.h_save
2026-04-08 16:36:48,755 [INFO] CodeEngine:345 - Generated code: /Users/cristianpetramale/Biomed_projects/STMWorkSpace/EX2/Core/Inc/stm32l4xx_hal_conf.h
2026-04-08 16:36:48,827 [INFO] ApiDbMcu:532 - Load IP Config File for USART2
2026-04-08 16:36:48,831 [INFO] ApiDbMcu:532 - Load IP Config File for RCC
2026-04-08 16:36:48,835 [INFO] CodeEngine:265 - oldGeneratedFile, /Users/cristianpetramale/Biomed_projects/STMWorkSpace/EX2/Core/Inc/main.h_save
2026-04-08 16:36:48,965 [INFO] CodeEngine:289 - Generated code: /Users/cristianpetramale/Biomed_projects/STMWorkSpace/EX2/Core/Inc/main.h
2026-04-08 16:36:48,967 [INFO] CodeEngine:265 - oldGeneratedFile, /Users/cristianpetramale/Biomed_projects/STMWorkSpace/EX2/Core/Src/main.c_save
2026-04-08 16:36:49,057 [INFO] CodeEngine:289 - Generated code: /Users/cristianpetramale/Biomed_projects/STMWorkSpace/EX2/Core/Src/main.c
2026-04-08 16:36:49,449 [INFO] ProjectBuilder:3606 - Time for Copy HAL[1] : 150mS.
2026-04-08 16:36:49,483 [INFO] ProjectBuilder:5216 - Project Generator version: 4.7.0-B52
2026-04-08 16:36:49,738 [INFO] ConfigFileManager:1595 - The Die is : DIE435
2026-04-08 16:36:49,769 [INFO] ApiDbMcu:532 - Load IP Config File for FATFS
2026-04-08 16:36:49,779 [INFO] ApiDbMcu:532 - Load IP Config File for FREERTOS
2026-04-08 16:36:49,786 [INFO] ApiDbMcu:532 - Load IP Config File for TOUCHSENSING
2026-04-08 16:36:49,794 [INFO] ApiDbMcu:532 - Load IP Config File for USB_DEVICE
2026-04-08 16:36:52,362 [INFO] ProjectBuilder:5496 - Time for Generating toolchain IDE Files: 2879mS.
2026-04-08 16:36:52,364 [INFO] ProjectBuilder:3463 - Time for Copy CMSIS : 0mS.
2026-04-08 16:36:52,365 [INFO] ProjectBuilder:3463 - Time for Copy CMSIS : 0mS.
2026-04-08 16:36:53,641 [INFO] McuFinderGlobals:76 - Set McuFinderConnectedMode to true
2026-04-08 16:36:53,652 [INFO] ApiDb:448 - Save user favorites file /Users/cristianpetramale/.stm32cubeide/favorites.mcus.txt: 0 item(s)
2026-04-08 16:36:53,652 [INFO] ApiDb:452 - User favorites MCUs=[]
2026-04-08 16:36:53,675 [INFO] ApiDb:448 - Save user favorites file /Users/cristianpetramale/.stm32cubeide/favorites.boards.txt: 0 item(s)
2026-04-08 16:36:53,675 [INFO] ApiDb:452 - User favorites Boards=[]
2026-04-08 16:37:41,898 [INFO] MainUpdater:2872 - connection check result : 10
2026-04-08 16:37:41,905 [INFO] MainUpdater:2872 - connection check result : 10
2026-04-08 16:37:42,970 [INFO] MicroXplorer:468 - Change Database Path : 
2026-04-08 16:37:42,971 [INFO] MicroXplorer:498 - Change Database Version : DB.6.0.150
2026-04-08 16:37:43,041 [ERROR] ProjectManagerView:395 - 
java.lang.NullPointerException: Cannot invoke "javax.swing.JTextField.getText()" because the return value of "java.util.List.get(int)" is null
	at com.st.microxplorer.plugins.projectmanager.gui.ProjectChoiceTab$9.caretUpdate(ProjectChoiceTab.java:2706) ~[filemanager.jar:?]
	at javax.swing.text.JTextComponent.fireCaretUpdate(JTextComponent.java:408) ~[?:?]
	at javax.swing.text.JTextComponent$MutableCaretEvent.fire(JTextComponent.java:4484) ~[?:?]
	at javax.swing.text.JTextComponent$MutableCaretEvent.stateChanged(JTextComponent.java:4506) ~[?:?]
	at javax.swing.text.DefaultCaret.fireStateChanged(DefaultCaret.java:857) ~[?:?]
	at javax.swing.text.DefaultCaret.changeCaretPosition(DefaultCaret.java:1343) ~[?:?]
	at javax.swing.text.DefaultCaret.handleSetDot(DefaultCaret.java:1242) ~[?:?]
	at javax.swing.text.DefaultCaret.setDot(DefaultCaret.java:1223) ~[?:?]
	at javax.swing.text.DefaultCaret$Handler.insertUpdate(DefaultCaret.java:1819) ~[?:?]
	at javax.swing.text.AbstractDocument.fireInsertUpdate(AbstractDocument.java:227) ~[?:?]
	at javax.swing.text.AbstractDocument.handleInsertString(AbstractDocument.java:781) ~[?:?]
	at javax.swing.text.AbstractDocument.insertString(AbstractDocument.java:740) ~[?:?]
	at javax.swing.text.PlainDocument.insertString(PlainDocument.java:131) ~[?:?]
	at javax.swing.text.AbstractDocument.replace(AbstractDocument.java:699) ~[?:?]
	at javax.swing.text.JTextComponent.setText(JTextComponent.java:1725) ~[?:?]
	at com.st.microxplorer.plugins.projectmanager.gui.ProjectChoiceTab.createHeapStackFields(ProjectChoiceTab.java:993) ~[filemanager.jar:?]
	at com.st.microxplorer.plugins.projectmanager.gui.ProjectChoiceTab.buildLinkSettingsPanel(ProjectChoiceTab.java:3813) ~[filemanager.jar:?]
	at com.st.microxplorer.plugins.projectmanager.gui.ProjectChoiceTab.defineWindowsFields(ProjectChoiceTab.java:1987) ~[filemanager.jar:?]
	at com.st.microxplorer.plugins.projectmanager.gui.ProjectChoiceTab.updateSettings(ProjectChoiceTab.java:558) ~[filemanager.jar:?]
	at com.st.microxplorer.plugins.projectmanager.gui.ProjectSettingsPanel.UpdateDialog(ProjectSettingsPanel.java:247) ~[filemanager.jar:?]
	at com.st.microxplorer.plugins.projectmanager.ProjectManagerView.propertyChange(ProjectManagerView.java:392) ~[filemanager.jar:?]
	at java.beans.PropertyChangeSupport.fire(PropertyChangeSupport.java:343) ~[?:?]
	at java.beans.PropertyChangeSupport.firePropertyChange(PropertyChangeSupport.java:335) ~[?:?]
	at java.beans.PropertyChangeSupport.firePropertyChange(PropertyChangeSupport.java:268) ~[?:?]
	at com.st.microxplorer.util.MXPropertyChangeSupport.firePropertyChange(MXPropertyChangeSupport.java:54) ~[STM32CubeMX.jar:?]
	at com.st.microxplorer.mxsystem.MxSystem.closeConfig(MxSystem.java:899) ~[STM32CubeMX.jar:?]
	at com.st.microxplorer.maingui.MainPanel.closeConfig(MainPanel.java:792) ~[STM32CubeMX.jar:?]
	at com.st.microxplorer.plugins.filemanager.engine.OpenFileManager.loadConfigurationFile(OpenFileManager.java:288) ~[filemanager.jar:?]
	at com.st.microxplorer.plugins.filemanager.engine.MainFileManager.userLoadConfig(MainFileManager.java:364) ~[filemanager.jar:?]
	at com.st.microxplorer.plugins.filemanager.engine.MainFileManager.userLoadConfig(MainFileManager.java:342) ~[filemanager.jar:?]
	at com.st.microxplorer.plugins.filemanager.FileManagerView.getSpecificTask(FileManagerView.java:264) ~[filemanager.jar:?]
	at com.st.stm32cube.common.mx.editor.CubeMxEditor.getMxTabbedPaneInstance(CubeMxEditor.java:1198) ~[com.st.stm32cube.common.mx_6.15.0.202507011659/:?]
	at com.st.stm32cube.common.mx.editor.CubeMxEditor$12$1.createSwingComponent(CubeMxEditor.java:1068) ~[com.st.stm32cube.common.mx_6.15.0.202507011659/:?]
	at com.st.stm32cube.common.mx.oss.core.awtswtbridge.EmbeddedSwingComposite.doComponentCreation(EmbeddedSwingComposite.java:492) ~[com.st.stm32cube.common.mx.oss_6.15.0.202507011659/:?]
	at com.st.stm32cube.common.mx.oss.core.awtswtbridge.EmbeddedSwingComposite$4.run(EmbeddedSwingComposite.java:291) ~[com.st.stm32cube.common.mx.oss_6.15.0.202507011659/:?]
	at com.st.stm32cube.common.mx.oss.core.awtswtbridge.AwtEnvironment$2.run(AwtEnvironment.java:166) ~[com.st.stm32cube.common.mx.oss_6.15.0.202507011659/:?]
	at java.awt.event.InvocationEvent.dispatch(InvocationEvent.java:318) ~[?:?]
	at java.awt.EventQueue.dispatchEventImpl(EventQueue.java:773) ~[?:?]
	at java.awt.EventQueue$4.run(EventQueue.java:720) ~[?:?]
	at java.awt.EventQueue$4.run(EventQueue.java:714) ~[?:?]
	at java.security.AccessController.doPrivileged(AccessController.java:400) ~[?:?]
	at java.security.ProtectionDomain$JavaSecurityAccessImpl.doIntersectionPrivilege(ProtectionDomain.java:87) ~[?:?]
	at java.awt.EventQueue.dispatchEvent(EventQueue.java:742) ~[?:?]
	at java.awt.EventDispatchThread.pumpOneEventForFilters(EventDispatchThread.java:203) ~[?:?]
	at java.awt.EventDispatchThread.pumpEventsForFilter(EventDispatchThread.java:124) ~[?:?]
	at java.awt.EventDispatchThread.pumpEventsForHierarchy(EventDispatchThread.java:113) ~[?:?]
	at java.awt.EventDispatchThread.pumpEvents(EventDispatchThread.java:109) ~[?:?]
	at java.awt.EventDispatchThread.pumpEvents(EventDispatchThread.java:101) ~[?:?]
	at java.awt.EventDispatchThread.run(EventDispatchThread.java:90) ~[?:?]
2026-04-08 16:37:43,045 [WARN] ThirdParty:871 - waiting for thirdparty lock release [close project]
2026-04-08 16:37:43,045 [INFO] ThirdParty:873 - entering critical section [close project]
2026-04-08 16:37:43,048 [INFO] ThirdParty:883 - exiting critical section [close project]
2026-04-08 16:37:43,050 [INFO] PinOutPanel:1589 - setPackage(No Configuration,No Configuration)
2026-04-08 16:37:43,054 [INFO] UtilMem:75 - Begin LoadConfig() Used Memory: 835135872 Bytes (1073741824)
2026-04-08 16:37:43,056 [INFO] MicroXplorer:468 - Change Database Path : 
2026-04-08 16:37:43,057 [INFO] MicroXplorer:498 - Change Database Version : DB.6.0.150
2026-04-08 16:37:43,057 [INFO] OpenFileManager:355 - Change cursor
2026-04-08 16:37:43,092 [INFO] RulesReader:64 - Compatibility file has been processed (317 Rules)
2026-04-08 16:37:43,105 [INFO] Mcu:2029 - Initializing MCU STM32L432K(B-C)Ux STM32L432KCUx STM32L432KCU3
2026-04-08 16:37:44,178 [INFO] Context:786 - Trying to add GPIOservice into a context  which must be forbidden
2026-04-08 16:37:44,678 [INFO] ImportTextPane:234 - (OptionalMessage_ERROR) Pin9 (VP_RIF_VS_RIF1) cannot be retrieved for this MCU
2026-04-08 16:37:44,759 [INFO] RtosManager:558 - Registered RTOS mode: class=CMSIS, group=RTOS, mode=CMSIS_V1, owner=FREERTOS
2026-04-08 16:37:44,760 [INFO] RtosManager:558 - Registered RTOS mode: class=CMSIS, group=RTOS2, mode=CMSIS_V2, owner=FREERTOS
2026-04-08 16:37:44,760 [INFO] RtosManager:558 - Registered RTOS mode: class=RTOS, group=Core, mode=CMSIS_V1, owner=FREERTOS
2026-04-08 16:37:44,760 [INFO] RtosManager:558 - Registered RTOS mode: class=RTOS, group=Core, mode=CMSIS_V2, owner=FREERTOS
2026-04-08 16:37:44,760 [WARN] ModelIntegratedComponent:184 - Missing modes for component STMicroelectronics:FreeRTOS:0.0.1:STMicroelectronics:RTOS:FreeRTOS:Core:::10.2.0:
2026-04-08 16:37:44,782 [WARN] ModelIntegratedComponent:63 - No mode defined for component null
2026-04-08 16:37:44,782 [WARN] ModelIntegratedComponent:63 - No mode defined for component null
2026-04-08 16:37:44,782 [WARN] ModelIntegratedComponent:63 - No mode defined for component null
2026-04-08 16:37:44,782 [WARN] ModelIntegratedComponent:63 - No mode defined for component null
2026-04-08 16:37:44,782 [WARN] ModelIntegratedComponent:63 - No mode defined for component null
2026-04-08 16:37:44,782 [WARN] ModelIntegratedComponent:63 - No mode defined for component null
2026-04-08 16:37:44,782 [WARN] ModelIntegratedComponent:63 - No mode defined for component null
2026-04-08 16:37:44,782 [WARN] ModelIntegratedComponent:63 - No mode defined for component null
2026-04-08 16:37:44,782 [WARN] ModelIntegratedComponent:63 - No mode defined for component null
2026-04-08 16:37:44,782 [WARN] ModelIntegratedComponent:63 - No mode defined for component null
2026-04-08 16:37:44,782 [WARN] ModelIntegratedComponent:63 - No mode defined for component null
2026-04-08 16:37:44,782 [WARN] ModelIntegratedComponent:63 - No mode defined for component null
2026-04-08 16:37:44,782 [WARN] ModelIntegratedComponent:63 - No mode defined for component null
2026-04-08 16:37:44,782 [WARN] ModelIntegratedComponent:63 - No mode defined for component null
2026-04-08 16:37:44,782 [WARN] ModelIntegratedComponent:63 - No mode defined for component null
2026-04-08 16:37:44,782 [WARN] ModelIntegratedComponent:63 - No mode defined for component null
2026-04-08 16:37:44,782 [WARN] ModelIntegratedComponent:63 - No mode defined for component null
2026-04-08 16:37:44,782 [WARN] ModelIntegratedComponent:63 - No mode defined for component null
2026-04-08 16:37:44,782 [WARN] ModelIntegratedComponent:63 - No mode defined for component null
2026-04-08 16:37:44,782 [WARN] ModelIntegratedComponent:63 - No mode defined for component null
2026-04-08 16:37:44,782 [WARN] ModelIntegratedComponent:63 - No mode defined for component null
2026-04-08 16:37:44,782 [WARN] ModelIntegratedComponent:63 - No mode defined for component null
2026-04-08 16:37:44,782 [WARN] ModelIntegratedComponent:63 - No mode defined for component null
2026-04-08 16:37:44,782 [WARN] ModelIntegratedComponent:63 - No mode defined for component null
2026-04-08 16:37:44,783 [WARN] ModelIntegratedComponent:63 - No mode defined for component null
2026-04-08 16:37:44,783 [WARN] ModelIntegratedComponent:63 - No mode defined for component null
2026-04-08 16:37:44,783 [WARN] ModelIntegratedComponent:63 - No mode defined for component null
2026-04-08 16:37:44,783 [WARN] ModelIntegratedComponent:63 - No mode defined for component null
2026-04-08 16:37:44,783 [WARN] ModelIntegratedComponent:63 - No mode defined for component null
2026-04-08 16:37:44,783 [WARN] ModelIntegratedComponent:63 - No mode defined for component null
2026-04-08 16:37:44,783 [WARN] ModelIntegratedComponent:63 - No mode defined for component null
2026-04-08 16:37:44,783 [WARN] ModelIntegratedComponent:63 - No mode defined for component null
2026-04-08 16:37:44,783 [WARN] ModelIntegratedComponent:63 - No mode defined for component null
2026-04-08 16:37:44,783 [WARN] ModelIntegratedComponent:63 - No mode defined for component null
2026-04-08 16:37:44,783 [WARN] ModelIntegratedComponent:63 - No mode defined for component null
2026-04-08 16:37:44,783 [WARN] ModelPack:524 - Component already loaded: STMicroelectronics:HAL Drivers:0.0.0:STMicroelectronics:Device:STMicro_Driver:XSPI:HAL::0.0.1:HAL_XSPI
2026-04-08 16:37:44,824 [INFO] ThirdPartyModel:298 - Start build external matchings
2026-04-08 16:37:45,012 [INFO] ThirdPartyModel:316 - End build external matchings
2026-04-08 16:37:45,025 [INFO] ImportTextPane:234 - (OptionalMessage_ERROR) IP (RCC) : Invalid parameter (48CLKFreq_Value)
2026-04-08 16:37:45,025 [INFO] ImportTextPane:234 - (OptionalMessage_ERROR) IP (RCC) : Invalid parameter (FamilyName)
2026-04-08 16:37:45,025 [INFO] ImportTextPane:234 - (OptionalMessage_ERROR) IP (RCC) : Invalid parameter (HSI16_VALUE)
2026-04-08 16:37:45,026 [INFO] ImportTextPane:234 - (OptionalMessage_ERROR) IP (RCC) : Invalid parameter (LPTIMFreq_Value)
2026-04-08 16:37:45,026 [INFO] ImportTextPane:234 - (OptionalMessage_ERROR) IP (RCC) : Invalid parameter (LPUARTFreq_Value)
2026-04-08 16:37:45,026 [INFO] ImportTextPane:234 - (OptionalMessage_ERROR) IP (RCC) : Invalid parameter (MCOPinFreq_Value)
2026-04-08 16:37:45,026 [INFO] ImportTextPane:234 - (OptionalMessage_ERROR) IP (RCC) : Invalid parameter (PLLCLKFreq_Value)
2026-04-08 16:37:45,026 [INFO] ImportTextPane:234 - (OptionalMessage_ERROR) IP (RCC) : Invalid parameter (PLLMUL)
2026-04-08 16:37:45,027 [INFO] ImportTextPane:234 - (OptionalMessage_ERROR) IP (RCC) : Invalid parameter (RTCHSEDivFreq_Value)
2026-04-08 16:37:45,027 [INFO] ImportTextPane:234 - (OptionalMessage_ERROR) IP (RCC) : Invalid parameter (TIMFreq_Value)
2026-04-08 16:37:45,027 [INFO] ImportTextPane:234 - (OptionalMessage_ERROR) IP (RCC) : Invalid parameter (TimerFreq_Value)
2026-04-08 16:37:45,198 [INFO] UtilMem:75 - End LoadConfig() Used Memory: 730943552 Bytes (1073741824)
2026-04-08 16:37:45,403 [WARN] ThirdParty:833 - waiting for thirdparty lock release [change project]
2026-04-08 16:37:45,416 [INFO] ThirdParty:835 - entering critical section [change project]
2026-04-08 16:37:45,416 [INFO] ThirdParty:1030 - CMSIS Pack Vendor :STMicroelectronics X-CUBE-AZRTOS-H7 3.5.0
2026-04-08 16:37:45,416 [INFO] ThirdParty:1030 - CMSIS Pack Vendor :STMicroelectronics X-CUBE-PM33A1 1.0.0
2026-04-08 16:37:45,416 [INFO] ThirdParty:1030 - CMSIS Pack Vendor :STMicroelectronics USBPD 4.1
2026-04-08 16:37:45,416 [INFO] ThirdParty:1030 - CMSIS Pack Vendor :STMicroelectronics X-CUBE-NFC9 1.0.0
2026-04-08 16:37:45,416 [INFO] ThirdParty:1030 - CMSIS Pack Vendor :STMicroelectronics USB_HOST 2.0.0
2026-04-08 16:37:45,416 [INFO] ThirdParty:1030 - CMSIS Pack Vendor :STMicroelectronics X-CUBE-AZRTOS-F4 1.1.0
2026-04-08 16:37:45,416 [INFO] ThirdParty:1030 - CMSIS Pack Vendor :STMicroelectronics LIBJPEG 8.0.0
2026-04-08 16:37:45,416 [INFO] ThirdParty:1030 - CMSIS Pack Vendor :STMicroelectronics FP-ATR-ASTRA1 2.0.2
2026-04-08 16:37:45,416 [INFO] ThirdParty:1030 - CMSIS Pack Vendor :STMicroelectronics X-CUBE-BLE1 7.1.0
2026-04-08 16:37:45,416 [INFO] ThirdParty:1030 - CMSIS Pack Vendor :STMicroelectronics X-CUBE-SMBUS 2.1.0
2026-04-08 16:37:45,416 [INFO] ThirdParty:1030 - CMSIS Pack Vendor :wolfSSL I-CUBE-wolfMQTT 1.19.2
2026-04-08 16:37:45,416 [INFO] ThirdParty:1030 - CMSIS Pack Vendor :STMicroelectronics USB_DEVICE 3.0.0
2026-04-08 16:37:45,416 [INFO] ThirdParty:1030 - CMSIS Pack Vendor :STMicroelectronics X-CUBE-ISPU 2.1.0
2026-04-08 16:37:45,416 [INFO] ThirdParty:1030 - CMSIS Pack Vendor :STMicroelectronics eDS-WB_DPC_TT-BIDIR 2.1.1
2026-04-08 16:37:45,416 [INFO] ThirdParty:1030 - CMSIS Pack Vendor :STMicroelectronics X-CUBE-AZRTOS-WB 2.0.0
2026-04-08 16:37:45,416 [INFO] ThirdParty:1030 - CMSIS Pack Vendor :wolfSSL I-CUBE-wolfSSL 5.8.4
2026-04-08 16:37:45,416 [INFO] ThirdParty:1030 - CMSIS Pack Vendor :Cesanta I-CUBE-Mongoose 7.20.0
2026-04-08 16:37:45,416 [INFO] ThirdParty:1030 - CMSIS Pack Vendor :STMicroelectronics X-CUBE-AZRTOS-F7 1.1.0
2026-04-08 16:37:45,416 [INFO] ThirdParty:1030 - CMSIS Pack Vendor :STMicroelectronics X-CUBE-AZRTOS-L5 2.0.0
2026-04-08 16:37:45,416 [INFO] ThirdParty:1030 - CMSIS Pack Vendor :STMicroelectronics USB_DEVICE 2.0.0
2026-04-08 16:37:45,416 [INFO] ThirdParty:1030 - CMSIS Pack Vendor :quantropi X-CUBE-qispace-sdk-base 2.1.0
2026-04-08 16:37:45,417 [INFO] ThirdParty:1030 - CMSIS Pack Vendor :STMicroelectronics X-CUBE-STSE01 2.0.0
2026-04-08 16:37:45,417 [INFO] ThirdParty:1030 - CMSIS Pack Vendor :STMicroelectronics FreeRTOS 0.0.1
2026-04-08 16:37:45,417 [INFO] ThirdParty:1030 - CMSIS Pack Vendor :STMicroelectronics X-CUBE-AZRTOS-G0 1.1.0
2026-04-08 16:37:45,417 [INFO] ThirdParty:1030 - CMSIS Pack Vendor :STMicroelectronics X-CUBE-NFC4 3.0.0
2026-04-08 16:37:45,417 [INFO] ThirdParty:1030 - CMSIS Pack Vendor :STMicroelectronics X-CUBE-SUBG2 5.0.0
2026-04-08 16:37:45,417 [INFO] ThirdParty:1030 - CMSIS Pack Vendor :STMicroelectronics STM32_WPAN 1.0.0
2026-04-08 16:37:45,417 [INFO] ThirdParty:1030 - CMSIS Pack Vendor :STMicroelectronics eDS-WB_DPC_VIENNA 1.2.0
2026-04-08 16:37:45,417 [INFO] ThirdParty:1030 - CMSIS Pack Vendor :EmbeddedOffice I-CUBE-FS-RTOS 1.0.1
2026-04-08 16:37:45,417 [INFO] ThirdParty:1030 - CMSIS Pack Vendor :STMicroelectronics lwIP 2.0.3
2026-04-08 16:37:45,417 [INFO] ThirdParty:1030 - CMSIS Pack Vendor :WES I-CUBE-Cesium 1.4.0
2026-04-08 16:37:45,417 [INFO] ThirdParty:1030 - CMSIS Pack Vendor :STMicroelectronics eDS-WB_DPC_3PH2L-BIDIR 1.1.1
2026-04-08 16:37:45,417 [INFO] ThirdParty:1030 - CMSIS Pack Vendor :STMicroelectronics USB_HOST 1.0.0
2026-04-08 16:37:45,417 [INFO] ThirdParty:1030 - CMSIS Pack Vendor :STMicroelectronics X-CUBE-AZRTOS-G4 2.0.0
2026-04-08 16:37:45,417 [INFO] ThirdParty:1030 - CMSIS Pack Vendor :STMicroelectronics PDM2PCM 3.1.0
2026-04-08 16:37:45,417 [INFO] ThirdParty:1030 - CMSIS Pack Vendor :STMicroelectronics PDM2PCM 3.3.0
2026-04-08 16:37:45,417 [INFO] ThirdParty:1030 - CMSIS Pack Vendor :wolfSSL I-CUBE-wolfTPM 3.8.0
2026-04-08 16:37:45,417 [INFO] ThirdParty:1030 - CMSIS Pack Vendor :STMicroelectronics X-CUBE-DISPLAY 3.0.0
2026-04-08 16:37:45,417 [INFO] ThirdParty:1030 - CMSIS Pack Vendor :wolfSSL I-CUBE-wolfSSH 1.4.20
2026-04-08 16:37:45,417 [INFO] ThirdParty:1030 - CMSIS Pack Vendor :STMicroelectronics X-CUBE-NFC7 2.0.0
2026-04-08 16:37:45,417 [INFO] ThirdParty:1030 - CMSIS Pack Vendor :STMicroelectronics X-CUBE-TCPP 4.2.0
2026-04-08 16:37:45,417 [INFO] ThirdParty:1030 - CMSIS Pack Vendor :RealThread X-CUBE-RT-Thread_Nano 4.1.1
2026-04-08 16:37:45,417 [INFO] ThirdParty:1030 - CMSIS Pack Vendor :STMicroelectronics FP-ATR-SIGFOX1 3.2.0
2026-04-08 16:37:45,417 [INFO] ThirdParty:1030 - CMSIS Pack Vendor :STMicroelectronics X-CUBE-NFC10 1.0.0
2026-04-08 16:37:45,417 [INFO] ThirdParty:1030 - CMSIS Pack Vendor :STMicroelectronics HAL Drivers 0.0.0
2026-04-08 16:37:45,417 [INFO] ThirdParty:1030 - CMSIS Pack Vendor :STMicroelectronics MBEDTLS 2.16.2
2026-04-08 16:37:45,417 [INFO] ThirdParty:1030 - CMSIS Pack Vendor :STMicroelectronics X-CUBE-ST60 1.1.0
2026-04-08 16:37:45,417 [INFO] ThirdParty:1030 - CMSIS Pack Vendor :STMicroelectronics X-CUBE-ALS 1.0.2
2026-04-08 16:37:45,417 [INFO] ThirdParty:1030 - CMSIS Pack Vendor :emotas I-CUBE-CANOPEN 1.3.0
2026-04-08 16:37:45,417 [INFO] ThirdParty:1030 - CMSIS Pack Vendor :STMicroelectronics MBEDTLS 2.14.1
2026-04-08 16:37:45,417 [INFO] ThirdParty:1030 - CMSIS Pack Vendor :ITTIA_DB I-CUBE-ITTIADB 8.9.0
2026-04-08 16:37:45,417 [INFO] ThirdParty:1030 - CMSIS Pack Vendor :STMicroelectronics X-CUBE-TOUCHGFX 4.26.1
2026-04-08 16:37:45,417 [INFO] ThirdParty:1030 - CMSIS Pack Vendor :STMicroelectronics ThreadX 1.0.0
2026-04-08 16:37:45,417 [INFO] ThirdParty:1030 - CMSIS Pack Vendor :STMicroelectronics FP-SNS-SMARTAG2 1.2.0
2026-04-08 16:37:45,417 [INFO] ThirdParty:1030 - CMSIS Pack Vendor :STMicroelectronics FP-SNS-FLIGHT1 5.1.0
2026-04-08 16:37:45,417 [INFO] ThirdParty:1030 - CMSIS Pack Vendor :STMicroelectronics X-CUBE-AZRTOS-WL 2.0.0
2026-04-08 16:37:45,417 [INFO] ThirdParty:1030 - CMSIS Pack Vendor :SEGGER I-CUBE-embOS 1.3.1
2026-04-08 16:37:45,417 [INFO] ThirdParty:1030 - CMSIS Pack Vendor :STMicroelectronics X-CUBE-ALGOBUILD 1.4.0
2026-04-08 16:37:45,417 [INFO] ThirdParty:1030 - CMSIS Pack Vendor :STMicroelectronics X-CUBE-DPower 1.3.0
2026-04-08 16:37:45,417 [INFO] ThirdParty:1030 - CMSIS Pack Vendor :STMicroelectronics USB_DEVICE 1.0.0
2026-04-08 16:37:45,417 [INFO] ThirdParty:1030 - CMSIS Pack Vendor :STMicroelectronics X-CUBE-AZRTOS-H7RS 1.2.0
2026-04-08 16:37:45,417 [INFO] ThirdParty:1030 - CMSIS Pack Vendor :STMicroelectronics X-CUBE-AZRTOS-L4 2.0.0
2026-04-08 16:37:45,417 [INFO] ThirdParty:1030 - CMSIS Pack Vendor :STMicroelectronics ThreadX 0.0.2
2026-04-08 16:37:45,417 [INFO] ThirdParty:1030 - CMSIS Pack Vendor :STMicroelectronics lwIP 2.1.2
2026-04-08 16:37:45,417 [INFO] ThirdParty:1030 - CMSIS Pack Vendor :STMicroelectronics X-CUBE-SFXS2LP1 4.0.0
2026-04-08 16:37:45,417 [INFO] ThirdParty:1030 - CMSIS Pack Vendor :STMicroelectronics X-CUBE-BLE2 3.3.0
2026-04-08 16:37:45,417 [INFO] ThirdParty:1030 - CMSIS Pack Vendor :Avnet-IOTCONNECT X-CUBE-iotc-st67-sdk 1.0.0
2026-04-08 16:37:45,417 [INFO] ThirdParty:1030 - CMSIS Pack Vendor :STMicroelectronics X-CUBE-TOF1 3.4.3
2026-04-08 16:37:45,417 [INFO] ThirdParty:1030 - CMSIS Pack Vendor :Infineon AIROC-Wi-Fi-Bluetooth-STM32 1.8.0
2026-04-08 16:37:45,417 [INFO] ThirdParty:1030 - CMSIS Pack Vendor :STMicroelectronics PDM2PCM 3.2.0
2026-04-08 16:37:45,417 [INFO] ThirdParty:1030 - CMSIS Pack Vendor :STMicroelectronics X-CUBE-WB05N 2.1.0
2026-04-08 16:37:45,417 [INFO] ThirdParty:1030 - CMSIS Pack Vendor :STMicroelectronics X-CUBE-ST67W61 1.2.0
2026-04-08 16:37:45,418 [INFO] ThirdParty:841 - exiting critical section [change project]
2026-04-08 16:37:45,792 [INFO] PinOutPanel:1589 - setPackage(No Configuration,No Configuration)
2026-04-08 16:37:45,794 [INFO] PinOutPanel:1589 - setPackage(STM32L432KCUx,UFQFPN32)
2026-04-08 16:37:46,542 [INFO] UtilMem:75 - Before build in PCC Used Memory: 769905872 Bytes (1073741824)
2026-04-08 16:37:47,230 [INFO] UtilMem:75 - After build in PCC Used Memory: 863235072 Bytes (1073741824)
2026-04-08 16:37:47,277 [INFO] IPUIPlugin:80 - create IPUIPlugin
2026-04-08 16:37:47,278 [INFO] IPUIPlugin:80 - create IPUIPlugin
2026-04-08 16:37:47,278 [INFO] IPUIPlugin:80 - create IPUIPlugin
2026-04-08 16:37:47,278 [INFO] IPUIPlugin:80 - create IPUIPlugin
2026-04-08 16:37:47,279 [INFO] IPUIPlugin:80 - create IPUIPlugin
2026-04-08 16:37:47,279 [INFO] IPUIPlugin:80 - create IPUIPlugin
2026-04-08 16:37:47,279 [INFO] IPUIPlugin:80 - create IPUIPlugin
2026-04-08 16:37:47,279 [INFO] IPUIPlugin:80 - create IPUIPlugin
2026-04-08 16:37:47,279 [INFO] IPUIPlugin:80 - create IPUIPlugin
2026-04-08 16:37:47,281 [INFO] IPUIPlugin:80 - create IPUIPlugin
2026-04-08 16:37:47,281 [INFO] IPUIPlugin:80 - create IPUIPlugin
2026-04-08 16:37:47,281 [INFO] IPUIPlugin:80 - create IPUIPlugin
2026-04-08 16:37:47,281 [INFO] IPUIPlugin:80 - create IPUIPlugin
2026-04-08 16:37:47,281 [INFO] IPUIPlugin:80 - create IPUIPlugin
2026-04-08 16:37:47,281 [INFO] IPUIPlugin:80 - create IPUIPlugin
2026-04-08 16:37:47,281 [INFO] IPUIPlugin:80 - create IPUIPlugin
2026-04-08 16:37:47,281 [INFO] IPUIPlugin:80 - create IPUIPlugin
2026-04-08 16:37:47,282 [INFO] IPUIPlugin:80 - create IPUIPlugin
2026-04-08 16:37:47,282 [INFO] IPUIPlugin:80 - create IPUIPlugin
2026-04-08 16:37:47,282 [INFO] IPUIPlugin:80 - create IPUIPlugin
2026-04-08 16:37:47,282 [INFO] IPUIPlugin:80 - create IPUIPlugin
2026-04-08 16:37:47,282 [INFO] IPUIPlugin:80 - create IPUIPlugin
2026-04-08 16:37:47,282 [INFO] IPUIPlugin:80 - create IPUIPlugin
2026-04-08 16:37:47,282 [INFO] IPUIPlugin:80 - create IPUIPlugin
2026-04-08 16:37:47,282 [INFO] IPUIPlugin:80 - create IPUIPlugin
2026-04-08 16:37:47,282 [INFO] IPUIPlugin:80 - create IPUIPlugin
2026-04-08 16:37:47,282 [INFO] IPUIPlugin:80 - create IPUIPlugin
2026-04-08 16:37:47,282 [INFO] IPUIPlugin:80 - create IPUIPlugin
2026-04-08 16:37:47,283 [INFO] IPUIPlugin:80 - create IPUIPlugin
2026-04-08 16:37:47,283 [INFO] IPUIPlugin:80 - create IPUIPlugin
2026-04-08 16:37:47,283 [INFO] IPUIPlugin:80 - create IPUIPlugin
2026-04-08 16:37:47,283 [INFO] IPUIPlugin:80 - create IPUIPlugin
2026-04-08 16:37:47,283 [INFO] IPUIPlugin:80 - create IPUIPlugin
2026-04-08 16:37:47,283 [INFO] IPUIPlugin:80 - create IPUIPlugin
2026-04-08 16:37:47,284 [INFO] IPUIPlugin:80 - create IPUIPlugin
2026-04-08 16:37:47,284 [INFO] IPUIPlugin:80 - create IPUIPlugin
2026-04-08 16:37:47,284 [INFO] IPUIPlugin:80 - create IPUIPlugin
2026-04-08 16:37:47,284 [INFO] IPUIPlugin:80 - create IPUIPlugin
2026-04-08 16:37:47,285 [INFO] IPUIPlugin:80 - create IPUIPlugin
2026-04-08 16:37:47,285 [INFO] IPUIPlugin:80 - create IPUIPlugin
2026-04-08 16:37:47,285 [INFO] IPUIPlugin:80 - create IPUIPlugin
2026-04-08 16:37:47,370 [INFO] CADModel:165 - CPN selected for project levelSTM32L432KCU3
2026-04-08 16:37:47,370 [INFO] CADModel:114 - Register for checkConnection events
2026-04-08 16:37:47,421 [INFO] OpenFileManager:386 - Restore cursor
2026-04-08 16:37:53,886 [INFO] MainUpdater:2872 - connection check result : 10
2026-04-08 16:37:53,886 [INFO] MainUpdater:2872 - connection check result : 10
2026-04-08 16:37:54,099 [INFO] MicroXplorer:468 - Change Database Path : 
2026-04-08 16:37:54,099 [INFO] MicroXplorer:498 - Change Database Version : DB.6.0.150
2026-04-08 16:37:54,120 [ERROR] ProjectManagerView:395 - 
java.lang.NullPointerException: Cannot invoke "javax.swing.JTextField.getText()" because the return value of "java.util.List.get(int)" is null
	at com.st.microxplorer.plugins.projectmanager.gui.ProjectChoiceTab$9.caretUpdate(ProjectChoiceTab.java:2706) ~[filemanager.jar:?]
	at javax.swing.text.JTextComponent.fireCaretUpdate(JTextComponent.java:408) ~[?:?]
	at javax.swing.text.JTextComponent$MutableCaretEvent.fire(JTextComponent.java:4484) ~[?:?]
	at javax.swing.text.JTextComponent$MutableCaretEvent.stateChanged(JTextComponent.java:4506) ~[?:?]
	at javax.swing.text.DefaultCaret.fireStateChanged(DefaultCaret.java:857) ~[?:?]
	at javax.swing.text.DefaultCaret.changeCaretPosition(DefaultCaret.java:1343) ~[?:?]
	at javax.swing.text.DefaultCaret.handleSetDot(DefaultCaret.java:1242) ~[?:?]
	at javax.swing.text.DefaultCaret.setDot(DefaultCaret.java:1223) ~[?:?]
	at javax.swing.text.DefaultCaret$Handler.insertUpdate(DefaultCaret.java:1819) ~[?:?]
	at javax.swing.text.AbstractDocument.fireInsertUpdate(AbstractDocument.java:227) ~[?:?]
	at javax.swing.text.AbstractDocument.handleInsertString(AbstractDocument.java:781) ~[?:?]
	at javax.swing.text.AbstractDocument.insertString(AbstractDocument.java:740) ~[?:?]
	at javax.swing.text.PlainDocument.insertString(PlainDocument.java:131) ~[?:?]
	at javax.swing.text.AbstractDocument.replace(AbstractDocument.java:699) ~[?:?]
	at javax.swing.text.JTextComponent.setText(JTextComponent.java:1725) ~[?:?]
	at com.st.microxplorer.plugins.projectmanager.gui.ProjectChoiceTab.createHeapStackFields(ProjectChoiceTab.java:993) ~[filemanager.jar:?]
	at com.st.microxplorer.plugins.projectmanager.gui.ProjectChoiceTab.buildLinkSettingsPanel(ProjectChoiceTab.java:3813) ~[filemanager.jar:?]
	at com.st.microxplorer.plugins.projectmanager.gui.ProjectChoiceTab.defineWindowsFields(ProjectChoiceTab.java:1987) ~[filemanager.jar:?]
	at com.st.microxplorer.plugins.projectmanager.gui.ProjectChoiceTab.updateSettings(ProjectChoiceTab.java:558) ~[filemanager.jar:?]
	at com.st.microxplorer.plugins.projectmanager.gui.ProjectSettingsPanel.UpdateDialog(ProjectSettingsPanel.java:247) ~[filemanager.jar:?]
	at com.st.microxplorer.plugins.projectmanager.ProjectManagerView.propertyChange(ProjectManagerView.java:392) ~[filemanager.jar:?]
	at java.beans.PropertyChangeSupport.fire(PropertyChangeSupport.java:343) ~[?:?]
	at java.beans.PropertyChangeSupport.firePropertyChange(PropertyChangeSupport.java:335) ~[?:?]
	at java.beans.PropertyChangeSupport.firePropertyChange(PropertyChangeSupport.java:268) ~[?:?]
	at com.st.microxplorer.util.MXPropertyChangeSupport.firePropertyChange(MXPropertyChangeSupport.java:54) ~[STM32CubeMX.jar:?]
	at com.st.microxplorer.mxsystem.MxSystem.closeConfig(MxSystem.java:899) ~[STM32CubeMX.jar:?]
	at com.st.microxplorer.maingui.MainPanel.closeConfig(MainPanel.java:792) ~[STM32CubeMX.jar:?]
	at com.st.microxplorer.plugins.filemanager.engine.OpenFileManager.loadConfigurationFile(OpenFileManager.java:288) ~[filemanager.jar:?]
	at com.st.microxplorer.plugins.filemanager.engine.MainFileManager.userLoadConfig(MainFileManager.java:364) ~[filemanager.jar:?]
	at com.st.microxplorer.plugins.filemanager.engine.MainFileManager.userLoadConfig(MainFileManager.java:342) ~[filemanager.jar:?]
	at com.st.microxplorer.plugins.filemanager.FileManagerView.getSpecificTask(FileManagerView.java:264) ~[filemanager.jar:?]
	at com.st.stm32cube.common.mx.editor.CubeMxEditor.getMxTabbedPaneInstance(CubeMxEditor.java:1198) ~[com.st.stm32cube.common.mx_6.15.0.202507011659/:?]
	at com.st.stm32cube.common.mx.editor.CubeMxEditor$12$1.createSwingComponent(CubeMxEditor.java:1068) ~[com.st.stm32cube.common.mx_6.15.0.202507011659/:?]
	at com.st.stm32cube.common.mx.oss.core.awtswtbridge.EmbeddedSwingComposite.doComponentCreation(EmbeddedSwingComposite.java:492) ~[com.st.stm32cube.common.mx.oss_6.15.0.202507011659/:?]
	at com.st.stm32cube.common.mx.oss.core.awtswtbridge.EmbeddedSwingComposite$4.run(EmbeddedSwingComposite.java:291) ~[com.st.stm32cube.common.mx.oss_6.15.0.202507011659/:?]
	at com.st.stm32cube.common.mx.oss.core.awtswtbridge.AwtEnvironment$2.run(AwtEnvironment.java:166) ~[com.st.stm32cube.common.mx.oss_6.15.0.202507011659/:?]
	at java.awt.event.InvocationEvent.dispatch(InvocationEvent.java:318) ~[?:?]
	at java.awt.EventQueue.dispatchEventImpl(EventQueue.java:773) ~[?:?]
	at java.awt.EventQueue$4.run(EventQueue.java:720) ~[?:?]
	at java.awt.EventQueue$4.run(EventQueue.java:714) ~[?:?]
	at java.security.AccessController.doPrivileged(AccessController.java:400) ~[?:?]
	at java.security.ProtectionDomain$JavaSecurityAccessImpl.doIntersectionPrivilege(ProtectionDomain.java:87) ~[?:?]
	at java.awt.EventQueue.dispatchEvent(EventQueue.java:742) ~[?:?]
	at java.awt.EventDispatchThread.pumpOneEventForFilters(EventDispatchThread.java:203) ~[?:?]
	at java.awt.EventDispatchThread.pumpEventsForFilter(EventDispatchThread.java:124) ~[?:?]
	at java.awt.EventDispatchThread.pumpEventsForHierarchy(EventDispatchThread.java:113) ~[?:?]
	at java.awt.EventDispatchThread.pumpEvents(EventDispatchThread.java:109) ~[?:?]
	at java.awt.EventDispatchThread.pumpEvents(EventDispatchThread.java:101) ~[?:?]
	at java.awt.EventDispatchThread.run(EventDispatchThread.java:90) ~[?:?]
2026-04-08 16:37:54,122 [WARN] ThirdParty:871 - waiting for thirdparty lock release [close project]
2026-04-08 16:37:54,122 [INFO] ThirdParty:873 - entering critical section [close project]
2026-04-08 16:37:54,122 [INFO] ThirdParty:883 - exiting critical section [close project]
2026-04-08 16:37:54,123 [INFO] PinOutPanel:1589 - setPackage(No Configuration,No Configuration)
2026-04-08 16:37:54,125 [INFO] UtilMem:75 - Begin LoadConfig() Used Memory: 993792640 Bytes (1073741824)
2026-04-08 16:37:54,126 [INFO] MicroXplorer:468 - Change Database Path : 
2026-04-08 16:37:54,126 [INFO] MicroXplorer:498 - Change Database Version : DB.6.0.150
2026-04-08 16:37:54,126 [INFO] OpenFileManager:355 - Change cursor
2026-04-08 16:37:54,139 [INFO] Mcu:2029 - Initializing MCU STM32L432K(B-C)Ux STM32L432KCUx STM32L432KCU3
2026-04-08 16:37:55,059 [INFO] Context:786 - Trying to add GPIOservice into a context  which must be forbidden
2026-04-08 16:37:55,391 [INFO] ImportTextPane:234 - (OptionalMessage_ERROR) Pin9 (VP_RIF_VS_RIF1) cannot be retrieved for this MCU
2026-04-08 16:37:55,456 [INFO] RtosManager:558 - Registered RTOS mode: class=CMSIS, group=RTOS, mode=CMSIS_V1, owner=FREERTOS
2026-04-08 16:37:55,456 [INFO] RtosManager:558 - Registered RTOS mode: class=CMSIS, group=RTOS2, mode=CMSIS_V2, owner=FREERTOS
2026-04-08 16:37:55,456 [INFO] RtosManager:558 - Registered RTOS mode: class=RTOS, group=Core, mode=CMSIS_V1, owner=FREERTOS
2026-04-08 16:37:55,456 [INFO] RtosManager:558 - Registered RTOS mode: class=RTOS, group=Core, mode=CMSIS_V2, owner=FREERTOS
2026-04-08 16:37:55,456 [WARN] ModelIntegratedComponent:184 - Missing modes for component STMicroelectronics:FreeRTOS:0.0.1:STMicroelectronics:RTOS:FreeRTOS:Core:::10.2.0:
2026-04-08 16:37:55,459 [WARN] ModelIntegratedComponent:63 - No mode defined for component null
2026-04-08 16:37:55,459 [WARN] ModelIntegratedComponent:63 - No mode defined for component null
2026-04-08 16:37:55,459 [WARN] ModelIntegratedComponent:63 - No mode defined for component null
2026-04-08 16:37:55,459 [WARN] ModelIntegratedComponent:63 - No mode defined for component null
2026-04-08 16:37:55,459 [WARN] ModelIntegratedComponent:63 - No mode defined for component null
2026-04-08 16:37:55,459 [WARN] ModelIntegratedComponent:63 - No mode defined for component null
2026-04-08 16:37:55,459 [WARN] ModelIntegratedComponent:63 - No mode defined for component null
2026-04-08 16:37:55,459 [WARN] ModelIntegratedComponent:63 - No mode defined for component null
2026-04-08 16:37:55,459 [WARN] ModelIntegratedComponent:63 - No mode defined for component null
2026-04-08 16:37:55,459 [WARN] ModelIntegratedComponent:63 - No mode defined for component null
2026-04-08 16:37:55,459 [WARN] ModelIntegratedComponent:63 - No mode defined for component null
2026-04-08 16:37:55,459 [WARN] ModelIntegratedComponent:63 - No mode defined for component null
2026-04-08 16:37:55,459 [WARN] ModelIntegratedComponent:63 - No mode defined for component null
2026-04-08 16:37:55,460 [WARN] ModelIntegratedComponent:63 - No mode defined for component null
2026-04-08 16:37:55,460 [WARN] ModelIntegratedComponent:63 - No mode defined for component null
2026-04-08 16:37:55,460 [WARN] ModelIntegratedComponent:63 - No mode defined for component null
2026-04-08 16:37:55,460 [WARN] ModelIntegratedComponent:63 - No mode defined for component null
2026-04-08 16:37:55,460 [WARN] ModelIntegratedComponent:63 - No mode defined for component null
2026-04-08 16:37:55,460 [WARN] ModelIntegratedComponent:63 - No mode defined for component null
2026-04-08 16:37:55,460 [WARN] ModelIntegratedComponent:63 - No mode defined for component null
2026-04-08 16:37:55,460 [WARN] ModelIntegratedComponent:63 - No mode defined for component null
2026-04-08 16:37:55,460 [WARN] ModelIntegratedComponent:63 - No mode defined for component null
2026-04-08 16:37:55,460 [WARN] ModelIntegratedComponent:63 - No mode defined for component null
2026-04-08 16:37:55,460 [WARN] ModelIntegratedComponent:63 - No mode defined for component null
2026-04-08 16:37:55,460 [WARN] ModelIntegratedComponent:63 - No mode defined for component null
2026-04-08 16:37:55,460 [WARN] ModelIntegratedComponent:63 - No mode defined for component null
2026-04-08 16:37:55,460 [WARN] ModelIntegratedComponent:63 - No mode defined for component null
2026-04-08 16:37:55,460 [WARN] ModelIntegratedComponent:63 - No mode defined for component null
2026-04-08 16:37:55,460 [WARN] ModelIntegratedComponent:63 - No mode defined for component null
2026-04-08 16:37:55,460 [WARN] ModelIntegratedComponent:63 - No mode defined for component null
2026-04-08 16:37:55,460 [WARN] ModelIntegratedComponent:63 - No mode defined for component null
2026-04-08 16:37:55,460 [WARN] ModelIntegratedComponent:63 - No mode defined for component null
2026-04-08 16:37:55,460 [WARN] ModelIntegratedComponent:63 - No mode defined for component null
2026-04-08 16:37:55,460 [WARN] ModelIntegratedComponent:63 - No mode defined for component null
2026-04-08 16:37:55,460 [WARN] ModelIntegratedComponent:63 - No mode defined for component null
2026-04-08 16:37:55,460 [WARN] ModelPack:524 - Component already loaded: STMicroelectronics:HAL Drivers:0.0.0:STMicroelectronics:Device:STMicro_Driver:XSPI:HAL::0.0.1:HAL_XSPI
2026-04-08 16:37:55,478 [INFO] ThirdPartyModel:298 - Start build external matchings
2026-04-08 16:37:55,535 [INFO] ThirdPartyModel:316 - End build external matchings
2026-04-08 16:37:55,548 [INFO] ImportTextPane:234 - (OptionalMessage_ERROR) IP (RCC) : Invalid parameter (48CLKFreq_Value)
2026-04-08 16:37:55,548 [INFO] ImportTextPane:234 - (OptionalMessage_ERROR) IP (RCC) : Invalid parameter (FamilyName)
2026-04-08 16:37:55,549 [INFO] ImportTextPane:234 - (OptionalMessage_ERROR) IP (RCC) : Invalid parameter (HSI16_VALUE)
2026-04-08 16:37:55,549 [INFO] ImportTextPane:234 - (OptionalMessage_ERROR) IP (RCC) : Invalid parameter (LPTIMFreq_Value)
2026-04-08 16:37:55,549 [INFO] ImportTextPane:234 - (OptionalMessage_ERROR) IP (RCC) : Invalid parameter (LPUARTFreq_Value)
2026-04-08 16:37:55,549 [INFO] ImportTextPane:234 - (OptionalMessage_ERROR) IP (RCC) : Invalid parameter (MCOPinFreq_Value)
2026-04-08 16:37:55,549 [INFO] ImportTextPane:234 - (OptionalMessage_ERROR) IP (RCC) : Invalid parameter (PLLCLKFreq_Value)
2026-04-08 16:37:55,549 [INFO] ImportTextPane:234 - (OptionalMessage_ERROR) IP (RCC) : Invalid parameter (PLLMUL)
2026-04-08 16:37:55,550 [INFO] ImportTextPane:234 - (OptionalMessage_ERROR) IP (RCC) : Invalid parameter (RTCHSEDivFreq_Value)
2026-04-08 16:37:55,550 [INFO] ImportTextPane:234 - (OptionalMessage_ERROR) IP (RCC) : Invalid parameter (TIMFreq_Value)
2026-04-08 16:37:55,550 [INFO] ImportTextPane:234 - (OptionalMessage_ERROR) IP (RCC) : Invalid parameter (TimerFreq_Value)
2026-04-08 16:37:55,711 [INFO] UtilMem:75 - End LoadConfig() Used Memory: 750168792 Bytes (1073741824)
2026-04-08 16:37:55,891 [WARN] ThirdParty:833 - waiting for thirdparty lock release [change project]
2026-04-08 16:37:55,891 [INFO] ThirdParty:835 - entering critical section [change project]
2026-04-08 16:37:55,892 [INFO] ThirdParty:1030 - CMSIS Pack Vendor :STMicroelectronics X-CUBE-AZRTOS-H7 3.5.0
2026-04-08 16:37:55,892 [INFO] ThirdParty:1030 - CMSIS Pack Vendor :STMicroelectronics X-CUBE-PM33A1 1.0.0
2026-04-08 16:37:55,892 [INFO] ThirdParty:1030 - CMSIS Pack Vendor :STMicroelectronics USBPD 4.1
2026-04-08 16:37:55,892 [INFO] ThirdParty:1030 - CMSIS Pack Vendor :STMicroelectronics X-CUBE-NFC9 1.0.0
2026-04-08 16:37:55,892 [INFO] ThirdParty:1030 - CMSIS Pack Vendor :STMicroelectronics USB_HOST 2.0.0
2026-04-08 16:37:55,892 [INFO] ThirdParty:1030 - CMSIS Pack Vendor :STMicroelectronics X-CUBE-AZRTOS-F4 1.1.0
2026-04-08 16:37:55,892 [INFO] ThirdParty:1030 - CMSIS Pack Vendor :STMicroelectronics LIBJPEG 8.0.0
2026-04-08 16:37:55,892 [INFO] ThirdParty:1030 - CMSIS Pack Vendor :STMicroelectronics FP-ATR-ASTRA1 2.0.2
2026-04-08 16:37:55,892 [INFO] ThirdParty:1030 - CMSIS Pack Vendor :STMicroelectronics X-CUBE-BLE1 7.1.0
2026-04-08 16:37:55,892 [INFO] ThirdParty:1030 - CMSIS Pack Vendor :STMicroelectronics X-CUBE-SMBUS 2.1.0
2026-04-08 16:37:55,892 [INFO] ThirdParty:1030 - CMSIS Pack Vendor :wolfSSL I-CUBE-wolfMQTT 1.19.2
2026-04-08 16:37:55,892 [INFO] ThirdParty:1030 - CMSIS Pack Vendor :STMicroelectronics USB_DEVICE 3.0.0
2026-04-08 16:37:55,892 [INFO] ThirdParty:1030 - CMSIS Pack Vendor :STMicroelectronics X-CUBE-ISPU 2.1.0
2026-04-08 16:37:55,892 [INFO] ThirdParty:1030 - CMSIS Pack Vendor :STMicroelectronics eDS-WB_DPC_TT-BIDIR 2.1.1
2026-04-08 16:37:55,892 [INFO] ThirdParty:1030 - CMSIS Pack Vendor :STMicroelectronics X-CUBE-AZRTOS-WB 2.0.0
2026-04-08 16:37:55,892 [INFO] ThirdParty:1030 - CMSIS Pack Vendor :wolfSSL I-CUBE-wolfSSL 5.8.4
2026-04-08 16:37:55,892 [INFO] ThirdParty:1030 - CMSIS Pack Vendor :Cesanta I-CUBE-Mongoose 7.20.0
2026-04-08 16:37:55,892 [INFO] ThirdParty:1030 - CMSIS Pack Vendor :STMicroelectronics X-CUBE-AZRTOS-F7 1.1.0
2026-04-08 16:37:55,892 [INFO] ThirdParty:1030 - CMSIS Pack Vendor :STMicroelectronics X-CUBE-AZRTOS-L5 2.0.0
2026-04-08 16:37:55,892 [INFO] ThirdParty:1030 - CMSIS Pack Vendor :STMicroelectronics USB_DEVICE 2.0.0
2026-04-08 16:37:55,892 [INFO] ThirdParty:1030 - CMSIS Pack Vendor :quantropi X-CUBE-qispace-sdk-base 2.1.0
2026-04-08 16:37:55,892 [INFO] ThirdParty:1030 - CMSIS Pack Vendor :STMicroelectronics X-CUBE-STSE01 2.0.0
2026-04-08 16:37:55,892 [INFO] ThirdParty:1030 - CMSIS Pack Vendor :STMicroelectronics FreeRTOS 0.0.1
2026-04-08 16:37:55,892 [INFO] ThirdParty:1030 - CMSIS Pack Vendor :STMicroelectronics X-CUBE-AZRTOS-G0 1.1.0
2026-04-08 16:37:55,892 [INFO] ThirdParty:1030 - CMSIS Pack Vendor :STMicroelectronics X-CUBE-NFC4 3.0.0
2026-04-08 16:37:55,892 [INFO] ThirdParty:1030 - CMSIS Pack Vendor :STMicroelectronics X-CUBE-SUBG2 5.0.0
2026-04-08 16:37:55,892 [INFO] ThirdParty:1030 - CMSIS Pack Vendor :STMicroelectronics STM32_WPAN 1.0.0
2026-04-08 16:37:55,892 [INFO] ThirdParty:1030 - CMSIS Pack Vendor :STMicroelectronics eDS-WB_DPC_VIENNA 1.2.0
2026-04-08 16:37:55,892 [INFO] ThirdParty:1030 - CMSIS Pack Vendor :EmbeddedOffice I-CUBE-FS-RTOS 1.0.1
2026-04-08 16:37:55,892 [INFO] ThirdParty:1030 - CMSIS Pack Vendor :STMicroelectronics lwIP 2.0.3
2026-04-08 16:37:55,892 [INFO] ThirdParty:1030 - CMSIS Pack Vendor :WES I-CUBE-Cesium 1.4.0
2026-04-08 16:37:55,892 [INFO] ThirdParty:1030 - CMSIS Pack Vendor :STMicroelectronics eDS-WB_DPC_3PH2L-BIDIR 1.1.1
2026-04-08 16:37:55,892 [INFO] ThirdParty:1030 - CMSIS Pack Vendor :STMicroelectronics USB_HOST 1.0.0
2026-04-08 16:37:55,892 [INFO] ThirdParty:1030 - CMSIS Pack Vendor :STMicroelectronics X-CUBE-AZRTOS-G4 2.0.0
2026-04-08 16:37:55,892 [INFO] ThirdParty:1030 - CMSIS Pack Vendor :STMicroelectronics PDM2PCM 3.1.0
2026-04-08 16:37:55,892 [INFO] ThirdParty:1030 - CMSIS Pack Vendor :STMicroelectronics PDM2PCM 3.3.0
2026-04-08 16:37:55,892 [INFO] ThirdParty:1030 - CMSIS Pack Vendor :wolfSSL I-CUBE-wolfTPM 3.8.0
2026-04-08 16:37:55,892 [INFO] ThirdParty:1030 - CMSIS Pack Vendor :STMicroelectronics X-CUBE-DISPLAY 3.0.0
2026-04-08 16:37:55,892 [INFO] ThirdParty:1030 - CMSIS Pack Vendor :wolfSSL I-CUBE-wolfSSH 1.4.20
2026-04-08 16:37:55,892 [INFO] ThirdParty:1030 - CMSIS Pack Vendor :STMicroelectronics X-CUBE-NFC7 2.0.0
2026-04-08 16:37:55,892 [INFO] ThirdParty:1030 - CMSIS Pack Vendor :STMicroelectronics X-CUBE-TCPP 4.2.0
2026-04-08 16:37:55,893 [INFO] ThirdParty:1030 - CMSIS Pack Vendor :RealThread X-CUBE-RT-Thread_Nano 4.1.1
2026-04-08 16:37:55,893 [INFO] ThirdParty:1030 - CMSIS Pack Vendor :STMicroelectronics FP-ATR-SIGFOX1 3.2.0
2026-04-08 16:37:55,893 [INFO] ThirdParty:1030 - CMSIS Pack Vendor :STMicroelectronics X-CUBE-NFC10 1.0.0
2026-04-08 16:37:55,893 [INFO] ThirdParty:1030 - CMSIS Pack Vendor :STMicroelectronics HAL Drivers 0.0.0
2026-04-08 16:37:55,893 [INFO] ThirdParty:1030 - CMSIS Pack Vendor :STMicroelectronics MBEDTLS 2.16.2
2026-04-08 16:37:55,893 [INFO] ThirdParty:1030 - CMSIS Pack Vendor :STMicroelectronics X-CUBE-ST60 1.1.0
2026-04-08 16:37:55,893 [INFO] ThirdParty:1030 - CMSIS Pack Vendor :STMicroelectronics X-CUBE-ALS 1.0.2
2026-04-08 16:37:55,893 [INFO] ThirdParty:1030 - CMSIS Pack Vendor :emotas I-CUBE-CANOPEN 1.3.0
2026-04-08 16:37:55,893 [INFO] ThirdParty:1030 - CMSIS Pack Vendor :STMicroelectronics MBEDTLS 2.14.1
2026-04-08 16:37:55,893 [INFO] ThirdParty:1030 - CMSIS Pack Vendor :ITTIA_DB I-CUBE-ITTIADB 8.9.0
2026-04-08 16:37:55,893 [INFO] ThirdParty:1030 - CMSIS Pack Vendor :STMicroelectronics X-CUBE-TOUCHGFX 4.26.1
2026-04-08 16:37:55,893 [INFO] ThirdParty:1030 - CMSIS Pack Vendor :STMicroelectronics ThreadX 1.0.0
2026-04-08 16:37:55,893 [INFO] ThirdParty:1030 - CMSIS Pack Vendor :STMicroelectronics FP-SNS-SMARTAG2 1.2.0
2026-04-08 16:37:55,893 [INFO] ThirdParty:1030 - CMSIS Pack Vendor :STMicroelectronics FP-SNS-FLIGHT1 5.1.0
2026-04-08 16:37:55,893 [INFO] ThirdParty:1030 - CMSIS Pack Vendor :STMicroelectronics X-CUBE-AZRTOS-WL 2.0.0
2026-04-08 16:37:55,893 [INFO] ThirdParty:1030 - CMSIS Pack Vendor :SEGGER I-CUBE-embOS 1.3.1
2026-04-08 16:37:55,894 [INFO] ThirdParty:1030 - CMSIS Pack Vendor :STMicroelectronics X-CUBE-ALGOBUILD 1.4.0
2026-04-08 16:37:55,894 [INFO] ThirdParty:1030 - CMSIS Pack Vendor :STMicroelectronics X-CUBE-DPower 1.3.0
2026-04-08 16:37:55,894 [INFO] ThirdParty:1030 - CMSIS Pack Vendor :STMicroelectronics USB_DEVICE 1.0.0
2026-04-08 16:37:55,894 [INFO] ThirdParty:1030 - CMSIS Pack Vendor :STMicroelectronics X-CUBE-AZRTOS-H7RS 1.2.0
2026-04-08 16:37:55,894 [INFO] ThirdParty:1030 - CMSIS Pack Vendor :STMicroelectronics X-CUBE-AZRTOS-L4 2.0.0
2026-04-08 16:37:55,894 [INFO] ThirdParty:1030 - CMSIS Pack Vendor :STMicroelectronics ThreadX 0.0.2
2026-04-08 16:37:55,894 [INFO] ThirdParty:1030 - CMSIS Pack Vendor :STMicroelectronics lwIP 2.1.2
2026-04-08 16:37:55,894 [INFO] ThirdParty:1030 - CMSIS Pack Vendor :STMicroelectronics X-CUBE-SFXS2LP1 4.0.0
2026-04-08 16:37:55,894 [INFO] ThirdParty:1030 - CMSIS Pack Vendor :STMicroelectronics X-CUBE-BLE2 3.3.0
2026-04-08 16:37:55,894 [INFO] ThirdParty:1030 - CMSIS Pack Vendor :Avnet-IOTCONNECT X-CUBE-iotc-st67-sdk 1.0.0
2026-04-08 16:37:55,894 [INFO] ThirdParty:1030 - CMSIS Pack Vendor :STMicroelectronics X-CUBE-TOF1 3.4.3
2026-04-08 16:37:55,894 [INFO] ThirdParty:1030 - CMSIS Pack Vendor :Infineon AIROC-Wi-Fi-Bluetooth-STM32 1.8.0
2026-04-08 16:37:55,894 [INFO] ThirdParty:1030 - CMSIS Pack Vendor :STMicroelectronics PDM2PCM 3.2.0
2026-04-08 16:37:55,894 [INFO] ThirdParty:1030 - CMSIS Pack Vendor :STMicroelectronics X-CUBE-WB05N 2.1.0
2026-04-08 16:37:55,894 [INFO] ThirdParty:1030 - CMSIS Pack Vendor :STMicroelectronics X-CUBE-ST67W61 1.2.0
2026-04-08 16:37:55,895 [INFO] ThirdParty:841 - exiting critical section [change project]
2026-04-08 16:37:56,271 [INFO] PinOutPanel:1589 - setPackage(No Configuration,No Configuration)
2026-04-08 16:37:56,273 [INFO] PinOutPanel:1589 - setPackage(STM32L432KCUx,UFQFPN32)
2026-04-08 16:37:56,955 [INFO] UtilMem:75 - Before build in PCC Used Memory: 764010600 Bytes (1073741824)
2026-04-08 16:37:57,496 [INFO] UtilMem:75 - After build in PCC Used Memory: 855763048 Bytes (1073741824)
2026-04-08 16:37:57,546 [INFO] IPUIPlugin:80 - create IPUIPlugin
2026-04-08 16:37:57,547 [INFO] IPUIPlugin:80 - create IPUIPlugin
2026-04-08 16:37:57,547 [INFO] IPUIPlugin:80 - create IPUIPlugin
2026-04-08 16:37:57,547 [INFO] IPUIPlugin:80 - create IPUIPlugin
2026-04-08 16:37:57,547 [INFO] IPUIPlugin:80 - create IPUIPlugin
2026-04-08 16:37:57,547 [INFO] IPUIPlugin:80 - create IPUIPlugin
2026-04-08 16:37:57,547 [INFO] IPUIPlugin:80 - create IPUIPlugin
2026-04-08 16:37:57,548 [INFO] IPUIPlugin:80 - create IPUIPlugin
2026-04-08 16:37:57,548 [INFO] IPUIPlugin:80 - create IPUIPlugin
2026-04-08 16:37:57,548 [INFO] IPUIPlugin:80 - create IPUIPlugin
2026-04-08 16:37:57,548 [INFO] IPUIPlugin:80 - create IPUIPlugin
2026-04-08 16:37:57,548 [INFO] IPUIPlugin:80 - create IPUIPlugin
2026-04-08 16:37:57,548 [INFO] IPUIPlugin:80 - create IPUIPlugin
2026-04-08 16:37:57,548 [INFO] IPUIPlugin:80 - create IPUIPlugin
2026-04-08 16:37:57,548 [INFO] IPUIPlugin:80 - create IPUIPlugin
2026-04-08 16:37:57,548 [INFO] IPUIPlugin:80 - create IPUIPlugin
2026-04-08 16:37:57,548 [INFO] IPUIPlugin:80 - create IPUIPlugin
2026-04-08 16:37:57,548 [INFO] IPUIPlugin:80 - create IPUIPlugin
2026-04-08 16:37:57,548 [INFO] IPUIPlugin:80 - create IPUIPlugin
2026-04-08 16:37:57,548 [INFO] IPUIPlugin:80 - create IPUIPlugin
2026-04-08 16:37:57,549 [INFO] IPUIPlugin:80 - create IPUIPlugin
2026-04-08 16:37:57,549 [INFO] IPUIPlugin:80 - create IPUIPlugin
2026-04-08 16:37:57,549 [INFO] IPUIPlugin:80 - create IPUIPlugin
2026-04-08 16:37:57,549 [INFO] IPUIPlugin:80 - create IPUIPlugin
2026-04-08 16:37:57,549 [INFO] IPUIPlugin:80 - create IPUIPlugin
2026-04-08 16:37:57,549 [INFO] IPUIPlugin:80 - create IPUIPlugin
2026-04-08 16:37:57,549 [INFO] IPUIPlugin:80 - create IPUIPlugin
2026-04-08 16:37:57,549 [INFO] IPUIPlugin:80 - create IPUIPlugin
2026-04-08 16:37:57,549 [INFO] IPUIPlugin:80 - create IPUIPlugin
2026-04-08 16:37:57,549 [INFO] IPUIPlugin:80 - create IPUIPlugin
2026-04-08 16:37:57,549 [INFO] IPUIPlugin:80 - create IPUIPlugin
2026-04-08 16:37:57,550 [INFO] IPUIPlugin:80 - create IPUIPlugin
2026-04-08 16:37:57,550 [INFO] IPUIPlugin:80 - create IPUIPlugin
2026-04-08 16:37:57,550 [INFO] IPUIPlugin:80 - create IPUIPlugin
2026-04-08 16:37:57,550 [INFO] IPUIPlugin:80 - create IPUIPlugin
2026-04-08 16:37:57,550 [INFO] IPUIPlugin:80 - create IPUIPlugin
2026-04-08 16:37:57,550 [INFO] IPUIPlugin:80 - create IPUIPlugin
2026-04-08 16:37:57,550 [INFO] IPUIPlugin:80 - create IPUIPlugin
2026-04-08 16:37:57,550 [INFO] IPUIPlugin:80 - create IPUIPlugin
2026-04-08 16:37:57,550 [INFO] IPUIPlugin:80 - create IPUIPlugin
2026-04-08 16:37:57,550 [INFO] IPUIPlugin:80 - create IPUIPlugin
2026-04-08 16:37:57,644 [INFO] CADModel:165 - CPN selected for project levelSTM32L432KCU3
2026-04-08 16:37:57,644 [INFO] CADModel:114 - Register for checkConnection events
2026-04-08 16:37:57,699 [INFO] OpenFileManager:386 - Restore cursor
2026-04-08 16:38:05,180 [ERROR] LogOutputStream:75 - [STDERR_REDIRECT] 
2026-04-08 16:38:22,109 [INFO] Activator:176 - 


2026-04-08 16:38:22,111 [INFO] Activator:177 - !SESSION log4j initialized
2026-04-08 16:38:25,614 [INFO] LogOutputStream:77 - [STDOUT_REDIRECT] 
2026-04-08 16:38:26,421 [ERROR] LogOutputStream:75 - [STDERR_REDIRECT] 
2026-04-08 16:38:28,316 [INFO] LogOutputStream:77 - [STDOUT_REDIRECT] 
2026-04-08 16:38:29,101 [INFO] ApplicationProperties:184 - Using Application install path: /Applications/STM32CubeIDE.app/Contents/Eclipse/plugins/com.st.stm32cube.common.mx_6.15.0.202507011659
2026-04-08 16:38:29,113 [INFO] DbMcusXml:78 - Set database path to: /Applications/STM32CubeIDE.app/Contents/Eclipse/plugins/com.st.stm32cube.common.mx_6.15.0.202507011659//db//mcu/
2026-04-08 16:38:29,113 [INFO] ApiDb:274 - Set plugin database path to: /Applications/STM32CubeIDE.app/Contents/Eclipse/plugins/com.st.stm32cube.common.mx_6.15.0.202507011659//db//plugins/boardmanager/
2026-04-08 16:38:29,114 [WARN] ApiDb:259 - Overriding images path with different value:  => /Applications/STM32CubeIDE.app/Contents/Eclipse/plugins/com.st.stm32cube.common.mx_6.15.0.202507011659//db//plugins/mcufinder/images/
2026-04-08 16:38:29,119 [INFO] ApiDb:250 - Set database path to: /Users/cristianpetramale/.stmcufinder/plugins/mcufinder//mcu/
2026-04-08 16:38:29,119 [INFO] DbMcusAds:125 - Set database path to: /Users/cristianpetramale/.stmcufinder/plugins/mcufinder//mcu/
2026-04-08 16:38:29,121 [INFO] CrossReferenceDbSqlite:203 - Set database path to: /Users/cristianpetramale/.stmcufinder/plugins/mcufinder//mcu/cs/
2026-04-08 16:38:29,233 [INFO] RulesReader:64 - Compatibility file has been processed (317 Rules)
2026-04-08 16:38:29,276 [INFO] DbMcusXml:78 - Set database path to: /Applications/STM32CubeIDE.app/Contents/Eclipse/plugins/com.st.stm32cube.common.mx_6.15.0.202507011659//db//mcu/
2026-04-08 16:38:29,276 [INFO] ApiDb:274 - Set plugin database path to: /Applications/STM32CubeIDE.app/Contents/Eclipse/plugins/com.st.stm32cube.common.mx_6.15.0.202507011659//db//plugins/boardmanager/
2026-04-08 16:38:29,276 [INFO] ApiDb:261 - Set plugin images path to: /Applications/STM32CubeIDE.app/Contents/Eclipse/plugins/com.st.stm32cube.common.mx_6.15.0.202507011659//db//plugins/mcufinder/images/
2026-04-08 16:38:29,277 [WARN] DbFile:41 - Overriding database path with different value: /Users/cristianpetramale/.stmcufinder/plugins/mcufinder/ => /Users/cristianpetramale/.stmcufinder/plugins/mcufinder
2026-04-08 16:38:29,277 [INFO] ApiDb:250 - Set database path to: /Users/cristianpetramale/.stmcufinder/plugins/mcufinder//mcu/
2026-04-08 16:38:29,277 [WARN] DbFile:41 - Overriding database path with different value: /Users/cristianpetramale/.stmcufinder/plugins/mcufinder/ => /Users/cristianpetramale/.stmcufinder/plugins/mcufinder
2026-04-08 16:38:29,277 [INFO] DbMcusAds:125 - Set database path to: /Users/cristianpetramale/.stmcufinder/plugins/mcufinder//mcu/
2026-04-08 16:38:29,277 [WARN] DbFile:41 - Overriding database path with different value: /Users/cristianpetramale/.stmcufinder/plugins/mcufinder/ => /Users/cristianpetramale/.stmcufinder/plugins/mcufinder
2026-04-08 16:38:29,277 [WARN] DbFile:41 - Overriding database path with different value: /Users/cristianpetramale/.stmcufinder/plugins/mcufinder/ => /Users/cristianpetramale/.stmcufinder/plugins/mcufinder
2026-04-08 16:38:29,277 [INFO] CrossReferenceDbSqlite:203 - Set database path to: /Users/cristianpetramale/.stmcufinder/plugins/mcufinder//mcu/cs/
2026-04-08 16:38:29,333 [INFO] MainPanel:274 - HeapMemory: 268435456
2026-04-08 16:38:29,737 [INFO] DbMcusXml:78 - Set database path to: /Applications/STM32CubeIDE.app/Contents/Eclipse/plugins/com.st.stm32cube.common.mx_6.15.0.202507011659//db//mcu/
2026-04-08 16:38:29,739 [INFO] ApiDb:274 - Set plugin database path to: /Applications/STM32CubeIDE.app/Contents/Eclipse/plugins/com.st.stm32cube.common.mx_6.15.0.202507011659//db//plugins/boardmanager/
2026-04-08 16:38:29,743 [INFO] ApiDb:261 - Set plugin images path to: /Applications/STM32CubeIDE.app/Contents/Eclipse/plugins/com.st.stm32cube.common.mx_6.15.0.202507011659//db//plugins/mcufinder/images/
2026-04-08 16:38:29,744 [WARN] DbFile:41 - Overriding database path with different value: /Users/cristianpetramale/.stmcufinder/plugins/mcufinder/ => /Users/cristianpetramale/.stmcufinder/plugins/mcufinder
2026-04-08 16:38:29,744 [INFO] ApiDb:250 - Set database path to: /Users/cristianpetramale/.stmcufinder/plugins/mcufinder//mcu/
2026-04-08 16:38:29,744 [WARN] DbFile:41 - Overriding database path with different value: /Users/cristianpetramale/.stmcufinder/plugins/mcufinder/ => /Users/cristianpetramale/.stmcufinder/plugins/mcufinder
2026-04-08 16:38:29,744 [INFO] DbMcusAds:125 - Set database path to: /Users/cristianpetramale/.stmcufinder/plugins/mcufinder//mcu/
2026-04-08 16:38:29,744 [WARN] DbFile:41 - Overriding database path with different value: /Users/cristianpetramale/.stmcufinder/plugins/mcufinder/ => /Users/cristianpetramale/.stmcufinder/plugins/mcufinder
2026-04-08 16:38:29,744 [WARN] DbFile:41 - Overriding database path with different value: /Users/cristianpetramale/.stmcufinder/plugins/mcufinder/ => /Users/cristianpetramale/.stmcufinder/plugins/mcufinder
2026-04-08 16:38:29,744 [INFO] CrossReferenceDbSqlite:203 - Set database path to: /Users/cristianpetramale/.stmcufinder/plugins/mcufinder//mcu/cs/
2026-04-08 16:38:29,788 [INFO] ApplicationProperties:184 - Using Application install path: /Applications/STM32CubeIDE.app/Contents/Eclipse/plugins/com.st.stm32cube.common.mx_6.15.0.202507011659
2026-04-08 16:38:29,792 [INFO] PluginManage:196 - Search for loadable plugins [exclusion list=, ]
2026-04-08 16:38:29,798 [INFO] PluginManage:310 - Check plugin analytics
2026-04-08 16:38:30,110 [INFO] AnalyticsPlugin:253 - Accepted Software Licenses: 
2026-04-08 16:38:30,110 [INFO] AnalyticsPlugin:255 - Accepted CMSIS Pack Licenses: 
2026-04-08 16:38:30,110 [INFO] AnalyticsPlugin:257 - Accepted Firmware Licenses: FW.L4.1.18.0
2026-04-08 16:38:30,125 [INFO] PluginManage:359 - Loaded plugin analytics (category:tool,tabindex:-1)
2026-04-08 16:38:30,128 [INFO] PluginManage:310 - Check plugin cadmodel
2026-04-08 16:38:30,147 [INFO] CADModel:105 - Init CAD model plugin
2026-04-08 16:38:30,147 [INFO] PluginManage:359 - Loaded plugin cadmodel (category:power,tabindex:5)
2026-04-08 16:38:30,147 [INFO] PluginManage:310 - Check plugin clock
2026-04-08 16:38:30,155 [INFO] PluginManage:359 - Loaded plugin clock (category:base,tabindex:2)
2026-04-08 16:38:30,156 [INFO] PluginManage:310 - Check plugin ddr
2026-04-08 16:38:30,157 [INFO] PluginManage:359 - Loaded plugin ddr (category:tool,tabindex:6)
2026-04-08 16:38:30,157 [INFO] PluginManage:310 - Check plugin filemanager
2026-04-08 16:38:30,289 [INFO] PluginManage:359 - Loaded plugin filemanager (category:base,tabindex:10)
2026-04-08 16:38:30,290 [INFO] PluginManage:310 - Check plugin ipmanager
2026-04-08 16:38:30,296 [INFO] PluginManage:359 - Loaded plugin ipmanager (category:base,tabindex:5)
2026-04-08 16:38:30,296 [INFO] PluginManage:310 - Check plugin lpbam
2026-04-08 16:38:30,304 [INFO] PluginManage:359 - Loaded plugin lpbam (category:base,tabindex:0)
2026-04-08 16:38:30,304 [INFO] PluginManage:310 - Check plugin memorymap
2026-04-08 16:38:30,311 [INFO] PluginManage:359 - Loaded plugin memorymap (category:base,tabindex:4)
2026-04-08 16:38:30,312 [INFO] PluginManage:310 - Check plugin pinoutandconfiguration
2026-04-08 16:38:30,319 [INFO] PluginManage:359 - Loaded plugin pinoutandconfiguration (category:base,tabindex:1)
2026-04-08 16:38:30,319 [INFO] PluginManage:310 - Check plugin pinoutconfig
2026-04-08 16:38:30,392 [WARN] SupportedApi:132 - Cannot load RTOS API schema: s4s-elt-must-match.1: The content of 'definitions' must match (annotation?, (simpleType | complexType)?, (unique | key | keyref)*)). A problem was found starting at: attribute.
2026-04-08 16:38:30,516 [INFO] PluginManage:359 - Loaded plugin pinoutconfig (category:base,tabindex:0)
2026-04-08 16:38:30,517 [INFO] PluginManage:310 - Check plugin power
2026-04-08 16:38:30,527 [INFO] PluginManage:359 - Loaded plugin power (category:power,tabindex:4)
2026-04-08 16:38:30,527 [INFO] PluginManage:310 - Check plugin projectmanager
2026-04-08 16:38:30,550 [INFO] PluginManage:359 - Loaded plugin projectmanager (category:projectmanager,tabindex:4)
2026-04-08 16:38:30,550 [INFO] PluginManage:310 - Check plugin rif
2026-04-08 16:38:30,556 [INFO] PluginManage:359 - Loaded plugin rif (category:base,tabindex:3)
2026-04-08 16:38:30,556 [INFO] PluginManage:310 - Check plugin thirdparty
2026-04-08 16:38:30,695 [INFO] PluginManage:359 - Loaded plugin thirdparty (category:base,tabindex:-1)
2026-04-08 16:38:30,695 [WARN] IntegrityCheckThread:84 - waiting for thirdparty lock release [integrity check]
2026-04-08 16:38:30,695 [INFO] PluginManage:310 - Check plugin tools
2026-04-08 16:38:30,696 [INFO] IntegrityCheckThread:86 - entering critical section [integrity check]
2026-04-08 16:38:30,697 [INFO] ThirdPartyUpdaterWithRetryManager:70 - Updater plugin not ready yet. [1/15]
2026-04-08 16:38:30,698 [INFO] PluginManage:359 - Loaded plugin tools (category:base,tabindex:7)
2026-04-08 16:38:30,698 [INFO] PluginManage:310 - Check plugin tutovideos
2026-04-08 16:38:30,841 [INFO] PluginManage:359 - Loaded plugin tutovideos (category:base,tabindex:-1)
2026-04-08 16:38:30,842 [INFO] PluginManage:310 - Check plugin updater
2026-04-08 16:38:30,865 [INFO] PluginManage:359 - Loaded plugin updater (category:base,tabindex:12)
2026-04-08 16:38:30,865 [INFO] PluginManage:310 - Check plugin userauth
2026-04-08 16:38:30,869 [INFO] UserAuth:118 - Init User Auth plugin
2026-04-08 16:38:30,870 [INFO] PluginManage:359 - Loaded plugin userauth (category:base,tabindex:14)
2026-04-08 16:38:30,872 [INFO] PluginManage:283 - PluginManage : Loaded plugins [18]
2026-04-08 16:38:31,061 [INFO] PinOutPanel:1589 - setPackage(No Configuration,No Configuration)
2026-04-08 16:38:31,120 [INFO] CADModel:165 - CPN selected for project level
2026-04-08 16:38:31,120 [INFO] CADModel:114 - Register for checkConnection events
2026-04-08 16:38:31,129 [INFO] IPUIPlugin:80 - create IPUIPlugin
2026-04-08 16:38:31,129 [INFO] PluginManager:220 - loadIPPluginJar : add mdma
2026-04-08 16:38:31,134 [INFO] IPUIPlugin:80 - create IPUIPlugin
2026-04-08 16:38:31,134 [INFO] PluginManager:220 - loadIPPluginJar : add freertos
2026-04-08 16:38:31,137 [INFO] IPUIPlugin:80 - create IPUIPlugin
2026-04-08 16:38:31,137 [INFO] PluginManager:220 - loadIPPluginJar : add gic
2026-04-08 16:38:31,143 [INFO] IPUIPlugin:80 - create IPUIPlugin
2026-04-08 16:38:31,143 [INFO] PluginManager:220 - loadIPPluginJar : add adc
2026-04-08 16:38:31,144 [INFO] IPUIPlugin:80 - create IPUIPlugin
2026-04-08 16:38:31,144 [INFO] PluginManager:220 - loadIPPluginJar : add gtzc
2026-04-08 16:38:31,146 [INFO] IPUIPlugin:80 - create IPUIPlugin
2026-04-08 16:38:31,146 [INFO] PluginManager:220 - loadIPPluginJar : add quadspi
2026-04-08 16:38:31,148 [INFO] IPUIPlugin:80 - create IPUIPlugin
2026-04-08 16:38:31,148 [INFO] PluginManager:220 - loadIPPluginJar : add aes
2026-04-08 16:38:31,150 [INFO] IPUIPlugin:80 - create IPUIPlugin
2026-04-08 16:38:31,150 [INFO] PluginManager:220 - loadIPPluginJar : add pdm2pcm
2026-04-08 16:38:31,151 [INFO] IPUIPlugin:80 - create IPUIPlugin
2026-04-08 16:38:31,151 [INFO] PluginManager:220 - loadIPPluginJar : add hash
2026-04-08 16:38:31,152 [INFO] IPUIPlugin:80 - create IPUIPlugin
2026-04-08 16:38:31,152 [INFO] PluginManager:220 - loadIPPluginJar : add tim
2026-04-08 16:38:31,153 [INFO] IPUIPlugin:80 - create IPUIPlugin
2026-04-08 16:38:31,153 [INFO] PluginManager:220 - loadIPPluginJar : add tsc
2026-04-08 16:38:31,154 [INFO] IPUIPlugin:80 - create IPUIPlugin
2026-04-08 16:38:31,155 [INFO] PluginManager:220 - loadIPPluginJar : add extmemmanager
2026-04-08 16:38:31,156 [INFO] IPUIPlugin:80 - create IPUIPlugin
2026-04-08 16:38:31,156 [INFO] PluginManager:220 - loadIPPluginJar : add ts
2026-04-08 16:38:31,156 [INFO] IPUIPlugin:80 - create IPUIPlugin
2026-04-08 16:38:31,157 [INFO] PluginManager:220 - loadIPPluginJar : add radio
2026-04-08 16:38:31,158 [INFO] IPUIPlugin:80 - create IPUIPlugin
2026-04-08 16:38:31,158 [INFO] PluginManager:220 - loadIPPluginJar : add can
2026-04-08 16:38:31,159 [INFO] IPUIPlugin:80 - create IPUIPlugin
2026-04-08 16:38:31,159 [INFO] PluginManager:220 - loadIPPluginJar : add dma3
2026-04-08 16:38:31,160 [INFO] IPUIPlugin:80 - create IPUIPlugin
2026-04-08 16:38:31,160 [INFO] PluginManager:220 - loadIPPluginJar : add dfsdm
2026-04-08 16:38:31,162 [INFO] IPUIPlugin:80 - create IPUIPlugin
2026-04-08 16:38:31,162 [INFO] PluginManager:220 - loadIPPluginJar : add spi
2026-04-08 16:38:31,163 [INFO] IPUIPlugin:80 - create IPUIPlugin
2026-04-08 16:38:31,163 [INFO] PluginManager:220 - loadIPPluginJar : add gfxmmu
2026-04-08 16:38:31,164 [INFO] IPUIPlugin:80 - create IPUIPlugin
2026-04-08 16:38:31,164 [INFO] PluginManager:220 - loadIPPluginJar : add genericplugin
2026-04-08 16:38:31,165 [INFO] IPUIPlugin:80 - create IPUIPlugin
2026-04-08 16:38:31,165 [INFO] PluginManager:220 - loadIPPluginJar : add cryp
2026-04-08 16:38:31,167 [INFO] IPUIPlugin:80 - create IPUIPlugin
2026-04-08 16:38:31,168 [INFO] PluginManager:220 - loadIPPluginJar : add gpio
2026-04-08 16:38:31,169 [INFO] IPUIPlugin:80 - create IPUIPlugin
2026-04-08 16:38:31,170 [INFO] PluginManager:220 - loadIPPluginJar : add ddr_ctrl_phy
2026-04-08 16:38:31,171 [INFO] IPUIPlugin:80 - create IPUIPlugin
2026-04-08 16:38:31,171 [INFO] PluginManager:220 - loadIPPluginJar : add comp
2026-04-08 16:38:31,172 [INFO] IPUIPlugin:80 - create IPUIPlugin
2026-04-08 16:38:31,173 [INFO] PluginManager:220 - loadIPPluginJar : add tracer_emb
2026-04-08 16:38:31,174 [INFO] IPUIPlugin:80 - create IPUIPlugin
2026-04-08 16:38:31,174 [INFO] PluginManager:220 - loadIPPluginJar : add openamp
2026-04-08 16:38:31,177 [INFO] IPUIPlugin:80 - create IPUIPlugin
2026-04-08 16:38:31,177 [INFO] PluginManager:220 - loadIPPluginJar : add stm32_wpan
2026-04-08 16:38:31,180 [INFO] IPUIPlugin:80 - create IPUIPlugin
2026-04-08 16:38:31,181 [INFO] PluginManager:220 - loadIPPluginJar : add plateformsettings
2026-04-08 16:38:31,183 [INFO] IPUIPlugin:80 - create IPUIPlugin
2026-04-08 16:38:31,183 [INFO] PluginManager:220 - loadIPPluginJar : add ipddr
2026-04-08 16:38:31,185 [INFO] IPUIPlugin:80 - create IPUIPlugin
2026-04-08 16:38:31,185 [INFO] PluginManager:220 - loadIPPluginJar : add usart
2026-04-08 16:38:31,185 [INFO] IPUIPlugin:80 - create IPUIPlugin
2026-04-08 16:38:31,186 [INFO] PluginManager:220 - loadIPPluginJar : add ltdc
2026-04-08 16:38:31,187 [INFO] IPUIPlugin:80 - create IPUIPlugin
2026-04-08 16:38:31,187 [INFO] PluginManager:220 - loadIPPluginJar : add nvic
2026-04-08 16:38:31,187 [INFO] IPUIPlugin:80 - create IPUIPlugin
2026-04-08 16:38:31,187 [INFO] PluginManager:220 - loadIPPluginJar : add fatfs
2026-04-08 16:38:31,191 [INFO] IPUIPlugin:80 - create IPUIPlugin
2026-04-08 16:38:31,192 [INFO] PluginManager:220 - loadIPPluginJar : add linkedlist
2026-04-08 16:38:31,194 [INFO] IPUIPlugin:80 - create IPUIPlugin
2026-04-08 16:38:31,194 [INFO] PluginManager:220 - loadIPPluginJar : add dma
2026-04-08 16:38:31,197 [INFO] IPUIPlugin:80 - create IPUIPlugin
2026-04-08 16:38:31,197 [INFO] PluginManager:220 - loadIPPluginJar : add fmc
2026-04-08 16:38:31,199 [INFO] IPUIPlugin:80 - create IPUIPlugin
2026-04-08 16:38:31,199 [INFO] PluginManager:220 - loadIPPluginJar : add i2s
2026-04-08 16:38:31,200 [INFO] IPUIPlugin:80 - create IPUIPlugin
2026-04-08 16:38:31,200 [INFO] PluginManager:220 - loadIPPluginJar : add ucpd
2026-04-08 16:38:31,201 [INFO] IPUIPlugin:80 - create IPUIPlugin
2026-04-08 16:38:31,201 [INFO] PluginManager:220 - loadIPPluginJar : add lorawan
2026-04-08 16:38:31,202 [INFO] IPUIPlugin:80 - create IPUIPlugin
2026-04-08 16:38:31,202 [INFO] PluginManager:220 - loadIPPluginJar : add opamp
2026-04-08 16:38:31,203 [INFO] IPUIPlugin:80 - create IPUIPlugin
2026-04-08 16:38:31,203 [INFO] PluginManager:220 - loadIPPluginJar : add i3c
2026-04-08 16:38:31,204 [INFO] IPUIPlugin:80 - create IPUIPlugin
2026-04-08 16:38:31,204 [INFO] PluginManager:220 - loadIPPluginJar : add touchsensing
2026-04-08 16:38:31,205 [INFO] IPUIPlugin:80 - create IPUIPlugin
2026-04-08 16:38:31,206 [INFO] PluginManager:220 - loadIPPluginJar : add i2c
2026-04-08 16:38:31,208 [INFO] IPUIPlugin:80 - create IPUIPlugin
2026-04-08 16:38:31,208 [INFO] PluginManager:220 - loadIPPluginJar : add resmgrutility
2026-04-08 16:38:31,209 [INFO] IPUIPlugin:80 - create IPUIPlugin
2026-04-08 16:38:31,209 [INFO] PluginManager:220 - loadIPPluginJar : add sai
2026-04-08 16:38:31,211 [INFO] IPUIPlugin:80 - create IPUIPlugin
2026-04-08 16:38:31,211 [INFO] PluginManager:220 - loadIPPluginJar : add usbx
2026-04-08 16:38:31,323 [FATAL] Updater:351 - Updater called before beeing initialized
2026-04-08 16:38:31,368 [INFO] RulesReader:64 - Compatibility file has been processed (317 Rules)
2026-04-08 16:38:31,378 [INFO] RulesReader:64 - Compatibility file has been processed (317 Rules)
2026-04-08 16:38:31,394 [INFO] CADModel:165 - CPN selected for project level
2026-04-08 16:38:31,394 [INFO] CADModel:114 - Register for checkConnection events
2026-04-08 16:38:31,394 [FATAL] Updater:351 - Updater called before beeing initialized
2026-04-08 16:38:31,394 [ERROR] CADModel:125 - Updater not yet initialized, retry later 
2026-04-08 16:38:31,593 [FATAL] Updater:351 - Updater called before beeing initialized
2026-04-08 16:38:31,594 [INFO] CADModel:165 - CPN selected for project level
2026-04-08 16:38:31,594 [INFO] CADModel:114 - Register for checkConnection events
2026-04-08 16:38:31,594 [FATAL] Updater:351 - Updater called before beeing initialized
2026-04-08 16:38:31,594 [ERROR] CADModel:125 - Updater not yet initialized, retry later 
2026-04-08 16:38:31,596 [FATAL] Updater:351 - Updater called before beeing initialized
2026-04-08 16:38:31,743 [FATAL] Updater:351 - Updater called before beeing initialized
2026-04-08 16:38:31,748 [INFO] DbMcusAds:53 - JSON generation date=Tue Apr 07 09:33:18 CEST 2026 (1775547198697)
2026-04-08 16:38:31,748 [FATAL] Updater:351 - Updater called before beeing initialized
2026-04-08 16:38:31,794 [WARN] DetailPanel:346 - Failed to get advertising image, set to default
2026-04-08 16:38:31,856 [FATAL] Updater:351 - Updater called before beeing initialized
2026-04-08 16:38:31,859 [FATAL] Updater:351 - Updater called before beeing initialized
2026-04-08 16:38:31,859 [FATAL] Updater:351 - Updater called before beeing initialized
2026-04-08 16:38:31,859 [WARN] DetailPanel:346 - Failed to get advertising image, set to default
2026-04-08 16:38:31,861 [FATAL] Updater:351 - Updater called before beeing initialized
2026-04-08 16:38:31,910 [ERROR] Updater:1198 - MainUpdater not yet initialized. External WinMGr cannot be set.
2026-04-08 16:38:31,917 [INFO] Updater:1134 - Updater Version found : 6.15.0
2026-04-08 16:38:31,929 [INFO] ApplicationProperties:184 - Using Application install path: /Applications/STM32CubeIDE.app/Contents/Eclipse/plugins/com.st.stm32cube.common.mx_6.15.0.202507011659
2026-04-08 16:38:32,442 [INFO] MainUpdater:2872 - connection check result : 10
2026-04-08 16:38:32,443 [INFO] MainUpdater:289 - Updater Check For Update Now.
2026-04-08 16:38:32,443 [INFO] MicroXplorer:498 - Change Database Version : DB.6.0.150
2026-04-08 16:38:32,451 [INFO] McuFinderGlobals:63 - Set McuFinder mode to 2 (CubeIDE integrated)
2026-04-08 16:38:32,453 [INFO] UserAuth:487 - Internet connection configuration mode: 1
2026-04-08 16:38:32,470 [INFO] JxBrowserEngine:152 - Initiate JxBrowser Engine with user profile folder
2026-04-08 16:38:32,669 [INFO] CheckServerUpdateThread:120 - End of CheckServer Thread
2026-04-08 16:38:33,919 [WARN] PackLoader:240 - Cannot read IP mode file for STMicroelectronics.X-CUBE-AZRTOS-H7.3.5.0
2026-04-08 16:38:33,964 [WARN] PackLoader:240 - Cannot read IP mode file for STMicroelectronics.FP-ATR-ASTRA1.2.0.2
2026-04-08 16:38:33,974 [WARN] PackLoader:240 - Cannot read IP mode file for STMicroelectronics.X-CUBE-SMBUS.2.1.0
2026-04-08 16:38:34,008 [WARN] PackLoader:240 - Cannot read IP mode file for STMicroelectronics.X-CUBE-AZRTOS-F7.1.1.0
2026-04-08 16:38:34,036 [WARN] PackLoader:240 - Cannot read IP mode file for WES.I-CUBE-Cesium.1.4.0
2026-04-08 16:38:34,057 [WARN] PackLoader:240 - Cannot read IP mode file for STMicroelectronics.X-CUBE-DISPLAY.3.0.0
2026-04-08 16:38:34,082 [WARN] PackLoader:240 - Cannot read IP mode file for STMicroelectronics.X-CUBE-NFC10.1.0.0
2026-04-08 16:38:34,097 [WARN] PackLoader:240 - Cannot read IP mode file for STMicroelectronics.X-CUBE-ST60.1.1.0
2026-04-08 16:38:34,107 [WARN] PackLoader:240 - Cannot read IP mode file for emotas.I-CUBE-CANOPEN.1.3.0
2026-04-08 16:38:34,118 [WARN] PackLoader:240 - Cannot read IP mode file for STMicroelectronics.FP-SNS-SMARTAG2.1.2.0
2026-04-08 16:38:34,124 [WARN] PackLoader:240 - Cannot read IP mode file for STMicroelectronics.FP-SNS-FLIGHT1.5.1.0
2026-04-08 16:38:34,144 [INFO] LogOutputStream:77 - [STDOUT_REDIRECT] 1 : Invalid condition id : UX_CORESTACK_Condition cause : null
2026-04-08 16:38:34,146 [INFO] LogOutputStream:77 - [STDOUT_REDIRECT] 1 : Invalid condition id : UX_CORESTACK_Condition cause : null
2026-04-08 16:38:34,147 [INFO] LogOutputStream:77 - [STDOUT_REDIRECT] 1 : Invalid condition id : UX_CORESTACK_Condition cause : null
2026-04-08 16:38:34,147 [INFO] LogOutputStream:77 - [STDOUT_REDIRECT] 1 : Invalid condition id : UX_CORESTACK_Condition cause : null
2026-04-08 16:38:34,147 [INFO] LogOutputStream:77 - [STDOUT_REDIRECT] 1 : Invalid condition id : UX_CORESTACK_Condition cause : null
2026-04-08 16:38:34,155 [WARN] PackLoader:240 - Cannot read IP mode file for STMicroelectronics.X-CUBE-AZRTOS-WL.2.0.0
2026-04-08 16:38:34,192 [WARN] PackLoader:240 - Cannot read IP mode file for STMicroelectronics.X-CUBE-AZRTOS-H7RS.1.2.0
2026-04-08 16:38:34,212 [WARN] PackLoader:240 - Cannot read IP mode file for STMicroelectronics.X-CUBE-BLE2.3.3.0
2026-04-08 16:38:34,265 [WARN] PackLoader:240 - Cannot read IP mode file for Infineon.AIROC-Wi-Fi-Bluetooth-STM32.1.8.0
2026-04-08 16:38:34,284 [WARN] PackLoader:240 - Cannot read IP mode file for STMicroelectronics.X-CUBE-NFC9.1.0.0
2026-04-08 16:38:34,294 [WARN] PackLoader:240 - Cannot read IP mode file for STMicroelectronics.X-CUBE-BLE1.7.1.0
2026-04-08 16:38:34,296 [WARN] PackLoader:240 - Cannot read IP mode file for wolfSSL.I-CUBE-wolfMQTT.1.19.2
2026-04-08 16:38:34,300 [WARN] PackLoader:240 - Cannot read IP mode file for wolfSSL.I-CUBE-wolfSSL.5.8.4
2026-04-08 16:38:34,303 [WARN] PackLoader:240 - Cannot read IP mode file for Cesanta.I-CUBE-Mongoose.7.20.0
2026-04-08 16:38:34,326 [WARN] PackLoader:240 - Cannot read IP mode file for STMicroelectronics.X-CUBE-AZRTOS-G0.1.1.0
2026-04-08 16:38:34,335 [WARN] PackLoader:240 - Cannot read IP mode file for STMicroelectronics.X-CUBE-NFC4.3.0.0
2026-04-08 16:38:34,348 [WARN] PackLoader:240 - Cannot read IP mode file for EmbeddedOffice.I-CUBE-FS-RTOS.1.0.1
2026-04-08 16:38:34,353 [WARN] PackLoader:240 - Cannot read IP mode file for wolfSSL.I-CUBE-wolfTPM.3.8.0
2026-04-08 16:38:34,358 [WARN] PackLoader:240 - Cannot read IP mode file for STMicroelectronics.X-CUBE-TCPP.4.2.0
2026-04-08 16:38:34,369 [WARN] PackLoader:240 - Cannot read IP mode file for RealThread.X-CUBE-RT-Thread_Nano.4.1.1
2026-04-08 16:38:34,376 [WARN] PackLoader:240 - Cannot read IP mode file for STMicroelectronics.FP-ATR-SIGFOX1.3.2.0
2026-04-08 16:38:34,384 [WARN] PackLoader:240 - Cannot read IP mode file for ITTIA_DB.I-CUBE-ITTIADB.8.9.0
2026-04-08 16:38:34,438 [WARN] PackLoader:240 - Cannot read IP mode file for SEGGER.I-CUBE-embOS.1.3.1
2026-04-08 16:38:34,502 [WARN] PackLoader:240 - Cannot read IP mode file for STMicroelectronics.X-CUBE-ALGOBUILD.1.4.0
2026-04-08 16:38:34,507 [WARN] PackLoader:240 - Cannot read IP mode file for STMicroelectronics.X-CUBE-PM33A1.1.0.0
2026-04-08 16:38:34,523 [WARN] PackLoader:240 - Cannot read IP mode file for STMicroelectronics.X-CUBE-AZRTOS-F4.1.1.0
2026-04-08 16:38:34,530 [WARN] PackLoader:240 - Cannot read IP mode file for STMicroelectronics.X-CUBE-ISPU.2.1.0
2026-04-08 16:38:34,533 [WARN] PackLoader:240 - Cannot read IP mode file for STMicroelectronics.eDS-WB_DPC_TT-BIDIR.2.1.1
2026-04-08 16:38:34,549 [WARN] PackLoader:240 - Cannot read IP mode file for STMicroelectronics.X-CUBE-AZRTOS-L5.2.0.0
2026-04-08 16:38:34,559 [WARN] PackLoader:240 - Cannot read IP mode file for STMicroelectronics.eDS-WB_DPC_VIENNA.1.2.0
2026-04-08 16:38:34,562 [WARN] PackLoader:240 - Cannot read IP mode file for STMicroelectronics.eDS-WB_DPC_3PH2L-BIDIR.1.1.1
2026-04-08 16:38:34,565 [WARN] PackLoader:240 - Cannot read IP mode file for STMicroelectronics.X-CUBE-TOUCHGFX.4.26.1
2026-04-08 16:38:34,568 [WARN] PackLoader:240 - Cannot read IP mode file for STMicroelectronics.X-CUBE-DPower.1.3.0
2026-04-08 16:38:34,587 [WARN] ConditionMgr:438 - getConditionDescription Invalid condition id : LAN8742 Phy interface Condition cause : null
2026-04-08 16:38:34,590 [WARN] PackLoader:240 - Cannot read IP mode file for STMicroelectronics.X-CUBE-AZRTOS-L4.2.0.0
2026-04-08 16:38:34,593 [WARN] ConditionMgr:1044 - genDependencies : Invalid condition id : LAN8742 Phy interface Condition cause : null
2026-04-08 16:38:34,593 [WARN] ConditionMgr:1044 - genDependencies : Invalid condition id : LAN8742 Phy interface Condition cause : null
2026-04-08 16:38:34,595 [WARN] ConditionMgr:1044 - genDependencies : Invalid condition id : LAN8742 Phy interface Condition cause : null
2026-04-08 16:38:34,611 [WARN] PackLoader:240 - Cannot read IP mode file for STMicroelectronics.X-CUBE-SFXS2LP1.4.0.0
2026-04-08 16:38:34,621 [WARN] PackLoader:240 - Cannot read IP mode file for STMicroelectronics.X-CUBE-WB05N.2.1.0
2026-04-08 16:38:34,629 [WARN] PackLoader:240 - Cannot read IP mode file for STMicroelectronics.X-CUBE-ST67W61.1.2.0
2026-04-08 16:38:34,640 [WARN] ConditionMgr:438 - getConditionDescription Invalid condition id : UX DEVICE CLASS RTOS Condition cause : null
2026-04-08 16:38:34,641 [WARN] ConditionMgr:438 - getConditionDescription Invalid condition id : UX DEVICE CLASS RTOS Condition cause : null
2026-04-08 16:38:34,644 [WARN] PackLoader:240 - Cannot read IP mode file for STMicroelectronics.X-CUBE-AZRTOS-WB.2.0.0
2026-04-08 16:38:34,645 [WARN] ConditionMgr:1044 - genDependencies : Invalid condition id : UX DEVICE CLASS RTOS Condition cause : null
2026-04-08 16:38:34,645 [WARN] ConditionMgr:1044 - genDependencies : Invalid condition id : UX DEVICE CLASS RTOS Condition cause : null
2026-04-08 16:38:34,646 [WARN] ConditionMgr:1044 - genDependencies : Invalid condition id : UX DEVICE CLASS RTOS Condition cause : null
2026-04-08 16:38:34,647 [WARN] ConditionMgr:1044 - genDependencies : Invalid condition id : UX DEVICE CLASS RTOS Condition cause : null
2026-04-08 16:38:34,647 [WARN] ConditionMgr:1044 - genDependencies : Invalid condition id : UX DEVICE CLASS RTOS Condition cause : null
2026-04-08 16:38:34,651 [WARN] ConditionMgr:438 - getConditionDescription Invalid condition id : Cortex-A Device cause : null
2026-04-08 16:38:34,660 [WARN] ConditionMgr:1044 - genDependencies : Invalid condition id : Cortex-A Device cause : null
2026-04-08 16:38:34,660 [WARN] ConditionMgr:1044 - genDependencies : Invalid condition id : Cortex-A Device cause : null
2026-04-08 16:38:34,660 [WARN] ConditionMgr:1044 - genDependencies : Invalid condition id : Cortex-A Device cause : null
2026-04-08 16:38:34,666 [WARN] PackLoader:240 - Cannot read IP mode file for STMicroelectronics.X-CUBE-STSE01.2.0.0
2026-04-08 16:38:34,679 [WARN] PackLoader:240 - Cannot read IP mode file for STMicroelectronics.X-CUBE-SUBG2.5.0.0
2026-04-08 16:38:34,699 [WARN] PackLoader:240 - Cannot read IP mode file for STMicroelectronics.X-CUBE-AZRTOS-G4.2.0.0
2026-04-08 16:38:34,704 [WARN] PackLoader:240 - Cannot read IP mode file for wolfSSL.I-CUBE-wolfSSH.1.4.20
2026-04-08 16:38:34,707 [WARN] PackLoader:240 - Cannot read IP mode file for STMicroelectronics.X-CUBE-NFC7.2.0.0
2026-04-08 16:38:34,710 [WARN] PackLoader:240 - Cannot read IP mode file for STMicroelectronics.X-CUBE-ALS.1.0.2
2026-04-08 16:38:34,724 [WARN] PackLoader:240 - Cannot read IP mode file for STMicroelectronics.X-CUBE-TOF1.3.4.3
2026-04-08 16:38:34,733 [INFO] ThirdParty:978 - Integrity check success = true
2026-04-08 16:38:34,734 [INFO] IntegrityCheckThread:100 - exiting critical section [integrity check]
2026-04-08 16:38:34,734 [INFO] IntegrityCheckThread:103 - End integrity checks thread
2026-04-08 16:38:36,564 [INFO] WebApp:169 - Instantiating new browser for Auth
2026-04-08 16:38:37,705 [INFO] WebApp:463 - Apply proxy settings
2026-04-08 16:38:37,751 [INFO] WebApp:508 - Chromium authenticates against Manually configured proxy
2026-04-08 16:38:37,766 [INFO] WebApp:516 - Username used for proxy authentication: 
2026-04-08 16:38:37,802 [INFO] WebApp:900 - Register for checkConnection events
2026-04-08 16:38:37,802 [INFO] WebApp:463 - Apply proxy settings
2026-04-08 16:38:37,810 [INFO] WebApp:508 - Chromium authenticates against Manually configured proxy
2026-04-08 16:38:37,811 [INFO] WebApp:516 - Username used for proxy authentication: 
2026-04-08 16:38:37,960 [INFO] WebApp:225 - Starting web application
2026-04-08 16:38:37,960 [INFO] WebApp:593 - Web application path used /Applications/STM32CubeIDE.app/Contents/Eclipse/plugins/com.st.stm32cube.common.mx_6.15.0.202507011659/db/plugins/mcufinder/reactClient1/index.html
2026-04-08 16:38:38,499 [INFO] UserAuth:487 - Internet connection configuration mode: 1
2026-04-08 16:38:38,556 [INFO] WebApp:191 - Connection restablished
2026-04-08 16:39:06,887 [INFO] McuFinderGlobals:63 - Set McuFinder mode to 2 (CubeIDE integrated)
2026-04-08 16:39:06,896 [INFO] MainUpdater:2872 - connection check result : 10
2026-04-08 16:39:06,897 [INFO] MainUpdater:2872 - connection check result : 10
2026-04-08 16:39:08,203 [INFO] MicroXplorer:468 - Change Database Path : 
2026-04-08 16:39:08,212 [INFO] MicroXplorer:498 - Change Database Version : DB.6.0.150
2026-04-08 16:39:08,225 [WARN] ThirdParty:871 - waiting for thirdparty lock release [close project]
2026-04-08 16:39:08,225 [INFO] ThirdParty:873 - entering critical section [close project]
2026-04-08 16:39:08,235 [INFO] ThirdParty:883 - exiting critical section [close project]
2026-04-08 16:39:08,243 [INFO] PinOutPanel:1589 - setPackage(No Configuration,No Configuration)
2026-04-08 16:39:08,258 [INFO] UtilMem:75 - Begin LoadConfig() Used Memory: 230742368 Bytes (353370112)
2026-04-08 16:39:08,262 [INFO] MicroXplorer:468 - Change Database Path : 
2026-04-08 16:39:08,262 [INFO] MicroXplorer:498 - Change Database Version : DB.6.0.150
2026-04-08 16:39:08,263 [INFO] OpenFileManager:355 - Change cursor
2026-04-08 16:39:08,417 [INFO] Mcu:2029 - Initializing MCU STM32L432K(B-C)Ux STM32L432KCUx STM32L432KCU3
2026-04-08 16:39:09,946 [INFO] Context:786 - Trying to add GPIOservice into a context  which must be forbidden
2026-04-08 16:39:10,982 [INFO] ImportTextPane:234 - (OptionalMessage_ERROR) Pin9 (VP_RIF_VS_RIF1) cannot be retrieved for this MCU
2026-04-08 16:39:11,240 [INFO] RtosManager:558 - Registered RTOS mode: class=CMSIS, group=RTOS, mode=CMSIS_V1, owner=FREERTOS
2026-04-08 16:39:11,241 [INFO] RtosManager:558 - Registered RTOS mode: class=CMSIS, group=RTOS2, mode=CMSIS_V2, owner=FREERTOS
2026-04-08 16:39:11,242 [INFO] RtosManager:558 - Registered RTOS mode: class=RTOS, group=Core, mode=CMSIS_V1, owner=FREERTOS
2026-04-08 16:39:11,242 [INFO] RtosManager:558 - Registered RTOS mode: class=RTOS, group=Core, mode=CMSIS_V2, owner=FREERTOS
2026-04-08 16:39:11,242 [WARN] ModelIntegratedComponent:184 - Missing modes for component STMicroelectronics:FreeRTOS:0.0.1:STMicroelectronics:RTOS:FreeRTOS:Core:::10.2.0:
2026-04-08 16:39:11,281 [WARN] ModelIntegratedComponent:63 - No mode defined for component null
2026-04-08 16:39:11,281 [WARN] ModelIntegratedComponent:63 - No mode defined for component null
2026-04-08 16:39:11,281 [WARN] ModelIntegratedComponent:63 - No mode defined for component null
2026-04-08 16:39:11,281 [WARN] ModelIntegratedComponent:63 - No mode defined for component null
2026-04-08 16:39:11,281 [WARN] ModelIntegratedComponent:63 - No mode defined for component null
2026-04-08 16:39:11,281 [WARN] ModelIntegratedComponent:63 - No mode defined for component null
2026-04-08 16:39:11,281 [WARN] ModelIntegratedComponent:63 - No mode defined for component null
2026-04-08 16:39:11,281 [WARN] ModelIntegratedComponent:63 - No mode defined for component null
2026-04-08 16:39:11,281 [WARN] ModelIntegratedComponent:63 - No mode defined for component null
2026-04-08 16:39:11,281 [WARN] ModelIntegratedComponent:63 - No mode defined for component null
2026-04-08 16:39:11,281 [WARN] ModelIntegratedComponent:63 - No mode defined for component null
2026-04-08 16:39:11,281 [WARN] ModelIntegratedComponent:63 - No mode defined for component null
2026-04-08 16:39:11,282 [WARN] ModelIntegratedComponent:63 - No mode defined for component null
2026-04-08 16:39:11,282 [WARN] ModelIntegratedComponent:63 - No mode defined for component null
2026-04-08 16:39:11,282 [WARN] ModelIntegratedComponent:63 - No mode defined for component null
2026-04-08 16:39:11,282 [WARN] ModelIntegratedComponent:63 - No mode defined for component null
2026-04-08 16:39:11,282 [WARN] ModelIntegratedComponent:63 - No mode defined for component null
2026-04-08 16:39:11,282 [WARN] ModelIntegratedComponent:63 - No mode defined for component null
2026-04-08 16:39:11,282 [WARN] ModelIntegratedComponent:63 - No mode defined for component null
2026-04-08 16:39:11,282 [WARN] ModelIntegratedComponent:63 - No mode defined for component null
2026-04-08 16:39:11,282 [WARN] ModelIntegratedComponent:63 - No mode defined for component null
2026-04-08 16:39:11,282 [WARN] ModelIntegratedComponent:63 - No mode defined for component null
2026-04-08 16:39:11,282 [WARN] ModelIntegratedComponent:63 - No mode defined for component null
2026-04-08 16:39:11,282 [WARN] ModelIntegratedComponent:63 - No mode defined for component null
2026-04-08 16:39:11,282 [WARN] ModelIntegratedComponent:63 - No mode defined for component null
2026-04-08 16:39:11,282 [WARN] ModelIntegratedComponent:63 - No mode defined for component null
2026-04-08 16:39:11,282 [WARN] ModelIntegratedComponent:63 - No mode defined for component null
2026-04-08 16:39:11,282 [WARN] ModelIntegratedComponent:63 - No mode defined for component null
2026-04-08 16:39:11,282 [WARN] ModelIntegratedComponent:63 - No mode defined for component null
2026-04-08 16:39:11,282 [WARN] ModelIntegratedComponent:63 - No mode defined for component null
2026-04-08 16:39:11,282 [WARN] ModelIntegratedComponent:63 - No mode defined for component null
2026-04-08 16:39:11,282 [WARN] ModelIntegratedComponent:63 - No mode defined for component null
2026-04-08 16:39:11,282 [WARN] ModelIntegratedComponent:63 - No mode defined for component null
2026-04-08 16:39:11,282 [WARN] ModelIntegratedComponent:63 - No mode defined for component null
2026-04-08 16:39:11,282 [WARN] ModelIntegratedComponent:63 - No mode defined for component null
2026-04-08 16:39:11,282 [WARN] ModelPack:524 - Component already loaded: STMicroelectronics:HAL Drivers:0.0.0:STMicroelectronics:Device:STMicro_Driver:XSPI:HAL::0.0.1:HAL_XSPI
2026-04-08 16:39:11,321 [INFO] ThirdPartyModel:298 - Start build external matchings
2026-04-08 16:39:11,382 [INFO] ThirdPartyModel:316 - End build external matchings
2026-04-08 16:39:11,400 [INFO] ImportTextPane:234 - (OptionalMessage_ERROR) IP (RCC) : Invalid parameter (48CLKFreq_Value)
2026-04-08 16:39:11,400 [INFO] ImportTextPane:234 - (OptionalMessage_ERROR) IP (RCC) : Invalid parameter (FamilyName)
2026-04-08 16:39:11,403 [INFO] ImportTextPane:234 - (OptionalMessage_ERROR) IP (RCC) : Invalid parameter (HSI16_VALUE)
2026-04-08 16:39:11,403 [INFO] ImportTextPane:234 - (OptionalMessage_ERROR) IP (RCC) : Invalid parameter (LPTIMFreq_Value)
2026-04-08 16:39:11,403 [INFO] ImportTextPane:234 - (OptionalMessage_ERROR) IP (RCC) : Invalid parameter (LPUARTFreq_Value)
2026-04-08 16:39:11,403 [INFO] ImportTextPane:234 - (OptionalMessage_ERROR) IP (RCC) : Invalid parameter (MCOPinFreq_Value)
2026-04-08 16:39:11,403 [INFO] ImportTextPane:234 - (OptionalMessage_ERROR) IP (RCC) : Invalid parameter (PLLCLKFreq_Value)
2026-04-08 16:39:11,403 [INFO] ImportTextPane:234 - (OptionalMessage_ERROR) IP (RCC) : Invalid parameter (PLLMUL)
2026-04-08 16:39:11,407 [INFO] ImportTextPane:234 - (OptionalMessage_ERROR) IP (RCC) : Invalid parameter (RTCHSEDivFreq_Value)
2026-04-08 16:39:11,407 [INFO] ImportTextPane:234 - (OptionalMessage_ERROR) IP (RCC) : Invalid parameter (TIMFreq_Value)
2026-04-08 16:39:11,407 [INFO] ImportTextPane:234 - (OptionalMessage_ERROR) IP (RCC) : Invalid parameter (TimerFreq_Value)
2026-04-08 16:39:12,554 [INFO] ApiDb:581 - Connected to CubeFinder SQLite database (/Users/cristianpetramale/.stmcufinder/plugins/mcufinder/mcu/cube-finder-db.db)
2026-04-08 16:39:12,601 [INFO] ApiDb:668 - CubeFinder database Data Model version=2.1
2026-04-08 16:39:12,601 [INFO] ApiDb:669 - CubeFinder database Configuration version=3.0.42
2026-04-08 16:39:12,603 [INFO] ApiDb:670 - CubeFinder database generation date=2026-03-11 (1773229989)
2026-04-08 16:39:12,603 [INFO] ApiDb:671 - CubeFinder database FW Pack versions=[FP-ATR-ASTRA1_V2.0.0, FP-SNS-FLIGHT1_V5.1.0, FP-SNS-MOTENV1_V5.1.0, FP-SNS-MOTENVWB1_V1.5.0, FP-SNS-SMARTAG2_V1.2.0, FP-SNS-STBOX1_V2.1.0, STM32Cube_FW_C0_V1.4.0, STM32Cube_FW_F4_V1.28.3, STM32Cube_FW_F7_V1.17.4, STM32Cube_FW_G0_V1.6.3, STM32Cube_FW_G4_V1.6.2, STM32Cube_FW_H5_V1.6.0, STM32Cube_FW_H7RS_V1.3.0, STM32Cube_FW_H7_V1.13.0, STM32Cube_FW_L0_V1.12.2, STM32Cube_FW_L4_V1.18.2, STM32Cube_FW_L5_V1.6.0, STM32Cube_FW_N6_V1.3.0, STM32Cube_FW_U0_V1.3.0, STM32Cube_FW_U3_V1.3.0, STM32Cube_FW_U5_V1.8.0, STM32Cube_FW_WB0_V1.4.0, STM32Cube_FW_WBA_V1.9.0, STM32Cube_FW_WB_V1.24.0, STM32Cube_FW_WL3_V1.4.0, STM32Cube_FW_WL_V1.5.0, X-CUBE-ALGOBUILD_V1.4.0, X-CUBE-ALS_V1.0.2, X-CUBE-AZRTOS-F4_V1.1.0, X-CUBE-AZRTOS-F7_V1.1.0, X-CUBE-AZRTOS-G0_V1.1.0, X-CUBE-AZRTOS-G4_V2.0.0, X-CUBE-AZRTOS-H7RS_V1.1.0, X-CUBE-AZRTOS-H7_V3.4.0, X-CUBE-AZRTOS-L4_V2.0.0, X-CUBE-AZRTOS-L5_V2.0.0, X-CUBE-AZRTOS-WB_V2.0.0, X-CUBE-AZRTOS-WL_V2.0.0, X-CUBE-BLE1_V7.1.0, X-CUBE-BLE2_V3.3.0, X-CUBE-BLEMGR_V4.1.0, X-CUBE-EEPRMA1_V5.2.0, X-CUBE-FREERTOS_V1.5.0, X-CUBE-GNSS1_V6.0.0, X-CUBE-MEMS1_V12.0.0, X-CUBE-NFC4_V3.0.0, X-CUBE-NFC7_V2.0.0, X-CUBE-SFXS2LP1_V4.0.0, X-CUBE-ST67W61_V1.2.0, X-CUBE-SUBG2_V5.0.0, X-CUBE-TOF1_V3.4.3]
2026-04-08 16:39:12,675 [INFO] DbBoardsSqlite:226 - include board P-NUCLEO-WB55-NUCLEO as a kit item of type 'Nucleo-64'
2026-04-08 16:39:12,676 [INFO] DbBoardsSqlite:226 - include board P-NUCLEO-WB55-USBDONGLE as a kit item of type 'Nucleo USB Dongle'
2026-04-08 16:39:12,676 [INFO] DbBoardsSqlite:226 - include board STEVAL-IDP005V1 as a kit item of type 'Evaluation Board'
2026-04-08 16:39:12,677 [INFO] DbBoardsSqlite:226 - include board STEVAL-IDP005V2 as a kit item of type 'Evaluation Board'
2026-04-08 16:39:12,768 [INFO] ApiDb:240 - Found 880 in-development CPN: [B-G473E-ZEST1S, B-WB1M-WPAN1, B-WBA5M-WPAN, B-WL5M-SUBG1, NUCLEO-C031C6, NUCLEO-C051C8, NUCLEO-C071RB, NUCLEO-C092RC, NUCLEO-H503RB, NUCLEO-H533RE, NUCLEO-H563ZI, NUCLEO-H7S3L8, NUCLEO-N657X0-Q, NUCLEO-U031R8, NUCLEO-U083RC, NUCLEO-U385RG-Q, NUCLEO-U545RE-Q, NUCLEO-U5A5ZJ-Q, NUCLEO-WB05KZ, NUCLEO-WB07CC, NUCLEO-WB09KE, NUCLEO-WBA52CG, NUCLEO-WBA55CG, NUCLEO-WL33CC1, NUCLEO-WL33CC2, STEVAL-PROTEUS1, STEVAL-SMARTAG2, STEVAL-STWINBX1, STM320518-EVAL, STM32C0116-DK, STM32C011D6Y3TR, STM32C011D6Y6TR, STM32C011F4P3, STM32C011F4P6, STM32C011F4U3, STM32C011F4U6TR, STM32C011F6P3, STM32C011F6P6, STM32C011F6U3, STM32C011F6U6TR, STM32C011J4M3, STM32C011J4M6, STM32C011J6M3, STM32C011J6M6, STM32C0316-DK, STM32C031C4T3, STM32C031C4T6, STM32C031C4U3, STM32C031C4U6, STM32C031C6T3, STM32C031C6T6, STM32C031C6U3, STM32C031C6U6, STM32C031F4P3, STM32C031F4P6, STM32C031F6P3, STM32C031F6P6, STM32C031G4U3, STM32C031G4U6, STM32C031G6U3, STM32C031G6U6, STM32C031K4T3, STM32C031K4T6, STM32C031K4U3, STM32C031K4U6, STM32C031K6T3, STM32C031K6T6, STM32C031K6U3, STM32C031K6U6, STM32C051C6T6, STM32C051C6U6, STM32C051C8T6, STM32C051C8U6, STM32C051D8Y6TR, STM32C051F6P6, STM32C051F8P6, STM32C051G6U6, STM32C051G8U6, STM32C051K6T6, STM32C051K6U6, STM32C051K8T6, STM32C071C8T6, STM32C071C8T6N, STM32C071C8U6, STM32C071C8U6N, STM32C071CBT6, STM32C071CBT6N, STM32C071CBU6, STM32C071CBU6N, STM32C071F8P6, STM32C071F8P6N, STM32C071FBP6, STM32C071FBP6N, STM32C071FBY6TR, STM32C071G8U6, STM32C071G8U6N, STM32C071GBU6, STM32C071GBU6N, STM32C071K8T6, STM32C071K8T6N, STM32C071K8U6, STM32C071K8U6N, STM32C071KBT6, STM32C071KBT6N, STM32C071KBU6, STM32C071KBU6N, STM32C071R8T6, STM32C071R8T6N, STM32C071RBI6N, STM32C071RBT6, STM32C071RBT6N, STM32C091CBT6, STM32C091CBU6, STM32C091CCT6, STM32C091CCU6, STM32C091ECY6TR, STM32C091FBP6, STM32C091FCP6, STM32C091GBU6, STM32C091GCU6, STM32C091KBT6, STM32C091KBU6, STM32C091KCT6, STM32C091KCU6, STM32C091RBT6, STM32C091RCI6, STM32C091RCT6, STM32C092CBT6, STM32C092CBU6, STM32C092CCT6, STM32C092CCU6, STM32C092ECY6TR, STM32C092FBP6, STM32C092FCP6, STM32C092GBU6, STM32C092GCU6, STM32C092KBT6, STM32C092KBU6, STM32C092KCT6, STM32C092KCU6, STM32C092RBT6, STM32C092RCI6, STM32C092RCT6, STM32G071K8TXN, STM32G071K8UXN, STM32G081GBU6N, STM32G081KBT6N, STM32G081KBUXN, STM32G0B1CCT6N, STM32G0B1KCT6, STM32G0B1NEY6TR, STM32G0B1RCT6N, STM32G0C1CCT6, STM32G0C1CCT6N, STM32G0C1CCU6N, STM32G0C1CET6N, STM32G0C1CEU6N, STM32G0C1KCT6, STM32G0C1NEY6TR, STM32G0C1RCI6N, STM32G0C1RCT6N, STM32G0C1REI6N, STM32G0C1RET6N, STM32G0C1VCI6, STM32G0C1VEI6, STM32G411C6T3, STM32G411C6T6, STM32G411C6U3, STM32G411C6U6, STM32G411C8T3, STM32G411C8T6, STM32G411C8U3, STM32G411C8U6, STM32G411CBT3, STM32G411CBT6, STM32G411CBU3, STM32G411CBU6, STM32G411K6T3, STM32G411K6T6, STM32G411K6U3, STM32G411K6U6, STM32G411K8T3, STM32G411K8T6, STM32G411K8U3, STM32G411K8U6, STM32G411KBT3, STM32G411KBT6, STM32G411KBU3, STM32G411KBU6, STM32G411M6T3, STM32G411M6T6, STM32G411M8T3, STM32G411M8T6, STM32G411MBT3, STM32G411MBT6, STM32G411R6T3, STM32G411R6T6, STM32G411R8T3, STM32G411R8T6, STM32G411RBT3, STM32G411RBT6, STM32G414CBT3, STM32G414CBT6, STM32G414CBU3, STM32G414CBU6, STM32G414CCT3, STM32G414CCT6, STM32G414CCU3, STM32G414CCU6, STM32G414MBT3, STM32G414MBT6, STM32G414MCT3, STM32G414MCT6, STM32G414RBT3, STM32G414RBT6, STM32G414RCT3, STM32G414RCT6, STM32G414VBT3, STM32G414VBT6, STM32G414VCT3, STM32G414VCT6, STM32G431CBT3Z, STM32G431RBT3Z, STM32G471CCT6, STM32G471CCU6, STM32G471CET3, STM32G471CET6, STM32G471CEU3, STM32G471CEU6, STM32G471MCT6, STM32G471MET3, STM32G471MET6, STM32G471MEY6TR, STM32G471QCT6, STM32G471QET3, STM32G471RCT6, STM32G471RET3, STM32G471RET6, STM32G471VCH6, STM32G471VCI6, STM32G471VCT6, STM32G471VEH3, STM32G471VEH6, STM32G471VEI3, STM32G471VEI6, STM32G471VET3, STM32G471VET6, STM32G473QET3Z, STM32G473RET3Z, STM32G474CCT6, STM32G491RET3Z, STM32H503CBT6, STM32H503CBU6, STM32H503EBY6TR, STM32H503KBU6, STM32H503RBT6, STM32H523CCT6, STM32H523CCU6, STM32H523CET6, STM32H523CEU6, STM32H523HEY6TR, STM32H523RCT6, STM32H523RET6, STM32H523VCI6, STM32H523VCT6, STM32H523VEI6, STM32H523VET6, STM32H523ZCJ6, STM32H523ZCT6, STM32H523ZEJ6, STM32H523ZET6, STM32H533CET6, STM32H533CEU6, STM32H533HEY6TR, STM32H533RET6, STM32H533VEI6, STM32H533VET6, STM32H533ZEJ6, STM32H533ZET6, STM32H562AGI6, STM32H562AII6, STM32H562IGK6, STM32H562IGT6, STM32H562IIK6, STM32H562IIT6, STM32H562RGT6, STM32H562RGV6, STM32H562RIT6, STM32H562RIV6, STM32H562VGT6, STM32H562VIT6, STM32H562ZGT6, STM32H562ZIT6, STM32H563AGI6, STM32H563AII3Q, STM32H563AII6, STM32H563IGK6, STM32H563IGT6, STM32H563IIK3Q, STM32H563IIK6, STM32H563IIT3Q, STM32H563IIT6, STM32H563MIY3QTR, STM32H563RGT6, STM32H563RGV6, STM32H563RIT6, STM32H563RIV6, STM32H563VGT6, STM32H563VIT3Q, STM32H563VIT6, STM32H563ZGT6, STM32H563ZIT3Q, STM32H563ZIT6, STM32H573AII3Q, STM32H573AII6, STM32H573I-DK, STM32H573IIK3Q, STM32H573IIK6, STM32H573IIT3Q, STM32H573IIT6, STM32H573MIY3QTR, STM32H573RIT6, STM32H573RIV6, STM32H573VIT3Q, STM32H573VIT6, STM32H573ZIT3Q, STM32H573ZIT6, STM32H7R3A8I6, STM32H7R3I8K6, STM32H7R3I8T6, STM32H7R3L8H6, STM32H7R3L8H6H, STM32H7R3R8V6, STM32H7R3V8H6, STM32H7R3V8T6, STM32H7R3V8Y6TR, STM32H7R3Z8J6, STM32H7R3Z8T6, STM32H7R7A8I6, STM32H7R7I8K6, STM32H7R7I8T6, STM32H7R7L8H6, STM32H7R7L8H6H, STM32H7R7Z8J6, STM32H7S3A8I6, STM32H7S3I8K6, STM32H7S3I8T6, STM32H7S3L8H6, STM32H7S3L8H6H, STM32H7S3R8V6, STM32H7S3V8H6, STM32H7S3V8T6, STM32H7S3V8Y6TR, STM32H7S3Z8J6, STM32H7S3Z8T6, STM32H7S78-DK, STM32H7S7A8I6, STM32H7S7I8K6, STM32H7S7I8T6, STM32H7S7L8H6, STM32H7S7L8H6H, STM32H7S7Z8J6, STM32L4R5QGI6STR, STM32MP131AAE3, STM32MP131AAF3, STM32MP131AAG3, STM32MP131CAE3, STM32MP131CAF3, STM32MP131CAG3, STM32MP131DAE7, STM32MP131DAF7, STM32MP131DAG7, STM32MP131FAE7, STM32MP131FAF7, STM32MP131FAG7, STM32MP133AAE3, STM32MP133AAF3, STM32MP133AAG3, STM32MP133CAE3, STM32MP133CAF3, STM32MP133CAG3, STM32MP133DAE7, STM32MP133DAF7, STM32MP133DAG7, STM32MP133FAE7, STM32MP133FAF7, STM32MP133FAG7, STM32MP135AAE3, STM32MP135AAF3, STM32MP135AAG3, STM32MP135CAE3, STM32MP135CAF3, STM32MP135CAG3, STM32MP135DAE7, STM32MP135DAF7, STM32MP135DAG7, STM32MP135F-DK, STM32MP135FAE7, STM32MP135FAF7, STM32MP135FAF7T, STM32MP135FAF7U, STM32MP135FAG7, STM32MP211AAL3, STM32MP211AAM3, STM32MP211AAN3, STM32MP211AAO3, STM32MP211CAL3, STM32MP211CAM3, STM32MP211CAN3, STM32MP211CAO3, STM32MP211DAL3, STM32MP211DAM3, STM32MP211DAN3, STM32MP211DAO3, STM32MP211FAL3, STM32MP211FAM3, STM32MP211FAN3, STM32MP211FAO3, STM32MP213AAL3, STM32MP213AAM3, STM32MP213AAN3, STM32MP213AAO3, STM32MP213CAL3, STM32MP213CAM3, STM32MP213CAN3, STM32MP213CAO3, STM32MP213DAL3, STM32MP213DAM3, STM32MP213DAN3, STM32MP213DAO3, STM32MP213FAL3, STM32MP213FAM3, STM32MP213FAN3, STM32MP213FAO3, STM32MP215AAL3, STM32MP215AAM3, STM32MP215AAN3, STM32MP215AAO3, STM32MP215CAL3, STM32MP215CAM3, STM32MP215CAN3, STM32MP215CAO3, STM32MP215DAL3, STM32MP215DAM3, STM32MP215DAN3, STM32MP215DAO3, STM32MP215F-DK, STM32MP215FAL3, STM32MP215FAM3, STM32MP215FAN3, STM32MP215FAO3, STM32MP231AAJ3, STM32MP231AAK3, STM32MP231AAL3, STM32MP231CAJ3, STM32MP231CAK3, STM32MP231CAL3, STM32MP231DAJ3, STM32MP231DAK3, STM32MP231DAL3, STM32MP231FAJ3, STM32MP231FAK3, STM32MP231FAL3, STM32MP233AAJ3, STM32MP233AAK3, STM32MP233AAL3, STM32MP233CAJ3, STM32MP233CAK3, STM32MP233CAL3, STM32MP233DAJ3, STM32MP233DAK3, STM32MP233DAL3, STM32MP233FAJ3, STM32MP233FAK3, STM32MP233FAL3, STM32MP235AAJ3, STM32MP235AAK3, STM32MP235AAL3, STM32MP235CAJ3, STM32MP235CAK3, STM32MP235CAL3, STM32MP235DAJ3, STM32MP235DAK3, STM32MP235DAL3, STM32MP235FAJ3, STM32MP235FAK3, STM32MP235FAL3, STM32MP251AAI3, STM32MP251AAK3, STM32MP251AAL3, STM32MP251CAI3, STM32MP251CAK3, STM32MP251CAL3, STM32MP251DAI3, STM32MP251DAK3, STM32MP251DAL3, STM32MP251FAI3, STM32MP251FAK3, STM32MP251FAL3, STM32MP253AAI3, STM32MP253AAK3, STM32MP253AAL3, STM32MP253CAI3, STM32MP253CAK3, STM32MP253CAL3, STM32MP253DAI3, STM32MP253DAK3, STM32MP253DAL3, STM32MP253FAI3, STM32MP253FAK3, STM32MP253FAL3, STM32MP255AAI3, STM32MP255AAK3, STM32MP255AAL3, STM32MP255CAI3, STM32MP255CAK3, STM32MP255CAL3, STM32MP255DAI3, STM32MP255DAK3, STM32MP255DAL3, STM32MP255FAI3, STM32MP255FAK3, STM32MP255FAL3, STM32MP257AAI3, STM32MP257AAK3, STM32MP257AAL3, STM32MP257CAI3, STM32MP257CAK3, STM32MP257CAL3, STM32MP257DAI3, STM32MP257DAK3, STM32MP257DAL3, STM32MP257F-DK, STM32MP257F-EV1, STM32MP257FAI3, STM32MP257FAK3, STM32MP257FAL3, STM32N645A0H3Q, STM32N645B0H3Q, STM32N645I0H3Q, STM32N645L0H3Q, STM32N645X0H3Q, STM32N645Z0H3Q, STM32N647A0H3Q, STM32N647B0H3Q, STM32N647I0H3Q, STM32N647L0H3Q, STM32N647X0H3Q, STM32N647Z0H3Q, STM32N655A0H3Q, STM32N655B0H3Q, STM32N655I0H3Q, STM32N655L0H3Q, STM32N655X0H3Q, STM32N655Z0H3Q, STM32N6570-DK, STM32N657A0H3Q, STM32N657B0H3Q, STM32N657I0H3Q, STM32N657L0H3Q, STM32N657X0H3Q, STM32N657Z0H3Q, STM32U031C6T6, STM32U031C6U6, STM32U031C8T6, STM32U031C8U6, STM32U031F4P6, STM32U031F6P6, STM32U031F8P6, STM32U031G6Y6TR, STM32U031G8Y6TR, STM32U031K4U6, STM32U031K6U6, STM32U031K8U6, STM32U031R6I6, STM32U031R6T6, STM32U031R8I6, STM32U031R8T6, STM32U073C8T6, STM32U073C8U6, STM32U073CBT6, STM32U073CBU6, STM32U073CCT6, STM32U073CCU6, STM32U073H8Y6TR, STM32U073HBY6TR, STM32U073HCY6TR, STM32U073K8U6, STM32U073KBU6, STM32U073KCU6, STM32U073M8I6, STM32U073M8T6, STM32U073MBI6, STM32U073MBT6, STM32U073MCI6, STM32U073MCT6, STM32U073R8I6, STM32U073R8T6, STM32U073RBI6, STM32U073RBT6, STM32U073RCI6, STM32U073RCT6, STM32U083C-DK, STM32U083CCT6, STM32U083CCU6, STM32U083HCY6TR, STM32U083KCU6, STM32U083MCI6, STM32U083MCT6, STM32U083RCI6, STM32U083RCT6, STM32U375CET6, STM32U375CET6Q, STM32U375CEU6, STM32U375CEU6Q, STM32U375CEY6QTR, STM32U375CGT6, STM32U375CGT6Q, STM32U375CGU6, STM32U375CGU6Q, STM32U375CGY6QTR, STM32U375KEU6, STM32U375KGU6, STM32U375REI6, STM32U375REI6Q, STM32U375RET6, STM32U375RET6Q, STM32U375REY6GTR, STM32U375REY6QTR, STM32U375RGI6, STM32U375RGI6Q, STM32U375RGT6, STM32U375RGT6Q, STM32U375RGY6GTR, STM32U375RGY6QTR, STM32U375VEI6, STM32U375VEI6Q, STM32U375VET6, STM32U375VET6Q, STM32U375VGI6, STM32U375VGI6Q, STM32U375VGT6, STM32U375VGT6Q, STM32U385CGT6, STM32U385CGT6Q, STM32U385CGU6, STM32U385CGU6Q, STM32U385CGY6QTR, STM32U385KGU6, STM32U385RGI6, STM32U385RGI6Q, STM32U385RGT6, STM32U385RGT6Q, STM32U385RGY6GTR, STM32U385RGY6QTR, STM32U385VGI6, STM32U385VGI6Q, STM32U385VGT6, STM32U385VGT6Q, STM32U535CBT6, STM32U535CBT6Q, STM32U535CBU6, STM32U535CBU6Q, STM32U535CCT6, STM32U535CCT6Q, STM32U535CCU6, STM32U535CCU6Q, STM32U535CET6, STM32U535CET6Q, STM32U535CEU6, STM32U535CEU6Q, STM32U535JEY6QTR, STM32U535NCY6QTR, STM32U535NEY6QTR, STM32U535RBI6, STM32U535RBI6Q, STM32U535RBT6, STM32U535RBT6Q, STM32U535RCI6, STM32U535RCI6Q, STM32U535RCT6, STM32U535RCT6Q, STM32U535REI6, STM32U535REI6Q, STM32U535RET6, STM32U535RET6Q, STM32U535VCI6, STM32U535VCI6Q, STM32U535VCT6, STM32U535VCT6Q, STM32U535VEI6, STM32U535VEI6Q, STM32U535VET6, STM32U535VET6Q, STM32U545CET6, STM32U545CET6Q, STM32U545CEU6, STM32U545CEU6Q, STM32U545JEY6QTR, STM32U545NEY6QTR, STM32U545REI6, STM32U545REI6Q, STM32U545RET6, STM32U545RET6Q, STM32U545VEI6, STM32U545VEI6Q, STM32U545VET6, STM32U545VET6Q, STM32U595AIH6, STM32U595AIH6Q, STM32U595AJH6, STM32U595AJH6Q, STM32U595QII6, STM32U595QII6Q, STM32U595QJI6, STM32U595QJI6Q, STM32U595RIT6, STM32U595RIT6Q, STM32U595RJT6, STM32U595RJT6Q, STM32U595VIT6, STM32U595VIT6Q, STM32U595VJT6, STM32U595VJT6Q, STM32U595ZIT6, STM32U595ZIT6Q, STM32U595ZIY6QTR, STM32U595ZJT6, STM32U595ZJT6Q, STM32U595ZJY6QTR, STM32U599BJY6QTR, STM32U599NIH6Q, STM32U599NJH6Q, STM32U599VIT6Q, STM32U599VJT6, STM32U599VJT6Q, STM32U599ZIT6Q, STM32U599ZIY6QTR, STM32U599ZJT6Q, STM32U599ZJY6QTR, STM32U5A5AJH6, STM32U5A5AJH6Q, STM32U5A5QII3Q , STM32U5A5QJI6, STM32U5A5QJI6Q, STM32U5A5RJT6, STM32U5A5RJT6Q, STM32U5A5VJT6, STM32U5A5VJT6Q, STM32U5A5ZJT6, STM32U5A5ZJT6Q, STM32U5A5ZJY6QTR, STM32U5A9BJY6QTR, STM32U5A9J-DK, STM32U5A9NJH6Q, STM32U5A9VJT6Q, STM32U5A9ZJT6Q, STM32U5A9ZJY6QTR, STM32U5F7VIT6, STM32U5F7VIT6Q, STM32U5F7VJT6, STM32U5F7VJT6Q, STM32U5F9BJY6QTR, STM32U5F9NJH6Q, STM32U5F9VIT6Q, STM32U5F9VJT6Q, STM32U5F9ZIJ6QTR, STM32U5F9ZIT6Q, STM32U5F9ZJJ6QTR, STM32U5F9ZJT6Q, STM32U5G7VJT6, STM32U5G7VJT6Q, STM32U5G9BJY6QTR, STM32U5G9J-DK1, STM32U5G9J-DK2, STM32U5G9NJH6Q, STM32U5G9VJT6Q, STM32U5G9ZJJ6QTR, STM32U5G9ZJT6Q, STM32WB05KZV6TR, STM32WB05KZV7TR, STM32WB05TZF6TR, STM32WB05TZF7TR, STM32WB06CCF6TR, STM32WB06CCF7TR, STM32WB06CCV6TR, STM32WB06CCV7TR, STM32WB06KCV6TR, STM32WB06KCV7TR, STM32WB07CCF6TR, STM32WB07CCF7TR, STM32WB07CCV6TR, STM32WB07CCV7TR, STM32WB07KCV6TR, STM32WB07KCV7TR, STM32WB09KEV6TR, STM32WB09KEV7TR, STM32WB09TEF6TR, STM32WB09TEF7TR, STM32WB1MMCH6, STM32WBA50KGU6, STM32WBA50KGU6TR, STM32WBA52CEU6, STM32WBA52CEU6TR, STM32WBA52CEU7, STM32WBA52CEU7TR, STM32WBA52CGU6, STM32WBA52CGU6TR, STM32WBA52CGU6U, STM32WBA52CGU7, STM32WBA52CGU7TR, STM32WBA52KEU6, STM32WBA52KEU6TR, STM32WBA52KGU6, STM32WBA52KGU6TR, STM32WBA54CEU6, STM32WBA54CEU6TR, STM32WBA54CEU7, STM32WBA54CEU7TR, STM32WBA54CGU6, STM32WBA54CGU6TR, STM32WBA54CGU7, STM32WBA54CGU7TR, STM32WBA54KEU6, STM32WBA54KEU6TR, STM32WBA54KEU7, STM32WBA54KEU7TR, STM32WBA54KGU6, STM32WBA54KGU6TR, STM32WBA54KGU7, STM32WBA54KGU7TR, STM32WBA55CEU6, STM32WBA55CEU6TR, STM32WBA55CEU7, STM32WBA55CEU7TR, STM32WBA55CGU6, STM32WBA55CGU6TR, STM32WBA55CGU6U, STM32WBA55CGU7, STM32WBA55CGU7TR, STM32WBA55G-DK1, STM32WBA55HEF6, STM32WBA55HEF7, STM32WBA55HGF6, STM32WBA55HGF7, STM32WBA55UEI6, STM32WBA55UEI6TR, STM32WBA55UEI7, STM32WBA55UEI7TR, STM32WBA55UGI6, STM32WBA55UGI6TR, STM32WBA55UGI7, STM32WBA55UGI7TR, STM32WBA5MMGH6TR, STM32WBA62MGF6, STM32WBA62MIF6, STM32WBA65MGF7, STM32WBA65MIF6, STM32WBA65MIF7, STM32WL30K8V6, STM32WL30KBV6, STM32WL31C8V6, STM32WL31CBV6, STM32WL31K8V6, STM32WL31KBV6, STM32WL33C8V6, STM32WL33C8V6X, STM32WL33CBV6, STM32WL33CBV6X, STM32WL33CCV6, STM32WL33CCV6A, STM32WL33CCV6X, STM32WL33K8V7, STM32WL33K8V7X, STM32WL33KBV7 , STM32WL33KBV7X, STM32WL33KCV7, STM32WL33KCV7X, STM32WL5MOCH6, STM32WL5MOCH6TR]
2026-04-08 16:39:12,773 [INFO] ApiDb:668 - CubeFinder database Data Model version=2.1
2026-04-08 16:39:12,773 [INFO] ApiDb:669 - CubeFinder database Configuration version=3.0.42
2026-04-08 16:39:12,773 [INFO] ApiDb:670 - CubeFinder database generation date=2026-03-11 (1773229989)
2026-04-08 16:39:12,773 [INFO] ApiDb:671 - CubeFinder database FW Pack versions=[FP-ATR-ASTRA1_V2.0.0, FP-SNS-FLIGHT1_V5.1.0, FP-SNS-MOTENV1_V5.1.0, FP-SNS-MOTENVWB1_V1.5.0, FP-SNS-SMARTAG2_V1.2.0, FP-SNS-STBOX1_V2.1.0, STM32Cube_FW_C0_V1.4.0, STM32Cube_FW_F4_V1.28.3, STM32Cube_FW_F7_V1.17.4, STM32Cube_FW_G0_V1.6.3, STM32Cube_FW_G4_V1.6.2, STM32Cube_FW_H5_V1.6.0, STM32Cube_FW_H7RS_V1.3.0, STM32Cube_FW_H7_V1.13.0, STM32Cube_FW_L0_V1.12.2, STM32Cube_FW_L4_V1.18.2, STM32Cube_FW_L5_V1.6.0, STM32Cube_FW_N6_V1.3.0, STM32Cube_FW_U0_V1.3.0, STM32Cube_FW_U3_V1.3.0, STM32Cube_FW_U5_V1.8.0, STM32Cube_FW_WB0_V1.4.0, STM32Cube_FW_WBA_V1.9.0, STM32Cube_FW_WB_V1.24.0, STM32Cube_FW_WL3_V1.4.0, STM32Cube_FW_WL_V1.5.0, X-CUBE-ALGOBUILD_V1.4.0, X-CUBE-ALS_V1.0.2, X-CUBE-AZRTOS-F4_V1.1.0, X-CUBE-AZRTOS-F7_V1.1.0, X-CUBE-AZRTOS-G0_V1.1.0, X-CUBE-AZRTOS-G4_V2.0.0, X-CUBE-AZRTOS-H7RS_V1.1.0, X-CUBE-AZRTOS-H7_V3.4.0, X-CUBE-AZRTOS-L4_V2.0.0, X-CUBE-AZRTOS-L5_V2.0.0, X-CUBE-AZRTOS-WB_V2.0.0, X-CUBE-AZRTOS-WL_V2.0.0, X-CUBE-BLE1_V7.1.0, X-CUBE-BLE2_V3.3.0, X-CUBE-BLEMGR_V4.1.0, X-CUBE-EEPRMA1_V5.2.0, X-CUBE-FREERTOS_V1.5.0, X-CUBE-GNSS1_V6.0.0, X-CUBE-MEMS1_V12.0.0, X-CUBE-NFC4_V3.0.0, X-CUBE-NFC7_V2.0.0, X-CUBE-SFXS2LP1_V4.0.0, X-CUBE-ST67W61_V1.2.0, X-CUBE-SUBG2_V5.0.0, X-CUBE-TOF1_V3.4.3]
2026-04-08 16:39:14,420 [INFO] ApiDb:240 - Found 880 in-development CPN: [B-G473E-ZEST1S, B-WB1M-WPAN1, B-WBA5M-WPAN, B-WL5M-SUBG1, NUCLEO-C031C6, NUCLEO-C051C8, NUCLEO-C071RB, NUCLEO-C092RC, NUCLEO-H503RB, NUCLEO-H533RE, NUCLEO-H563ZI, NUCLEO-H7S3L8, NUCLEO-N657X0-Q, NUCLEO-U031R8, NUCLEO-U083RC, NUCLEO-U385RG-Q, NUCLEO-U545RE-Q, NUCLEO-U5A5ZJ-Q, NUCLEO-WB05KZ, NUCLEO-WB07CC, NUCLEO-WB09KE, NUCLEO-WBA52CG, NUCLEO-WBA55CG, NUCLEO-WL33CC1, NUCLEO-WL33CC2, STEVAL-PROTEUS1, STEVAL-SMARTAG2, STEVAL-STWINBX1, STM320518-EVAL, STM32C0116-DK, STM32C011D6Y3TR, STM32C011D6Y6TR, STM32C011F4P3, STM32C011F4P6, STM32C011F4U3, STM32C011F4U6TR, STM32C011F6P3, STM32C011F6P6, STM32C011F6U3, STM32C011F6U6TR, STM32C011J4M3, STM32C011J4M6, STM32C011J6M3, STM32C011J6M6, STM32C0316-DK, STM32C031C4T3, STM32C031C4T6, STM32C031C4U3, STM32C031C4U6, STM32C031C6T3, STM32C031C6T6, STM32C031C6U3, STM32C031C6U6, STM32C031F4P3, STM32C031F4P6, STM32C031F6P3, STM32C031F6P6, STM32C031G4U3, STM32C031G4U6, STM32C031G6U3, STM32C031G6U6, STM32C031K4T3, STM32C031K4T6, STM32C031K4U3, STM32C031K4U6, STM32C031K6T3, STM32C031K6T6, STM32C031K6U3, STM32C031K6U6, STM32C051C6T6, STM32C051C6U6, STM32C051C8T6, STM32C051C8U6, STM32C051D8Y6TR, STM32C051F6P6, STM32C051F8P6, STM32C051G6U6, STM32C051G8U6, STM32C051K6T6, STM32C051K6U6, STM32C051K8T6, STM32C071C8T6, STM32C071C8T6N, STM32C071C8U6, STM32C071C8U6N, STM32C071CBT6, STM32C071CBT6N, STM32C071CBU6, STM32C071CBU6N, STM32C071F8P6, STM32C071F8P6N, STM32C071FBP6, STM32C071FBP6N, STM32C071FBY6TR, STM32C071G8U6, STM32C071G8U6N, STM32C071GBU6, STM32C071GBU6N, STM32C071K8T6, STM32C071K8T6N, STM32C071K8U6, STM32C071K8U6N, STM32C071KBT6, STM32C071KBT6N, STM32C071KBU6, STM32C071KBU6N, STM32C071R8T6, STM32C071R8T6N, STM32C071RBI6N, STM32C071RBT6, STM32C071RBT6N, STM32C091CBT6, STM32C091CBU6, STM32C091CCT6, STM32C091CCU6, STM32C091ECY6TR, STM32C091FBP6, STM32C091FCP6, STM32C091GBU6, STM32C091GCU6, STM32C091KBT6, STM32C091KBU6, STM32C091KCT6, STM32C091KCU6, STM32C091RBT6, STM32C091RCI6, STM32C091RCT6, STM32C092CBT6, STM32C092CBU6, STM32C092CCT6, STM32C092CCU6, STM32C092ECY6TR, STM32C092FBP6, STM32C092FCP6, STM32C092GBU6, STM32C092GCU6, STM32C092KBT6, STM32C092KBU6, STM32C092KCT6, STM32C092KCU6, STM32C092RBT6, STM32C092RCI6, STM32C092RCT6, STM32G071K8TXN, STM32G071K8UXN, STM32G081GBU6N, STM32G081KBT6N, STM32G081KBUXN, STM32G0B1CCT6N, STM32G0B1KCT6, STM32G0B1NEY6TR, STM32G0B1RCT6N, STM32G0C1CCT6, STM32G0C1CCT6N, STM32G0C1CCU6N, STM32G0C1CET6N, STM32G0C1CEU6N, STM32G0C1KCT6, STM32G0C1NEY6TR, STM32G0C1RCI6N, STM32G0C1RCT6N, STM32G0C1REI6N, STM32G0C1RET6N, STM32G0C1VCI6, STM32G0C1VEI6, STM32G411C6T3, STM32G411C6T6, STM32G411C6U3, STM32G411C6U6, STM32G411C8T3, STM32G411C8T6, STM32G411C8U3, STM32G411C8U6, STM32G411CBT3, STM32G411CBT6, STM32G411CBU3, STM32G411CBU6, STM32G411K6T3, STM32G411K6T6, STM32G411K6U3, STM32G411K6U6, STM32G411K8T3, STM32G411K8T6, STM32G411K8U3, STM32G411K8U6, STM32G411KBT3, STM32G411KBT6, STM32G411KBU3, STM32G411KBU6, STM32G411M6T3, STM32G411M6T6, STM32G411M8T3, STM32G411M8T6, STM32G411MBT3, STM32G411MBT6, STM32G411R6T3, STM32G411R6T6, STM32G411R8T3, STM32G411R8T6, STM32G411RBT3, STM32G411RBT6, STM32G414CBT3, STM32G414CBT6, STM32G414CBU3, STM32G414CBU6, STM32G414CCT3, STM32G414CCT6, STM32G414CCU3, STM32G414CCU6, STM32G414MBT3, STM32G414MBT6, STM32G414MCT3, STM32G414MCT6, STM32G414RBT3, STM32G414RBT6, STM32G414RCT3, STM32G414RCT6, STM32G414VBT3, STM32G414VBT6, STM32G414VCT3, STM32G414VCT6, STM32G431CBT3Z, STM32G431RBT3Z, STM32G471CCT6, STM32G471CCU6, STM32G471CET3, STM32G471CET6, STM32G471CEU3, STM32G471CEU6, STM32G471MCT6, STM32G471MET3, STM32G471MET6, STM32G471MEY6TR, STM32G471QCT6, STM32G471QET3, STM32G471RCT6, STM32G471RET3, STM32G471RET6, STM32G471VCH6, STM32G471VCI6, STM32G471VCT6, STM32G471VEH3, STM32G471VEH6, STM32G471VEI3, STM32G471VEI6, STM32G471VET3, STM32G471VET6, STM32G473QET3Z, STM32G473RET3Z, STM32G474CCT6, STM32G491RET3Z, STM32H503CBT6, STM32H503CBU6, STM32H503EBY6TR, STM32H503KBU6, STM32H503RBT6, STM32H523CCT6, STM32H523CCU6, STM32H523CET6, STM32H523CEU6, STM32H523HEY6TR, STM32H523RCT6, STM32H523RET6, STM32H523VCI6, STM32H523VCT6, STM32H523VEI6, STM32H523VET6, STM32H523ZCJ6, STM32H523ZCT6, STM32H523ZEJ6, STM32H523ZET6, STM32H533CET6, STM32H533CEU6, STM32H533HEY6TR, STM32H533RET6, STM32H533VEI6, STM32H533VET6, STM32H533ZEJ6, STM32H533ZET6, STM32H562AGI6, STM32H562AII6, STM32H562IGK6, STM32H562IGT6, STM32H562IIK6, STM32H562IIT6, STM32H562RGT6, STM32H562RGV6, STM32H562RIT6, STM32H562RIV6, STM32H562VGT6, STM32H562VIT6, STM32H562ZGT6, STM32H562ZIT6, STM32H563AGI6, STM32H563AII3Q, STM32H563AII6, STM32H563IGK6, STM32H563IGT6, STM32H563IIK3Q, STM32H563IIK6, STM32H563IIT3Q, STM32H563IIT6, STM32H563MIY3QTR, STM32H563RGT6, STM32H563RGV6, STM32H563RIT6, STM32H563RIV6, STM32H563VGT6, STM32H563VIT3Q, STM32H563VIT6, STM32H563ZGT6, STM32H563ZIT3Q, STM32H563ZIT6, STM32H573AII3Q, STM32H573AII6, STM32H573I-DK, STM32H573IIK3Q, STM32H573IIK6, STM32H573IIT3Q, STM32H573IIT6, STM32H573MIY3QTR, STM32H573RIT6, STM32H573RIV6, STM32H573VIT3Q, STM32H573VIT6, STM32H573ZIT3Q, STM32H573ZIT6, STM32H7R3A8I6, STM32H7R3I8K6, STM32H7R3I8T6, STM32H7R3L8H6, STM32H7R3L8H6H, STM32H7R3R8V6, STM32H7R3V8H6, STM32H7R3V8T6, STM32H7R3V8Y6TR, STM32H7R3Z8J6, STM32H7R3Z8T6, STM32H7R7A8I6, STM32H7R7I8K6, STM32H7R7I8T6, STM32H7R7L8H6, STM32H7R7L8H6H, STM32H7R7Z8J6, STM32H7S3A8I6, STM32H7S3I8K6, STM32H7S3I8T6, STM32H7S3L8H6, STM32H7S3L8H6H, STM32H7S3R8V6, STM32H7S3V8H6, STM32H7S3V8T6, STM32H7S3V8Y6TR, STM32H7S3Z8J6, STM32H7S3Z8T6, STM32H7S78-DK, STM32H7S7A8I6, STM32H7S7I8K6, STM32H7S7I8T6, STM32H7S7L8H6, STM32H7S7L8H6H, STM32H7S7Z8J6, STM32L4R5QGI6STR, STM32MP131AAE3, STM32MP131AAF3, STM32MP131AAG3, STM32MP131CAE3, STM32MP131CAF3, STM32MP131CAG3, STM32MP131DAE7, STM32MP131DAF7, STM32MP131DAG7, STM32MP131FAE7, STM32MP131FAF7, STM32MP131FAG7, STM32MP133AAE3, STM32MP133AAF3, STM32MP133AAG3, STM32MP133CAE3, STM32MP133CAF3, STM32MP133CAG3, STM32MP133DAE7, STM32MP133DAF7, STM32MP133DAG7, STM32MP133FAE7, STM32MP133FAF7, STM32MP133FAG7, STM32MP135AAE3, STM32MP135AAF3, STM32MP135AAG3, STM32MP135CAE3, STM32MP135CAF3, STM32MP135CAG3, STM32MP135DAE7, STM32MP135DAF7, STM32MP135DAG7, STM32MP135F-DK, STM32MP135FAE7, STM32MP135FAF7, STM32MP135FAF7T, STM32MP135FAF7U, STM32MP135FAG7, STM32MP211AAL3, STM32MP211AAM3, STM32MP211AAN3, STM32MP211AAO3, STM32MP211CAL3, STM32MP211CAM3, STM32MP211CAN3, STM32MP211CAO3, STM32MP211DAL3, STM32MP211DAM3, STM32MP211DAN3, STM32MP211DAO3, STM32MP211FAL3, STM32MP211FAM3, STM32MP211FAN3, STM32MP211FAO3, STM32MP213AAL3, STM32MP213AAM3, STM32MP213AAN3, STM32MP213AAO3, STM32MP213CAL3, STM32MP213CAM3, STM32MP213CAN3, STM32MP213CAO3, STM32MP213DAL3, STM32MP213DAM3, STM32MP213DAN3, STM32MP213DAO3, STM32MP213FAL3, STM32MP213FAM3, STM32MP213FAN3, STM32MP213FAO3, STM32MP215AAL3, STM32MP215AAM3, STM32MP215AAN3, STM32MP215AAO3, STM32MP215CAL3, STM32MP215CAM3, STM32MP215CAN3, STM32MP215CAO3, STM32MP215DAL3, STM32MP215DAM3, STM32MP215DAN3, STM32MP215DAO3, STM32MP215F-DK, STM32MP215FAL3, STM32MP215FAM3, STM32MP215FAN3, STM32MP215FAO3, STM32MP231AAJ3, STM32MP231AAK3, STM32MP231AAL3, STM32MP231CAJ3, STM32MP231CAK3, STM32MP231CAL3, STM32MP231DAJ3, STM32MP231DAK3, STM32MP231DAL3, STM32MP231FAJ3, STM32MP231FAK3, STM32MP231FAL3, STM32MP233AAJ3, STM32MP233AAK3, STM32MP233AAL3, STM32MP233CAJ3, STM32MP233CAK3, STM32MP233CAL3, STM32MP233DAJ3, STM32MP233DAK3, STM32MP233DAL3, STM32MP233FAJ3, STM32MP233FAK3, STM32MP233FAL3, STM32MP235AAJ3, STM32MP235AAK3, STM32MP235AAL3, STM32MP235CAJ3, STM32MP235CAK3, STM32MP235CAL3, STM32MP235DAJ3, STM32MP235DAK3, STM32MP235DAL3, STM32MP235FAJ3, STM32MP235FAK3, STM32MP235FAL3, STM32MP251AAI3, STM32MP251AAK3, STM32MP251AAL3, STM32MP251CAI3, STM32MP251CAK3, STM32MP251CAL3, STM32MP251DAI3, STM32MP251DAK3, STM32MP251DAL3, STM32MP251FAI3, STM32MP251FAK3, STM32MP251FAL3, STM32MP253AAI3, STM32MP253AAK3, STM32MP253AAL3, STM32MP253CAI3, STM32MP253CAK3, STM32MP253CAL3, STM32MP253DAI3, STM32MP253DAK3, STM32MP253DAL3, STM32MP253FAI3, STM32MP253FAK3, STM32MP253FAL3, STM32MP255AAI3, STM32MP255AAK3, STM32MP255AAL3, STM32MP255CAI3, STM32MP255CAK3, STM32MP255CAL3, STM32MP255DAI3, STM32MP255DAK3, STM32MP255DAL3, STM32MP255FAI3, STM32MP255FAK3, STM32MP255FAL3, STM32MP257AAI3, STM32MP257AAK3, STM32MP257AAL3, STM32MP257CAI3, STM32MP257CAK3, STM32MP257CAL3, STM32MP257DAI3, STM32MP257DAK3, STM32MP257DAL3, STM32MP257F-DK, STM32MP257F-EV1, STM32MP257FAI3, STM32MP257FAK3, STM32MP257FAL3, STM32N645A0H3Q, STM32N645B0H3Q, STM32N645I0H3Q, STM32N645L0H3Q, STM32N645X0H3Q, STM32N645Z0H3Q, STM32N647A0H3Q, STM32N647B0H3Q, STM32N647I0H3Q, STM32N647L0H3Q, STM32N647X0H3Q, STM32N647Z0H3Q, STM32N655A0H3Q, STM32N655B0H3Q, STM32N655I0H3Q, STM32N655L0H3Q, STM32N655X0H3Q, STM32N655Z0H3Q, STM32N6570-DK, STM32N657A0H3Q, STM32N657B0H3Q, STM32N657I0H3Q, STM32N657L0H3Q, STM32N657X0H3Q, STM32N657Z0H3Q, STM32U031C6T6, STM32U031C6U6, STM32U031C8T6, STM32U031C8U6, STM32U031F4P6, STM32U031F6P6, STM32U031F8P6, STM32U031G6Y6TR, STM32U031G8Y6TR, STM32U031K4U6, STM32U031K6U6, STM32U031K8U6, STM32U031R6I6, STM32U031R6T6, STM32U031R8I6, STM32U031R8T6, STM32U073C8T6, STM32U073C8U6, STM32U073CBT6, STM32U073CBU6, STM32U073CCT6, STM32U073CCU6, STM32U073H8Y6TR, STM32U073HBY6TR, STM32U073HCY6TR, STM32U073K8U6, STM32U073KBU6, STM32U073KCU6, STM32U073M8I6, STM32U073M8T6, STM32U073MBI6, STM32U073MBT6, STM32U073MCI6, STM32U073MCT6, STM32U073R8I6, STM32U073R8T6, STM32U073RBI6, STM32U073RBT6, STM32U073RCI6, STM32U073RCT6, STM32U083C-DK, STM32U083CCT6, STM32U083CCU6, STM32U083HCY6TR, STM32U083KCU6, STM32U083MCI6, STM32U083MCT6, STM32U083RCI6, STM32U083RCT6, STM32U375CET6, STM32U375CET6Q, STM32U375CEU6, STM32U375CEU6Q, STM32U375CEY6QTR, STM32U375CGT6, STM32U375CGT6Q, STM32U375CGU6, STM32U375CGU6Q, STM32U375CGY6QTR, STM32U375KEU6, STM32U375KGU6, STM32U375REI6, STM32U375REI6Q, STM32U375RET6, STM32U375RET6Q, STM32U375REY6GTR, STM32U375REY6QTR, STM32U375RGI6, STM32U375RGI6Q, STM32U375RGT6, STM32U375RGT6Q, STM32U375RGY6GTR, STM32U375RGY6QTR, STM32U375VEI6, STM32U375VEI6Q, STM32U375VET6, STM32U375VET6Q, STM32U375VGI6, STM32U375VGI6Q, STM32U375VGT6, STM32U375VGT6Q, STM32U385CGT6, STM32U385CGT6Q, STM32U385CGU6, STM32U385CGU6Q, STM32U385CGY6QTR, STM32U385KGU6, STM32U385RGI6, STM32U385RGI6Q, STM32U385RGT6, STM32U385RGT6Q, STM32U385RGY6GTR, STM32U385RGY6QTR, STM32U385VGI6, STM32U385VGI6Q, STM32U385VGT6, STM32U385VGT6Q, STM32U535CBT6, STM32U535CBT6Q, STM32U535CBU6, STM32U535CBU6Q, STM32U535CCT6, STM32U535CCT6Q, STM32U535CCU6, STM32U535CCU6Q, STM32U535CET6, STM32U535CET6Q, STM32U535CEU6, STM32U535CEU6Q, STM32U535JEY6QTR, STM32U535NCY6QTR, STM32U535NEY6QTR, STM32U535RBI6, STM32U535RBI6Q, STM32U535RBT6, STM32U535RBT6Q, STM32U535RCI6, STM32U535RCI6Q, STM32U535RCT6, STM32U535RCT6Q, STM32U535REI6, STM32U535REI6Q, STM32U535RET6, STM32U535RET6Q, STM32U535VCI6, STM32U535VCI6Q, STM32U535VCT6, STM32U535VCT6Q, STM32U535VEI6, STM32U535VEI6Q, STM32U535VET6, STM32U535VET6Q, STM32U545CET6, STM32U545CET6Q, STM32U545CEU6, STM32U545CEU6Q, STM32U545JEY6QTR, STM32U545NEY6QTR, STM32U545REI6, STM32U545REI6Q, STM32U545RET6, STM32U545RET6Q, STM32U545VEI6, STM32U545VEI6Q, STM32U545VET6, STM32U545VET6Q, STM32U595AIH6, STM32U595AIH6Q, STM32U595AJH6, STM32U595AJH6Q, STM32U595QII6, STM32U595QII6Q, STM32U595QJI6, STM32U595QJI6Q, STM32U595RIT6, STM32U595RIT6Q, STM32U595RJT6, STM32U595RJT6Q, STM32U595VIT6, STM32U595VIT6Q, STM32U595VJT6, STM32U595VJT6Q, STM32U595ZIT6, STM32U595ZIT6Q, STM32U595ZIY6QTR, STM32U595ZJT6, STM32U595ZJT6Q, STM32U595ZJY6QTR, STM32U599BJY6QTR, STM32U599NIH6Q, STM32U599NJH6Q, STM32U599VIT6Q, STM32U599VJT6, STM32U599VJT6Q, STM32U599ZIT6Q, STM32U599ZIY6QTR, STM32U599ZJT6Q, STM32U599ZJY6QTR, STM32U5A5AJH6, STM32U5A5AJH6Q, STM32U5A5QII3Q , STM32U5A5QJI6, STM32U5A5QJI6Q, STM32U5A5RJT6, STM32U5A5RJT6Q, STM32U5A5VJT6, STM32U5A5VJT6Q, STM32U5A5ZJT6, STM32U5A5ZJT6Q, STM32U5A5ZJY6QTR, STM32U5A9BJY6QTR, STM32U5A9J-DK, STM32U5A9NJH6Q, STM32U5A9VJT6Q, STM32U5A9ZJT6Q, STM32U5A9ZJY6QTR, STM32U5F7VIT6, STM32U5F7VIT6Q, STM32U5F7VJT6, STM32U5F7VJT6Q, STM32U5F9BJY6QTR, STM32U5F9NJH6Q, STM32U5F9VIT6Q, STM32U5F9VJT6Q, STM32U5F9ZIJ6QTR, STM32U5F9ZIT6Q, STM32U5F9ZJJ6QTR, STM32U5F9ZJT6Q, STM32U5G7VJT6, STM32U5G7VJT6Q, STM32U5G9BJY6QTR, STM32U5G9J-DK1, STM32U5G9J-DK2, STM32U5G9NJH6Q, STM32U5G9VJT6Q, STM32U5G9ZJJ6QTR, STM32U5G9ZJT6Q, STM32WB05KZV6TR, STM32WB05KZV7TR, STM32WB05TZF6TR, STM32WB05TZF7TR, STM32WB06CCF6TR, STM32WB06CCF7TR, STM32WB06CCV6TR, STM32WB06CCV7TR, STM32WB06KCV6TR, STM32WB06KCV7TR, STM32WB07CCF6TR, STM32WB07CCF7TR, STM32WB07CCV6TR, STM32WB07CCV7TR, STM32WB07KCV6TR, STM32WB07KCV7TR, STM32WB09KEV6TR, STM32WB09KEV7TR, STM32WB09TEF6TR, STM32WB09TEF7TR, STM32WB1MMCH6, STM32WBA50KGU6, STM32WBA50KGU6TR, STM32WBA52CEU6, STM32WBA52CEU6TR, STM32WBA52CEU7, STM32WBA52CEU7TR, STM32WBA52CGU6, STM32WBA52CGU6TR, STM32WBA52CGU6U, STM32WBA52CGU7, STM32WBA52CGU7TR, STM32WBA52KEU6, STM32WBA52KEU6TR, STM32WBA52KGU6, STM32WBA52KGU6TR, STM32WBA54CEU6, STM32WBA54CEU6TR, STM32WBA54CEU7, STM32WBA54CEU7TR, STM32WBA54CGU6, STM32WBA54CGU6TR, STM32WBA54CGU7, STM32WBA54CGU7TR, STM32WBA54KEU6, STM32WBA54KEU6TR, STM32WBA54KEU7, STM32WBA54KEU7TR, STM32WBA54KGU6, STM32WBA54KGU6TR, STM32WBA54KGU7, STM32WBA54KGU7TR, STM32WBA55CEU6, STM32WBA55CEU6TR, STM32WBA55CEU7, STM32WBA55CEU7TR, STM32WBA55CGU6, STM32WBA55CGU6TR, STM32WBA55CGU6U, STM32WBA55CGU7, STM32WBA55CGU7TR, STM32WBA55G-DK1, STM32WBA55HEF6, STM32WBA55HEF7, STM32WBA55HGF6, STM32WBA55HGF7, STM32WBA55UEI6, STM32WBA55UEI6TR, STM32WBA55UEI7, STM32WBA55UEI7TR, STM32WBA55UGI6, STM32WBA55UGI6TR, STM32WBA55UGI7, STM32WBA55UGI7TR, STM32WBA5MMGH6TR, STM32WBA62MGF6, STM32WBA62MIF6, STM32WBA65MGF7, STM32WBA65MIF6, STM32WBA65MIF7, STM32WL30K8V6, STM32WL30KBV6, STM32WL31C8V6, STM32WL31CBV6, STM32WL31K8V6, STM32WL31KBV6, STM32WL33C8V6, STM32WL33C8V6X, STM32WL33CBV6, STM32WL33CBV6X, STM32WL33CCV6, STM32WL33CCV6A, STM32WL33CCV6X, STM32WL33K8V7, STM32WL33K8V7X, STM32WL33KBV7 , STM32WL33KBV7X, STM32WL33KCV7, STM32WL33KCV7X, STM32WL5MOCH6, STM32WL5MOCH6TR]
2026-04-08 16:39:14,448 [INFO] DbMcus:218 - Found 5055 MCUs, 4968 are supported
2026-04-08 16:39:14,456 [INFO] ApiDb:423 - Load user favorites file /Users/cristianpetramale/.stm32cubeide/favorites.mcus.txt: 0 item(s)
2026-04-08 16:39:14,456 [INFO] ApiDb:427 - User favorites MCUs=[]
2026-04-08 16:39:14,457 [INFO] DbMcus:224 - Set 0 / 0 favorites MCUs
2026-04-08 16:39:14,857 [INFO] BoardInfo:889 - No configuration file found for board NUCLEO-H5E5ZJ
2026-04-08 16:39:14,858 [INFO] DbBoards:161 - Board is not supported: NUCLEO-H5E5ZJ
2026-04-08 16:39:14,887 [INFO] BoardInfo:889 - No configuration file found for board NUCLEO-U3C5ZI-Q
2026-04-08 16:39:14,887 [INFO] DbBoards:161 - Board is not supported: NUCLEO-U3C5ZI-Q
2026-04-08 16:39:14,895 [INFO] BoardInfo:889 - No configuration file found for board NUCLEO-WBA25CE1
2026-04-08 16:39:14,895 [INFO] DbBoards:161 - Board is not supported: NUCLEO-WBA25CE1
2026-04-08 16:39:14,900 [INFO] BoardInfo:889 - No configuration file found for board NUCLEO-WL3RKB1
2026-04-08 16:39:14,900 [INFO] DbBoards:161 - Board is not supported: NUCLEO-WL3RKB1
2026-04-08 16:39:14,901 [INFO] BoardInfo:889 - No configuration file found for board NUCLEO-WL3RKB2
2026-04-08 16:39:14,902 [INFO] DbBoards:161 - Board is not supported: NUCLEO-WL3RKB2
2026-04-08 16:39:14,908 [INFO] BoardInfo:889 - No configuration file found for board P-NUCLEO-WB55
2026-04-08 16:39:14,909 [INFO] DbBoards:161 - Kit is not supported: P-NUCLEO-WB55
2026-04-08 16:39:14,913 [INFO] BoardInfo:889 - No configuration file found for board STEVAL-BFA001V1B
2026-04-08 16:39:14,913 [INFO] DbBoards:161 - Kit is not supported: STEVAL-BFA001V1B
2026-04-08 16:39:14,914 [INFO] BoardInfo:889 - No configuration file found for board STEVAL-BFA001V2B
2026-04-08 16:39:14,914 [INFO] DbBoards:161 - Kit is not supported: STEVAL-BFA001V2B
2026-04-08 16:39:14,978 [INFO] BoardInfo:889 - No configuration file found for board STM32H5F5J-DK
2026-04-08 16:39:14,979 [INFO] DbBoards:161 - Board is not supported: STM32H5F5J-DK
2026-04-08 16:39:15,020 [INFO] DbBoards:168 - Found 218 boards, 209 are supported
2026-04-08 16:39:15,021 [INFO] DbBoards:169 - Found 218 boards, 43 of them is supported for  Bsp
2026-04-08 16:39:15,024 [INFO] ApiDb:423 - Load user favorites file /Users/cristianpetramale/.stm32cubeide/favorites.boards.txt: 0 item(s)
2026-04-08 16:39:15,025 [INFO] ApiDb:427 - User favorites Boards=[]
2026-04-08 16:39:15,025 [INFO] DbBoards:198 - Set 0 / 0 favorites Boards
2026-04-08 16:39:15,485 [INFO] UtilMem:75 - End LoadConfig() Used Memory: 240870264 Bytes (505413632)
2026-04-08 16:39:15,739 [WARN] ThirdParty:833 - waiting for thirdparty lock release [change project]
2026-04-08 16:39:15,758 [INFO] ThirdParty:835 - entering critical section [change project]
2026-04-08 16:39:15,764 [INFO] ThirdParty:1030 - CMSIS Pack Vendor :STMicroelectronics X-CUBE-AZRTOS-H7 3.5.0
2026-04-08 16:39:15,764 [INFO] ThirdParty:1030 - CMSIS Pack Vendor :STMicroelectronics X-CUBE-PM33A1 1.0.0
2026-04-08 16:39:15,764 [INFO] ThirdParty:1030 - CMSIS Pack Vendor :STMicroelectronics USBPD 4.1
2026-04-08 16:39:15,764 [INFO] ThirdParty:1030 - CMSIS Pack Vendor :STMicroelectronics X-CUBE-NFC9 1.0.0
2026-04-08 16:39:15,764 [INFO] ThirdParty:1030 - CMSIS Pack Vendor :STMicroelectronics USB_HOST 2.0.0
2026-04-08 16:39:15,764 [INFO] ThirdParty:1030 - CMSIS Pack Vendor :STMicroelectronics X-CUBE-AZRTOS-F4 1.1.0
2026-04-08 16:39:15,764 [INFO] ThirdParty:1030 - CMSIS Pack Vendor :STMicroelectronics LIBJPEG 8.0.0
2026-04-08 16:39:15,764 [INFO] ThirdParty:1030 - CMSIS Pack Vendor :STMicroelectronics FP-ATR-ASTRA1 2.0.2
2026-04-08 16:39:15,764 [INFO] ThirdParty:1030 - CMSIS Pack Vendor :STMicroelectronics X-CUBE-BLE1 7.1.0
2026-04-08 16:39:15,764 [INFO] ThirdParty:1030 - CMSIS Pack Vendor :STMicroelectronics X-CUBE-SMBUS 2.1.0
2026-04-08 16:39:15,764 [INFO] ThirdParty:1030 - CMSIS Pack Vendor :wolfSSL I-CUBE-wolfMQTT 1.19.2
2026-04-08 16:39:15,764 [INFO] ThirdParty:1030 - CMSIS Pack Vendor :STMicroelectronics USB_DEVICE 3.0.0
2026-04-08 16:39:15,764 [INFO] ThirdParty:1030 - CMSIS Pack Vendor :STMicroelectronics X-CUBE-ISPU 2.1.0
2026-04-08 16:39:15,764 [INFO] ThirdParty:1030 - CMSIS Pack Vendor :STMicroelectronics eDS-WB_DPC_TT-BIDIR 2.1.1
2026-04-08 16:39:15,764 [INFO] ThirdParty:1030 - CMSIS Pack Vendor :STMicroelectronics X-CUBE-AZRTOS-WB 2.0.0
2026-04-08 16:39:15,764 [INFO] ThirdParty:1030 - CMSIS Pack Vendor :wolfSSL I-CUBE-wolfSSL 5.8.4
2026-04-08 16:39:15,764 [INFO] ThirdParty:1030 - CMSIS Pack Vendor :Cesanta I-CUBE-Mongoose 7.20.0
2026-04-08 16:39:15,764 [INFO] ThirdParty:1030 - CMSIS Pack Vendor :STMicroelectronics X-CUBE-AZRTOS-F7 1.1.0
2026-04-08 16:39:15,764 [INFO] ThirdParty:1030 - CMSIS Pack Vendor :STMicroelectronics X-CUBE-AZRTOS-L5 2.0.0
2026-04-08 16:39:15,764 [INFO] ThirdParty:1030 - CMSIS Pack Vendor :STMicroelectronics USB_DEVICE 2.0.0
2026-04-08 16:39:15,764 [INFO] ThirdParty:1030 - CMSIS Pack Vendor :quantropi X-CUBE-qispace-sdk-base 2.1.0
2026-04-08 16:39:15,764 [INFO] ThirdParty:1030 - CMSIS Pack Vendor :STMicroelectronics X-CUBE-STSE01 2.0.0
2026-04-08 16:39:15,764 [INFO] ThirdParty:1030 - CMSIS Pack Vendor :STMicroelectronics FreeRTOS 0.0.1
2026-04-08 16:39:15,764 [INFO] ThirdParty:1030 - CMSIS Pack Vendor :STMicroelectronics X-CUBE-AZRTOS-G0 1.1.0
2026-04-08 16:39:15,764 [INFO] ThirdParty:1030 - CMSIS Pack Vendor :STMicroelectronics X-CUBE-NFC4 3.0.0
2026-04-08 16:39:15,764 [INFO] ThirdParty:1030 - CMSIS Pack Vendor :STMicroelectronics X-CUBE-SUBG2 5.0.0
2026-04-08 16:39:15,765 [INFO] ThirdParty:1030 - CMSIS Pack Vendor :STMicroelectronics STM32_WPAN 1.0.0
2026-04-08 16:39:15,767 [INFO] ThirdParty:1030 - CMSIS Pack Vendor :STMicroelectronics eDS-WB_DPC_VIENNA 1.2.0
2026-04-08 16:39:15,767 [INFO] ThirdParty:1030 - CMSIS Pack Vendor :EmbeddedOffice I-CUBE-FS-RTOS 1.0.1
2026-04-08 16:39:15,767 [INFO] ThirdParty:1030 - CMSIS Pack Vendor :STMicroelectronics lwIP 2.0.3
2026-04-08 16:39:15,767 [INFO] ThirdParty:1030 - CMSIS Pack Vendor :WES I-CUBE-Cesium 1.4.0
2026-04-08 16:39:15,767 [INFO] ThirdParty:1030 - CMSIS Pack Vendor :STMicroelectronics eDS-WB_DPC_3PH2L-BIDIR 1.1.1
2026-04-08 16:39:15,767 [INFO] ThirdParty:1030 - CMSIS Pack Vendor :STMicroelectronics USB_HOST 1.0.0
2026-04-08 16:39:15,767 [INFO] ThirdParty:1030 - CMSIS Pack Vendor :STMicroelectronics X-CUBE-AZRTOS-G4 2.0.0
2026-04-08 16:39:15,768 [INFO] ThirdParty:1030 - CMSIS Pack Vendor :STMicroelectronics PDM2PCM 3.1.0
2026-04-08 16:39:15,768 [INFO] ThirdParty:1030 - CMSIS Pack Vendor :STMicroelectronics PDM2PCM 3.3.0
2026-04-08 16:39:15,768 [INFO] ThirdParty:1030 - CMSIS Pack Vendor :wolfSSL I-CUBE-wolfTPM 3.8.0
2026-04-08 16:39:15,768 [INFO] ThirdParty:1030 - CMSIS Pack Vendor :STMicroelectronics X-CUBE-DISPLAY 3.0.0
2026-04-08 16:39:15,768 [INFO] ThirdParty:1030 - CMSIS Pack Vendor :wolfSSL I-CUBE-wolfSSH 1.4.20
2026-04-08 16:39:15,768 [INFO] ThirdParty:1030 - CMSIS Pack Vendor :STMicroelectronics X-CUBE-NFC7 2.0.0
2026-04-08 16:39:15,768 [INFO] ThirdParty:1030 - CMSIS Pack Vendor :STMicroelectronics X-CUBE-TCPP 4.2.0
2026-04-08 16:39:15,768 [INFO] ThirdParty:1030 - CMSIS Pack Vendor :RealThread X-CUBE-RT-Thread_Nano 4.1.1
2026-04-08 16:39:15,768 [INFO] ThirdParty:1030 - CMSIS Pack Vendor :STMicroelectronics FP-ATR-SIGFOX1 3.2.0
2026-04-08 16:39:15,768 [INFO] ThirdParty:1030 - CMSIS Pack Vendor :STMicroelectronics X-CUBE-NFC10 1.0.0
2026-04-08 16:39:15,768 [INFO] ThirdParty:1030 - CMSIS Pack Vendor :STMicroelectronics HAL Drivers 0.0.0
2026-04-08 16:39:15,768 [INFO] ThirdParty:1030 - CMSIS Pack Vendor :STMicroelectronics MBEDTLS 2.16.2
2026-04-08 16:39:15,768 [INFO] ThirdParty:1030 - CMSIS Pack Vendor :STMicroelectronics X-CUBE-ST60 1.1.0
2026-04-08 16:39:15,768 [INFO] ThirdParty:1030 - CMSIS Pack Vendor :STMicroelectronics X-CUBE-ALS 1.0.2
2026-04-08 16:39:15,768 [INFO] ThirdParty:1030 - CMSIS Pack Vendor :emotas I-CUBE-CANOPEN 1.3.0
2026-04-08 16:39:15,768 [INFO] ThirdParty:1030 - CMSIS Pack Vendor :STMicroelectronics MBEDTLS 2.14.1
2026-04-08 16:39:15,768 [INFO] ThirdParty:1030 - CMSIS Pack Vendor :ITTIA_DB I-CUBE-ITTIADB 8.9.0
2026-04-08 16:39:15,768 [INFO] ThirdParty:1030 - CMSIS Pack Vendor :STMicroelectronics X-CUBE-TOUCHGFX 4.26.1
2026-04-08 16:39:15,768 [INFO] ThirdParty:1030 - CMSIS Pack Vendor :STMicroelectronics ThreadX 1.0.0
2026-04-08 16:39:15,768 [INFO] ThirdParty:1030 - CMSIS Pack Vendor :STMicroelectronics FP-SNS-SMARTAG2 1.2.0
2026-04-08 16:39:15,768 [INFO] ThirdParty:1030 - CMSIS Pack Vendor :STMicroelectronics FP-SNS-FLIGHT1 5.1.0
2026-04-08 16:39:15,768 [INFO] ThirdParty:1030 - CMSIS Pack Vendor :STMicroelectronics X-CUBE-AZRTOS-WL 2.0.0
2026-04-08 16:39:15,768 [INFO] ThirdParty:1030 - CMSIS Pack Vendor :SEGGER I-CUBE-embOS 1.3.1
2026-04-08 16:39:15,768 [INFO] ThirdParty:1030 - CMSIS Pack Vendor :STMicroelectronics X-CUBE-ALGOBUILD 1.4.0
2026-04-08 16:39:15,768 [INFO] ThirdParty:1030 - CMSIS Pack Vendor :STMicroelectronics X-CUBE-DPower 1.3.0
2026-04-08 16:39:15,768 [INFO] ThirdParty:1030 - CMSIS Pack Vendor :STMicroelectronics USB_DEVICE 1.0.0
2026-04-08 16:39:15,768 [INFO] ThirdParty:1030 - CMSIS Pack Vendor :STMicroelectronics X-CUBE-AZRTOS-H7RS 1.2.0
2026-04-08 16:39:15,768 [INFO] ThirdParty:1030 - CMSIS Pack Vendor :STMicroelectronics X-CUBE-AZRTOS-L4 2.0.0
2026-04-08 16:39:15,768 [INFO] ThirdParty:1030 - CMSIS Pack Vendor :STMicroelectronics ThreadX 0.0.2
2026-04-08 16:39:15,768 [INFO] ThirdParty:1030 - CMSIS Pack Vendor :STMicroelectronics lwIP 2.1.2
2026-04-08 16:39:15,768 [INFO] ThirdParty:1030 - CMSIS Pack Vendor :STMicroelectronics X-CUBE-SFXS2LP1 4.0.0
2026-04-08 16:39:15,768 [INFO] ThirdParty:1030 - CMSIS Pack Vendor :STMicroelectronics X-CUBE-BLE2 3.3.0
2026-04-08 16:39:15,768 [INFO] ThirdParty:1030 - CMSIS Pack Vendor :Avnet-IOTCONNECT X-CUBE-iotc-st67-sdk 1.0.0
2026-04-08 16:39:15,768 [INFO] ThirdParty:1030 - CMSIS Pack Vendor :STMicroelectronics X-CUBE-TOF1 3.4.3
2026-04-08 16:39:15,768 [INFO] ThirdParty:1030 - CMSIS Pack Vendor :Infineon AIROC-Wi-Fi-Bluetooth-STM32 1.8.0
2026-04-08 16:39:15,768 [INFO] ThirdParty:1030 - CMSIS Pack Vendor :STMicroelectronics PDM2PCM 3.2.0
2026-04-08 16:39:15,768 [INFO] ThirdParty:1030 - CMSIS Pack Vendor :STMicroelectronics X-CUBE-WB05N 2.1.0
2026-04-08 16:39:15,768 [INFO] ThirdParty:1030 - CMSIS Pack Vendor :STMicroelectronics X-CUBE-ST67W61 1.2.0
2026-04-08 16:39:15,780 [INFO] ThirdParty:841 - exiting critical section [change project]
2026-04-08 16:39:16,550 [INFO] PinOutPanel:1589 - setPackage(No Configuration,No Configuration)
2026-04-08 16:39:16,556 [INFO] PinOutPanel:1589 - setPackage(STM32L432KCUx,UFQFPN32)
2026-04-08 16:39:17,255 [INFO] UtilMem:75 - Before build in PCC Used Memory: 468974928 Bytes (515899392)
2026-04-08 16:39:19,215 [INFO] UtilMem:75 - After build in PCC Used Memory: 463586176 Bytes (533725184)
2026-04-08 16:39:19,792 [INFO] IPUIPlugin:80 - create IPUIPlugin
2026-04-08 16:39:19,830 [INFO] IPUIPlugin:80 - create IPUIPlugin
2026-04-08 16:39:19,834 [INFO] IPUIPlugin:80 - create IPUIPlugin
2026-04-08 16:39:19,834 [INFO] IPUIPlugin:80 - create IPUIPlugin
2026-04-08 16:39:19,834 [INFO] IPUIPlugin:80 - create IPUIPlugin
2026-04-08 16:39:19,834 [INFO] IPUIPlugin:80 - create IPUIPlugin
2026-04-08 16:39:19,835 [INFO] IPUIPlugin:80 - create IPUIPlugin
2026-04-08 16:39:19,835 [INFO] IPUIPlugin:80 - create IPUIPlugin
2026-04-08 16:39:19,835 [INFO] IPUIPlugin:80 - create IPUIPlugin
2026-04-08 16:39:19,836 [INFO] IPUIPlugin:80 - create IPUIPlugin
2026-04-08 16:39:19,836 [INFO] IPUIPlugin:80 - create IPUIPlugin
2026-04-08 16:39:19,837 [INFO] IPUIPlugin:80 - create IPUIPlugin
2026-04-08 16:39:19,837 [INFO] IPUIPlugin:80 - create IPUIPlugin
2026-04-08 16:39:19,837 [INFO] IPUIPlugin:80 - create IPUIPlugin
2026-04-08 16:39:19,837 [INFO] IPUIPlugin:80 - create IPUIPlugin
2026-04-08 16:39:19,837 [INFO] IPUIPlugin:80 - create IPUIPlugin
2026-04-08 16:39:19,837 [INFO] IPUIPlugin:80 - create IPUIPlugin
2026-04-08 16:39:19,837 [INFO] IPUIPlugin:80 - create IPUIPlugin
2026-04-08 16:39:19,837 [INFO] IPUIPlugin:80 - create IPUIPlugin
2026-04-08 16:39:19,837 [INFO] IPUIPlugin:80 - create IPUIPlugin
2026-04-08 16:39:19,838 [INFO] IPUIPlugin:80 - create IPUIPlugin
2026-04-08 16:39:19,842 [INFO] IPUIPlugin:80 - create IPUIPlugin
2026-04-08 16:39:19,842 [INFO] IPUIPlugin:80 - create IPUIPlugin
2026-04-08 16:39:19,842 [INFO] IPUIPlugin:80 - create IPUIPlugin
2026-04-08 16:39:19,842 [INFO] IPUIPlugin:80 - create IPUIPlugin
2026-04-08 16:39:19,843 [INFO] IPUIPlugin:80 - create IPUIPlugin
2026-04-08 16:39:19,843 [INFO] IPUIPlugin:80 - create IPUIPlugin
2026-04-08 16:39:19,844 [INFO] IPUIPlugin:80 - create IPUIPlugin
2026-04-08 16:39:19,844 [INFO] IPUIPlugin:80 - create IPUIPlugin
2026-04-08 16:39:19,844 [INFO] IPUIPlugin:80 - create IPUIPlugin
2026-04-08 16:39:19,844 [INFO] IPUIPlugin:80 - create IPUIPlugin
2026-04-08 16:39:19,844 [INFO] IPUIPlugin:80 - create IPUIPlugin
2026-04-08 16:39:19,844 [INFO] IPUIPlugin:80 - create IPUIPlugin
2026-04-08 16:39:19,844 [INFO] IPUIPlugin:80 - create IPUIPlugin
2026-04-08 16:39:19,844 [INFO] IPUIPlugin:80 - create IPUIPlugin
2026-04-08 16:39:19,852 [INFO] IPUIPlugin:80 - create IPUIPlugin
2026-04-08 16:39:19,853 [INFO] IPUIPlugin:80 - create IPUIPlugin
2026-04-08 16:39:19,854 [INFO] IPUIPlugin:80 - create IPUIPlugin
2026-04-08 16:39:19,855 [INFO] IPUIPlugin:80 - create IPUIPlugin
2026-04-08 16:39:19,855 [INFO] IPUIPlugin:80 - create IPUIPlugin
2026-04-08 16:39:19,856 [INFO] IPUIPlugin:80 - create IPUIPlugin
2026-04-08 16:39:20,546 [INFO] CADModel:165 - CPN selected for project levelSTM32L432KCU3
2026-04-08 16:39:20,547 [INFO] CADModel:114 - Register for checkConnection events
2026-04-08 16:39:20,599 [INFO] OpenFileManager:386 - Restore cursor
2026-04-08 16:42:21,412 [INFO] ApiDbMcu:532 - Load IP Config File for USB_DEVICE
2026-04-08 16:44:56,925 [INFO] UtilMem:75 - End SaveConfig() Used Memory: 1057279880 Bytes (1073741824)
2026-04-08 16:44:58,084 [INFO] UtilMem:75 - End SaveConfig() Used Memory: 761471448 Bytes (1073741824)
2026-04-08 16:45:13,220 [INFO] UtilMem:75 - End SaveConfig() Used Memory: 869474760 Bytes (1073741824)
2026-04-08 16:45:14,750 [INFO] BlockDiagram:2775 - set Specific Code input for plugin: NVIC
2026-04-08 16:45:14,756 [INFO] BlockDiagram:2775 - set Specific Code input for plugin: USART
2026-04-08 16:45:14,758 [INFO] BlockDiagram:2775 - set Specific Code input for plugin: USB_DEVICE
2026-04-08 16:45:14,758 [INFO] BlockDiagram:2775 - set Specific Code input for plugin: USB
2026-04-08 16:45:14,758 [INFO] BlockDiagram:2775 - set Specific Code input for plugin: SYS
2026-04-08 16:45:14,758 [INFO] BlockDiagram:2775 - set Specific Code input for plugin: GPIO
2026-04-08 16:45:14,759 [INFO] BlockDiagram:2775 - set Specific Code input for plugin: RCC
2026-04-08 16:45:14,759 [INFO] CodeGenerator:892 - code generatio: config db path: /Applications/STM32CubeIDE.app/Contents/Eclipse/plugins/com.st.stm32cube.common.mx_6.15.0.202507011659//db/
2026-04-08 16:45:15,003 [INFO] CodeEngine:265 - oldGeneratedFile, /Users/cristianpetramale/Biomed_projects/STMWorkSpace/EX2/MXTmpFiles/license.tmp_save
2026-04-08 16:45:15,491 [INFO] CodeEngine:289 - Generated code: /Users/cristianpetramale/Biomed_projects/STMWorkSpace/EX2/MXTmpFiles/license.tmp
2026-04-08 16:45:15,574 [INFO] CodeEngine:265 - oldGeneratedFile, /Users/cristianpetramale/Biomed_projects/STMWorkSpace/EX2/MXTmpFiles/gpio.tmp_save
2026-04-08 16:45:15,768 [INFO] CodeEngine:289 - Generated code: /Users/cristianpetramale/Biomed_projects/STMWorkSpace/EX2/MXTmpFiles/gpio.tmp
2026-04-08 16:45:15,849 [INFO] CodeEngine:265 - oldGeneratedFile, /Users/cristianpetramale/Biomed_projects/STMWorkSpace/EX2/MXTmpFiles/usb_vars.tmp_save
2026-04-08 16:45:15,961 [INFO] CodeEngine:289 - Generated code: /Users/cristianpetramale/Biomed_projects/STMWorkSpace/EX2/MXTmpFiles/usb_vars.tmp
2026-04-08 16:45:15,963 [INFO] CodeEngine:265 - oldGeneratedFile, /Users/cristianpetramale/Biomed_projects/STMWorkSpace/EX2/MXTmpFiles/usb_inc.tmp_save
2026-04-08 16:45:16,014 [INFO] CodeEngine:289 - Generated code: /Users/cristianpetramale/Biomed_projects/STMWorkSpace/EX2/MXTmpFiles/usb_inc.tmp
2026-04-08 16:45:16,016 [INFO] CodeEngine:265 - oldGeneratedFile, /Users/cristianpetramale/Biomed_projects/STMWorkSpace/EX2/MXTmpFiles/usb_HalInit.tmp_save
2026-04-08 16:45:16,110 [INFO] CodeEngine:289 - Generated code: /Users/cristianpetramale/Biomed_projects/STMWorkSpace/EX2/MXTmpFiles/usb_HalInit.tmp
2026-04-08 16:45:16,112 [INFO] CodeEngine:265 - oldGeneratedFile, /Users/cristianpetramale/Biomed_projects/STMWorkSpace/EX2/MXTmpFiles/usb_Msp.tmp_save
2026-04-08 16:45:16,210 [INFO] CodeEngine:289 - Generated code: /Users/cristianpetramale/Biomed_projects/STMWorkSpace/EX2/MXTmpFiles/usb_Msp.tmp
2026-04-08 16:45:16,400 [INFO] Middleware:1452 - No code input for Bsp Dependency
2026-04-08 16:45:16,413 [INFO] Middleware:1452 - No code input for Bsp Dependency
2026-04-08 16:45:16,419 [INFO] CodeEngine:265 - oldGeneratedFile, /Users/cristianpetramale/Biomed_projects/STMWorkSpace/EX2/USB_DEVICE/App/usb_device.c_save
2026-04-08 16:45:16,578 [INFO] CodeEngine:289 - Generated code: /Users/cristianpetramale/Biomed_projects/STMWorkSpace/EX2/USB_DEVICE/App/usb_device.c
2026-04-08 16:45:16,579 [INFO] CodeEngine:265 - oldGeneratedFile, /Users/cristianpetramale/Biomed_projects/STMWorkSpace/EX2/USB_DEVICE/App/usb_device.h_save
2026-04-08 16:45:16,667 [INFO] CodeEngine:289 - Generated code: /Users/cristianpetramale/Biomed_projects/STMWorkSpace/EX2/USB_DEVICE/App/usb_device.h
2026-04-08 16:45:16,669 [INFO] CodeEngine:265 - oldGeneratedFile, /Users/cristianpetramale/Biomed_projects/STMWorkSpace/EX2/USB_DEVICE/Target/usbd_conf.h_save
2026-04-08 16:45:16,762 [INFO] CodeEngine:289 - Generated code: /Users/cristianpetramale/Biomed_projects/STMWorkSpace/EX2/USB_DEVICE/Target/usbd_conf.h
2026-04-08 16:45:16,764 [INFO] CodeEngine:265 - oldGeneratedFile, /Users/cristianpetramale/Biomed_projects/STMWorkSpace/EX2/USB_DEVICE/Target/usbd_conf.c_save
2026-04-08 16:45:16,828 [INFO] CodeEngine:289 - Generated code: /Users/cristianpetramale/Biomed_projects/STMWorkSpace/EX2/USB_DEVICE/Target/usbd_conf.c
2026-04-08 16:45:16,830 [INFO] CodeEngine:265 - oldGeneratedFile, /Users/cristianpetramale/Biomed_projects/STMWorkSpace/EX2/USB_DEVICE/App/usbd_desc.h_save
2026-04-08 16:45:16,891 [INFO] CodeEngine:289 - Generated code: /Users/cristianpetramale/Biomed_projects/STMWorkSpace/EX2/USB_DEVICE/App/usbd_desc.h
2026-04-08 16:45:16,893 [INFO] CodeEngine:265 - oldGeneratedFile, /Users/cristianpetramale/Biomed_projects/STMWorkSpace/EX2/USB_DEVICE/App/usbd_desc.c_save
2026-04-08 16:45:16,951 [INFO] CodeEngine:289 - Generated code: /Users/cristianpetramale/Biomed_projects/STMWorkSpace/EX2/USB_DEVICE/App/usbd_desc.c
2026-04-08 16:45:16,953 [INFO] CodeEngine:265 - oldGeneratedFile, /Users/cristianpetramale/Biomed_projects/STMWorkSpace/EX2/USB_DEVICE/App/usbd_cdc_if.h_save
2026-04-08 16:45:17,005 [INFO] CodeEngine:289 - Generated code: /Users/cristianpetramale/Biomed_projects/STMWorkSpace/EX2/USB_DEVICE/App/usbd_cdc_if.h
2026-04-08 16:45:17,007 [INFO] CodeEngine:265 - oldGeneratedFile, /Users/cristianpetramale/Biomed_projects/STMWorkSpace/EX2/USB_DEVICE/App/usbd_cdc_if.c_save
2026-04-08 16:45:17,065 [INFO] CodeEngine:289 - Generated code: /Users/cristianpetramale/Biomed_projects/STMWorkSpace/EX2/USB_DEVICE/App/usbd_cdc_if.c
2026-04-08 16:45:17,073 [INFO] CodeEngine:265 - oldGeneratedFile, /Users/cristianpetramale/Biomed_projects/STMWorkSpace/EX2/Core/Src/stm32l4xx_it.c_save
2026-04-08 16:45:17,188 [INFO] CodeEngine:289 - Generated code: /Users/cristianpetramale/Biomed_projects/STMWorkSpace/EX2/Core/Src/stm32l4xx_it.c
2026-04-08 16:45:17,191 [INFO] CodeEngine:265 - oldGeneratedFile, /Users/cristianpetramale/Biomed_projects/STMWorkSpace/EX2/Core/Inc/stm32l4xx_it.h_save
2026-04-08 16:45:17,246 [INFO] CodeEngine:289 - Generated code: /Users/cristianpetramale/Biomed_projects/STMWorkSpace/EX2/Core/Inc/stm32l4xx_it.h
2026-04-08 16:45:17,264 [INFO] CodeEngine:265 - oldGeneratedFile, /Users/cristianpetramale/Biomed_projects/STMWorkSpace/EX2/Core/Src/stm32l4xx_hal_msp.c_save
2026-04-08 16:45:17,382 [INFO] CodeEngine:289 - Generated code: /Users/cristianpetramale/Biomed_projects/STMWorkSpace/EX2/Core/Src/stm32l4xx_hal_msp.c
2026-04-08 16:45:17,386 [INFO] CodeEngine:265 - oldGeneratedFile, /Users/cristianpetramale/Biomed_projects/STMWorkSpace/EX2/MXTmpFiles/system.tmp_save
2026-04-08 16:45:17,441 [INFO] CodeEngine:289 - Generated code: /Users/cristianpetramale/Biomed_projects/STMWorkSpace/EX2/MXTmpFiles/system.tmp
2026-04-08 16:45:17,450 [INFO] CodeEngine:321 - oldGeneratedFile, /Users/cristianpetramale/Biomed_projects/STMWorkSpace/EX2/Core/Inc/stm32l4xx_hal_conf.h_save
2026-04-08 16:45:17,510 [INFO] CodeEngine:345 - Generated code: /Users/cristianpetramale/Biomed_projects/STMWorkSpace/EX2/Core/Inc/stm32l4xx_hal_conf.h
2026-04-08 16:45:17,599 [INFO] ApiDbMcu:532 - Load IP Config File for USART2
2026-04-08 16:45:17,605 [INFO] ApiDbMcu:532 - Load IP Config File for RCC
2026-04-08 16:45:17,621 [INFO] CodeEngine:265 - oldGeneratedFile, /Users/cristianpetramale/Biomed_projects/STMWorkSpace/EX2/Core/Inc/main.h_save
2026-04-08 16:45:17,695 [INFO] CodeEngine:289 - Generated code: /Users/cristianpetramale/Biomed_projects/STMWorkSpace/EX2/Core/Inc/main.h
2026-04-08 16:45:17,697 [INFO] CodeEngine:265 - oldGeneratedFile, /Users/cristianpetramale/Biomed_projects/STMWorkSpace/EX2/Core/Src/main.c_save
2026-04-08 16:45:17,877 [INFO] CodeEngine:289 - Generated code: /Users/cristianpetramale/Biomed_projects/STMWorkSpace/EX2/Core/Src/main.c
2026-04-08 16:45:18,588 [INFO] ProjectBuilder:3606 - Time for Copy HAL[1] : 71mS.
2026-04-08 16:45:18,619 [INFO] ProjectBuilder:5216 - Project Generator version: 4.7.0-B52
2026-04-08 16:45:18,767 [INFO] ConfigFileManager:1595 - The Die is : DIE435
2026-04-08 16:45:18,785 [INFO] ApiDbMcu:532 - Load IP Config File for FATFS
2026-04-08 16:45:18,817 [INFO] ApiDbMcu:532 - Load IP Config File for FREERTOS
2026-04-08 16:45:18,826 [INFO] ApiDbMcu:532 - Load IP Config File for TOUCHSENSING
2026-04-08 16:45:19,404 [INFO] LogOutputStream:77 - [STDOUT_REDIRECT] 
2026-04-08 16:45:21,397 [INFO] ProjectBuilder:5496 - Time for Generating toolchain IDE Files: 2778mS.
2026-04-08 16:45:21,399 [INFO] ProjectBuilder:3463 - Time for Copy CMSIS : 1mS.
2026-04-08 16:45:21,400 [INFO] ProjectBuilder:3463 - Time for Copy CMSIS : 0mS.
2026-04-08 16:55:48,226 [INFO] MainUpdater:2872 - connection check result : 10
2026-04-08 16:55:48,638 [INFO] McuFinderGlobals:76 - Set McuFinderConnectedMode to true
2026-04-08 16:55:48,648 [INFO] MultiScanPanel:200 - Auto-refresh data requested => check proxy status ongoing
2026-04-08 16:55:48,650 [INFO] FinderPluginLoader:96 - Searching for filters in installed packs
2026-04-08 16:55:49,660 [INFO] LoadUrlFilesThread:185 - End of LoadServerUrlFiles without Thread
2026-04-08 16:55:49,709 [INFO] DetailPanel:341 - Set advertising image to /Users/cristianpetramale/STM32Cube/Repository//en.prom-stm32c5-0326.jpg
2026-04-08 16:56:13,104 [INFO] MainUpdater:2872 - connection check result : 10
2026-04-08 16:56:13,109 [INFO] MainUpdater:2872 - connection check result : 10
2026-04-08 16:56:13,438 [INFO] MicroXplorer:468 - Change Database Path : 
2026-04-08 16:56:13,438 [INFO] MicroXplorer:498 - Change Database Version : DB.6.0.150
2026-04-08 16:56:13,501 [ERROR] ProjectManagerView:395 - 
java.lang.NullPointerException: Cannot invoke "javax.swing.JTextField.getText()" because the return value of "java.util.List.get(int)" is null
	at com.st.microxplorer.plugins.projectmanager.gui.ProjectChoiceTab$9.caretUpdate(ProjectChoiceTab.java:2706) ~[filemanager.jar:?]
	at javax.swing.text.JTextComponent.fireCaretUpdate(JTextComponent.java:408) ~[?:?]
	at javax.swing.text.JTextComponent$MutableCaretEvent.fire(JTextComponent.java:4484) ~[?:?]
	at javax.swing.text.JTextComponent$MutableCaretEvent.stateChanged(JTextComponent.java:4506) ~[?:?]
	at javax.swing.text.DefaultCaret.fireStateChanged(DefaultCaret.java:857) ~[?:?]
	at javax.swing.text.DefaultCaret.changeCaretPosition(DefaultCaret.java:1343) ~[?:?]
	at javax.swing.text.DefaultCaret.handleSetDot(DefaultCaret.java:1242) ~[?:?]
	at javax.swing.text.DefaultCaret.setDot(DefaultCaret.java:1223) ~[?:?]
	at javax.swing.text.DefaultCaret$Handler.insertUpdate(DefaultCaret.java:1819) ~[?:?]
	at javax.swing.text.AbstractDocument.fireInsertUpdate(AbstractDocument.java:227) ~[?:?]
	at javax.swing.text.AbstractDocument.handleInsertString(AbstractDocument.java:781) ~[?:?]
	at javax.swing.text.AbstractDocument.insertString(AbstractDocument.java:740) ~[?:?]
	at javax.swing.text.PlainDocument.insertString(PlainDocument.java:131) ~[?:?]
	at javax.swing.text.AbstractDocument.replace(AbstractDocument.java:699) ~[?:?]
	at javax.swing.text.JTextComponent.setText(JTextComponent.java:1725) ~[?:?]
	at com.st.microxplorer.plugins.projectmanager.gui.ProjectChoiceTab.createHeapStackFields(ProjectChoiceTab.java:993) ~[filemanager.jar:?]
	at com.st.microxplorer.plugins.projectmanager.gui.ProjectChoiceTab.buildLinkSettingsPanel(ProjectChoiceTab.java:3813) ~[filemanager.jar:?]
	at com.st.microxplorer.plugins.projectmanager.gui.ProjectChoiceTab.defineWindowsFields(ProjectChoiceTab.java:1987) ~[filemanager.jar:?]
	at com.st.microxplorer.plugins.projectmanager.gui.ProjectChoiceTab.updateSettings(ProjectChoiceTab.java:558) ~[filemanager.jar:?]
	at com.st.microxplorer.plugins.projectmanager.gui.ProjectSettingsPanel.UpdateDialog(ProjectSettingsPanel.java:247) ~[filemanager.jar:?]
	at com.st.microxplorer.plugins.projectmanager.ProjectManagerView.propertyChange(ProjectManagerView.java:392) ~[filemanager.jar:?]
	at java.beans.PropertyChangeSupport.fire(PropertyChangeSupport.java:343) ~[?:?]
	at java.beans.PropertyChangeSupport.firePropertyChange(PropertyChangeSupport.java:335) ~[?:?]
	at java.beans.PropertyChangeSupport.firePropertyChange(PropertyChangeSupport.java:268) ~[?:?]
	at com.st.microxplorer.util.MXPropertyChangeSupport.firePropertyChange(MXPropertyChangeSupport.java:54) ~[STM32CubeMX.jar:?]
	at com.st.microxplorer.mxsystem.MxSystem.closeConfig(MxSystem.java:899) ~[STM32CubeMX.jar:?]
	at com.st.microxplorer.maingui.MainPanel.closeConfig(MainPanel.java:792) ~[STM32CubeMX.jar:?]
	at com.st.microxplorer.plugins.filemanager.engine.OpenFileManager.loadConfigurationFile(OpenFileManager.java:288) ~[filemanager.jar:?]
	at com.st.microxplorer.plugins.filemanager.engine.MainFileManager.userLoadConfig(MainFileManager.java:364) ~[filemanager.jar:?]
	at com.st.microxplorer.plugins.filemanager.engine.MainFileManager.userLoadConfig(MainFileManager.java:342) ~[filemanager.jar:?]
	at com.st.microxplorer.plugins.filemanager.FileManagerView.getSpecificTask(FileManagerView.java:264) ~[filemanager.jar:?]
	at com.st.stm32cube.common.mx.editor.CubeMxEditor.getMxTabbedPaneInstance(CubeMxEditor.java:1198) ~[com.st.stm32cube.common.mx_6.15.0.202507011659/:?]
	at com.st.stm32cube.common.mx.editor.CubeMxEditor$12$1.createSwingComponent(CubeMxEditor.java:1068) ~[com.st.stm32cube.common.mx_6.15.0.202507011659/:?]
	at com.st.stm32cube.common.mx.oss.core.awtswtbridge.EmbeddedSwingComposite.doComponentCreation(EmbeddedSwingComposite.java:492) ~[com.st.stm32cube.common.mx.oss_6.15.0.202507011659/:?]
	at com.st.stm32cube.common.mx.oss.core.awtswtbridge.EmbeddedSwingComposite$4.run(EmbeddedSwingComposite.java:291) ~[com.st.stm32cube.common.mx.oss_6.15.0.202507011659/:?]
	at com.st.stm32cube.common.mx.oss.core.awtswtbridge.AwtEnvironment$2.run(AwtEnvironment.java:166) ~[com.st.stm32cube.common.mx.oss_6.15.0.202507011659/:?]
	at java.awt.event.InvocationEvent.dispatch(InvocationEvent.java:318) ~[?:?]
	at java.awt.EventQueue.dispatchEventImpl(EventQueue.java:773) ~[?:?]
	at java.awt.EventQueue$4.run(EventQueue.java:720) ~[?:?]
	at java.awt.EventQueue$4.run(EventQueue.java:714) ~[?:?]
	at java.security.AccessController.doPrivileged(AccessController.java:400) ~[?:?]
	at java.security.ProtectionDomain$JavaSecurityAccessImpl.doIntersectionPrivilege(ProtectionDomain.java:87) ~[?:?]
	at java.awt.EventQueue.dispatchEvent(EventQueue.java:742) ~[?:?]
	at java.awt.EventDispatchThread.pumpOneEventForFilters(EventDispatchThread.java:203) ~[?:?]
	at java.awt.EventDispatchThread.pumpEventsForFilter(EventDispatchThread.java:124) ~[?:?]
	at java.awt.EventDispatchThread.pumpEventsForHierarchy(EventDispatchThread.java:113) ~[?:?]
	at java.awt.EventDispatchThread.pumpEvents(EventDispatchThread.java:109) ~[?:?]
	at java.awt.EventDispatchThread.pumpEvents(EventDispatchThread.java:101) ~[?:?]
	at java.awt.EventDispatchThread.run(EventDispatchThread.java:90) ~[?:?]
2026-04-08 16:56:13,507 [WARN] ThirdParty:871 - waiting for thirdparty lock release [close project]
2026-04-08 16:56:13,507 [INFO] ThirdParty:873 - entering critical section [close project]
2026-04-08 16:56:13,508 [INFO] ThirdParty:883 - exiting critical section [close project]
2026-04-08 16:56:13,511 [INFO] PinOutPanel:1589 - setPackage(No Configuration,No Configuration)
2026-04-08 16:56:13,524 [INFO] UtilMem:75 - Begin LoadConfig() Used Memory: 966264832 Bytes (1073741824)
2026-04-08 16:56:13,525 [INFO] MicroXplorer:468 - Change Database Path : 
2026-04-08 16:56:13,525 [INFO] MicroXplorer:498 - Change Database Version : DB.6.0.150
2026-04-08 16:56:13,525 [INFO] OpenFileManager:355 - Change cursor
2026-04-08 16:56:13,567 [INFO] RulesReader:64 - Compatibility file has been processed (317 Rules)
2026-04-08 16:56:13,594 [INFO] Mcu:2029 - Initializing MCU STM32L432KCUx STM32L432KCUx STM32L432KCU3
2026-04-08 16:56:14,852 [INFO] Context:786 - Trying to add GPIOservice into a context  which must be forbidden
2026-04-08 16:56:15,397 [INFO] ImportTextPane:234 - (OptionalMessage_ERROR) Unable to find key (Mcu.ThirdPartyNb) in loaded IOC file
2026-04-08 16:56:15,399 [INFO] ImportTextPane:234 - (OptionalMessage_ERROR) Unable to find key (Mcu.PinsNb) in loaded IOC file
2026-04-08 16:56:15,401 [INFO] ImportTextPane:234 - (OptionalMessage_ERROR) Pin0 (VP_RIF_VS_RIF1) cannot be retrieved for this MCU
2026-04-08 16:56:15,401 [INFO] ImportTextPane:234 - (OptionalMessage_ERROR) Unable to find key (Mcu.IPNb) in loaded IOC file
2026-04-08 16:56:15,477 [INFO] RtosManager:558 - Registered RTOS mode: class=CMSIS, group=RTOS, mode=CMSIS_V1, owner=FREERTOS
2026-04-08 16:56:15,477 [INFO] RtosManager:558 - Registered RTOS mode: class=CMSIS, group=RTOS2, mode=CMSIS_V2, owner=FREERTOS
2026-04-08 16:56:15,477 [INFO] RtosManager:558 - Registered RTOS mode: class=RTOS, group=Core, mode=CMSIS_V1, owner=FREERTOS
2026-04-08 16:56:15,477 [INFO] RtosManager:558 - Registered RTOS mode: class=RTOS, group=Core, mode=CMSIS_V2, owner=FREERTOS
2026-04-08 16:56:15,477 [WARN] ModelIntegratedComponent:184 - Missing modes for component STMicroelectronics:FreeRTOS:0.0.1:STMicroelectronics:RTOS:FreeRTOS:Core:::10.2.0:
2026-04-08 16:56:15,501 [WARN] ModelIntegratedComponent:63 - No mode defined for component null
2026-04-08 16:56:15,501 [WARN] ModelIntegratedComponent:63 - No mode defined for component null
2026-04-08 16:56:15,501 [WARN] ModelIntegratedComponent:63 - No mode defined for component null
2026-04-08 16:56:15,501 [WARN] ModelIntegratedComponent:63 - No mode defined for component null
2026-04-08 16:56:15,501 [WARN] ModelIntegratedComponent:63 - No mode defined for component null
2026-04-08 16:56:15,501 [WARN] ModelIntegratedComponent:63 - No mode defined for component null
2026-04-08 16:56:15,501 [WARN] ModelIntegratedComponent:63 - No mode defined for component null
2026-04-08 16:56:15,501 [WARN] ModelIntegratedComponent:63 - No mode defined for component null
2026-04-08 16:56:15,501 [WARN] ModelIntegratedComponent:63 - No mode defined for component null
2026-04-08 16:56:15,501 [WARN] ModelIntegratedComponent:63 - No mode defined for component null
2026-04-08 16:56:15,501 [WARN] ModelIntegratedComponent:63 - No mode defined for component null
2026-04-08 16:56:15,501 [WARN] ModelIntegratedComponent:63 - No mode defined for component null
2026-04-08 16:56:15,501 [WARN] ModelIntegratedComponent:63 - No mode defined for component null
2026-04-08 16:56:15,501 [WARN] ModelIntegratedComponent:63 - No mode defined for component null
2026-04-08 16:56:15,501 [WARN] ModelIntegratedComponent:63 - No mode defined for component null
2026-04-08 16:56:15,501 [WARN] ModelIntegratedComponent:63 - No mode defined for component null
2026-04-08 16:56:15,501 [WARN] ModelIntegratedComponent:63 - No mode defined for component null
2026-04-08 16:56:15,501 [WARN] ModelIntegratedComponent:63 - No mode defined for component null
2026-04-08 16:56:15,501 [WARN] ModelIntegratedComponent:63 - No mode defined for component null
2026-04-08 16:56:15,501 [WARN] ModelIntegratedComponent:63 - No mode defined for component null
2026-04-08 16:56:15,501 [WARN] ModelIntegratedComponent:63 - No mode defined for component null
2026-04-08 16:56:15,501 [WARN] ModelIntegratedComponent:63 - No mode defined for component null
2026-04-08 16:56:15,501 [WARN] ModelIntegratedComponent:63 - No mode defined for component null
2026-04-08 16:56:15,501 [WARN] ModelIntegratedComponent:63 - No mode defined for component null
2026-04-08 16:56:15,501 [WARN] ModelIntegratedComponent:63 - No mode defined for component null
2026-04-08 16:56:15,501 [WARN] ModelIntegratedComponent:63 - No mode defined for component null
2026-04-08 16:56:15,501 [WARN] ModelIntegratedComponent:63 - No mode defined for component null
2026-04-08 16:56:15,501 [WARN] ModelIntegratedComponent:63 - No mode defined for component null
2026-04-08 16:56:15,501 [WARN] ModelIntegratedComponent:63 - No mode defined for component null
2026-04-08 16:56:15,501 [WARN] ModelIntegratedComponent:63 - No mode defined for component null
2026-04-08 16:56:15,501 [WARN] ModelIntegratedComponent:63 - No mode defined for component null
2026-04-08 16:56:15,501 [WARN] ModelIntegratedComponent:63 - No mode defined for component null
2026-04-08 16:56:15,501 [WARN] ModelIntegratedComponent:63 - No mode defined for component null
2026-04-08 16:56:15,501 [WARN] ModelIntegratedComponent:63 - No mode defined for component null
2026-04-08 16:56:15,501 [WARN] ModelIntegratedComponent:63 - No mode defined for component null
2026-04-08 16:56:15,503 [WARN] ModelPack:524 - Component already loaded: STMicroelectronics:HAL Drivers:0.0.0:STMicroelectronics:Device:STMicro_Driver:XSPI:HAL::0.0.1:HAL_XSPI
2026-04-08 16:56:15,540 [INFO] ThirdPartyModel:298 - Start build external matchings
2026-04-08 16:56:15,746 [INFO] ThirdPartyModel:316 - End build external matchings
2026-04-08 16:56:15,884 [INFO] UtilMem:75 - End LoadConfig() Used Memory: 897597352 Bytes (1073741824)
2026-04-08 16:56:16,085 [WARN] ThirdParty:833 - waiting for thirdparty lock release [change project]
2026-04-08 16:56:16,093 [INFO] ThirdParty:835 - entering critical section [change project]
2026-04-08 16:56:16,094 [INFO] ThirdParty:1030 - CMSIS Pack Vendor :STMicroelectronics X-CUBE-AZRTOS-H7 3.5.0
2026-04-08 16:56:16,094 [INFO] ThirdParty:1030 - CMSIS Pack Vendor :STMicroelectronics X-CUBE-PM33A1 1.0.0
2026-04-08 16:56:16,094 [INFO] ThirdParty:1030 - CMSIS Pack Vendor :STMicroelectronics USBPD 4.1
2026-04-08 16:56:16,094 [INFO] ThirdParty:1030 - CMSIS Pack Vendor :STMicroelectronics X-CUBE-NFC9 1.0.0
2026-04-08 16:56:16,094 [INFO] ThirdParty:1030 - CMSIS Pack Vendor :STMicroelectronics USB_HOST 2.0.0
2026-04-08 16:56:16,094 [INFO] ThirdParty:1030 - CMSIS Pack Vendor :STMicroelectronics X-CUBE-AZRTOS-F4 1.1.0
2026-04-08 16:56:16,094 [INFO] ThirdParty:1030 - CMSIS Pack Vendor :STMicroelectronics LIBJPEG 8.0.0
2026-04-08 16:56:16,094 [INFO] ThirdParty:1030 - CMSIS Pack Vendor :STMicroelectronics FP-ATR-ASTRA1 2.0.2
2026-04-08 16:56:16,094 [INFO] ThirdParty:1030 - CMSIS Pack Vendor :STMicroelectronics X-CUBE-BLE1 7.1.0
2026-04-08 16:56:16,094 [INFO] ThirdParty:1030 - CMSIS Pack Vendor :STMicroelectronics X-CUBE-SMBUS 2.1.0
2026-04-08 16:56:16,094 [INFO] ThirdParty:1030 - CMSIS Pack Vendor :wolfSSL I-CUBE-wolfMQTT 1.19.2
2026-04-08 16:56:16,094 [INFO] ThirdParty:1030 - CMSIS Pack Vendor :STMicroelectronics USB_DEVICE 3.0.0
2026-04-08 16:56:16,094 [INFO] ThirdParty:1030 - CMSIS Pack Vendor :STMicroelectronics X-CUBE-ISPU 2.1.0
2026-04-08 16:56:16,094 [INFO] ThirdParty:1030 - CMSIS Pack Vendor :STMicroelectronics eDS-WB_DPC_TT-BIDIR 2.1.1
2026-04-08 16:56:16,094 [INFO] ThirdParty:1030 - CMSIS Pack Vendor :STMicroelectronics X-CUBE-AZRTOS-WB 2.0.0
2026-04-08 16:56:16,094 [INFO] ThirdParty:1030 - CMSIS Pack Vendor :wolfSSL I-CUBE-wolfSSL 5.8.4
2026-04-08 16:56:16,094 [INFO] ThirdParty:1030 - CMSIS Pack Vendor :Cesanta I-CUBE-Mongoose 7.20.0
2026-04-08 16:56:16,094 [INFO] ThirdParty:1030 - CMSIS Pack Vendor :STMicroelectronics X-CUBE-AZRTOS-F7 1.1.0
2026-04-08 16:56:16,094 [INFO] ThirdParty:1030 - CMSIS Pack Vendor :STMicroelectronics X-CUBE-AZRTOS-L5 2.0.0
2026-04-08 16:56:16,094 [INFO] ThirdParty:1030 - CMSIS Pack Vendor :STMicroelectronics USB_DEVICE 2.0.0
2026-04-08 16:56:16,094 [INFO] ThirdParty:1030 - CMSIS Pack Vendor :quantropi X-CUBE-qispace-sdk-base 2.1.0
2026-04-08 16:56:16,094 [INFO] ThirdParty:1030 - CMSIS Pack Vendor :STMicroelectronics X-CUBE-STSE01 2.0.0
2026-04-08 16:56:16,094 [INFO] ThirdParty:1030 - CMSIS Pack Vendor :STMicroelectronics FreeRTOS 0.0.1
2026-04-08 16:56:16,094 [INFO] ThirdParty:1030 - CMSIS Pack Vendor :STMicroelectronics X-CUBE-AZRTOS-G0 1.1.0
2026-04-08 16:56:16,094 [INFO] ThirdParty:1030 - CMSIS Pack Vendor :STMicroelectronics X-CUBE-NFC4 3.0.0
2026-04-08 16:56:16,094 [INFO] ThirdParty:1030 - CMSIS Pack Vendor :STMicroelectronics X-CUBE-SUBG2 5.0.0
2026-04-08 16:56:16,094 [INFO] ThirdParty:1030 - CMSIS Pack Vendor :STMicroelectronics STM32_WPAN 1.0.0
2026-04-08 16:56:16,094 [INFO] ThirdParty:1030 - CMSIS Pack Vendor :STMicroelectronics eDS-WB_DPC_VIENNA 1.2.0
2026-04-08 16:56:16,094 [INFO] ThirdParty:1030 - CMSIS Pack Vendor :EmbeddedOffice I-CUBE-FS-RTOS 1.0.1
2026-04-08 16:56:16,094 [INFO] ThirdParty:1030 - CMSIS Pack Vendor :STMicroelectronics lwIP 2.0.3
2026-04-08 16:56:16,094 [INFO] ThirdParty:1030 - CMSIS Pack Vendor :WES I-CUBE-Cesium 1.4.0
2026-04-08 16:56:16,094 [INFO] ThirdParty:1030 - CMSIS Pack Vendor :STMicroelectronics eDS-WB_DPC_3PH2L-BIDIR 1.1.1
2026-04-08 16:56:16,094 [INFO] ThirdParty:1030 - CMSIS Pack Vendor :STMicroelectronics USB_HOST 1.0.0
2026-04-08 16:56:16,094 [INFO] ThirdParty:1030 - CMSIS Pack Vendor :STMicroelectronics X-CUBE-AZRTOS-G4 2.0.0
2026-04-08 16:56:16,094 [INFO] ThirdParty:1030 - CMSIS Pack Vendor :STMicroelectronics PDM2PCM 3.1.0
2026-04-08 16:56:16,094 [INFO] ThirdParty:1030 - CMSIS Pack Vendor :STMicroelectronics PDM2PCM 3.3.0
2026-04-08 16:56:16,094 [INFO] ThirdParty:1030 - CMSIS Pack Vendor :wolfSSL I-CUBE-wolfTPM 3.8.0
2026-04-08 16:56:16,094 [INFO] ThirdParty:1030 - CMSIS Pack Vendor :STMicroelectronics X-CUBE-DISPLAY 3.0.0
2026-04-08 16:56:16,094 [INFO] ThirdParty:1030 - CMSIS Pack Vendor :wolfSSL I-CUBE-wolfSSH 1.4.20
2026-04-08 16:56:16,094 [INFO] ThirdParty:1030 - CMSIS Pack Vendor :STMicroelectronics X-CUBE-NFC7 2.0.0
2026-04-08 16:56:16,094 [INFO] ThirdParty:1030 - CMSIS Pack Vendor :STMicroelectronics X-CUBE-TCPP 4.2.0
2026-04-08 16:56:16,094 [INFO] ThirdParty:1030 - CMSIS Pack Vendor :RealThread X-CUBE-RT-Thread_Nano 4.1.1
2026-04-08 16:56:16,094 [INFO] ThirdParty:1030 - CMSIS Pack Vendor :STMicroelectronics FP-ATR-SIGFOX1 3.2.0
2026-04-08 16:56:16,094 [INFO] ThirdParty:1030 - CMSIS Pack Vendor :STMicroelectronics X-CUBE-NFC10 1.0.0
2026-04-08 16:56:16,094 [INFO] ThirdParty:1030 - CMSIS Pack Vendor :STMicroelectronics HAL Drivers 0.0.0
2026-04-08 16:56:16,095 [INFO] ThirdParty:1030 - CMSIS Pack Vendor :STMicroelectronics MBEDTLS 2.16.2
2026-04-08 16:56:16,095 [INFO] ThirdParty:1030 - CMSIS Pack Vendor :STMicroelectronics X-CUBE-ST60 1.1.0
2026-04-08 16:56:16,095 [INFO] ThirdParty:1030 - CMSIS Pack Vendor :STMicroelectronics X-CUBE-ALS 1.0.2
2026-04-08 16:56:16,095 [INFO] ThirdParty:1030 - CMSIS Pack Vendor :emotas I-CUBE-CANOPEN 1.3.0
2026-04-08 16:56:16,095 [INFO] ThirdParty:1030 - CMSIS Pack Vendor :STMicroelectronics MBEDTLS 2.14.1
2026-04-08 16:56:16,095 [INFO] ThirdParty:1030 - CMSIS Pack Vendor :ITTIA_DB I-CUBE-ITTIADB 8.9.0
2026-04-08 16:56:16,095 [INFO] ThirdParty:1030 - CMSIS Pack Vendor :STMicroelectronics X-CUBE-TOUCHGFX 4.26.1
2026-04-08 16:56:16,095 [INFO] ThirdParty:1030 - CMSIS Pack Vendor :STMicroelectronics ThreadX 1.0.0
2026-04-08 16:56:16,095 [INFO] ThirdParty:1030 - CMSIS Pack Vendor :STMicroelectronics FP-SNS-SMARTAG2 1.2.0
2026-04-08 16:56:16,095 [INFO] ThirdParty:1030 - CMSIS Pack Vendor :STMicroelectronics FP-SNS-FLIGHT1 5.1.0
2026-04-08 16:56:16,095 [INFO] ThirdParty:1030 - CMSIS Pack Vendor :STMicroelectronics X-CUBE-AZRTOS-WL 2.0.0
2026-04-08 16:56:16,095 [INFO] ThirdParty:1030 - CMSIS Pack Vendor :SEGGER I-CUBE-embOS 1.3.1
2026-04-08 16:56:16,095 [INFO] ThirdParty:1030 - CMSIS Pack Vendor :STMicroelectronics X-CUBE-ALGOBUILD 1.4.0
2026-04-08 16:56:16,095 [INFO] ThirdParty:1030 - CMSIS Pack Vendor :STMicroelectronics X-CUBE-DPower 1.3.0
2026-04-08 16:56:16,095 [INFO] ThirdParty:1030 - CMSIS Pack Vendor :STMicroelectronics USB_DEVICE 1.0.0
2026-04-08 16:56:16,095 [INFO] ThirdParty:1030 - CMSIS Pack Vendor :STMicroelectronics X-CUBE-AZRTOS-H7RS 1.2.0
2026-04-08 16:56:16,095 [INFO] ThirdParty:1030 - CMSIS Pack Vendor :STMicroelectronics X-CUBE-AZRTOS-L4 2.0.0
2026-04-08 16:56:16,095 [INFO] ThirdParty:1030 - CMSIS Pack Vendor :STMicroelectronics ThreadX 0.0.2
2026-04-08 16:56:16,095 [INFO] ThirdParty:1030 - CMSIS Pack Vendor :STMicroelectronics lwIP 2.1.2
2026-04-08 16:56:16,095 [INFO] ThirdParty:1030 - CMSIS Pack Vendor :STMicroelectronics X-CUBE-SFXS2LP1 4.0.0
2026-04-08 16:56:16,095 [INFO] ThirdParty:1030 - CMSIS Pack Vendor :STMicroelectronics X-CUBE-BLE2 3.3.0
2026-04-08 16:56:16,095 [INFO] ThirdParty:1030 - CMSIS Pack Vendor :Avnet-IOTCONNECT X-CUBE-iotc-st67-sdk 1.0.0
2026-04-08 16:56:16,095 [INFO] ThirdParty:1030 - CMSIS Pack Vendor :STMicroelectronics X-CUBE-TOF1 3.4.3
2026-04-08 16:56:16,095 [INFO] ThirdParty:1030 - CMSIS Pack Vendor :Infineon AIROC-Wi-Fi-Bluetooth-STM32 1.8.0
2026-04-08 16:56:16,095 [INFO] ThirdParty:1030 - CMSIS Pack Vendor :STMicroelectronics PDM2PCM 3.2.0
2026-04-08 16:56:16,095 [INFO] ThirdParty:1030 - CMSIS Pack Vendor :STMicroelectronics X-CUBE-WB05N 2.1.0
2026-04-08 16:56:16,095 [INFO] ThirdParty:1030 - CMSIS Pack Vendor :STMicroelectronics X-CUBE-ST67W61 1.2.0
2026-04-08 16:56:16,096 [INFO] ThirdParty:841 - exiting critical section [change project]
2026-04-08 16:56:16,570 [INFO] PinOutPanel:1589 - setPackage(No Configuration,No Configuration)
2026-04-08 16:56:16,572 [INFO] PinOutPanel:1589 - setPackage(STM32L432KCUx,UFQFPN32)
2026-04-08 16:56:17,671 [INFO] UtilMem:75 - Before build in PCC Used Memory: 696514152 Bytes (1073741824)
2026-04-08 16:56:18,295 [INFO] UtilMem:75 - After build in PCC Used Memory: 791412344 Bytes (1073741824)
2026-04-08 16:56:18,360 [INFO] IPUIPlugin:80 - create IPUIPlugin
2026-04-08 16:56:18,361 [INFO] IPUIPlugin:80 - create IPUIPlugin
2026-04-08 16:56:18,361 [INFO] IPUIPlugin:80 - create IPUIPlugin
2026-04-08 16:56:18,361 [INFO] IPUIPlugin:80 - create IPUIPlugin
2026-04-08 16:56:18,361 [INFO] IPUIPlugin:80 - create IPUIPlugin
2026-04-08 16:56:18,361 [INFO] IPUIPlugin:80 - create IPUIPlugin
2026-04-08 16:56:18,361 [INFO] IPUIPlugin:80 - create IPUIPlugin
2026-04-08 16:56:18,361 [INFO] IPUIPlugin:80 - create IPUIPlugin
2026-04-08 16:56:18,361 [INFO] IPUIPlugin:80 - create IPUIPlugin
2026-04-08 16:56:18,362 [INFO] IPUIPlugin:80 - create IPUIPlugin
2026-04-08 16:56:18,362 [INFO] IPUIPlugin:80 - create IPUIPlugin
2026-04-08 16:56:18,362 [INFO] IPUIPlugin:80 - create IPUIPlugin
2026-04-08 16:56:18,362 [INFO] IPUIPlugin:80 - create IPUIPlugin
2026-04-08 16:56:18,362 [INFO] IPUIPlugin:80 - create IPUIPlugin
2026-04-08 16:56:18,362 [INFO] IPUIPlugin:80 - create IPUIPlugin
2026-04-08 16:56:18,363 [INFO] IPUIPlugin:80 - create IPUIPlugin
2026-04-08 16:56:18,364 [INFO] IPUIPlugin:80 - create IPUIPlugin
2026-04-08 16:56:18,364 [INFO] IPUIPlugin:80 - create IPUIPlugin
2026-04-08 16:56:18,365 [INFO] IPUIPlugin:80 - create IPUIPlugin
2026-04-08 16:56:18,365 [INFO] IPUIPlugin:80 - create IPUIPlugin
2026-04-08 16:56:18,365 [INFO] IPUIPlugin:80 - create IPUIPlugin
2026-04-08 16:56:18,365 [INFO] IPUIPlugin:80 - create IPUIPlugin
2026-04-08 16:56:18,365 [INFO] IPUIPlugin:80 - create IPUIPlugin
2026-04-08 16:56:18,365 [INFO] IPUIPlugin:80 - create IPUIPlugin
2026-04-08 16:56:18,365 [INFO] IPUIPlugin:80 - create IPUIPlugin
2026-04-08 16:56:18,365 [INFO] IPUIPlugin:80 - create IPUIPlugin
2026-04-08 16:56:18,365 [INFO] IPUIPlugin:80 - create IPUIPlugin
2026-04-08 16:56:18,366 [INFO] IPUIPlugin:80 - create IPUIPlugin
2026-04-08 16:56:18,366 [INFO] IPUIPlugin:80 - create IPUIPlugin
2026-04-08 16:56:18,366 [INFO] IPUIPlugin:80 - create IPUIPlugin
2026-04-08 16:56:18,366 [INFO] IPUIPlugin:80 - create IPUIPlugin
2026-04-08 16:56:18,366 [INFO] IPUIPlugin:80 - create IPUIPlugin
2026-04-08 16:56:18,366 [INFO] IPUIPlugin:80 - create IPUIPlugin
2026-04-08 16:56:18,366 [INFO] IPUIPlugin:80 - create IPUIPlugin
2026-04-08 16:56:18,366 [INFO] IPUIPlugin:80 - create IPUIPlugin
2026-04-08 16:56:18,366 [INFO] IPUIPlugin:80 - create IPUIPlugin
2026-04-08 16:56:18,366 [INFO] IPUIPlugin:80 - create IPUIPlugin
2026-04-08 16:56:18,366 [INFO] IPUIPlugin:80 - create IPUIPlugin
2026-04-08 16:56:18,367 [INFO] IPUIPlugin:80 - create IPUIPlugin
2026-04-08 16:56:18,368 [INFO] IPUIPlugin:80 - create IPUIPlugin
2026-04-08 16:56:18,369 [INFO] IPUIPlugin:80 - create IPUIPlugin
2026-04-08 16:56:18,425 [INFO] CADModel:165 - CPN selected for project levelSTM32L432KCU3
2026-04-08 16:56:18,426 [INFO] CADModel:114 - Register for checkConnection events
2026-04-08 16:56:18,478 [INFO] OpenFileManager:386 - Restore cursor
2026-04-08 16:56:19,331 [INFO] UtilMem:75 - End SaveConfig() Used Memory: 857994856 Bytes (1073741824)
2026-04-08 16:56:19,381 [INFO] UtilMem:75 - End SaveConfig() Used Memory: 870577768 Bytes (1073741824)
2026-04-08 16:56:19,761 [INFO] BlockDiagram:2775 - set Specific Code input for plugin: NVIC
2026-04-08 16:56:19,761 [INFO] BlockDiagram:2775 - set Specific Code input for plugin: RCC
2026-04-08 16:56:19,761 [INFO] CodeGenerator:892 - code generatio: config db path: /Applications/STM32CubeIDE.app/Contents/Eclipse/plugins/com.st.stm32cube.common.mx_6.15.0.202507011659//db/
2026-04-08 16:56:19,832 [INFO] CodeEngine:265 - oldGeneratedFile, /Users/cristianpetramale/Biomed_projects/STMWorkSpace/EX1/MXTmpFiles/license.tmp_save
2026-04-08 16:56:20,151 [INFO] CodeEngine:289 - Generated code: /Users/cristianpetramale/Biomed_projects/STMWorkSpace/EX1/MXTmpFiles/license.tmp
2026-04-08 16:56:20,162 [INFO] CodeEngine:265 - oldGeneratedFile, /Users/cristianpetramale/Biomed_projects/STMWorkSpace/EX1/Core/Src/stm32l4xx_it.c_save
2026-04-08 16:56:20,365 [INFO] CodeEngine:289 - Generated code: /Users/cristianpetramale/Biomed_projects/STMWorkSpace/EX1/Core/Src/stm32l4xx_it.c
2026-04-08 16:56:20,368 [INFO] CodeEngine:265 - oldGeneratedFile, /Users/cristianpetramale/Biomed_projects/STMWorkSpace/EX1/Core/Inc/stm32l4xx_it.h_save
2026-04-08 16:56:20,461 [INFO] CodeEngine:289 - Generated code: /Users/cristianpetramale/Biomed_projects/STMWorkSpace/EX1/Core/Inc/stm32l4xx_it.h
2026-04-08 16:56:20,516 [INFO] CodeEngine:265 - oldGeneratedFile, /Users/cristianpetramale/Biomed_projects/STMWorkSpace/EX1/Core/Src/stm32l4xx_hal_msp.c_save
2026-04-08 16:56:20,663 [INFO] CodeEngine:289 - Generated code: /Users/cristianpetramale/Biomed_projects/STMWorkSpace/EX1/Core/Src/stm32l4xx_hal_msp.c
2026-04-08 16:56:20,665 [INFO] CodeEngine:265 - oldGeneratedFile, /Users/cristianpetramale/Biomed_projects/STMWorkSpace/EX1/MXTmpFiles/system.tmp_save
2026-04-08 16:56:20,743 [INFO] CodeEngine:289 - Generated code: /Users/cristianpetramale/Biomed_projects/STMWorkSpace/EX1/MXTmpFiles/system.tmp
2026-04-08 16:56:20,749 [INFO] CodeEngine:321 - oldGeneratedFile, /Users/cristianpetramale/Biomed_projects/STMWorkSpace/EX1/Core/Inc/stm32l4xx_hal_conf.h_save
2026-04-08 16:56:20,919 [INFO] CodeEngine:345 - Generated code: /Users/cristianpetramale/Biomed_projects/STMWorkSpace/EX1/Core/Inc/stm32l4xx_hal_conf.h
2026-04-08 16:56:20,967 [INFO] ApiDbMcu:532 - Load IP Config File for RCC
2026-04-08 16:56:20,970 [INFO] CodeEngine:265 - oldGeneratedFile, /Users/cristianpetramale/Biomed_projects/STMWorkSpace/EX1/Core/Inc/main.h_save
2026-04-08 16:56:21,070 [INFO] CodeEngine:289 - Generated code: /Users/cristianpetramale/Biomed_projects/STMWorkSpace/EX1/Core/Inc/main.h
2026-04-08 16:56:21,071 [INFO] CodeEngine:265 - oldGeneratedFile, /Users/cristianpetramale/Biomed_projects/STMWorkSpace/EX1/Core/Src/main.c_save
2026-04-08 16:56:21,183 [INFO] CodeEngine:289 - Generated code: /Users/cristianpetramale/Biomed_projects/STMWorkSpace/EX1/Core/Src/main.c
2026-04-08 16:56:21,352 [INFO] ProjectBuilder:3606 - Time for Copy HAL[1] : 48mS.
2026-04-08 16:56:21,355 [INFO] ProjectBuilder:5216 - Project Generator version: 4.7.0-B52
2026-04-08 16:56:21,420 [INFO] ConfigFileManager:1595 - The Die is : DIE435
2026-04-08 16:56:21,426 [INFO] ApiDbMcu:532 - Load IP Config File for FATFS
2026-04-08 16:56:21,431 [INFO] ApiDbMcu:532 - Load IP Config File for FREERTOS
2026-04-08 16:56:21,438 [INFO] ApiDbMcu:532 - Load IP Config File for TOUCHSENSING
2026-04-08 16:56:21,444 [INFO] ApiDbMcu:532 - Load IP Config File for USB_DEVICE
2026-04-08 16:56:24,812 [INFO] ProjectBuilder:5496 - Time for Generating toolchain IDE Files: 3449mS.
2026-04-08 16:56:24,826 [INFO] ProjectBuilder:3463 - Time for Copy CMSIS : 1mS.
2026-04-08 16:56:24,830 [INFO] ProjectBuilder:3463 - Time for Copy CMSIS : 0mS.
2026-04-08 16:56:26,222 [INFO] McuFinderGlobals:76 - Set McuFinderConnectedMode to true
2026-04-08 16:56:26,237 [INFO] ApiDb:448 - Save user favorites file /Users/cristianpetramale/.stm32cubeide/favorites.mcus.txt: 0 item(s)
2026-04-08 16:56:26,238 [INFO] ApiDb:452 - User favorites MCUs=[]
2026-04-08 17:00:33,179 [INFO] MainUpdater:2872 - connection check result : 10
2026-04-08 17:00:33,359 [INFO] McuFinderGlobals:76 - Set McuFinderConnectedMode to true
2026-04-08 17:00:33,362 [INFO] MultiScanPanel:200 - Auto-refresh data requested => check proxy status ongoing
2026-04-08 17:00:33,363 [INFO] FinderPluginLoader:96 - Searching for filters in installed packs
2026-04-08 17:00:35,096 [INFO] LoadUrlFilesThread:185 - End of LoadServerUrlFiles without Thread
2026-04-08 17:00:35,098 [INFO] DetailPanel:341 - Set advertising image to /Users/cristianpetramale/STM32Cube/Repository//en.prom-stm32c5-0326.jpg
2026-04-08 17:00:51,615 [INFO] MainUpdater:2872 - connection check result : 10
2026-04-08 17:00:51,616 [INFO] MainUpdater:2872 - connection check result : 10
2026-04-08 17:00:52,631 [INFO] MicroXplorer:468 - Change Database Path : 
2026-04-08 17:00:52,632 [INFO] MicroXplorer:498 - Change Database Version : DB.6.0.150
2026-04-08 17:00:52,684 [ERROR] ProjectManagerView:395 - 
java.lang.NullPointerException: Cannot invoke "javax.swing.JTextField.getText()" because the return value of "java.util.List.get(int)" is null
	at com.st.microxplorer.plugins.projectmanager.gui.ProjectChoiceTab$9.caretUpdate(ProjectChoiceTab.java:2706) ~[filemanager.jar:?]
	at javax.swing.text.JTextComponent.fireCaretUpdate(JTextComponent.java:408) ~[?:?]
	at javax.swing.text.JTextComponent$MutableCaretEvent.fire(JTextComponent.java:4484) ~[?:?]
	at javax.swing.text.JTextComponent$MutableCaretEvent.stateChanged(JTextComponent.java:4506) ~[?:?]
	at javax.swing.text.DefaultCaret.fireStateChanged(DefaultCaret.java:857) ~[?:?]
	at javax.swing.text.DefaultCaret.changeCaretPosition(DefaultCaret.java:1343) ~[?:?]
	at javax.swing.text.DefaultCaret.handleSetDot(DefaultCaret.java:1242) ~[?:?]
	at javax.swing.text.DefaultCaret.setDot(DefaultCaret.java:1223) ~[?:?]
	at javax.swing.text.DefaultCaret$Handler.insertUpdate(DefaultCaret.java:1819) ~[?:?]
	at javax.swing.text.AbstractDocument.fireInsertUpdate(AbstractDocument.java:227) ~[?:?]
	at javax.swing.text.AbstractDocument.handleInsertString(AbstractDocument.java:781) ~[?:?]
	at javax.swing.text.AbstractDocument.insertString(AbstractDocument.java:740) ~[?:?]
	at javax.swing.text.PlainDocument.insertString(PlainDocument.java:131) ~[?:?]
	at javax.swing.text.AbstractDocument.replace(AbstractDocument.java:699) ~[?:?]
	at javax.swing.text.JTextComponent.setText(JTextComponent.java:1725) ~[?:?]
	at com.st.microxplorer.plugins.projectmanager.gui.ProjectChoiceTab.createHeapStackFields(ProjectChoiceTab.java:993) ~[filemanager.jar:?]
	at com.st.microxplorer.plugins.projectmanager.gui.ProjectChoiceTab.buildLinkSettingsPanel(ProjectChoiceTab.java:3813) ~[filemanager.jar:?]
	at com.st.microxplorer.plugins.projectmanager.gui.ProjectChoiceTab.defineWindowsFields(ProjectChoiceTab.java:1987) ~[filemanager.jar:?]
	at com.st.microxplorer.plugins.projectmanager.gui.ProjectChoiceTab.updateSettings(ProjectChoiceTab.java:558) ~[filemanager.jar:?]
	at com.st.microxplorer.plugins.projectmanager.gui.ProjectSettingsPanel.UpdateDialog(ProjectSettingsPanel.java:247) ~[filemanager.jar:?]
	at com.st.microxplorer.plugins.projectmanager.ProjectManagerView.propertyChange(ProjectManagerView.java:392) ~[filemanager.jar:?]
	at java.beans.PropertyChangeSupport.fire(PropertyChangeSupport.java:343) ~[?:?]
	at java.beans.PropertyChangeSupport.firePropertyChange(PropertyChangeSupport.java:335) ~[?:?]
	at java.beans.PropertyChangeSupport.firePropertyChange(PropertyChangeSupport.java:268) ~[?:?]
	at com.st.microxplorer.util.MXPropertyChangeSupport.firePropertyChange(MXPropertyChangeSupport.java:54) ~[STM32CubeMX.jar:?]
	at com.st.microxplorer.mxsystem.MxSystem.closeConfig(MxSystem.java:899) ~[STM32CubeMX.jar:?]
	at com.st.microxplorer.maingui.MainPanel.closeConfig(MainPanel.java:792) ~[STM32CubeMX.jar:?]
	at com.st.microxplorer.plugins.filemanager.engine.OpenFileManager.loadConfigurationFile(OpenFileManager.java:288) ~[filemanager.jar:?]
	at com.st.microxplorer.plugins.filemanager.engine.MainFileManager.userLoadConfig(MainFileManager.java:364) ~[filemanager.jar:?]
	at com.st.microxplorer.plugins.filemanager.engine.MainFileManager.userLoadConfig(MainFileManager.java:342) ~[filemanager.jar:?]
	at com.st.microxplorer.plugins.filemanager.FileManagerView.getSpecificTask(FileManagerView.java:264) ~[filemanager.jar:?]
	at com.st.stm32cube.common.mx.editor.CubeMxEditor.getMxTabbedPaneInstance(CubeMxEditor.java:1198) ~[com.st.stm32cube.common.mx_6.15.0.202507011659/:?]
	at com.st.stm32cube.common.mx.editor.CubeMxEditor$12$1.createSwingComponent(CubeMxEditor.java:1068) ~[com.st.stm32cube.common.mx_6.15.0.202507011659/:?]
	at com.st.stm32cube.common.mx.oss.core.awtswtbridge.EmbeddedSwingComposite.doComponentCreation(EmbeddedSwingComposite.java:492) ~[com.st.stm32cube.common.mx.oss_6.15.0.202507011659/:?]
	at com.st.stm32cube.common.mx.oss.core.awtswtbridge.EmbeddedSwingComposite$4.run(EmbeddedSwingComposite.java:291) ~[com.st.stm32cube.common.mx.oss_6.15.0.202507011659/:?]
	at com.st.stm32cube.common.mx.oss.core.awtswtbridge.AwtEnvironment$2.run(AwtEnvironment.java:166) ~[com.st.stm32cube.common.mx.oss_6.15.0.202507011659/:?]
	at java.awt.event.InvocationEvent.dispatch(InvocationEvent.java:318) ~[?:?]
	at java.awt.EventQueue.dispatchEventImpl(EventQueue.java:773) ~[?:?]
	at java.awt.EventQueue$4.run(EventQueue.java:720) ~[?:?]
	at java.awt.EventQueue$4.run(EventQueue.java:714) ~[?:?]
	at java.security.AccessController.doPrivileged(AccessController.java:400) ~[?:?]
	at java.security.ProtectionDomain$JavaSecurityAccessImpl.doIntersectionPrivilege(ProtectionDomain.java:87) ~[?:?]
	at java.awt.EventQueue.dispatchEvent(EventQueue.java:742) ~[?:?]
	at java.awt.EventDispatchThread.pumpOneEventForFilters(EventDispatchThread.java:203) ~[?:?]
	at java.awt.EventDispatchThread.pumpEventsForFilter(EventDispatchThread.java:124) ~[?:?]
	at java.awt.EventDispatchThread.pumpEventsForHierarchy(EventDispatchThread.java:113) ~[?:?]
	at java.awt.EventDispatchThread.pumpEvents(EventDispatchThread.java:109) ~[?:?]
	at java.awt.EventDispatchThread.pumpEvents(EventDispatchThread.java:101) ~[?:?]
	at java.awt.EventDispatchThread.run(EventDispatchThread.java:90) ~[?:?]
2026-04-08 17:00:52,688 [WARN] ThirdParty:871 - waiting for thirdparty lock release [close project]
2026-04-08 17:00:52,689 [INFO] ThirdParty:873 - entering critical section [close project]
2026-04-08 17:00:52,689 [INFO] ThirdParty:883 - exiting critical section [close project]
2026-04-08 17:00:52,691 [INFO] PinOutPanel:1589 - setPackage(No Configuration,No Configuration)
2026-04-08 17:00:52,695 [INFO] UtilMem:75 - Begin LoadConfig() Used Memory: 973441224 Bytes (1073741824)
2026-04-08 17:00:52,696 [INFO] MicroXplorer:468 - Change Database Path : 
2026-04-08 17:00:52,697 [INFO] MicroXplorer:498 - Change Database Version : DB.6.0.150
2026-04-08 17:00:52,697 [INFO] OpenFileManager:355 - Change cursor
2026-04-08 17:00:52,767 [INFO] RulesReader:64 - Compatibility file has been processed (317 Rules)
2026-04-08 17:00:52,787 [INFO] Mcu:2029 - Initializing MCU STM32L432KCUx STM32L432KCUx STM32L432KCU3
2026-04-08 17:00:54,257 [INFO] Context:786 - Trying to add GPIOservice into a context  which must be forbidden
2026-04-08 17:00:54,860 [INFO] ImportTextPane:234 - (OptionalMessage_ERROR) Unable to find key (Mcu.ThirdPartyNb) in loaded IOC file
2026-04-08 17:00:54,861 [INFO] ImportTextPane:234 - (OptionalMessage_ERROR) Unable to find key (Mcu.PinsNb) in loaded IOC file
2026-04-08 17:00:54,863 [INFO] ImportTextPane:234 - (OptionalMessage_ERROR) Pin0 (VP_RIF_VS_RIF1) cannot be retrieved for this MCU
2026-04-08 17:00:54,863 [INFO] ImportTextPane:234 - (OptionalMessage_ERROR) Unable to find key (Mcu.IPNb) in loaded IOC file
2026-04-08 17:00:54,941 [INFO] RtosManager:558 - Registered RTOS mode: class=CMSIS, group=RTOS, mode=CMSIS_V1, owner=FREERTOS
2026-04-08 17:00:54,941 [INFO] RtosManager:558 - Registered RTOS mode: class=CMSIS, group=RTOS2, mode=CMSIS_V2, owner=FREERTOS
2026-04-08 17:00:54,941 [INFO] RtosManager:558 - Registered RTOS mode: class=RTOS, group=Core, mode=CMSIS_V1, owner=FREERTOS
2026-04-08 17:00:54,941 [INFO] RtosManager:558 - Registered RTOS mode: class=RTOS, group=Core, mode=CMSIS_V2, owner=FREERTOS
2026-04-08 17:00:54,942 [WARN] ModelIntegratedComponent:184 - Missing modes for component STMicroelectronics:FreeRTOS:0.0.1:STMicroelectronics:RTOS:FreeRTOS:Core:::10.2.0:
2026-04-08 17:00:54,969 [WARN] ModelIntegratedComponent:63 - No mode defined for component null
2026-04-08 17:00:54,970 [WARN] ModelIntegratedComponent:63 - No mode defined for component null
2026-04-08 17:00:54,970 [WARN] ModelIntegratedComponent:63 - No mode defined for component null
2026-04-08 17:00:54,970 [WARN] ModelIntegratedComponent:63 - No mode defined for component null
2026-04-08 17:00:54,970 [WARN] ModelIntegratedComponent:63 - No mode defined for component null
2026-04-08 17:00:54,970 [WARN] ModelIntegratedComponent:63 - No mode defined for component null
2026-04-08 17:00:54,970 [WARN] ModelIntegratedComponent:63 - No mode defined for component null
2026-04-08 17:00:54,970 [WARN] ModelIntegratedComponent:63 - No mode defined for component null
2026-04-08 17:00:54,970 [WARN] ModelIntegratedComponent:63 - No mode defined for component null
2026-04-08 17:00:54,970 [WARN] ModelIntegratedComponent:63 - No mode defined for component null
2026-04-08 17:00:54,970 [WARN] ModelIntegratedComponent:63 - No mode defined for component null
2026-04-08 17:00:54,970 [WARN] ModelIntegratedComponent:63 - No mode defined for component null
2026-04-08 17:00:54,970 [WARN] ModelIntegratedComponent:63 - No mode defined for component null
2026-04-08 17:00:54,971 [WARN] ModelIntegratedComponent:63 - No mode defined for component null
2026-04-08 17:00:54,971 [WARN] ModelIntegratedComponent:63 - No mode defined for component null
2026-04-08 17:00:54,972 [WARN] ModelIntegratedComponent:63 - No mode defined for component null
2026-04-08 17:00:54,972 [WARN] ModelIntegratedComponent:63 - No mode defined for component null
2026-04-08 17:00:54,972 [WARN] ModelIntegratedComponent:63 - No mode defined for component null
2026-04-08 17:00:54,972 [WARN] ModelIntegratedComponent:63 - No mode defined for component null
2026-04-08 17:00:54,972 [WARN] ModelIntegratedComponent:63 - No mode defined for component null
2026-04-08 17:00:54,972 [WARN] ModelIntegratedComponent:63 - No mode defined for component null
2026-04-08 17:00:54,973 [WARN] ModelIntegratedComponent:63 - No mode defined for component null
2026-04-08 17:00:54,973 [WARN] ModelIntegratedComponent:63 - No mode defined for component null
2026-04-08 17:00:54,973 [WARN] ModelIntegratedComponent:63 - No mode defined for component null
2026-04-08 17:00:54,973 [WARN] ModelIntegratedComponent:63 - No mode defined for component null
2026-04-08 17:00:54,973 [WARN] ModelIntegratedComponent:63 - No mode defined for component null
2026-04-08 17:00:54,973 [WARN] ModelIntegratedComponent:63 - No mode defined for component null
2026-04-08 17:00:54,973 [WARN] ModelIntegratedComponent:63 - No mode defined for component null
2026-04-08 17:00:54,974 [WARN] ModelIntegratedComponent:63 - No mode defined for component null
2026-04-08 17:00:54,974 [WARN] ModelIntegratedComponent:63 - No mode defined for component null
2026-04-08 17:00:54,974 [WARN] ModelIntegratedComponent:63 - No mode defined for component null
2026-04-08 17:00:54,974 [WARN] ModelIntegratedComponent:63 - No mode defined for component null
2026-04-08 17:00:54,974 [WARN] ModelIntegratedComponent:63 - No mode defined for component null
2026-04-08 17:00:54,974 [WARN] ModelIntegratedComponent:63 - No mode defined for component null
2026-04-08 17:00:54,974 [WARN] ModelIntegratedComponent:63 - No mode defined for component null
2026-04-08 17:00:54,975 [WARN] ModelPack:524 - Component already loaded: STMicroelectronics:HAL Drivers:0.0.0:STMicroelectronics:Device:STMicro_Driver:XSPI:HAL::0.0.1:HAL_XSPI
2026-04-08 17:00:55,007 [INFO] ThirdPartyModel:298 - Start build external matchings
2026-04-08 17:00:55,185 [INFO] ThirdPartyModel:316 - End build external matchings
2026-04-08 17:00:55,326 [INFO] UtilMem:75 - End LoadConfig() Used Memory: 839290736 Bytes (1073741824)
2026-04-08 17:00:55,498 [WARN] ThirdParty:833 - waiting for thirdparty lock release [change project]
2026-04-08 17:00:55,505 [INFO] ThirdParty:835 - entering critical section [change project]
2026-04-08 17:00:55,506 [INFO] ThirdParty:1030 - CMSIS Pack Vendor :STMicroelectronics X-CUBE-AZRTOS-H7 3.5.0
2026-04-08 17:00:55,506 [INFO] ThirdParty:1030 - CMSIS Pack Vendor :STMicroelectronics X-CUBE-PM33A1 1.0.0
2026-04-08 17:00:55,506 [INFO] ThirdParty:1030 - CMSIS Pack Vendor :STMicroelectronics USBPD 4.1
2026-04-08 17:00:55,506 [INFO] ThirdParty:1030 - CMSIS Pack Vendor :STMicroelectronics X-CUBE-NFC9 1.0.0
2026-04-08 17:00:55,506 [INFO] ThirdParty:1030 - CMSIS Pack Vendor :STMicroelectronics USB_HOST 2.0.0
2026-04-08 17:00:55,506 [INFO] ThirdParty:1030 - CMSIS Pack Vendor :STMicroelectronics X-CUBE-AZRTOS-F4 1.1.0
2026-04-08 17:00:55,506 [INFO] ThirdParty:1030 - CMSIS Pack Vendor :STMicroelectronics LIBJPEG 8.0.0
2026-04-08 17:00:55,506 [INFO] ThirdParty:1030 - CMSIS Pack Vendor :STMicroelectronics FP-ATR-ASTRA1 2.0.2
2026-04-08 17:00:55,506 [INFO] ThirdParty:1030 - CMSIS Pack Vendor :STMicroelectronics X-CUBE-BLE1 7.1.0
2026-04-08 17:00:55,506 [INFO] ThirdParty:1030 - CMSIS Pack Vendor :STMicroelectronics X-CUBE-SMBUS 2.1.0
2026-04-08 17:00:55,508 [INFO] ThirdParty:1030 - CMSIS Pack Vendor :wolfSSL I-CUBE-wolfMQTT 1.19.2
2026-04-08 17:00:55,510 [INFO] ThirdParty:1030 - CMSIS Pack Vendor :STMicroelectronics USB_DEVICE 3.0.0
2026-04-08 17:00:55,510 [INFO] ThirdParty:1030 - CMSIS Pack Vendor :STMicroelectronics X-CUBE-ISPU 2.1.0
2026-04-08 17:00:55,511 [INFO] ThirdParty:1030 - CMSIS Pack Vendor :STMicroelectronics eDS-WB_DPC_TT-BIDIR 2.1.1
2026-04-08 17:00:55,511 [INFO] ThirdParty:1030 - CMSIS Pack Vendor :STMicroelectronics X-CUBE-AZRTOS-WB 2.0.0
2026-04-08 17:00:55,511 [INFO] ThirdParty:1030 - CMSIS Pack Vendor :wolfSSL I-CUBE-wolfSSL 5.8.4
2026-04-08 17:00:55,511 [INFO] ThirdParty:1030 - CMSIS Pack Vendor :Cesanta I-CUBE-Mongoose 7.20.0
2026-04-08 17:00:55,511 [INFO] ThirdParty:1030 - CMSIS Pack Vendor :STMicroelectronics X-CUBE-AZRTOS-F7 1.1.0
2026-04-08 17:00:55,511 [INFO] ThirdParty:1030 - CMSIS Pack Vendor :STMicroelectronics X-CUBE-AZRTOS-L5 2.0.0
2026-04-08 17:00:55,511 [INFO] ThirdParty:1030 - CMSIS Pack Vendor :STMicroelectronics USB_DEVICE 2.0.0
2026-04-08 17:00:55,511 [INFO] ThirdParty:1030 - CMSIS Pack Vendor :quantropi X-CUBE-qispace-sdk-base 2.1.0
2026-04-08 17:00:55,511 [INFO] ThirdParty:1030 - CMSIS Pack Vendor :STMicroelectronics X-CUBE-STSE01 2.0.0
2026-04-08 17:00:55,511 [INFO] ThirdParty:1030 - CMSIS Pack Vendor :STMicroelectronics FreeRTOS 0.0.1
2026-04-08 17:00:55,511 [INFO] ThirdParty:1030 - CMSIS Pack Vendor :STMicroelectronics X-CUBE-AZRTOS-G0 1.1.0
2026-04-08 17:00:55,511 [INFO] ThirdParty:1030 - CMSIS Pack Vendor :STMicroelectronics X-CUBE-NFC4 3.0.0
2026-04-08 17:00:55,511 [INFO] ThirdParty:1030 - CMSIS Pack Vendor :STMicroelectronics X-CUBE-SUBG2 5.0.0
2026-04-08 17:00:55,511 [INFO] ThirdParty:1030 - CMSIS Pack Vendor :STMicroelectronics STM32_WPAN 1.0.0
2026-04-08 17:00:55,511 [INFO] ThirdParty:1030 - CMSIS Pack Vendor :STMicroelectronics eDS-WB_DPC_VIENNA 1.2.0
2026-04-08 17:00:55,512 [INFO] ThirdParty:1030 - CMSIS Pack Vendor :EmbeddedOffice I-CUBE-FS-RTOS 1.0.1
2026-04-08 17:00:55,512 [INFO] ThirdParty:1030 - CMSIS Pack Vendor :STMicroelectronics lwIP 2.0.3
2026-04-08 17:00:55,512 [INFO] ThirdParty:1030 - CMSIS Pack Vendor :WES I-CUBE-Cesium 1.4.0
2026-04-08 17:00:55,512 [INFO] ThirdParty:1030 - CMSIS Pack Vendor :STMicroelectronics eDS-WB_DPC_3PH2L-BIDIR 1.1.1
2026-04-08 17:00:55,512 [INFO] ThirdParty:1030 - CMSIS Pack Vendor :STMicroelectronics USB_HOST 1.0.0
2026-04-08 17:00:55,512 [INFO] ThirdParty:1030 - CMSIS Pack Vendor :STMicroelectronics X-CUBE-AZRTOS-G4 2.0.0
2026-04-08 17:00:55,512 [INFO] ThirdParty:1030 - CMSIS Pack Vendor :STMicroelectronics PDM2PCM 3.1.0
2026-04-08 17:00:55,512 [INFO] ThirdParty:1030 - CMSIS Pack Vendor :STMicroelectronics PDM2PCM 3.3.0
2026-04-08 17:00:55,512 [INFO] ThirdParty:1030 - CMSIS Pack Vendor :wolfSSL I-CUBE-wolfTPM 3.8.0
2026-04-08 17:00:55,512 [INFO] ThirdParty:1030 - CMSIS Pack Vendor :STMicroelectronics X-CUBE-DISPLAY 3.0.0
2026-04-08 17:00:55,512 [INFO] ThirdParty:1030 - CMSIS Pack Vendor :wolfSSL I-CUBE-wolfSSH 1.4.20
2026-04-08 17:00:55,512 [INFO] ThirdParty:1030 - CMSIS Pack Vendor :STMicroelectronics X-CUBE-NFC7 2.0.0
2026-04-08 17:00:55,512 [INFO] ThirdParty:1030 - CMSIS Pack Vendor :STMicroelectronics X-CUBE-TCPP 4.2.0
2026-04-08 17:00:55,512 [INFO] ThirdParty:1030 - CMSIS Pack Vendor :RealThread X-CUBE-RT-Thread_Nano 4.1.1
2026-04-08 17:00:55,512 [INFO] ThirdParty:1030 - CMSIS Pack Vendor :STMicroelectronics FP-ATR-SIGFOX1 3.2.0
2026-04-08 17:00:55,513 [INFO] ThirdParty:1030 - CMSIS Pack Vendor :STMicroelectronics X-CUBE-NFC10 1.0.0
2026-04-08 17:00:55,513 [INFO] ThirdParty:1030 - CMSIS Pack Vendor :STMicroelectronics HAL Drivers 0.0.0
2026-04-08 17:00:55,513 [INFO] ThirdParty:1030 - CMSIS Pack Vendor :STMicroelectronics MBEDTLS 2.16.2
2026-04-08 17:00:55,513 [INFO] ThirdParty:1030 - CMSIS Pack Vendor :STMicroelectronics X-CUBE-ST60 1.1.0
2026-04-08 17:00:55,514 [INFO] ThirdParty:1030 - CMSIS Pack Vendor :STMicroelectronics X-CUBE-ALS 1.0.2
2026-04-08 17:00:55,516 [INFO] ThirdParty:1030 - CMSIS Pack Vendor :emotas I-CUBE-CANOPEN 1.3.0
2026-04-08 17:00:55,516 [INFO] ThirdParty:1030 - CMSIS Pack Vendor :STMicroelectronics MBEDTLS 2.14.1
2026-04-08 17:00:55,517 [INFO] ThirdParty:1030 - CMSIS Pack Vendor :ITTIA_DB I-CUBE-ITTIADB 8.9.0
2026-04-08 17:00:55,517 [INFO] ThirdParty:1030 - CMSIS Pack Vendor :STMicroelectronics X-CUBE-TOUCHGFX 4.26.1
2026-04-08 17:00:55,517 [INFO] ThirdParty:1030 - CMSIS Pack Vendor :STMicroelectronics ThreadX 1.0.0
2026-04-08 17:00:55,517 [INFO] ThirdParty:1030 - CMSIS Pack Vendor :STMicroelectronics FP-SNS-SMARTAG2 1.2.0
2026-04-08 17:00:55,517 [INFO] ThirdParty:1030 - CMSIS Pack Vendor :STMicroelectronics FP-SNS-FLIGHT1 5.1.0
2026-04-08 17:00:55,517 [INFO] ThirdParty:1030 - CMSIS Pack Vendor :STMicroelectronics X-CUBE-AZRTOS-WL 2.0.0
2026-04-08 17:00:55,517 [INFO] ThirdParty:1030 - CMSIS Pack Vendor :SEGGER I-CUBE-embOS 1.3.1
2026-04-08 17:00:55,517 [INFO] ThirdParty:1030 - CMSIS Pack Vendor :STMicroelectronics X-CUBE-ALGOBUILD 1.4.0
2026-04-08 17:00:55,517 [INFO] ThirdParty:1030 - CMSIS Pack Vendor :STMicroelectronics X-CUBE-DPower 1.3.0
2026-04-08 17:00:55,518 [INFO] ThirdParty:1030 - CMSIS Pack Vendor :STMicroelectronics USB_DEVICE 1.0.0
2026-04-08 17:00:55,518 [INFO] ThirdParty:1030 - CMSIS Pack Vendor :STMicroelectronics X-CUBE-AZRTOS-H7RS 1.2.0
2026-04-08 17:00:55,518 [INFO] ThirdParty:1030 - CMSIS Pack Vendor :STMicroelectronics X-CUBE-AZRTOS-L4 2.0.0
2026-04-08 17:00:55,519 [INFO] ThirdParty:1030 - CMSIS Pack Vendor :STMicroelectronics ThreadX 0.0.2
2026-04-08 17:00:55,519 [INFO] ThirdParty:1030 - CMSIS Pack Vendor :STMicroelectronics lwIP 2.1.2
2026-04-08 17:00:55,519 [INFO] ThirdParty:1030 - CMSIS Pack Vendor :STMicroelectronics X-CUBE-SFXS2LP1 4.0.0
2026-04-08 17:00:55,519 [INFO] ThirdParty:1030 - CMSIS Pack Vendor :STMicroelectronics X-CUBE-BLE2 3.3.0
2026-04-08 17:00:55,519 [INFO] ThirdParty:1030 - CMSIS Pack Vendor :Avnet-IOTCONNECT X-CUBE-iotc-st67-sdk 1.0.0
2026-04-08 17:00:55,519 [INFO] ThirdParty:1030 - CMSIS Pack Vendor :STMicroelectronics X-CUBE-TOF1 3.4.3
2026-04-08 17:00:55,519 [INFO] ThirdParty:1030 - CMSIS Pack Vendor :Infineon AIROC-Wi-Fi-Bluetooth-STM32 1.8.0
2026-04-08 17:00:55,519 [INFO] ThirdParty:1030 - CMSIS Pack Vendor :STMicroelectronics PDM2PCM 3.2.0
2026-04-08 17:00:55,519 [INFO] ThirdParty:1030 - CMSIS Pack Vendor :STMicroelectronics X-CUBE-WB05N 2.1.0
2026-04-08 17:00:55,519 [INFO] ThirdParty:1030 - CMSIS Pack Vendor :STMicroelectronics X-CUBE-ST67W61 1.2.0
2026-04-08 17:00:55,520 [INFO] ThirdParty:841 - exiting critical section [change project]
2026-04-08 17:00:55,972 [INFO] PinOutPanel:1589 - setPackage(No Configuration,No Configuration)
2026-04-08 17:00:55,998 [INFO] PinOutPanel:1589 - setPackage(STM32L432KCUx,UFQFPN32)
2026-04-08 17:00:56,781 [INFO] UtilMem:75 - Before build in PCC Used Memory: 669511328 Bytes (1073741824)
2026-04-08 17:00:57,551 [INFO] UtilMem:75 - After build in PCC Used Memory: 763367088 Bytes (1073741824)
2026-04-08 17:00:57,618 [INFO] IPUIPlugin:80 - create IPUIPlugin
2026-04-08 17:00:57,621 [INFO] IPUIPlugin:80 - create IPUIPlugin
2026-04-08 17:00:57,622 [INFO] IPUIPlugin:80 - create IPUIPlugin
2026-04-08 17:00:57,622 [INFO] IPUIPlugin:80 - create IPUIPlugin
2026-04-08 17:00:57,623 [INFO] IPUIPlugin:80 - create IPUIPlugin
2026-04-08 17:00:57,623 [INFO] IPUIPlugin:80 - create IPUIPlugin
2026-04-08 17:00:57,623 [INFO] IPUIPlugin:80 - create IPUIPlugin
2026-04-08 17:00:57,623 [INFO] IPUIPlugin:80 - create IPUIPlugin
2026-04-08 17:00:57,623 [INFO] IPUIPlugin:80 - create IPUIPlugin
2026-04-08 17:00:57,626 [INFO] IPUIPlugin:80 - create IPUIPlugin
2026-04-08 17:00:57,626 [INFO] IPUIPlugin:80 - create IPUIPlugin
2026-04-08 17:00:57,626 [INFO] IPUIPlugin:80 - create IPUIPlugin
2026-04-08 17:00:57,626 [INFO] IPUIPlugin:80 - create IPUIPlugin
2026-04-08 17:00:57,626 [INFO] IPUIPlugin:80 - create IPUIPlugin
2026-04-08 17:00:57,627 [INFO] IPUIPlugin:80 - create IPUIPlugin
2026-04-08 17:00:57,627 [INFO] IPUIPlugin:80 - create IPUIPlugin
2026-04-08 17:00:57,627 [INFO] IPUIPlugin:80 - create IPUIPlugin
2026-04-08 17:00:57,627 [INFO] IPUIPlugin:80 - create IPUIPlugin
2026-04-08 17:00:57,627 [INFO] IPUIPlugin:80 - create IPUIPlugin
2026-04-08 17:00:57,627 [INFO] IPUIPlugin:80 - create IPUIPlugin
2026-04-08 17:00:57,627 [INFO] IPUIPlugin:80 - create IPUIPlugin
2026-04-08 17:00:57,628 [INFO] IPUIPlugin:80 - create IPUIPlugin
2026-04-08 17:00:57,629 [INFO] IPUIPlugin:80 - create IPUIPlugin
2026-04-08 17:00:57,629 [INFO] IPUIPlugin:80 - create IPUIPlugin
2026-04-08 17:00:57,629 [INFO] IPUIPlugin:80 - create IPUIPlugin
2026-04-08 17:00:57,630 [INFO] IPUIPlugin:80 - create IPUIPlugin
2026-04-08 17:00:57,630 [INFO] IPUIPlugin:80 - create IPUIPlugin
2026-04-08 17:00:57,630 [INFO] IPUIPlugin:80 - create IPUIPlugin
2026-04-08 17:00:57,630 [INFO] IPUIPlugin:80 - create IPUIPlugin
2026-04-08 17:00:57,630 [INFO] IPUIPlugin:80 - create IPUIPlugin
2026-04-08 17:00:57,630 [INFO] IPUIPlugin:80 - create IPUIPlugin
2026-04-08 17:00:57,630 [INFO] IPUIPlugin:80 - create IPUIPlugin
2026-04-08 17:00:57,630 [INFO] IPUIPlugin:80 - create IPUIPlugin
2026-04-08 17:00:57,630 [INFO] IPUIPlugin:80 - create IPUIPlugin
2026-04-08 17:00:57,630 [INFO] IPUIPlugin:80 - create IPUIPlugin
2026-04-08 17:00:57,630 [INFO] IPUIPlugin:80 - create IPUIPlugin
2026-04-08 17:00:57,630 [INFO] IPUIPlugin:80 - create IPUIPlugin
2026-04-08 17:00:57,631 [INFO] IPUIPlugin:80 - create IPUIPlugin
2026-04-08 17:00:57,631 [INFO] IPUIPlugin:80 - create IPUIPlugin
2026-04-08 17:00:57,631 [INFO] IPUIPlugin:80 - create IPUIPlugin
2026-04-08 17:00:57,631 [INFO] IPUIPlugin:80 - create IPUIPlugin
2026-04-08 17:00:57,692 [INFO] CADModel:165 - CPN selected for project levelSTM32L432KCU3
2026-04-08 17:00:57,692 [INFO] CADModel:114 - Register for checkConnection events
2026-04-08 17:00:57,740 [INFO] OpenFileManager:386 - Restore cursor
2026-04-08 17:00:58,501 [INFO] UtilMem:75 - End SaveConfig() Used Memory: 831572376 Bytes (1073741824)
2026-04-08 17:00:58,548 [INFO] UtilMem:75 - End SaveConfig() Used Memory: 844623520 Bytes (1073741824)
2026-04-08 17:00:58,860 [INFO] BlockDiagram:2775 - set Specific Code input for plugin: NVIC
2026-04-08 17:00:58,860 [INFO] BlockDiagram:2775 - set Specific Code input for plugin: RCC
2026-04-08 17:00:58,860 [INFO] CodeGenerator:892 - code generatio: config db path: /Applications/STM32CubeIDE.app/Contents/Eclipse/plugins/com.st.stm32cube.common.mx_6.15.0.202507011659//db/
2026-04-08 17:00:58,928 [INFO] CodeEngine:265 - oldGeneratedFile, /Users/cristianpetramale/Biomed_projects/STMWorkSpace/SerialREady/MXTmpFiles/license.tmp_save
2026-04-08 17:00:59,167 [INFO] CodeEngine:289 - Generated code: /Users/cristianpetramale/Biomed_projects/STMWorkSpace/SerialREady/MXTmpFiles/license.tmp
2026-04-08 17:00:59,177 [INFO] CodeEngine:265 - oldGeneratedFile, /Users/cristianpetramale/Biomed_projects/STMWorkSpace/SerialREady/Core/Src/stm32l4xx_it.c_save
2026-04-08 17:00:59,304 [INFO] CodeEngine:289 - Generated code: /Users/cristianpetramale/Biomed_projects/STMWorkSpace/SerialREady/Core/Src/stm32l4xx_it.c
2026-04-08 17:00:59,307 [INFO] CodeEngine:265 - oldGeneratedFile, /Users/cristianpetramale/Biomed_projects/STMWorkSpace/SerialREady/Core/Inc/stm32l4xx_it.h_save
2026-04-08 17:00:59,403 [INFO] CodeEngine:289 - Generated code: /Users/cristianpetramale/Biomed_projects/STMWorkSpace/SerialREady/Core/Inc/stm32l4xx_it.h
2026-04-08 17:00:59,471 [INFO] CodeEngine:265 - oldGeneratedFile, /Users/cristianpetramale/Biomed_projects/STMWorkSpace/SerialREady/Core/Src/stm32l4xx_hal_msp.c_save
2026-04-08 17:00:59,638 [INFO] CodeEngine:289 - Generated code: /Users/cristianpetramale/Biomed_projects/STMWorkSpace/SerialREady/Core/Src/stm32l4xx_hal_msp.c
2026-04-08 17:00:59,641 [INFO] CodeEngine:265 - oldGeneratedFile, /Users/cristianpetramale/Biomed_projects/STMWorkSpace/SerialREady/MXTmpFiles/system.tmp_save
2026-04-08 17:00:59,722 [INFO] CodeEngine:289 - Generated code: /Users/cristianpetramale/Biomed_projects/STMWorkSpace/SerialREady/MXTmpFiles/system.tmp
2026-04-08 17:00:59,727 [INFO] CodeEngine:321 - oldGeneratedFile, /Users/cristianpetramale/Biomed_projects/STMWorkSpace/SerialREady/Core/Inc/stm32l4xx_hal_conf.h_save
2026-04-08 17:00:59,832 [INFO] CodeEngine:345 - Generated code: /Users/cristianpetramale/Biomed_projects/STMWorkSpace/SerialREady/Core/Inc/stm32l4xx_hal_conf.h
2026-04-08 17:00:59,877 [INFO] ApiDbMcu:532 - Load IP Config File for RCC
2026-04-08 17:00:59,884 [INFO] CodeEngine:265 - oldGeneratedFile, /Users/cristianpetramale/Biomed_projects/STMWorkSpace/SerialREady/Core/Inc/main.h_save
2026-04-08 17:01:00,021 [INFO] CodeEngine:289 - Generated code: /Users/cristianpetramale/Biomed_projects/STMWorkSpace/SerialREady/Core/Inc/main.h
2026-04-08 17:01:00,026 [INFO] CodeEngine:265 - oldGeneratedFile, /Users/cristianpetramale/Biomed_projects/STMWorkSpace/SerialREady/Core/Src/main.c_save
2026-04-08 17:01:00,132 [INFO] CodeEngine:289 - Generated code: /Users/cristianpetramale/Biomed_projects/STMWorkSpace/SerialREady/Core/Src/main.c
2026-04-08 17:01:00,319 [INFO] ProjectBuilder:3606 - Time for Copy HAL[1] : 55mS.
2026-04-08 17:01:00,324 [INFO] ProjectBuilder:5216 - Project Generator version: 4.7.0-B52
2026-04-08 17:01:00,409 [INFO] ConfigFileManager:1595 - The Die is : DIE435
2026-04-08 17:01:00,418 [INFO] ApiDbMcu:532 - Load IP Config File for FATFS
2026-04-08 17:01:00,424 [INFO] ApiDbMcu:532 - Load IP Config File for FREERTOS
2026-04-08 17:01:00,432 [INFO] ApiDbMcu:532 - Load IP Config File for TOUCHSENSING
2026-04-08 17:01:00,443 [INFO] ApiDbMcu:532 - Load IP Config File for USB_DEVICE
2026-04-08 17:01:02,942 [INFO] ProjectBuilder:5496 - Time for Generating toolchain IDE Files: 2617mS.
2026-04-08 17:01:02,944 [INFO] ProjectBuilder:3463 - Time for Copy CMSIS : 0mS.
2026-04-08 17:01:02,946 [INFO] ProjectBuilder:3463 - Time for Copy CMSIS : 0mS.
2026-04-08 17:01:03,851 [INFO] McuFinderGlobals:76 - Set McuFinderConnectedMode to true
2026-04-08 17:01:03,856 [INFO] ApiDb:448 - Save user favorites file /Users/cristianpetramale/.stm32cubeide/favorites.mcus.txt: 0 item(s)
2026-04-08 17:01:03,856 [INFO] ApiDb:452 - User favorites MCUs=[]
2026-04-08 17:01:44,073 [INFO] MainUpdater:2872 - connection check result : 10
2026-04-08 17:01:44,347 [INFO] McuFinderGlobals:76 - Set McuFinderConnectedMode to true
2026-04-08 17:01:44,359 [INFO] MultiScanPanel:200 - Auto-refresh data requested => check proxy status ongoing
2026-04-08 17:01:44,360 [INFO] FinderPluginLoader:96 - Searching for filters in installed packs
2026-04-08 17:01:45,710 [INFO] LoadUrlFilesThread:185 - End of LoadServerUrlFiles without Thread
2026-04-08 17:01:45,711 [INFO] DetailPanel:341 - Set advertising image to /Users/cristianpetramale/STM32Cube/Repository//en.prom-stm32c5-0326.jpg
2026-04-08 17:01:52,208 [INFO] MultiScanPanel:200 - Auto-refresh data requested => check proxy status ongoing
2026-04-08 17:01:52,398 [INFO] LoadUrlFilesThread:185 - End of LoadServerUrlFiles without Thread
2026-04-08 17:01:52,399 [INFO] DetailPanel:341 - Set advertising image to /Users/cristianpetramale/STM32Cube/Repository//en.prom-stm32c5-0326.jpg
2026-04-08 17:01:52,433 [INFO] DbBoards:642 - Loading board mini-images...
2026-04-08 17:01:54,554 [INFO] DbBoards:665 - Loaded 218 board mini-images
2026-04-08 17:02:06,593 [INFO] MainUpdater:2872 - connection check result : 10
2026-04-08 17:02:06,595 [INFO] MainUpdater:2872 - connection check result : 10
2026-04-08 17:02:07,338 [INFO] MicroXplorer:468 - Change Database Path : 
2026-04-08 17:02:07,339 [INFO] MicroXplorer:498 - Change Database Version : DB.6.0.150
2026-04-08 17:02:07,407 [ERROR] ProjectManagerView:395 - 
java.lang.NullPointerException: Cannot invoke "javax.swing.JTextField.getText()" because the return value of "java.util.List.get(int)" is null
	at com.st.microxplorer.plugins.projectmanager.gui.ProjectChoiceTab$9.caretUpdate(ProjectChoiceTab.java:2706) ~[filemanager.jar:?]
	at javax.swing.text.JTextComponent.fireCaretUpdate(JTextComponent.java:408) ~[?:?]
	at javax.swing.text.JTextComponent$MutableCaretEvent.fire(JTextComponent.java:4484) ~[?:?]
	at javax.swing.text.JTextComponent$MutableCaretEvent.stateChanged(JTextComponent.java:4506) ~[?:?]
	at javax.swing.text.DefaultCaret.fireStateChanged(DefaultCaret.java:857) ~[?:?]
	at javax.swing.text.DefaultCaret.changeCaretPosition(DefaultCaret.java:1343) ~[?:?]
	at javax.swing.text.DefaultCaret.handleSetDot(DefaultCaret.java:1242) ~[?:?]
	at javax.swing.text.DefaultCaret.setDot(DefaultCaret.java:1223) ~[?:?]
	at javax.swing.text.DefaultCaret$Handler.insertUpdate(DefaultCaret.java:1819) ~[?:?]
	at javax.swing.text.AbstractDocument.fireInsertUpdate(AbstractDocument.java:227) ~[?:?]
	at javax.swing.text.AbstractDocument.handleInsertString(AbstractDocument.java:781) ~[?:?]
	at javax.swing.text.AbstractDocument.insertString(AbstractDocument.java:740) ~[?:?]
	at javax.swing.text.PlainDocument.insertString(PlainDocument.java:131) ~[?:?]
	at javax.swing.text.AbstractDocument.replace(AbstractDocument.java:699) ~[?:?]
	at javax.swing.text.JTextComponent.setText(JTextComponent.java:1725) ~[?:?]
	at com.st.microxplorer.plugins.projectmanager.gui.ProjectChoiceTab.createHeapStackFields(ProjectChoiceTab.java:993) ~[filemanager.jar:?]
	at com.st.microxplorer.plugins.projectmanager.gui.ProjectChoiceTab.buildLinkSettingsPanel(ProjectChoiceTab.java:3813) ~[filemanager.jar:?]
	at com.st.microxplorer.plugins.projectmanager.gui.ProjectChoiceTab.defineWindowsFields(ProjectChoiceTab.java:1987) ~[filemanager.jar:?]
	at com.st.microxplorer.plugins.projectmanager.gui.ProjectChoiceTab.updateSettings(ProjectChoiceTab.java:558) ~[filemanager.jar:?]
	at com.st.microxplorer.plugins.projectmanager.gui.ProjectSettingsPanel.UpdateDialog(ProjectSettingsPanel.java:247) ~[filemanager.jar:?]
	at com.st.microxplorer.plugins.projectmanager.ProjectManagerView.propertyChange(ProjectManagerView.java:392) ~[filemanager.jar:?]
	at java.beans.PropertyChangeSupport.fire(PropertyChangeSupport.java:343) ~[?:?]
	at java.beans.PropertyChangeSupport.firePropertyChange(PropertyChangeSupport.java:335) ~[?:?]
	at java.beans.PropertyChangeSupport.firePropertyChange(PropertyChangeSupport.java:268) ~[?:?]
	at com.st.microxplorer.util.MXPropertyChangeSupport.firePropertyChange(MXPropertyChangeSupport.java:54) ~[STM32CubeMX.jar:?]
	at com.st.microxplorer.mxsystem.MxSystem.closeConfig(MxSystem.java:899) ~[STM32CubeMX.jar:?]
	at com.st.microxplorer.maingui.MainPanel.closeConfig(MainPanel.java:792) ~[STM32CubeMX.jar:?]
	at com.st.microxplorer.plugins.filemanager.engine.OpenFileManager.loadConfigurationFile(OpenFileManager.java:288) ~[filemanager.jar:?]
	at com.st.microxplorer.plugins.filemanager.engine.MainFileManager.userLoadConfig(MainFileManager.java:364) ~[filemanager.jar:?]
	at com.st.microxplorer.plugins.filemanager.FileManagerView.getSpecificTask(FileManagerView.java:268) ~[filemanager.jar:?]
	at com.st.stm32cube.common.mx.editor.CubeMxEditor.getMxTabbedPaneInstance(CubeMxEditor.java:1191) ~[com.st.stm32cube.common.mx_6.15.0.202507011659/:?]
	at com.st.stm32cube.common.mx.editor.CubeMxEditor$12$1.createSwingComponent(CubeMxEditor.java:1068) ~[com.st.stm32cube.common.mx_6.15.0.202507011659/:?]
	at com.st.stm32cube.common.mx.oss.core.awtswtbridge.EmbeddedSwingComposite.doComponentCreation(EmbeddedSwingComposite.java:492) ~[com.st.stm32cube.common.mx.oss_6.15.0.202507011659/:?]
	at com.st.stm32cube.common.mx.oss.core.awtswtbridge.EmbeddedSwingComposite$4.run(EmbeddedSwingComposite.java:291) ~[com.st.stm32cube.common.mx.oss_6.15.0.202507011659/:?]
	at com.st.stm32cube.common.mx.oss.core.awtswtbridge.AwtEnvironment$2.run(AwtEnvironment.java:166) ~[com.st.stm32cube.common.mx.oss_6.15.0.202507011659/:?]
	at java.awt.event.InvocationEvent.dispatch(InvocationEvent.java:318) ~[?:?]
	at java.awt.EventQueue.dispatchEventImpl(EventQueue.java:773) ~[?:?]
	at java.awt.EventQueue$4.run(EventQueue.java:720) ~[?:?]
	at java.awt.EventQueue$4.run(EventQueue.java:714) ~[?:?]
	at java.security.AccessController.doPrivileged(AccessController.java:400) ~[?:?]
	at java.security.ProtectionDomain$JavaSecurityAccessImpl.doIntersectionPrivilege(ProtectionDomain.java:87) ~[?:?]
	at java.awt.EventQueue.dispatchEvent(EventQueue.java:742) ~[?:?]
	at java.awt.EventDispatchThread.pumpOneEventForFilters(EventDispatchThread.java:203) ~[?:?]
	at java.awt.EventDispatchThread.pumpEventsForFilter(EventDispatchThread.java:124) ~[?:?]
	at java.awt.EventDispatchThread.pumpEventsForHierarchy(EventDispatchThread.java:113) ~[?:?]
	at java.awt.EventDispatchThread.pumpEvents(EventDispatchThread.java:109) ~[?:?]
	at java.awt.EventDispatchThread.pumpEvents(EventDispatchThread.java:101) ~[?:?]
	at java.awt.EventDispatchThread.run(EventDispatchThread.java:90) ~[?:?]
2026-04-08 17:02:07,409 [WARN] ThirdParty:871 - waiting for thirdparty lock release [close project]
2026-04-08 17:02:07,409 [INFO] ThirdParty:873 - entering critical section [close project]
2026-04-08 17:02:07,409 [INFO] ThirdParty:883 - exiting critical section [close project]
2026-04-08 17:02:07,410 [INFO] PinOutPanel:1589 - setPackage(No Configuration,No Configuration)
2026-04-08 17:02:07,414 [INFO] UtilMem:75 - Begin LoadConfig() Used Memory: 1014996880 Bytes (1073741824)
2026-04-08 17:02:07,416 [INFO] OpenFileManager:355 - Change cursor
2026-04-08 17:02:07,489 [INFO] RulesReader:64 - Compatibility file has been processed (317 Rules)
2026-04-08 17:02:07,501 [INFO] ProjectFactory:514 - No CPN specified for board NUCLEO-L432KC => set CPN to STM32L432KCU3
2026-04-08 17:02:07,502 [INFO] Mcu:2029 - Initializing MCU STM32L432K(B-C)Ux STM32L432KCUx STM32L432KCU3
2026-04-08 17:02:08,912 [INFO] Context:786 - Trying to add GPIOservice into a context  which must be forbidden
2026-04-08 17:02:09,487 [INFO] Rule:233 - rule 117617 - U5Cobra4M][GTZC] default value MPCBB3 and MPCBB5 - Not Secured memory - MPCBB1 is applicable
2026-04-08 17:02:09,489 [INFO] Rule:233 - rule 117617 - U5Cobra4M][GTZC] default value MPCBB3 and MPCBB5 - Not Secured memory - MPCBB1 is applicable
2026-04-08 17:02:09,489 [INFO] Rule:233 - rule 117617 - U5Cobra4M][GTZC] default value MPCBB3 and MPCBB5 - Not Secured memory - MPCBB2 is applicable
2026-04-08 17:02:09,489 [INFO] Rule:233 - rule 117617 - U5Cobra4M][GTZC] default value MPCBB3 and MPCBB5 - Not Secured memory - MPCBB2 is applicable
2026-04-08 17:02:09,489 [INFO] Rule:233 - rule 117617 - U5Cobra4M][GTZC] default value MPCBB3 and MPCBB5 - Not Secured memory - MPCBB3 is applicable
2026-04-08 17:02:09,489 [INFO] Rule:233 - rule 117617 - U5Cobra4M][GTZC] default value MPCBB3 and MPCBB5 - Not Secured memory - MPCBB3 is applicable
2026-04-08 17:02:09,489 [INFO] Rule:233 - rule 117617 - U5Cobra4M][GTZC] default value MPCBB3 and MPCBB5 - Not Secured memory - MPCBB4 is applicable
2026-04-08 17:02:09,489 [INFO] Rule:233 - rule 117617 - U5Cobra4M][GTZC] default value MPCBB3 and MPCBB5 - Not Secured memory - MPCBB4 is applicable
2026-04-08 17:02:09,489 [INFO] Rule:233 - rule 117617 - U5Cobra4M][GTZC] default value MPCBB3 and MPCBB5 - Secured memory - MPCBB1 is applicable
2026-04-08 17:02:09,489 [INFO] Rule:233 - rule 117617 - U5Cobra4M][GTZC] default value MPCBB3 and MPCBB5 - Secured memory - MPCBB2 is applicable
2026-04-08 17:02:09,489 [INFO] Rule:233 - rule 117617 - U5Cobra4M][GTZC] default value MPCBB3 and MPCBB5 - Secured memory - MPCBB3 is applicable
2026-04-08 17:02:09,489 [INFO] Rule:233 - rule 117617 - U5Cobra4M][GTZC] default value MPCBB3 and MPCBB5 - Secured memory - MPCBB4 is applicable
2026-04-08 17:02:09,489 [INFO] Rule:233 - rule 117617 - U5Cobra4M][GTZC] default value MPCBB3 and MPCBB5 - Privileged memory - MPCBB1 is applicable
2026-04-08 17:02:09,489 [INFO] Rule:233 - rule 117617 - U5Cobra4M][GTZC] default value MPCBB3 and MPCBB5 - Privileged memory - MPCBB2 is applicable
2026-04-08 17:02:09,489 [INFO] Rule:233 - rule 117617 - U5Cobra4M][GTZC] default value MPCBB3 and MPCBB5 - Privileged memory - MPCBB3 is applicable
2026-04-08 17:02:09,489 [INFO] Rule:233 - rule 117617 - U5Cobra4M][GTZC] default value MPCBB3 and MPCBB5 - Privileged memory - MPCBB4 is applicable
2026-04-08 17:02:09,489 [INFO] Rule:233 - rule 117617 - U5Cobra4M][GTZC] default value MPCBB3 and MPCBB5 - Not Privileged memory - MPCBB1 is applicable
2026-04-08 17:02:09,489 [INFO] Rule:233 - rule 117617 - U5Cobra4M][GTZC] default value MPCBB3 and MPCBB5 - Not Privileged memory - MPCBB2 is applicable
2026-04-08 17:02:09,489 [INFO] Rule:233 - rule 117617 - U5Cobra4M][GTZC] default value MPCBB3 and MPCBB5 - Not Privileged memory - MPCBB3 is applicable
2026-04-08 17:02:09,490 [INFO] Rule:233 - rule 117617 - U5Cobra4M][GTZC] default value MPCBB3 and MPCBB5 - Not Privileged memory - MPCBB4 is applicable
2026-04-08 17:02:09,490 [INFO] Rule:233 - rule 117617 - U5Cobra4M][GTZC] default value MPCBB3 and MPCBB5 - Privileged memory - MPCBB1 is applicable
2026-04-08 17:02:09,490 [INFO] Rule:233 - rule 117617 - U5Cobra4M][GTZC] default value MPCBB3 and MPCBB5 - Privileged memory - MPCBB2 is applicable
2026-04-08 17:02:09,490 [INFO] Rule:233 - rule 117617 - U5Cobra4M][GTZC] default value MPCBB3 and MPCBB5 - Privileged memory - MPCBB3 is applicable
2026-04-08 17:02:09,490 [INFO] Rule:233 - rule 117617 - U5Cobra4M][GTZC] default value MPCBB3 and MPCBB5 - Privileged memory - MPCBB4 is applicable
2026-04-08 17:02:09,490 [INFO] Rule:233 - rule 117617 - U5Cobra4M][GTZC] default value MPCBB3 and MPCBB5 - Privileged memory - MPCBB1 is applicable
2026-04-08 17:02:09,490 [INFO] Rule:233 - rule 117617 - U5Cobra4M][GTZC] default value MPCBB3 and MPCBB5 - Privileged memory - MPCBB2 is applicable
2026-04-08 17:02:09,490 [INFO] Rule:233 - rule 117617 - U5Cobra4M][GTZC] default value MPCBB3 and MPCBB5 - Privileged memory - MPCBB3 is applicable
2026-04-08 17:02:09,490 [INFO] Rule:233 - rule 117617 - U5Cobra4M][GTZC] default value MPCBB3 and MPCBB5 - Privileged memory - MPCBB4 is applicable
2026-04-08 17:02:09,490 [INFO] Rule:233 - rule 117617 - U5Cobra4M][GTZC] default value MPCBB3 and MPCBB5 - Not Privileged memory - MPCBB1 is applicable
2026-04-08 17:02:09,490 [INFO] Rule:233 - rule 117617 - U5Cobra4M][GTZC] default value MPCBB3 and MPCBB5 - Not Privileged memory - MPCBB2 is applicable
2026-04-08 17:02:09,490 [INFO] Rule:233 - rule 117617 - U5Cobra4M][GTZC] default value MPCBB3 and MPCBB5 - Not Privileged memory - MPCBB3 is applicable
2026-04-08 17:02:09,490 [INFO] Rule:233 - rule 117617 - U5Cobra4M][GTZC] default value MPCBB3 and MPCBB5 - Not Privileged memory - MPCBB4 is applicable
2026-04-08 17:02:09,490 [INFO] Rule:233 - rule 117617 - U5Cobra4M][GTZC] default value MPCBB3 and MPCBB5 - Privileged memory - MPCBB1 is applicable
2026-04-08 17:02:09,491 [INFO] Rule:233 - rule 117617 - U5Cobra4M][GTZC] default value MPCBB3 and MPCBB5 - Privileged memory - MPCBB2 is applicable
2026-04-08 17:02:09,491 [INFO] Rule:233 - rule 117617 - U5Cobra4M][GTZC] default value MPCBB3 and MPCBB5 - Privileged memory - MPCBB3 is applicable
2026-04-08 17:02:09,491 [INFO] Rule:233 - rule 117617 - U5Cobra4M][GTZC] default value MPCBB3 and MPCBB5 - Privileged memory - MPCBB4 is applicable
2026-04-08 17:02:09,491 [INFO] Rule:233 - rule Rename SubGHz_Phy SUBGHZ_APPLICATION SUBGHZ_PINGPONG to SUBGHZ_ADV_APPLICATION is applicable
2026-04-08 17:02:09,491 [INFO] Rule:233 - rule Rename Enabled to IBEACON is applicable
2026-04-08 17:02:09,491 [INFO] Rule:233 - rule GTZC_S instance for project manager is applicable
2026-04-08 17:02:09,491 [INFO] Rule:233 - rule GTZC_S instance for context M33S is applicable
2026-04-08 17:02:09,491 [INFO] Rule:233 - rule GTZC_S instance value for IP GTZC is applicable
2026-04-08 17:02:09,491 [INFO] Rule:233 - rule GTZC_S instance for mcu.IP is applicable
2026-04-08 17:02:09,491 [INFO] Rule:233 - rule GTZC_S instance for VP is applicable
2026-04-08 17:02:09,491 [INFO] Rule:233 - rule GTZC_S instance for signal is applicable
2026-04-08 17:02:09,491 [INFO] Rule:233 - rule GTZC_S instance for mcu.Pin is applicable
2026-04-08 17:02:09,491 [INFO] Rule:233 - rule GTZC_S instance for VP is applicable
2026-04-08 17:02:09,491 [INFO] Rule:233 - rule GTZC_S instance for signal is applicable
2026-04-08 17:02:09,491 [INFO] Rule:233 - rule GTZC_S instance for mcu is applicable
2026-04-08 17:02:09,491 [INFO] Rule:233 - rule GTZC_S instance for mcu.Pin is applicable
2026-04-08 17:02:09,491 [INFO] Rule:233 - rule GTZC_S instance value for IP GTZC is applicable
2026-04-08 17:02:09,491 [INFO] Rule:233 - rule GTZC_S instance for project manager is applicable
2026-04-08 17:02:09,491 [INFO] Rule:233 - rule GTZC_S instance for context M33S is applicable
2026-04-08 17:02:09,491 [INFO] Rule:233 - rule GTZC_S instance for VP is applicable
2026-04-08 17:02:09,491 [INFO] Rule:233 - rule GTZC_S instance for signal is applicable
2026-04-08 17:02:09,491 [INFO] Rule:233 - rule SPDIFRX instance for mcu is applicable
2026-04-08 17:02:09,491 [INFO] Rule:233 - rule Rename Tracer Mode is applicable
2026-04-08 17:02:09,491 [INFO] Rule:233 - rule SPDIFRX instance value for IP SPDIFRX is applicable
2026-04-08 17:02:09,491 [INFO] Rule:233 - rule SPDIFRX instance for signal is applicable
2026-04-08 17:02:09,491 [INFO] Rule:233 - rule SPDIFRX instance for project manager is applicable
2026-04-08 17:02:09,491 [INFO] Rule:233 - rule SPDIFRX instance for project manager is applicable
2026-04-08 17:02:09,492 [INFO] Rule:233 - rule ADC Scan  fix with FW F7 is applicable
2026-04-08 17:02:09,492 [INFO] Rule:233 - rule ADC Scan  fix with FW F7 is applicable
2026-04-08 17:02:09,492 [INFO] Rule:233 - rule DFSDM instance value for IP DFSDM is applicable
2026-04-08 17:02:09,492 [INFO] Rule:233 - rule DFSDM instance for mcu is applicable
2026-04-08 17:02:09,492 [INFO] Rule:233 - rule DFSDM instance for VP is applicable
2026-04-08 17:02:09,492 [INFO] Rule:233 - rule DFSDM instance for signal is applicable
2026-04-08 17:02:09,492 [INFO] Rule:233 - rule DFSDM instance for shared is applicable
2026-04-08 17:02:09,492 [INFO] Rule:233 - rule BreakInputSource parameter for IP Timer is applicable
2026-04-08 17:02:09,492 [INFO] Rule:233 - rule Sourcebreak parameter for IP Timer is applicable
2026-04-08 17:02:09,492 [INFO] Rule:233 - rule Sourcebreak parameter for IP Timer is applicable
2026-04-08 17:02:09,492 [INFO] Rule:233 - rule DFSDM for PCC is applicable
2026-04-08 17:02:09,492 [INFO] Rule:233 - rule Serial_Wire Mode is applicable
2026-04-08 17:02:09,492 [INFO] Rule:233 - rule JTAG_4_pins Mode is applicable
2026-04-08 17:02:09,492 [INFO] Rule:233 - rule JTAG_5_pins Mode is applicable
2026-04-08 17:02:09,492 [INFO] Rule:233 - rule Trace_Asynchronous_SW Mode is applicable
2026-04-08 17:02:09,492 [INFO] Rule:233 - rule Trace_Synchro_1bit_JTAG Mode is applicable
2026-04-08 17:02:09,492 [INFO] Rule:233 - rule Trace_Synchro_2bits_JTAG Mode is applicable
2026-04-08 17:02:09,492 [INFO] Rule:233 - rule Trace_Synchro_4bits_JTAG Mode is applicable
2026-04-08 17:02:09,492 [INFO] Rule:233 - rule Trace_Synchro_1bit_SW Mode is applicable
2026-04-08 17:02:09,492 [INFO] Rule:233 - rule Trace_Synchro_2bits_SW Mode is applicable
2026-04-08 17:02:09,492 [INFO] Rule:233 - rule Trace_Synchro_4bits_SW Mode is applicable
2026-04-08 17:02:09,492 [INFO] Rule:233 - rule SYS_WakeUp0 Mode is applicable
2026-04-08 17:02:09,492 [INFO] Rule:233 - rule SYS_WakeUp0 Mode for STM32F446 is applicable
2026-04-08 17:02:09,492 [INFO] Rule:233 - rule SYS_WakeUp1 Mode is applicable
2026-04-08 17:02:09,492 [INFO] Rule:233 - rule SYS_WakeUp1 Mode for STM32F446 is applicable
2026-04-08 17:02:09,492 [INFO] Rule:233 - rule SYS_WakeUp2 Mode is applicable
2026-04-08 17:02:09,492 [INFO] Rule:233 - rule SYS_WakeUp3 Mode is applicable
2026-04-08 17:02:09,492 [INFO] Rule:233 - rule SYS_WakeUp4 Mode is applicable
2026-04-08 17:02:09,492 [INFO] Rule:233 - rule SYS_WakeUp5 Mode is applicable
2026-04-08 17:02:09,492 [INFO] Rule:233 - rule SYS_WakeUp6 Mode is applicable
2026-04-08 17:02:09,492 [INFO] Rule:233 - rule SYS_WakeUp7 Mode is applicable
2026-04-08 17:02:09,492 [INFO] Rule:233 - rule WakeUp0 Mode is applicable
2026-04-08 17:02:09,492 [INFO] Rule:233 - rule WakeUp0 SIGNAL is applicable
2026-04-08 17:02:09,492 [INFO] Rule:233 - rule WakeUp1 Mode is applicable
2026-04-08 17:02:09,492 [INFO] Rule:233 - rule WakeUp1 SIGNAL is applicable
2026-04-08 17:02:09,492 [INFO] Rule:233 - rule WakeUp2 Mode is applicable
2026-04-08 17:02:09,492 [INFO] Rule:233 - rule WakeUp2 SIGNAL is applicable
2026-04-08 17:02:09,492 [INFO] Rule:233 - rule WakeUp4 Mode is applicable
2026-04-08 17:02:09,492 [INFO] Rule:233 - rule WakeUp4 SIGNAL is applicable
2026-04-08 17:02:09,492 [INFO] Rule:233 - rule WakeUp5 Mode is applicable
2026-04-08 17:02:09,492 [INFO] Rule:233 - rule WakeUp5 SIGNAL is applicable
2026-04-08 17:02:09,492 [INFO] Rule:233 - rule Mode_PVD_Ext is applicable
2026-04-08 17:02:09,492 [INFO] Rule:233 - rule Mode_PVD_Int is applicable
2026-04-08 17:02:09,492 [INFO] Rule:233 - rule Add RTC Activate Clock Source is applicable
2026-04-08 17:02:09,493 [INFO] Rule:233 - rule Add RTC Activate Calendar 1 is applicable
2026-04-08 17:02:09,493 [INFO] Rule:233 - rule Add RTC Activate Calendar 2 is applicable
2026-04-08 17:02:09,493 [INFO] Rule:233 - rule Add RTC Activate Calendar 3 is applicable
2026-04-08 17:02:09,493 [INFO] Rule:233 - rule UART/USART TX Mode is applicable
2026-04-08 17:02:09,493 [INFO] Rule:233 - rule UART/USART RX Mode is applicable
2026-04-08 17:02:09,493 [INFO] Rule:233 - rule UART/USART RX TX Mode is applicable
2026-04-08 17:02:09,493 [INFO] Rule:233 - rule UART/USART PARITY NONE is applicable
2026-04-08 17:02:09,493 [INFO] Rule:233 - rule UART/USART PARITY EVEN is applicable
2026-04-08 17:02:09,493 [INFO] Rule:233 - rule UART/USART PARITY ODD is applicable
2026-04-08 17:02:09,494 [INFO] Rule:233 - rule USART StopBits 1 is applicable
2026-04-08 17:02:09,495 [INFO] Rule:233 - rule USART StopBits 2 is applicable
2026-04-08 17:02:09,497 [INFO] Rule:233 - rule USART StopBits 1.5 is applicable
2026-04-08 17:02:09,497 [INFO] Rule:233 - rule USART StopBits 0.5 is applicable
2026-04-08 17:02:09,497 [INFO] Rule:233 - rule UART/USART WORD LENGTH 7 is applicable
2026-04-08 17:02:09,497 [INFO] Rule:233 - rule UART/USART WORD LENGTH 8 is applicable
2026-04-08 17:02:09,497 [INFO] Rule:233 - rule UART/USART WORD LENGTH 9 is applicable
2026-04-08 17:02:09,497 [INFO] Rule:233 - rule Rename FMC NAND NCE signal is applicable
2026-04-08 17:02:09,497 [INFO] Rule:233 - rule Rename FMC NAND INT signal is applicable
2026-04-08 17:02:09,498 [INFO] Rule:233 - rule Change Default Value for LSE Drive Capability for WB family is applicable
2026-04-08 17:02:09,498 [INFO] Rule:233 - rule Change Default Value for ADC Clock Prescaler G0 family is applicable
2026-04-08 17:02:09,498 [INFO] Rule:233 - rule Change Default Value for ADC ExternalTrigConv L4 family is applicable
2026-04-08 17:02:09,498 [INFO] Rule:233 - rule Change Default Value for ADC ExternalTrigInjecConv L4 family is applicable
2026-04-08 17:02:09,498 [INFO] Rule:233 - rule Change Default Value for ADC ExternalTrigConv F3 family is applicable
2026-04-08 17:02:09,498 [INFO] Rule:233 - rule Change Default Value for ADC ExternalTrigInjecConv F3 family is applicable
2026-04-08 17:02:09,498 [INFO] Rule:233 - rule Change Default Value for ADC ExternalTrigConv Goldfish serie is applicable
2026-04-08 17:02:09,498 [INFO] Rule:233 - rule Change Default Value for ADC ExternalTrigInjecConv Goldfish serie is applicable
2026-04-08 17:02:09,498 [INFO] Rule:233 - rule Change Default Value for ADC ExternalTrigConv L0 family is applicable
2026-04-08 17:02:09,498 [INFO] Rule:233 - rule Change Default Value for ADC ExternalTrigConv F0 family is applicable
2026-04-08 17:02:09,498 [INFO] Rule:233 - rule Change Default Value for ADC ExternalTrigConvn L1 family is applicable
2026-04-08 17:02:09,498 [INFO] Rule:233 - rule Change Default Value for ADC ExternalTrigInjecConv L1 family is applicable
2026-04-08 17:02:09,498 [INFO] Rule:233 - rule Change Default Value for ADC ExternalTrigConv F1 family is applicable
2026-04-08 17:02:09,498 [INFO] Rule:233 - rule Change Default Value for ADC ExternalTrigInjecConv F1 family is applicable
2026-04-08 17:02:09,498 [INFO] Rule:233 - rule Change Default Value for ADC ExternalTrigConv F7 family is applicable
2026-04-08 17:02:09,498 [INFO] Rule:233 - rule Change Default Value for ADC ExternalTrigInjecConv F7 family is applicable
2026-04-08 17:02:09,498 [INFO] Rule:233 - rule Change Default Value for ADC ExternalTrigConv F4 and F2 family is applicable
2026-04-08 17:02:09,498 [INFO] Rule:233 - rule Change Default Value for ADC ExternalTrigInjecConv F4 and F2 family is applicable
2026-04-08 17:02:09,498 [INFO] Rule:233 - rule ADC SamplingTime fix with FW L0  is applicable
2026-04-08 17:02:09,498 [INFO] Rule:233 - rule ADC SamplingTime fix with FW L0  is applicable
2026-04-08 17:02:09,498 [INFO] Rule:233 - rule ADC SamplingTime fix with FW L0 is applicable
2026-04-08 17:02:09,498 [INFO] Rule:233 - rule ADC SamplingTime fix with FW L0 is applicable
2026-04-08 17:02:09,498 [INFO] Rule:233 - rule ADC SamplingTime fix with FW L0  is applicable
2026-04-08 17:02:09,498 [INFO] Rule:233 - rule ADC SamplingTime fix with FW L0 is applicable
2026-04-08 17:02:09,498 [INFO] Rule:233 - rule Rename USB_OE Signal is applicable
2026-04-08 17:02:09,498 [INFO] Rule:233 - rule Rename Activate_OE Mode is applicable
2026-04-08 17:02:09,498 [INFO] Rule:233 - rule Rename DIE462/DIE415 pin PC14/OSC32_IN -> PC14-OSC32_IN (PC14) is applicable
2026-04-08 17:02:09,498 [INFO] Rule:233 - rule Rename DIE462/DIE415 pin PC15/OSC32_OUT -> PC15-OSC32_OUT (PC15) is applicable
2026-04-08 17:02:09,498 [INFO] Rule:233 - rule Rename DIE462/DIE415 pin PH0/OSC_IN -> PH0-OSC_IN (PH0) is applicable
2026-04-08 17:02:09,498 [INFO] Rule:233 - rule Rename DIE462/DIE415 pin PH1/OSC_OUT -> PH1-OSC_OUT (PH1) is applicable
2026-04-08 17:02:09,498 [INFO] Rule:233 - rule Rename DIE462 pin PA13 -> PA13 (JTMS/SWDIO) is applicable
2026-04-08 17:02:09,498 [INFO] Rule:233 - rule Rename DIE415 pin PA13 -> PA13 (JTMS/SWDIO) is applicable
2026-04-08 17:02:09,498 [INFO] Rule:233 - rule Rename DIE462 pin PA14 -> PA14 (JTCK/SWCLK) is applicable
2026-04-08 17:02:09,498 [INFO] Rule:233 - rule Rename DIE415 pin PA14 -> PA14 (JTCK/SWCLK) is applicable
2026-04-08 17:02:09,498 [INFO] Rule:233 - rule Rename DIE462/DIE415 pin PA15 -> PA15 (JTDI) is applicable
2026-04-08 17:02:09,498 [INFO] Rule:233 - rule Rename DIE462 pin PB3 -> PB3 (JTD0/TRACESWO) is applicable
2026-04-08 17:02:09,498 [INFO] Rule:233 - rule Rename DIE415 pin PB3 -> PB3 (JTD0-TRACESWO) is applicable
2026-04-08 17:02:09,498 [INFO] Rule:233 - rule Rename DIE462/DIE415 pin PB4 -> PB4 (NJTRST) is applicable
2026-04-08 17:02:09,498 [INFO] Rule:233 - rule Rename DIE462 pin PH3/BOOT0 -> PH3-BOOT0 (BOOT0) is applicable
2026-04-08 17:02:09,498 [INFO] Rule:233 - rule Rename CRYP DataEncryptionTypesList to Algorithm is applicable
2026-04-08 17:02:09,498 [INFO] Rule:233 - rule Rename AES DataEncryptionTypesList to Algorithm is applicable
2026-04-08 17:02:09,498 [INFO] Rule:233 - rule Rename TDESECB to CRYP_TDES_ECB is applicable
2026-04-08 17:02:09,499 [INFO] Rule:233 - rule Rename TDESCBC to CRYP_TDES_CBC is applicable
2026-04-08 17:02:09,499 [INFO] Rule:233 - rule Rename DESECB to CRYP_DES_ECB is applicable
2026-04-08 17:02:09,499 [INFO] Rule:233 - rule Rename DESCBC to CRYP_DES_CBC is applicable
2026-04-08 17:02:09,499 [INFO] Rule:233 - rule Rename AESECB to CRYP_AES_ECB is applicable
2026-04-08 17:02:09,499 [INFO] Rule:233 - rule Rename AESCBC to CRYP_AES_CBC is applicable
2026-04-08 17:02:09,499 [INFO] Rule:233 - rule Rename AESCTR to CRYP_AES_CTR is applicable
2026-04-08 17:02:09,499 [INFO] Rule:233 - rule Rename AESGCM to CRYP_AES_GCM is applicable
2026-04-08 17:02:09,499 [INFO] Rule:233 - rule Rename AESCCM to CRYP_AES_CCM is applicable
2026-04-08 17:02:09,499 [INFO] Rule:233 - rule Rename CAN TimeSeg1 to BS1 is applicable
2026-04-08 17:02:09,499 [INFO] Rule:233 - rule Rename CAN TimeSeg2 to BS2 is applicable
2026-04-08 17:02:09,499 [INFO] Rule:233 - rule Rename CAN SyncJumpWidth to SJW is applicable
2026-04-08 17:02:09,499 [INFO] Rule:233 - rule TimeTriggeredMode to TTCM is applicable
2026-04-08 17:02:09,499 [INFO] Rule:233 - rule Rename CAN AutoBusOff to ABOM is applicable
2026-04-08 17:02:09,499 [INFO] Rule:233 - rule Rename CAN AutoWakeUp to AWUM is applicable
2026-04-08 17:02:09,499 [INFO] Rule:233 - rule Rename CAN AutoRetransmission to NART is applicable
2026-04-08 17:02:09,499 [INFO] Rule:233 - rule Rename CAN ReceiveFifoLocked to RFLM is applicable
2026-04-08 17:02:09,499 [INFO] Rule:233 - rule Rename CAN TransmitFifoPriority to TXFP is applicable
2026-04-08 17:02:09,499 [INFO] Rule:233 - rule Rename HRTIMER HRTIM_OUTPUTFAULTLEVEL_HIGH in HRTIMER HRTIM_OUTPUTFAULTLEVEL_HIGHZ is applicable
2026-04-08 17:02:09,499 [INFO] Rule:233 - rule Rename TIMER TIM_CLEARINPUTSOURCE_OCREFCLR in  TIMER TIM_CLEARINPUTSOURCE_NONE for F7 family is applicable
2026-04-08 17:02:09,499 [INFO] Rule:233 - rule FDCAN_R1 - Rename FDCAN mode Master into Classic is applicable
2026-04-08 17:02:09,499 [INFO] Rule:233 - rule FDCAN_R2 - Rename FDCAN mode Slave into Classic is applicable
2026-04-08 17:02:09,499 [INFO] Rule:233 - rule FDCAN1_R3 - if PA10.Mode=FullDuplex, add Pin PA12 is applicable
2026-04-08 17:02:09,499 [INFO] Rule:233 - rule FDCAN1_R3 - if PA9.Mode=FullDuplex, add Pin PA11 is applicable
2026-04-08 17:02:09,499 [INFO] Rule:233 - rule FDCAN1_R3 - Alternatepin_1 - if PE1.Mode=FullDuplex, add Pin PB9 is applicable
2026-04-08 17:02:09,499 [INFO] Rule:233 - rule FDCAN1_R3 - Alternatepin_1 - if PE0.Mode=FullDuplex, add Pin PB8 is applicable
2026-04-08 17:02:09,499 [INFO] Rule:233 - rule FDCAN1_R3 - Alternatepin_2 - if PD5.Mode=FullDuplex, add Pin PD1 is applicable
2026-04-08 17:02:09,499 [INFO] Rule:233 - rule FDCAN1_R3 - Alternatepin_2 - if PD4.Mode=FullDuplex, add Pin PD0 is applicable
2026-04-08 17:02:09,499 [INFO] Rule:233 - rule FDCAN1_R4 - Rename Mode FullDuplex into Enable FDCAN_TXFD for pin PA10 is applicable
2026-04-08 17:02:09,499 [INFO] Rule:233 - rule FDCAN1_R4 - Rename Mode FullDuplex into Enable FDCAN_TXFD for pin PA9 is applicable
2026-04-08 17:02:09,499 [INFO] Rule:233 - rule FDCAN1_R4 - Alternatepin_1 - Rename Mode FullDuplex into Enable FDCAN_TXFD for pin PE1 is applicable
2026-04-08 17:02:09,499 [INFO] Rule:233 - rule FDCAN1_R4 - Alternatepin_1 - Rename Mode FullDuplex into Enable FDCAN_TXFD for pin PE0 is applicable
2026-04-08 17:02:09,499 [INFO] Rule:233 - rule FDCAN1_R4 - Alternatepin_2 - Rename Mode FullDuplex into Enable FDCAN_TXFD for pin PD5 is applicable
2026-04-08 17:02:09,499 [INFO] Rule:233 - rule FDCAN1_R4 - Alternatepin_2 - Rename Mode FullDuplex into Enable FDCAN_TXFD for pin PD4 is applicable
2026-04-08 17:02:09,499 [INFO] Rule:233 - rule FDCAN2_R3 - if PD10.Mode=FullDuplex, add Pin PB13 is applicable
2026-04-08 17:02:09,499 [INFO] Rule:233 - rule FDCAN2_R3 - if PD9.Mode=FullDuplex, add Pin PB12 is applicable
2026-04-08 17:02:09,499 [INFO] Rule:233 - rule FDCAN2_R3 - Alternatepin_1 - if PB7.Mode=FullDuplex, add Pin PB6 is applicable
2026-04-08 17:02:09,499 [INFO] Rule:233 - rule FDCAN2_R3 - Alternatepin_1 - if PD9.Mode=FullDuplex, add Pin PB12 is applicable
2026-04-08 17:02:09,499 [INFO] Rule:233 - rule FDCAN2_R4 - Rename Mode FullDuplex into Enable FDCAN_TXFD for pin PD10 is applicable
2026-04-08 17:02:09,499 [INFO] Rule:233 - rule FDCAN2_R4 - Rename Mode FullDuplex into Enable FDCAN_TXFD for pin PD9 is applicable
2026-04-08 17:02:09,499 [INFO] Rule:233 - rule FDCAN2_R4 - Alternatepin_1 - Rename Mode FullDuplex into Enable FDCAN_TXFD for pin PB7 is applicable
2026-04-08 17:02:09,499 [INFO] Rule:233 - rule FDCAN2_R4 - Alternatepin_1 - Rename Mode FullDuplex into Enable FDCAN_TXFD for pin PD6 is applicable
2026-04-08 17:02:09,499 [INFO] Rule:233 - rule USART TxPinLevelInvertParam Mode is applicable
2026-04-08 17:02:09,499 [INFO] Rule:233 - rule USART RxPinLevelInvertParam Mode is applicable
2026-04-08 17:02:09,499 [INFO] Rule:233 - rule USART DataInvertParam Mode is applicable
2026-04-08 17:02:09,499 [INFO] Rule:233 - rule USART SwapParam Mode is applicable
2026-04-08 17:02:09,499 [INFO] Rule:233 - rule USART OverrunDisableParam Mode is applicable
2026-04-08 17:02:09,499 [INFO] Rule:233 - rule USART DMADisableonRxErrorParam Mode is applicable
2026-04-08 17:02:09,499 [INFO] Rule:233 - rule USART MSBFirstParam Mode is applicable
2026-04-08 17:02:09,499 [INFO] Rule:233 - rule Update MwName for USB_DEVICE is applicable
2026-04-08 17:02:09,499 [INFO] Rule:233 - rule Change PWR_Regulator_Voltage_Scale Default Value for RCC  H7 family is applicable
2026-04-08 17:02:09,499 [INFO] Rule:233 - rule UART/USART IPParameter rename Prescaler parameter to ClockPrescaler is applicable
2026-04-08 17:02:09,499 [INFO] Rule:233 - rule UART/USART Prescaler rename Prescaler parameter to ClockPrescaler is applicable
2026-04-08 17:02:09,499 [INFO] Rule:233 - rule TIM1CLockSelection is applicable
2026-04-08 17:02:09,500 [INFO] Rule:233 - rule TIM15CLockSelection is applicable
2026-04-08 17:02:09,500 [INFO] Rule:233 - rule align RCC SDMMC3CLockSelection default value on MP1 is applicable
2026-04-08 17:02:09,500 [INFO] Rule:233 - rule align RCC SDMMC12CLockSelection default value on MP1 is applicable
2026-04-08 17:02:09,500 [INFO] Rule:233 - rule align RCC QSPICLockSelection default value on MP1 is applicable
2026-04-08 17:02:09,501 [INFO] Rule:233 - rule align RCC QSPICLockSelection default value on MP1 is applicable
2026-04-08 17:02:09,502 [INFO] Rule:233 - rule align RCC SPI6CLockSelection default value on MP1 is applicable
2026-04-08 17:02:09,502 [INFO] Rule:233 - rule align RCC LPTIM23CLockSelection default value on MP1 is applicable
2026-04-08 17:02:09,502 [INFO] Rule:233 - rule align RCC LPTIM1CLockSelection default value on MP1 is applicable
2026-04-08 17:02:09,502 [INFO] Rule:233 - rule align RCC USART1CLockSelection default value on MP1 is applicable
2026-04-08 17:02:09,502 [INFO] Rule:233 - rule align RCC USART24CLockSelection default value on MP1 is applicable
2026-04-08 17:02:09,502 [INFO] Rule:233 - rule align RCC USART6CLockSelection default value on MP1 is applicable
2026-04-08 17:02:09,502 [INFO] Rule:233 - rule align RCC UART78CLockSelection default value on MP1 is applicable
2026-04-08 17:02:09,502 [INFO] Rule:233 - rule align RCC USART35CLockSelection default value on MP1 is applicable
2026-04-08 17:02:09,502 [INFO] Rule:233 - rule align RCC SPI45CLockSelection default value on MP1 is applicable
2026-04-08 17:02:09,502 [INFO] Rule:233 - rule align RCC I2C46CLockSelection BCLK value on MP1 is applicable
2026-04-08 17:02:09,502 [INFO] Rule:233 - rule align RCC SPI45CLockSelection default value on MP1 is applicable
2026-04-08 17:02:09,502 [INFO] Rule:233 - rule align RCC I2C12CLockSelection default value on MP1 is applicable
2026-04-08 17:02:09,502 [INFO] Rule:233 - rule align RCC I2C35CLockSelection default value on MP1 is applicable
2026-04-08 17:02:09,503 [INFO] Rule:233 - rule align RCC LPTIM45CLockSelection default value on MP1 is applicable
2026-04-08 17:02:09,503 [INFO] Rule:233 - rule Rename DCMI PIXCK signal is applicable
2026-04-08 17:02:09,503 [INFO] Rule:233 - rule Change Default Value for I2C46CLockSelection MP1 family is applicable
2026-04-08 17:02:09,503 [INFO] Rule:233 - rule Change Default Value for UART for G4, G0 and WB families is applicable
2026-04-08 17:02:09,503 [INFO] Rule:233 - rule Change Default Value for USART for G4, G0 and WB families is applicable
2026-04-08 17:02:09,503 [INFO] Rule:233 - rule Change Default Value for USART for G4 family is applicable
2026-04-08 17:02:09,503 [INFO] Rule:233 - rule Change USART1CLockSelection refparam name for MP1 is applicable
2026-04-08 17:02:09,503 [INFO] Rule:233 - rule Change USART2CLockSelection refparam name for MP1 is applicable
2026-04-08 17:02:09,503 [INFO] Rule:233 - rule Change USART3CLockSelection refparam name for MP1 is applicable
2026-04-08 17:02:09,503 [INFO] Rule:233 - rule Change UART4CLockSelection refparam name for MP1 is applicable
2026-04-08 17:02:09,503 [INFO] Rule:233 - rule Change UART5CLockSelection refparam name for MP1 is applicable
2026-04-08 17:02:09,503 [INFO] Rule:233 - rule Change LPUART1CLockSelection refparam name for MP1 is applicable
2026-04-08 17:02:09,503 [INFO] Rule:233 - rule Change LPTIM1CLockSelection refparam name for MP1 is applicable
2026-04-08 17:02:09,503 [INFO] Rule:233 - rule Change LPTIM2CLockSelection refparam name for MP1 is applicable
2026-04-08 17:02:09,503 [INFO] Rule:233 - rule Change RCC_MCO1Source refparam name for MP1 is applicable
2026-04-08 17:02:09,503 [INFO] Rule:233 - rule Change LSCOSource1 refparam name for MP1 is applicable
2026-04-08 17:02:09,503 [INFO] Rule:233 - rule Change SMPSCLockSelection refparam name for MP1 is applicable
2026-04-08 17:02:09,503 [INFO] Rule:233 - rule Change LPTIM3CLockSelection refparam name for MP1 is applicable
2026-04-08 17:02:09,503 [INFO] Rule:233 - rule Change MPCBB* Default Template Mode to Parameters is applicable
2026-04-08 17:02:09,503 [INFO] Rule:233 - rule Change MPCWM* or MPCBB* Secure Mode to Parameters is applicable
2026-04-08 17:02:09,503 [INFO] Rule:233 - rule Change MPCWM* or MPCBB* No Secure Mode to Parameters is applicable
2026-04-08 17:02:09,503 [INFO] Rule:233 - rule Change TZSC IP Secure Mode to Parameters is applicable
2026-04-08 17:02:09,503 [INFO] Rule:233 - rule Change TZSC IP No Secure Mode to Parameters is applicable
2026-04-08 17:02:09,503 [INFO] Rule:233 - rule Change TZSC IP Privilege Mode to Parameters is applicable
2026-04-08 17:02:09,503 [INFO] Rule:233 - rule Change TZSC IP No Privilege Mode to Parameters is applicable
2026-04-08 17:02:09,503 [INFO] Rule:233 - rule Change TZIC IT Secure Mode to Parameters is applicable
2026-04-08 17:02:09,503 [INFO] Rule:233 - rule Change TZIC IT No Secure Mode to Parameters is applicable
2026-04-08 17:02:09,503 [INFO] Rule:233 - rule Add MPCBB1_NonSecureArea_Start_Address value with referenced to MPCBB1_NonSecureArea_Start value is applicable
2026-04-08 17:02:09,503 [INFO] Rule:233 - rule Add MPCBB2_NonSecureArea_Start_Address value with referenced to MPCBB2_NonSecureArea_Start value is applicable
2026-04-08 17:02:09,503 [INFO] Rule:233 - rule Add MPCWM1_NonSecureArea*_Start_Address value with referenced to MPCWM1_NonSecureArea*_Start value is applicable
2026-04-08 17:02:09,503 [INFO] Rule:233 - rule Add MPCWM2_NonSecureArea*_Start_Address value with referenced to MPCWM2_NonSecureArea*_Start value is applicable
2026-04-08 17:02:09,503 [INFO] Rule:233 - rule Add MPCWM3_NonSecureArea_Start_Address value with referenced to MPCWM3_NonSecureArea_Start value is applicable
2026-04-08 17:02:09,503 [INFO] Rule:233 - rule Change Default Value for PLL1UserDefinedConfig is applicable
2026-04-08 17:02:09,503 [INFO] Rule:233 - rule Change GPIO_PuPd Default Value for USART in async mode is applicable
2026-04-08 17:02:09,503 [INFO] Rule:233 - rule Change SMPSDivider Default Value is applicable
2026-04-08 17:02:09,503 [INFO] Rule:233 - rule OPAMP is applicable
2026-04-08 17:02:09,503 [INFO] Rule:233 - rule LPUART IPParameter rename Prescaler parameter to ClockPrescaler for STM32H7 is applicable
2026-04-08 17:02:09,503 [INFO] Rule:233 - rule LPUART IPParameter rename Prescaler parameter to ClockPrescaler for STM32H7 is applicable
2026-04-08 17:02:09,503 [INFO] Rule:233 - rule LPUART IPParameter rename Prescaler parameter to ClockPrescaler for STM32WB is applicable
2026-04-08 17:02:09,503 [INFO] Rule:233 - rule LPUART IPParameter rename Prescaler parameter to ClockPrescaler for STM32WB is applicable
2026-04-08 17:02:09,503 [INFO] Rule:233 - rule LPUART IPParameter rename Prescaler parameter to ClockPrescaler for STM32G4 is applicable
2026-04-08 17:02:09,503 [INFO] Rule:233 - rule LPUART IPParameter rename Prescaler parameter to ClockPrescaler for STM32G4 is applicable
2026-04-08 17:02:09,503 [INFO] Rule:233 - rule LPUART IPParameter rename Prescaler parameter to ClockPrescaler for STM32L5 is applicable
2026-04-08 17:02:09,503 [INFO] Rule:233 - rule LPUART IPParameter rename Prescaler parameter to ClockPrescaler for STM32L5 is applicable
2026-04-08 17:02:09,503 [INFO] Rule:233 - rule LPUART IPParameter rename Prescaler parameter to ClockPrescaler for STM32G4 is applicable
2026-04-08 17:02:09,503 [INFO] Rule:233 - rule LPUART IPParameter rename Prescaler parameter to ClockPrescaler for STM32G4 is applicable
2026-04-08 17:02:09,503 [INFO] Rule:233 - rule USB device lib V2.5.3 for L0 rename USBD_SUPPORT_USER_STRING parameter to USBD_SUPPORT_USER_STRING_DESC4 is applicable
2026-04-08 17:02:09,503 [INFO] Rule:233 - rule I2SCLockSelection clock entry align is applicable
2026-04-08 17:02:09,503 [INFO] Rule:233 - rule Assign TIMx context if used as SYS timebase is applicable
2026-04-08 17:02:09,503 [INFO] Rule:233 - rule Change GPIO_Pu Default Value for I2C is applicable
2026-04-08 17:02:09,503 [INFO] Rule:233 - rule Change GPIO_Pu Default Value for SMBus is applicable
2026-04-08 17:02:09,503 [INFO] Rule:233 - rule change FDCAN default value is applicable
2026-04-08 17:02:09,503 [INFO] Rule:233 - rule Change mode sai is applicable
2026-04-08 17:02:09,503 [INFO] Rule:233 - rule **Change sai mode is applicable
2026-04-08 17:02:09,503 [INFO] Rule:233 - rule Rename STM32WPAN CFG_BLE_IRK to CFG_BLE_IR is applicable
2026-04-08 17:02:09,503 [INFO] Rule:233 - rule Rename STM32WPAN CFG_BLE_ERK to CFG_BLE_ER is applicable
2026-04-08 17:02:09,503 [INFO] Rule:233 - rule Rename STM32WPAN CFG_BLE_IRK_HEX to CFG_BLE_IR_HEX is applicable
2026-04-08 17:02:09,503 [INFO] Rule:233 - rule Rename STM32WPAN CFG_BLE_ERK_HEX to CFG_BLE_ER_HEX is applicable
2026-04-08 17:02:09,503 [INFO] Rule:233 - rule Adapt Old IOC before rework replace old CORTEX_M33/CORTEX_M55 attributes by the new one. is applicable
2026-04-08 17:02:09,503 [INFO] Rule:233 - rule Rename parametre of RCC RCC_APBDBG_DIV2 to RCC_TIMPRES_DIV2 is applicable
2026-04-08 17:02:09,503 [INFO] Rule:233 - rule Rename DIE493 pin PA10 [PA12] -> PA10 is applicable
2026-04-08 17:02:09,503 [INFO] Rule:233 - rule Rename DIE493 pin PA9 [PA11] -> PA9 is applicable
2026-04-08 17:02:09,503 [INFO] Rule:233 - rule Rename DIE492 PartNumber CPN STM32WBA5MJGHx -> STM32WBA5MMGHx is applicable
2026-04-08 17:02:09,503 [INFO] Rule:233 - rule Rename DIE492 PartNumber  Name STM32WBA5MJGHx -> STM32WBA5MMGHx is applicable
2026-04-08 17:02:09,503 [INFO] Rule:233 - rule Rename DIE492 PartNumber UserName STM32WBA5MJGHx -> STM32WBA5MMGHx is applicable
2026-04-08 17:02:09,503 [INFO] Rule:233 - rule Rename DIE492 PartNumber DeviceId STM32WBA5MJGHx -> STM32WBA5MMGHx is applicable
2026-04-08 17:02:09,503 [INFO] Rule:233 - rule Adapt Old IOC CSI. is applicable
2026-04-08 17:02:09,503 [INFO] Rule:233 - rule Adapt Old IOC DCMIPP. is applicable
2026-04-08 17:02:09,503 [INFO] Rule:233 - rule Adapt Old IOC DCMIPP Mode Parallel. is applicable
2026-04-08 17:02:09,503 [INFO] Rule:233 - rule Adapt Old IOC LTDC. is applicable
2026-04-08 17:02:09,503 [INFO] Rule:233 - rule Rename STM32MP2 RIF Peripheral LTDC RIF.RISUP.LTDC_L0L1.Privilege -> RIF.RISUP.LTDC_L1L2.Privilege is applicable
2026-04-08 17:02:09,503 [INFO] Rule:233 - rule Rename STM32MP2 RIF Peripheral LTDC RIF.RISUP.LTDC_L0L1.Privilege -> RIF.RISUP.LTDC_L1L2.Privilege is applicable
2026-04-08 17:02:09,503 [INFO] Rule:233 - rule Rename STM32MP2 RIF Peripheral LTDC RIF.RISUP.LTDC_L0L1.Lock -> RIF.RISUP.LTDC_L1L2.Lock is applicable
2026-04-08 17:02:09,503 [INFO] Rule:233 - rule Rename STM32MP2 RIF Peripheral LTDC RIF.RISUP.LTDC_L2.Lock -> RIF.RISUP.LTDC_L3.Lock is applicable
2026-04-08 17:02:09,503 [INFO] Rule:233 - rule Adapt the old IOC example for updating the SYS when it is misconfigured. is applicable
2026-04-08 17:02:09,503 [INFO] Rule:233 - rule Rename STM32C09 Mcu.Package LQFP64 -> LQFP48 is applicable
2026-04-08 17:02:09,503 [INFO] Rule:233 - rule Adapt the old IOC example for updating the SYS when it is misconfigured. is applicable
2026-04-08 17:02:09,503 [INFO] Rule:233 - rule Adapt the old IOC example for updating the SYS when it is misconfigured. is applicable
2026-04-08 17:02:09,578 [INFO] DbConfProperties:307 - Apply Compatibility (75/313 Rules)
2026-04-08 17:02:09,595 [INFO] ImportTextPane:234 - (OptionalMessage_ERROR) Unable to find key (Mcu.ThirdPartyNb) in loaded IOC file
2026-04-08 17:02:09,601 [INFO] ImportTextPane:234 - (OptionalMessage_ERROR) Pin9 (VP_RIF_VS_RIF1) cannot be retrieved for this MCU
2026-04-08 17:02:09,678 [INFO] RtosManager:558 - Registered RTOS mode: class=CMSIS, group=RTOS, mode=CMSIS_V1, owner=FREERTOS
2026-04-08 17:02:09,678 [INFO] RtosManager:558 - Registered RTOS mode: class=CMSIS, group=RTOS2, mode=CMSIS_V2, owner=FREERTOS
2026-04-08 17:02:09,678 [INFO] RtosManager:558 - Registered RTOS mode: class=RTOS, group=Core, mode=CMSIS_V1, owner=FREERTOS
2026-04-08 17:02:09,678 [INFO] RtosManager:558 - Registered RTOS mode: class=RTOS, group=Core, mode=CMSIS_V2, owner=FREERTOS
2026-04-08 17:02:09,678 [WARN] ModelIntegratedComponent:184 - Missing modes for component STMicroelectronics:FreeRTOS:0.0.1:STMicroelectronics:RTOS:FreeRTOS:Core:::10.2.0:
2026-04-08 17:02:09,702 [WARN] ModelIntegratedComponent:63 - No mode defined for component null
2026-04-08 17:02:09,702 [WARN] ModelIntegratedComponent:63 - No mode defined for component null
2026-04-08 17:02:09,702 [WARN] ModelIntegratedComponent:63 - No mode defined for component null
2026-04-08 17:02:09,702 [WARN] ModelIntegratedComponent:63 - No mode defined for component null
2026-04-08 17:02:09,702 [WARN] ModelIntegratedComponent:63 - No mode defined for component null
2026-04-08 17:02:09,702 [WARN] ModelIntegratedComponent:63 - No mode defined for component null
2026-04-08 17:02:09,702 [WARN] ModelIntegratedComponent:63 - No mode defined for component null
2026-04-08 17:02:09,702 [WARN] ModelIntegratedComponent:63 - No mode defined for component null
2026-04-08 17:02:09,702 [WARN] ModelIntegratedComponent:63 - No mode defined for component null
2026-04-08 17:02:09,702 [WARN] ModelIntegratedComponent:63 - No mode defined for component null
2026-04-08 17:02:09,702 [WARN] ModelIntegratedComponent:63 - No mode defined for component null
2026-04-08 17:02:09,702 [WARN] ModelIntegratedComponent:63 - No mode defined for component null
2026-04-08 17:02:09,702 [WARN] ModelIntegratedComponent:63 - No mode defined for component null
2026-04-08 17:02:09,702 [WARN] ModelIntegratedComponent:63 - No mode defined for component null
2026-04-08 17:02:09,702 [WARN] ModelIntegratedComponent:63 - No mode defined for component null
2026-04-08 17:02:09,702 [WARN] ModelIntegratedComponent:63 - No mode defined for component null
2026-04-08 17:02:09,702 [WARN] ModelIntegratedComponent:63 - No mode defined for component null
2026-04-08 17:02:09,702 [WARN] ModelIntegratedComponent:63 - No mode defined for component null
2026-04-08 17:02:09,702 [WARN] ModelIntegratedComponent:63 - No mode defined for component null
2026-04-08 17:02:09,702 [WARN] ModelIntegratedComponent:63 - No mode defined for component null
2026-04-08 17:02:09,702 [WARN] ModelIntegratedComponent:63 - No mode defined for component null
2026-04-08 17:02:09,702 [WARN] ModelIntegratedComponent:63 - No mode defined for component null
2026-04-08 17:02:09,702 [WARN] ModelIntegratedComponent:63 - No mode defined for component null
2026-04-08 17:02:09,702 [WARN] ModelIntegratedComponent:63 - No mode defined for component null
2026-04-08 17:02:09,702 [WARN] ModelIntegratedComponent:63 - No mode defined for component null
2026-04-08 17:02:09,703 [WARN] ModelIntegratedComponent:63 - No mode defined for component null
2026-04-08 17:02:09,703 [WARN] ModelIntegratedComponent:63 - No mode defined for component null
2026-04-08 17:02:09,703 [WARN] ModelIntegratedComponent:63 - No mode defined for component null
2026-04-08 17:02:09,703 [WARN] ModelIntegratedComponent:63 - No mode defined for component null
2026-04-08 17:02:09,703 [WARN] ModelIntegratedComponent:63 - No mode defined for component null
2026-04-08 17:02:09,703 [WARN] ModelIntegratedComponent:63 - No mode defined for component null
2026-04-08 17:02:09,703 [WARN] ModelIntegratedComponent:63 - No mode defined for component null
2026-04-08 17:02:09,703 [WARN] ModelIntegratedComponent:63 - No mode defined for component null
2026-04-08 17:02:09,703 [WARN] ModelIntegratedComponent:63 - No mode defined for component null
2026-04-08 17:02:09,703 [WARN] ModelIntegratedComponent:63 - No mode defined for component null
2026-04-08 17:02:09,703 [WARN] ModelPack:524 - Component already loaded: STMicroelectronics:HAL Drivers:0.0.0:STMicroelectronics:Device:STMicro_Driver:XSPI:HAL::0.0.1:HAL_XSPI
2026-04-08 17:02:09,805 [INFO] ThirdPartyModel:298 - Start build external matchings
2026-04-08 17:02:09,976 [INFO] ThirdPartyModel:316 - End build external matchings
2026-04-08 17:02:10,065 [INFO] ImportTextPane:234 - (OptionalMessage_ERROR) IP (RCC) : Invalid parameter (LPUARTFreq_Value)
2026-04-08 17:02:10,073 [INFO] ImportTextPane:234 - (OptionalMessage_ERROR) IP (RCC) : Invalid parameter (FamilyName)
2026-04-08 17:02:10,074 [INFO] ImportTextPane:234 - (OptionalMessage_ERROR) IP (RCC) : Invalid parameter (PLLCLKFreq_Value)
2026-04-08 17:02:10,074 [INFO] ImportTextPane:234 - (OptionalMessage_ERROR) IP (RCC) : Invalid parameter (RTCHSEDivFreq_Value)
2026-04-08 17:02:10,076 [INFO] ImportTextPane:234 - (OptionalMessage_ERROR) IP (RCC) : Invalid parameter (LPTIMFreq_Value)
2026-04-08 17:02:10,080 [INFO] ImportTextPane:234 - (OptionalMessage_ERROR) IP (RCC) : Invalid parameter (TIMFreq_Value)
2026-04-08 17:02:10,080 [INFO] ImportTextPane:234 - (OptionalMessage_ERROR) IP (RCC) : Invalid parameter (HSI16_VALUE)
2026-04-08 17:02:10,087 [INFO] ImportTextPane:234 - (OptionalMessage_ERROR) IP (RCC) : Invalid parameter (48CLKFreq_Value)
2026-04-08 17:02:10,087 [INFO] ImportTextPane:234 - (OptionalMessage_ERROR) IP (RCC) : Invalid parameter (PLLMUL)
2026-04-08 17:02:10,087 [INFO] ImportTextPane:234 - (OptionalMessage_ERROR) IP (RCC) : Invalid parameter (TimerFreq_Value)
2026-04-08 17:02:10,087 [INFO] ImportTextPane:234 - (OptionalMessage_ERROR) IP (RCC) : Invalid parameter (MCOPinFreq_Value)
2026-04-08 17:02:10,273 [INFO] UtilMem:75 - End LoadConfig() Used Memory: 928568616 Bytes (1073741824)
2026-04-08 17:02:10,418 [WARN] ThirdParty:833 - waiting for thirdparty lock release [change project]
2026-04-08 17:02:10,430 [INFO] ThirdParty:835 - entering critical section [change project]
2026-04-08 17:02:10,432 [INFO] ThirdParty:1030 - CMSIS Pack Vendor :STMicroelectronics X-CUBE-AZRTOS-H7 3.5.0
2026-04-08 17:02:10,432 [INFO] ThirdParty:1030 - CMSIS Pack Vendor :STMicroelectronics X-CUBE-PM33A1 1.0.0
2026-04-08 17:02:10,432 [INFO] ThirdParty:1030 - CMSIS Pack Vendor :STMicroelectronics USBPD 4.1
2026-04-08 17:02:10,432 [INFO] ThirdParty:1030 - CMSIS Pack Vendor :STMicroelectronics X-CUBE-NFC9 1.0.0
2026-04-08 17:02:10,432 [INFO] ThirdParty:1030 - CMSIS Pack Vendor :STMicroelectronics USB_HOST 2.0.0
2026-04-08 17:02:10,432 [INFO] ThirdParty:1030 - CMSIS Pack Vendor :STMicroelectronics X-CUBE-AZRTOS-F4 1.1.0
2026-04-08 17:02:10,432 [INFO] ThirdParty:1030 - CMSIS Pack Vendor :STMicroelectronics LIBJPEG 8.0.0
2026-04-08 17:02:10,432 [INFO] ThirdParty:1030 - CMSIS Pack Vendor :STMicroelectronics FP-ATR-ASTRA1 2.0.2
2026-04-08 17:02:10,432 [INFO] ThirdParty:1030 - CMSIS Pack Vendor :STMicroelectronics X-CUBE-BLE1 7.1.0
2026-04-08 17:02:10,432 [INFO] ThirdParty:1030 - CMSIS Pack Vendor :STMicroelectronics X-CUBE-SMBUS 2.1.0
2026-04-08 17:02:10,432 [INFO] ThirdParty:1030 - CMSIS Pack Vendor :wolfSSL I-CUBE-wolfMQTT 1.19.2
2026-04-08 17:02:10,432 [INFO] ThirdParty:1030 - CMSIS Pack Vendor :STMicroelectronics USB_DEVICE 3.0.0
2026-04-08 17:02:10,432 [INFO] ThirdParty:1030 - CMSIS Pack Vendor :STMicroelectronics X-CUBE-ISPU 2.1.0
2026-04-08 17:02:10,432 [INFO] ThirdParty:1030 - CMSIS Pack Vendor :STMicroelectronics eDS-WB_DPC_TT-BIDIR 2.1.1
2026-04-08 17:02:10,432 [INFO] ThirdParty:1030 - CMSIS Pack Vendor :STMicroelectronics X-CUBE-AZRTOS-WB 2.0.0
2026-04-08 17:02:10,432 [INFO] ThirdParty:1030 - CMSIS Pack Vendor :wolfSSL I-CUBE-wolfSSL 5.8.4
2026-04-08 17:02:10,432 [INFO] ThirdParty:1030 - CMSIS Pack Vendor :Cesanta I-CUBE-Mongoose 7.20.0
2026-04-08 17:02:10,432 [INFO] ThirdParty:1030 - CMSIS Pack Vendor :STMicroelectronics X-CUBE-AZRTOS-F7 1.1.0
2026-04-08 17:02:10,432 [INFO] ThirdParty:1030 - CMSIS Pack Vendor :STMicroelectronics X-CUBE-AZRTOS-L5 2.0.0
2026-04-08 17:02:10,432 [INFO] ThirdParty:1030 - CMSIS Pack Vendor :STMicroelectronics USB_DEVICE 2.0.0
2026-04-08 17:02:10,432 [INFO] ThirdParty:1030 - CMSIS Pack Vendor :quantropi X-CUBE-qispace-sdk-base 2.1.0
2026-04-08 17:02:10,432 [INFO] ThirdParty:1030 - CMSIS Pack Vendor :STMicroelectronics X-CUBE-STSE01 2.0.0
2026-04-08 17:02:10,432 [INFO] ThirdParty:1030 - CMSIS Pack Vendor :STMicroelectronics FreeRTOS 0.0.1
2026-04-08 17:02:10,432 [INFO] ThirdParty:1030 - CMSIS Pack Vendor :STMicroelectronics X-CUBE-AZRTOS-G0 1.1.0
2026-04-08 17:02:10,432 [INFO] ThirdParty:1030 - CMSIS Pack Vendor :STMicroelectronics X-CUBE-NFC4 3.0.0
2026-04-08 17:02:10,432 [INFO] ThirdParty:1030 - CMSIS Pack Vendor :STMicroelectronics X-CUBE-SUBG2 5.0.0
2026-04-08 17:02:10,432 [INFO] ThirdParty:1030 - CMSIS Pack Vendor :STMicroelectronics STM32_WPAN 1.0.0
2026-04-08 17:02:10,432 [INFO] ThirdParty:1030 - CMSIS Pack Vendor :STMicroelectronics eDS-WB_DPC_VIENNA 1.2.0
2026-04-08 17:02:10,432 [INFO] ThirdParty:1030 - CMSIS Pack Vendor :EmbeddedOffice I-CUBE-FS-RTOS 1.0.1
2026-04-08 17:02:10,432 [INFO] ThirdParty:1030 - CMSIS Pack Vendor :STMicroelectronics lwIP 2.0.3
2026-04-08 17:02:10,432 [INFO] ThirdParty:1030 - CMSIS Pack Vendor :WES I-CUBE-Cesium 1.4.0
2026-04-08 17:02:10,432 [INFO] ThirdParty:1030 - CMSIS Pack Vendor :STMicroelectronics eDS-WB_DPC_3PH2L-BIDIR 1.1.1
2026-04-08 17:02:10,433 [INFO] ThirdParty:1030 - CMSIS Pack Vendor :STMicroelectronics USB_HOST 1.0.0
2026-04-08 17:02:10,433 [INFO] ThirdParty:1030 - CMSIS Pack Vendor :STMicroelectronics X-CUBE-AZRTOS-G4 2.0.0
2026-04-08 17:02:10,433 [INFO] ThirdParty:1030 - CMSIS Pack Vendor :STMicroelectronics PDM2PCM 3.1.0
2026-04-08 17:02:10,433 [INFO] ThirdParty:1030 - CMSIS Pack Vendor :STMicroelectronics PDM2PCM 3.3.0
2026-04-08 17:02:10,433 [INFO] ThirdParty:1030 - CMSIS Pack Vendor :wolfSSL I-CUBE-wolfTPM 3.8.0
2026-04-08 17:02:10,433 [INFO] ThirdParty:1030 - CMSIS Pack Vendor :STMicroelectronics X-CUBE-DISPLAY 3.0.0
2026-04-08 17:02:10,433 [INFO] ThirdParty:1030 - CMSIS Pack Vendor :wolfSSL I-CUBE-wolfSSH 1.4.20
2026-04-08 17:02:10,433 [INFO] ThirdParty:1030 - CMSIS Pack Vendor :STMicroelectronics X-CUBE-NFC7 2.0.0
2026-04-08 17:02:10,433 [INFO] ThirdParty:1030 - CMSIS Pack Vendor :STMicroelectronics X-CUBE-TCPP 4.2.0
2026-04-08 17:02:10,433 [INFO] ThirdParty:1030 - CMSIS Pack Vendor :RealThread X-CUBE-RT-Thread_Nano 4.1.1
2026-04-08 17:02:10,433 [INFO] ThirdParty:1030 - CMSIS Pack Vendor :STMicroelectronics FP-ATR-SIGFOX1 3.2.0
2026-04-08 17:02:10,433 [INFO] ThirdParty:1030 - CMSIS Pack Vendor :STMicroelectronics X-CUBE-NFC10 1.0.0
2026-04-08 17:02:10,433 [INFO] ThirdParty:1030 - CMSIS Pack Vendor :STMicroelectronics HAL Drivers 0.0.0
2026-04-08 17:02:10,433 [INFO] ThirdParty:1030 - CMSIS Pack Vendor :STMicroelectronics MBEDTLS 2.16.2
2026-04-08 17:02:10,433 [INFO] ThirdParty:1030 - CMSIS Pack Vendor :STMicroelectronics X-CUBE-ST60 1.1.0
2026-04-08 17:02:10,433 [INFO] ThirdParty:1030 - CMSIS Pack Vendor :STMicroelectronics X-CUBE-ALS 1.0.2
2026-04-08 17:02:10,433 [INFO] ThirdParty:1030 - CMSIS Pack Vendor :emotas I-CUBE-CANOPEN 1.3.0
2026-04-08 17:02:10,433 [INFO] ThirdParty:1030 - CMSIS Pack Vendor :STMicroelectronics MBEDTLS 2.14.1
2026-04-08 17:02:10,433 [INFO] ThirdParty:1030 - CMSIS Pack Vendor :ITTIA_DB I-CUBE-ITTIADB 8.9.0
2026-04-08 17:02:10,433 [INFO] ThirdParty:1030 - CMSIS Pack Vendor :STMicroelectronics X-CUBE-TOUCHGFX 4.26.1
2026-04-08 17:02:10,433 [INFO] ThirdParty:1030 - CMSIS Pack Vendor :STMicroelectronics ThreadX 1.0.0
2026-04-08 17:02:10,433 [INFO] ThirdParty:1030 - CMSIS Pack Vendor :STMicroelectronics FP-SNS-SMARTAG2 1.2.0
2026-04-08 17:02:10,433 [INFO] ThirdParty:1030 - CMSIS Pack Vendor :STMicroelectronics FP-SNS-FLIGHT1 5.1.0
2026-04-08 17:02:10,433 [INFO] ThirdParty:1030 - CMSIS Pack Vendor :STMicroelectronics X-CUBE-AZRTOS-WL 2.0.0
2026-04-08 17:02:10,433 [INFO] ThirdParty:1030 - CMSIS Pack Vendor :SEGGER I-CUBE-embOS 1.3.1
2026-04-08 17:02:10,433 [INFO] ThirdParty:1030 - CMSIS Pack Vendor :STMicroelectronics X-CUBE-ALGOBUILD 1.4.0
2026-04-08 17:02:10,433 [INFO] ThirdParty:1030 - CMSIS Pack Vendor :STMicroelectronics X-CUBE-DPower 1.3.0
2026-04-08 17:02:10,433 [INFO] ThirdParty:1030 - CMSIS Pack Vendor :STMicroelectronics USB_DEVICE 1.0.0
2026-04-08 17:02:10,433 [INFO] ThirdParty:1030 - CMSIS Pack Vendor :STMicroelectronics X-CUBE-AZRTOS-H7RS 1.2.0
2026-04-08 17:02:10,433 [INFO] ThirdParty:1030 - CMSIS Pack Vendor :STMicroelectronics X-CUBE-AZRTOS-L4 2.0.0
2026-04-08 17:02:10,433 [INFO] ThirdParty:1030 - CMSIS Pack Vendor :STMicroelectronics ThreadX 0.0.2
2026-04-08 17:02:10,433 [INFO] ThirdParty:1030 - CMSIS Pack Vendor :STMicroelectronics lwIP 2.1.2
2026-04-08 17:02:10,433 [INFO] ThirdParty:1030 - CMSIS Pack Vendor :STMicroelectronics X-CUBE-SFXS2LP1 4.0.0
2026-04-08 17:02:10,433 [INFO] ThirdParty:1030 - CMSIS Pack Vendor :STMicroelectronics X-CUBE-BLE2 3.3.0
2026-04-08 17:02:10,433 [INFO] ThirdParty:1030 - CMSIS Pack Vendor :Avnet-IOTCONNECT X-CUBE-iotc-st67-sdk 1.0.0
2026-04-08 17:02:10,433 [INFO] ThirdParty:1030 - CMSIS Pack Vendor :STMicroelectronics X-CUBE-TOF1 3.4.3
2026-04-08 17:02:10,433 [INFO] ThirdParty:1030 - CMSIS Pack Vendor :Infineon AIROC-Wi-Fi-Bluetooth-STM32 1.8.0
2026-04-08 17:02:10,433 [INFO] ThirdParty:1030 - CMSIS Pack Vendor :STMicroelectronics PDM2PCM 3.2.0
2026-04-08 17:02:10,433 [INFO] ThirdParty:1030 - CMSIS Pack Vendor :STMicroelectronics X-CUBE-WB05N 2.1.0
2026-04-08 17:02:10,433 [INFO] ThirdParty:1030 - CMSIS Pack Vendor :STMicroelectronics X-CUBE-ST67W61 1.2.0
2026-04-08 17:02:10,437 [INFO] ThirdParty:841 - exiting critical section [change project]
2026-04-08 17:02:10,961 [INFO] PinOutPanel:1589 - setPackage(No Configuration,No Configuration)
2026-04-08 17:02:10,968 [INFO] PinOutPanel:1589 - setPackage(STM32L432KCUx,UFQFPN32)
2026-04-08 17:02:11,793 [INFO] UtilMem:75 - Before build in PCC Used Memory: 886083008 Bytes (1073741824)
2026-04-08 17:02:12,538 [INFO] UtilMem:75 - After build in PCC Used Memory: 976786880 Bytes (1073741824)
2026-04-08 17:02:12,588 [INFO] IPUIPlugin:80 - create IPUIPlugin
2026-04-08 17:02:12,590 [INFO] IPUIPlugin:80 - create IPUIPlugin
2026-04-08 17:02:12,591 [INFO] IPUIPlugin:80 - create IPUIPlugin
2026-04-08 17:02:12,591 [INFO] IPUIPlugin:80 - create IPUIPlugin
2026-04-08 17:02:12,592 [INFO] IPUIPlugin:80 - create IPUIPlugin
2026-04-08 17:02:12,592 [INFO] IPUIPlugin:80 - create IPUIPlugin
2026-04-08 17:02:12,592 [INFO] IPUIPlugin:80 - create IPUIPlugin
2026-04-08 17:02:12,592 [INFO] IPUIPlugin:80 - create IPUIPlugin
2026-04-08 17:02:12,592 [INFO] IPUIPlugin:80 - create IPUIPlugin
2026-04-08 17:02:12,592 [INFO] IPUIPlugin:80 - create IPUIPlugin
2026-04-08 17:02:12,592 [INFO] IPUIPlugin:80 - create IPUIPlugin
2026-04-08 17:02:12,592 [INFO] IPUIPlugin:80 - create IPUIPlugin
2026-04-08 17:02:12,595 [INFO] IPUIPlugin:80 - create IPUIPlugin
2026-04-08 17:02:12,596 [INFO] IPUIPlugin:80 - create IPUIPlugin
2026-04-08 17:02:12,596 [INFO] IPUIPlugin:80 - create IPUIPlugin
2026-04-08 17:02:12,596 [INFO] IPUIPlugin:80 - create IPUIPlugin
2026-04-08 17:02:12,596 [INFO] IPUIPlugin:80 - create IPUIPlugin
2026-04-08 17:02:12,596 [INFO] IPUIPlugin:80 - create IPUIPlugin
2026-04-08 17:02:12,596 [INFO] IPUIPlugin:80 - create IPUIPlugin
2026-04-08 17:02:12,596 [INFO] IPUIPlugin:80 - create IPUIPlugin
2026-04-08 17:02:12,596 [INFO] IPUIPlugin:80 - create IPUIPlugin
2026-04-08 17:02:12,597 [INFO] IPUIPlugin:80 - create IPUIPlugin
2026-04-08 17:02:12,597 [INFO] IPUIPlugin:80 - create IPUIPlugin
2026-04-08 17:02:12,597 [INFO] IPUIPlugin:80 - create IPUIPlugin
2026-04-08 17:02:12,597 [INFO] IPUIPlugin:80 - create IPUIPlugin
2026-04-08 17:02:12,597 [INFO] IPUIPlugin:80 - create IPUIPlugin
2026-04-08 17:02:12,597 [INFO] IPUIPlugin:80 - create IPUIPlugin
2026-04-08 17:02:12,597 [INFO] IPUIPlugin:80 - create IPUIPlugin
2026-04-08 17:02:12,597 [INFO] IPUIPlugin:80 - create IPUIPlugin
2026-04-08 17:02:12,597 [INFO] IPUIPlugin:80 - create IPUIPlugin
2026-04-08 17:02:12,597 [INFO] IPUIPlugin:80 - create IPUIPlugin
2026-04-08 17:02:12,597 [INFO] IPUIPlugin:80 - create IPUIPlugin
2026-04-08 17:02:12,597 [INFO] IPUIPlugin:80 - create IPUIPlugin
2026-04-08 17:02:12,597 [INFO] IPUIPlugin:80 - create IPUIPlugin
2026-04-08 17:02:12,598 [INFO] IPUIPlugin:80 - create IPUIPlugin
2026-04-08 17:02:12,598 [INFO] IPUIPlugin:80 - create IPUIPlugin
2026-04-08 17:02:12,598 [INFO] IPUIPlugin:80 - create IPUIPlugin
2026-04-08 17:02:12,598 [INFO] IPUIPlugin:80 - create IPUIPlugin
2026-04-08 17:02:12,598 [INFO] IPUIPlugin:80 - create IPUIPlugin
2026-04-08 17:02:12,598 [INFO] IPUIPlugin:80 - create IPUIPlugin
2026-04-08 17:02:12,598 [INFO] IPUIPlugin:80 - create IPUIPlugin
2026-04-08 17:02:12,695 [INFO] CADModel:165 - CPN selected for project levelSTM32L432KCU3
2026-04-08 17:02:12,695 [INFO] CADModel:114 - Register for checkConnection events
2026-04-08 17:02:12,743 [INFO] OpenFileManager:386 - Restore cursor
2026-04-08 17:02:13,574 [INFO] UtilMem:75 - End SaveConfig() Used Memory: 917691200 Bytes (1073741824)
2026-04-08 17:02:13,626 [INFO] UtilMem:75 - End SaveConfig() Used Memory: 929937864 Bytes (1073741824)
2026-04-08 17:02:13,870 [INFO] BlockDiagram:2775 - set Specific Code input for plugin: NVIC
2026-04-08 17:02:13,870 [INFO] BlockDiagram:2775 - set Specific Code input for plugin: USART
2026-04-08 17:02:13,870 [INFO] BlockDiagram:2775 - set Specific Code input for plugin: SYS
2026-04-08 17:02:13,871 [INFO] BlockDiagram:2775 - set Specific Code input for plugin: GPIO
2026-04-08 17:02:13,871 [INFO] BlockDiagram:2775 - set Specific Code input for plugin: RCC
2026-04-08 17:02:13,871 [INFO] CodeGenerator:892 - code generatio: config db path: /Applications/STM32CubeIDE.app/Contents/Eclipse/plugins/com.st.stm32cube.common.mx_6.15.0.202507011659//db/
2026-04-08 17:02:13,992 [INFO] CodeEngine:265 - oldGeneratedFile, /Users/cristianpetramale/Biomed_projects/STMWorkSpace/SerialComm/MXTmpFiles/license.tmp_save
2026-04-08 17:02:14,336 [INFO] CodeEngine:289 - Generated code: /Users/cristianpetramale/Biomed_projects/STMWorkSpace/SerialComm/MXTmpFiles/license.tmp
2026-04-08 17:02:14,397 [INFO] CodeEngine:265 - oldGeneratedFile, /Users/cristianpetramale/Biomed_projects/STMWorkSpace/SerialComm/MXTmpFiles/gpio.tmp_save
2026-04-08 17:02:14,547 [INFO] CodeEngine:289 - Generated code: /Users/cristianpetramale/Biomed_projects/STMWorkSpace/SerialComm/MXTmpFiles/gpio.tmp
2026-04-08 17:02:14,657 [INFO] CodeEngine:265 - oldGeneratedFile, /Users/cristianpetramale/Biomed_projects/STMWorkSpace/SerialComm/Core/Src/stm32l4xx_it.c_save
2026-04-08 17:02:15,044 [INFO] CodeEngine:289 - Generated code: /Users/cristianpetramale/Biomed_projects/STMWorkSpace/SerialComm/Core/Src/stm32l4xx_it.c
2026-04-08 17:02:15,273 [INFO] CodeEngine:265 - oldGeneratedFile, /Users/cristianpetramale/Biomed_projects/STMWorkSpace/SerialComm/Core/Inc/stm32l4xx_it.h_save
2026-04-08 17:02:15,522 [INFO] CodeEngine:289 - Generated code: /Users/cristianpetramale/Biomed_projects/STMWorkSpace/SerialComm/Core/Inc/stm32l4xx_it.h
2026-04-08 17:02:15,544 [INFO] CodeEngine:265 - oldGeneratedFile, /Users/cristianpetramale/Biomed_projects/STMWorkSpace/SerialComm/Core/Src/stm32l4xx_hal_msp.c_save
2026-04-08 17:02:15,776 [INFO] CodeEngine:289 - Generated code: /Users/cristianpetramale/Biomed_projects/STMWorkSpace/SerialComm/Core/Src/stm32l4xx_hal_msp.c
2026-04-08 17:02:15,781 [INFO] CodeEngine:265 - oldGeneratedFile, /Users/cristianpetramale/Biomed_projects/STMWorkSpace/SerialComm/MXTmpFiles/system.tmp_save
2026-04-08 17:02:15,867 [INFO] CodeEngine:289 - Generated code: /Users/cristianpetramale/Biomed_projects/STMWorkSpace/SerialComm/MXTmpFiles/system.tmp
2026-04-08 17:02:15,878 [INFO] CodeEngine:321 - oldGeneratedFile, /Users/cristianpetramale/Biomed_projects/STMWorkSpace/SerialComm/Core/Inc/stm32l4xx_hal_conf.h_save
2026-04-08 17:02:15,942 [INFO] CodeEngine:345 - Generated code: /Users/cristianpetramale/Biomed_projects/STMWorkSpace/SerialComm/Core/Inc/stm32l4xx_hal_conf.h
2026-04-08 17:02:16,098 [INFO] ApiDbMcu:532 - Load IP Config File for USART2
2026-04-08 17:02:16,101 [INFO] ApiDbMcu:532 - Load IP Config File for RCC
2026-04-08 17:02:16,108 [INFO] CodeEngine:265 - oldGeneratedFile, /Users/cristianpetramale/Biomed_projects/STMWorkSpace/SerialComm/Core/Inc/main.h_save
2026-04-08 17:02:16,235 [INFO] CodeEngine:289 - Generated code: /Users/cristianpetramale/Biomed_projects/STMWorkSpace/SerialComm/Core/Inc/main.h
2026-04-08 17:02:16,238 [INFO] CodeEngine:265 - oldGeneratedFile, /Users/cristianpetramale/Biomed_projects/STMWorkSpace/SerialComm/Core/Src/main.c_save
2026-04-08 17:02:16,328 [INFO] CodeEngine:289 - Generated code: /Users/cristianpetramale/Biomed_projects/STMWorkSpace/SerialComm/Core/Src/main.c
2026-04-08 17:02:16,599 [INFO] ProjectBuilder:3606 - Time for Copy HAL[1] : 48mS.
2026-04-08 17:02:16,602 [INFO] ProjectBuilder:5216 - Project Generator version: 4.7.0-B52
2026-04-08 17:02:16,676 [INFO] ConfigFileManager:1595 - The Die is : DIE435
2026-04-08 17:02:16,690 [INFO] ApiDbMcu:532 - Load IP Config File for FATFS
2026-04-08 17:02:16,697 [INFO] ApiDbMcu:532 - Load IP Config File for FREERTOS
2026-04-08 17:02:16,708 [INFO] ApiDbMcu:532 - Load IP Config File for TOUCHSENSING
2026-04-08 17:02:16,717 [INFO] ApiDbMcu:532 - Load IP Config File for USB_DEVICE
2026-04-08 17:02:19,755 [INFO] ProjectBuilder:5496 - Time for Generating toolchain IDE Files: 3150mS.
2026-04-08 17:02:19,762 [INFO] ProjectBuilder:3463 - Time for Copy CMSIS : 1mS.
2026-04-08 17:02:19,768 [INFO] ProjectBuilder:3463 - Time for Copy CMSIS : 0mS.
2026-04-08 17:02:22,220 [INFO] McuFinderGlobals:76 - Set McuFinderConnectedMode to true
2026-04-08 17:02:22,251 [INFO] ApiDb:448 - Save user favorites file /Users/cristianpetramale/.stm32cubeide/favorites.mcus.txt: 0 item(s)
2026-04-08 17:02:22,253 [INFO] ApiDb:452 - User favorites MCUs=[]
2026-04-08 17:02:22,282 [INFO] ApiDb:448 - Save user favorites file /Users/cristianpetramale/.stm32cubeide/favorites.boards.txt: 0 item(s)
2026-04-08 17:02:22,283 [INFO] ApiDb:452 - User favorites Boards=[]
2026-04-08 17:03:15,434 [INFO] UtilMem:75 - End SaveConfig() Used Memory: 891976424 Bytes (1073741824)
2026-04-08 17:03:17,134 [INFO] UtilMem:75 - End SaveConfig() Used Memory: 926285400 Bytes (1073741824)
2026-04-08 17:03:20,303 [INFO] UtilMem:75 - End SaveConfig() Used Memory: 891301144 Bytes (1073741824)
2026-04-08 17:03:20,877 [INFO] BlockDiagram:2775 - set Specific Code input for plugin: NVIC
2026-04-08 17:03:20,880 [INFO] BlockDiagram:2775 - set Specific Code input for plugin: USART
2026-04-08 17:03:20,881 [INFO] BlockDiagram:2775 - set Specific Code input for plugin: SYS
2026-04-08 17:03:20,881 [INFO] BlockDiagram:2775 - set Specific Code input for plugin: GPIO
2026-04-08 17:03:20,881 [INFO] BlockDiagram:2775 - set Specific Code input for plugin: RCC
2026-04-08 17:03:20,883 [INFO] CodeGenerator:892 - code generatio: config db path: /Applications/STM32CubeIDE.app/Contents/Eclipse/plugins/com.st.stm32cube.common.mx_6.15.0.202507011659//db/
2026-04-08 17:03:21,012 [INFO] CodeEngine:265 - oldGeneratedFile, /Users/cristianpetramale/Biomed_projects/STMWorkSpace/SerialComm/MXTmpFiles/license.tmp_save
2026-04-08 17:03:21,208 [INFO] CodeEngine:289 - Generated code: /Users/cristianpetramale/Biomed_projects/STMWorkSpace/SerialComm/MXTmpFiles/license.tmp
2026-04-08 17:03:21,371 [INFO] CodeEngine:265 - oldGeneratedFile, /Users/cristianpetramale/Biomed_projects/STMWorkSpace/SerialComm/Core/Src/gpio.c_save
2026-04-08 17:03:21,478 [INFO] CodeEngine:289 - Generated code: /Users/cristianpetramale/Biomed_projects/STMWorkSpace/SerialComm/Core/Src/gpio.c
2026-04-08 17:03:21,481 [INFO] CodeEngine:265 - oldGeneratedFile, /Users/cristianpetramale/Biomed_projects/STMWorkSpace/SerialComm/Core/Inc/gpio.h_save
2026-04-08 17:03:21,531 [INFO] CodeEngine:289 - Generated code: /Users/cristianpetramale/Biomed_projects/STMWorkSpace/SerialComm/Core/Inc/gpio.h
2026-04-08 17:03:21,627 [INFO] CodeEngine:265 - oldGeneratedFile, /Users/cristianpetramale/Biomed_projects/STMWorkSpace/SerialComm/Core/Src/usart.c_save
2026-04-08 17:03:21,747 [INFO] CodeEngine:289 - Generated code: /Users/cristianpetramale/Biomed_projects/STMWorkSpace/SerialComm/Core/Src/usart.c
2026-04-08 17:03:21,749 [INFO] CodeEngine:265 - oldGeneratedFile, /Users/cristianpetramale/Biomed_projects/STMWorkSpace/SerialComm/Core/Inc/usart.h_save
2026-04-08 17:03:21,794 [INFO] CodeEngine:289 - Generated code: /Users/cristianpetramale/Biomed_projects/STMWorkSpace/SerialComm/Core/Inc/usart.h
2026-04-08 17:03:21,797 [INFO] CodeEngine:265 - oldGeneratedFile, /Users/cristianpetramale/Biomed_projects/STMWorkSpace/SerialComm/Core/Src/stm32l4xx_it.c_save
2026-04-08 17:03:21,850 [INFO] CodeEngine:289 - Generated code: /Users/cristianpetramale/Biomed_projects/STMWorkSpace/SerialComm/Core/Src/stm32l4xx_it.c
2026-04-08 17:03:21,852 [INFO] CodeEngine:265 - oldGeneratedFile, /Users/cristianpetramale/Biomed_projects/STMWorkSpace/SerialComm/Core/Inc/stm32l4xx_it.h_save
2026-04-08 17:03:21,895 [INFO] CodeEngine:289 - Generated code: /Users/cristianpetramale/Biomed_projects/STMWorkSpace/SerialComm/Core/Inc/stm32l4xx_it.h
2026-04-08 17:03:21,900 [INFO] CodeEngine:265 - oldGeneratedFile, /Users/cristianpetramale/Biomed_projects/STMWorkSpace/SerialComm/Core/Src/stm32l4xx_hal_msp.c_save
2026-04-08 17:03:21,972 [INFO] CodeEngine:289 - Generated code: /Users/cristianpetramale/Biomed_projects/STMWorkSpace/SerialComm/Core/Src/stm32l4xx_hal_msp.c
2026-04-08 17:03:21,974 [INFO] CodeEngine:265 - oldGeneratedFile, /Users/cristianpetramale/Biomed_projects/STMWorkSpace/SerialComm/MXTmpFiles/system.tmp_save
2026-04-08 17:03:22,018 [INFO] CodeEngine:289 - Generated code: /Users/cristianpetramale/Biomed_projects/STMWorkSpace/SerialComm/MXTmpFiles/system.tmp
2026-04-08 17:03:22,021 [INFO] CodeEngine:321 - oldGeneratedFile, /Users/cristianpetramale/Biomed_projects/STMWorkSpace/SerialComm/Core/Inc/stm32l4xx_hal_conf.h_save
2026-04-08 17:03:22,071 [INFO] CodeEngine:345 - Generated code: /Users/cristianpetramale/Biomed_projects/STMWorkSpace/SerialComm/Core/Inc/stm32l4xx_hal_conf.h
2026-04-08 17:03:22,101 [INFO] CodeEngine:265 - oldGeneratedFile, /Users/cristianpetramale/Biomed_projects/STMWorkSpace/SerialComm/Core/Inc/main.h_save
2026-04-08 17:03:22,152 [INFO] CodeEngine:289 - Generated code: /Users/cristianpetramale/Biomed_projects/STMWorkSpace/SerialComm/Core/Inc/main.h
2026-04-08 17:03:22,154 [INFO] CodeEngine:265 - oldGeneratedFile, /Users/cristianpetramale/Biomed_projects/STMWorkSpace/SerialComm/Core/Src/main.c_save
2026-04-08 17:03:22,241 [INFO] CodeEngine:289 - Generated code: /Users/cristianpetramale/Biomed_projects/STMWorkSpace/SerialComm/Core/Src/main.c
2026-04-08 17:03:22,851 [INFO] ProjectBuilder:3606 - Time for Copy HAL[1] : 56mS.
2026-04-08 17:03:22,868 [INFO] ProjectBuilder:5216 - Project Generator version: 4.7.0-B52
2026-04-08 17:03:22,989 [INFO] ConfigFileManager:1595 - The Die is : DIE435
2026-04-08 17:03:25,871 [INFO] ProjectBuilder:5496 - Time for Generating toolchain IDE Files: 2997mS.
2026-04-08 17:03:25,878 [INFO] ProjectBuilder:3463 - Time for Copy CMSIS : 1mS.
2026-04-08 17:03:25,882 [INFO] ProjectBuilder:3463 - Time for Copy CMSIS : 0mS.
2026-04-08 17:11:16,818 [INFO] UtilMem:75 - End SaveConfig() Used Memory: 1009663096 Bytes (1073741824)
2026-04-08 17:11:20,278 [INFO] UtilMem:75 - End SaveConfig() Used Memory: 688882680 Bytes (1073741824)
2026-04-08 17:11:23,176 [INFO] UtilMem:75 - End SaveConfig() Used Memory: 769558392 Bytes (1073741824)
2026-04-08 17:11:23,823 [INFO] BlockDiagram:2775 - set Specific Code input for plugin: NVIC
2026-04-08 17:11:23,823 [INFO] BlockDiagram:2775 - set Specific Code input for plugin: SYS
2026-04-08 17:11:23,824 [INFO] BlockDiagram:2775 - set Specific Code input for plugin: GPIO
2026-04-08 17:11:23,824 [INFO] BlockDiagram:2775 - set Specific Code input for plugin: RCC
2026-04-08 17:11:23,824 [INFO] CodeGenerator:892 - code generatio: config db path: /Applications/STM32CubeIDE.app/Contents/Eclipse/plugins/com.st.stm32cube.common.mx_6.15.0.202507011659//db/
2026-04-08 17:11:23,969 [INFO] CodeEngine:265 - oldGeneratedFile, /Users/cristianpetramale/Biomed_projects/STMWorkSpace/SerialComm/MXTmpFiles/license.tmp_save
2026-04-08 17:11:24,306 [INFO] CodeEngine:289 - Generated code: /Users/cristianpetramale/Biomed_projects/STMWorkSpace/SerialComm/MXTmpFiles/license.tmp
2026-04-08 17:11:24,428 [INFO] CodeEngine:265 - oldGeneratedFile, /Users/cristianpetramale/Biomed_projects/STMWorkSpace/SerialComm/Core/Src/gpio.c_save
2026-04-08 17:11:24,606 [INFO] CodeEngine:289 - Generated code: /Users/cristianpetramale/Biomed_projects/STMWorkSpace/SerialComm/Core/Src/gpio.c
2026-04-08 17:11:24,608 [INFO] CodeEngine:265 - oldGeneratedFile, /Users/cristianpetramale/Biomed_projects/STMWorkSpace/SerialComm/Core/Inc/gpio.h_save
2026-04-08 17:11:24,699 [INFO] CodeEngine:289 - Generated code: /Users/cristianpetramale/Biomed_projects/STMWorkSpace/SerialComm/Core/Inc/gpio.h
2026-04-08 17:11:24,742 [INFO] CodeEngine:265 - oldGeneratedFile, /Users/cristianpetramale/Biomed_projects/STMWorkSpace/SerialComm/Core/Src/stm32l4xx_it.c_save
2026-04-08 17:11:24,935 [INFO] CodeEngine:289 - Generated code: /Users/cristianpetramale/Biomed_projects/STMWorkSpace/SerialComm/Core/Src/stm32l4xx_it.c
2026-04-08 17:11:24,938 [INFO] CodeEngine:265 - oldGeneratedFile, /Users/cristianpetramale/Biomed_projects/STMWorkSpace/SerialComm/Core/Inc/stm32l4xx_it.h_save
2026-04-08 17:11:25,018 [INFO] CodeEngine:289 - Generated code: /Users/cristianpetramale/Biomed_projects/STMWorkSpace/SerialComm/Core/Inc/stm32l4xx_it.h
2026-04-08 17:11:25,024 [INFO] CodeEngine:265 - oldGeneratedFile, /Users/cristianpetramale/Biomed_projects/STMWorkSpace/SerialComm/Core/Src/stm32l4xx_hal_msp.c_save
2026-04-08 17:11:25,141 [INFO] CodeEngine:289 - Generated code: /Users/cristianpetramale/Biomed_projects/STMWorkSpace/SerialComm/Core/Src/stm32l4xx_hal_msp.c
2026-04-08 17:11:25,144 [INFO] CodeEngine:265 - oldGeneratedFile, /Users/cristianpetramale/Biomed_projects/STMWorkSpace/SerialComm/MXTmpFiles/system.tmp_save
2026-04-08 17:11:25,209 [INFO] CodeEngine:289 - Generated code: /Users/cristianpetramale/Biomed_projects/STMWorkSpace/SerialComm/MXTmpFiles/system.tmp
2026-04-08 17:11:25,213 [INFO] CodeEngine:321 - oldGeneratedFile, /Users/cristianpetramale/Biomed_projects/STMWorkSpace/SerialComm/Core/Inc/stm32l4xx_hal_conf.h_save
2026-04-08 17:11:25,302 [INFO] CodeEngine:345 - Generated code: /Users/cristianpetramale/Biomed_projects/STMWorkSpace/SerialComm/Core/Inc/stm32l4xx_hal_conf.h
2026-04-08 17:11:25,358 [INFO] CodeEngine:265 - oldGeneratedFile, /Users/cristianpetramale/Biomed_projects/STMWorkSpace/SerialComm/Core/Inc/main.h_save
2026-04-08 17:11:25,497 [INFO] CodeEngine:289 - Generated code: /Users/cristianpetramale/Biomed_projects/STMWorkSpace/SerialComm/Core/Inc/main.h
2026-04-08 17:11:25,499 [INFO] CodeEngine:265 - oldGeneratedFile, /Users/cristianpetramale/Biomed_projects/STMWorkSpace/SerialComm/Core/Src/main.c_save
2026-04-08 17:11:25,645 [INFO] CodeEngine:289 - Generated code: /Users/cristianpetramale/Biomed_projects/STMWorkSpace/SerialComm/Core/Src/main.c
2026-04-08 17:11:26,278 [INFO] ProjectBuilder:3606 - Time for Copy HAL[1] : 86mS.
2026-04-08 17:11:26,295 [INFO] ProjectBuilder:5216 - Project Generator version: 4.7.0-B52
2026-04-08 17:11:26,472 [INFO] ConfigFileManager:1595 - The Die is : DIE435
2026-04-08 17:11:29,154 [INFO] ProjectBuilder:5496 - Time for Generating toolchain IDE Files: 2859mS.
2026-04-08 17:11:29,155 [INFO] ProjectBuilder:3463 - Time for Copy CMSIS : 0mS.
2026-04-08 17:11:29,157 [INFO] ProjectBuilder:3463 - Time for Copy CMSIS : 0mS.
2026-04-08 17:16:07,373 [INFO] Gpio:278 - dependency for GPIO [RCC, SYS]
2026-04-08 17:16:07,762 [INFO] Gpio:278 - dependency for GPIO [RCC, SYS]
2026-04-08 17:16:09,360 [INFO] Gpio:278 - dependency for GPIO [RCC, SYS]
2026-04-08 17:27:30,202 [INFO] UtilMem:75 - End SaveConfig() Used Memory: 850645160 Bytes (1073741824)
2026-04-08 17:27:31,597 [INFO] UtilMem:75 - End SaveConfig() Used Memory: 885248168 Bytes (1073741824)
2026-04-08 17:27:35,187 [INFO] UtilMem:75 - End SaveConfig() Used Memory: 938725544 Bytes (1073741824)
2026-04-08 17:27:35,317 [INFO] BlockDiagram:2775 - set Specific Code input for plugin: NVIC
2026-04-08 17:27:35,317 [INFO] BlockDiagram:2775 - set Specific Code input for plugin: USART
2026-04-08 17:27:35,317 [INFO] BlockDiagram:2775 - set Specific Code input for plugin: SYS
2026-04-08 17:27:35,317 [INFO] BlockDiagram:2775 - set Specific Code input for plugin: GPIO
2026-04-08 17:27:35,318 [INFO] BlockDiagram:2775 - set Specific Code input for plugin: RCC
2026-04-08 17:27:35,318 [INFO] CodeGenerator:892 - code generatio: config db path: /Applications/STM32CubeIDE.app/Contents/Eclipse/plugins/com.st.stm32cube.common.mx_6.15.0.202507011659//db/
2026-04-08 17:27:35,409 [INFO] CodeEngine:265 - oldGeneratedFile, /Users/cristianpetramale/Biomed_projects/STMWorkSpace/SerialComm/MXTmpFiles/license.tmp_save
2026-04-08 17:27:35,683 [INFO] CodeEngine:289 - Generated code: /Users/cristianpetramale/Biomed_projects/STMWorkSpace/SerialComm/MXTmpFiles/license.tmp
2026-04-08 17:27:35,776 [INFO] CodeEngine:265 - oldGeneratedFile, /Users/cristianpetramale/Biomed_projects/STMWorkSpace/SerialComm/Core/Src/gpio.c_save
2026-04-08 17:27:35,890 [INFO] CodeEngine:289 - Generated code: /Users/cristianpetramale/Biomed_projects/STMWorkSpace/SerialComm/Core/Src/gpio.c
2026-04-08 17:27:35,893 [INFO] CodeEngine:265 - oldGeneratedFile, /Users/cristianpetramale/Biomed_projects/STMWorkSpace/SerialComm/Core/Inc/gpio.h_save
2026-04-08 17:27:35,939 [INFO] CodeEngine:289 - Generated code: /Users/cristianpetramale/Biomed_projects/STMWorkSpace/SerialComm/Core/Inc/gpio.h
2026-04-08 17:27:36,081 [INFO] CodeEngine:265 - oldGeneratedFile, /Users/cristianpetramale/Biomed_projects/STMWorkSpace/SerialComm/Core/Src/usart.c_save
2026-04-08 17:27:36,191 [INFO] CodeEngine:289 - Generated code: /Users/cristianpetramale/Biomed_projects/STMWorkSpace/SerialComm/Core/Src/usart.c
2026-04-08 17:27:36,194 [INFO] CodeEngine:265 - oldGeneratedFile, /Users/cristianpetramale/Biomed_projects/STMWorkSpace/SerialComm/Core/Inc/usart.h_save
2026-04-08 17:27:36,247 [INFO] CodeEngine:289 - Generated code: /Users/cristianpetramale/Biomed_projects/STMWorkSpace/SerialComm/Core/Inc/usart.h
2026-04-08 17:27:36,251 [INFO] CodeEngine:265 - oldGeneratedFile, /Users/cristianpetramale/Biomed_projects/STMWorkSpace/SerialComm/Core/Src/stm32l4xx_it.c_save
2026-04-08 17:27:36,349 [INFO] CodeEngine:289 - Generated code: /Users/cristianpetramale/Biomed_projects/STMWorkSpace/SerialComm/Core/Src/stm32l4xx_it.c
2026-04-08 17:27:36,351 [INFO] CodeEngine:265 - oldGeneratedFile, /Users/cristianpetramale/Biomed_projects/STMWorkSpace/SerialComm/Core/Inc/stm32l4xx_it.h_save
2026-04-08 17:27:36,394 [INFO] CodeEngine:289 - Generated code: /Users/cristianpetramale/Biomed_projects/STMWorkSpace/SerialComm/Core/Inc/stm32l4xx_it.h
2026-04-08 17:27:36,398 [INFO] CodeEngine:265 - oldGeneratedFile, /Users/cristianpetramale/Biomed_projects/STMWorkSpace/SerialComm/Core/Src/stm32l4xx_hal_msp.c_save
2026-04-08 17:27:36,467 [INFO] CodeEngine:289 - Generated code: /Users/cristianpetramale/Biomed_projects/STMWorkSpace/SerialComm/Core/Src/stm32l4xx_hal_msp.c
2026-04-08 17:27:36,469 [INFO] CodeEngine:265 - oldGeneratedFile, /Users/cristianpetramale/Biomed_projects/STMWorkSpace/SerialComm/MXTmpFiles/system.tmp_save
2026-04-08 17:27:36,513 [INFO] CodeEngine:289 - Generated code: /Users/cristianpetramale/Biomed_projects/STMWorkSpace/SerialComm/MXTmpFiles/system.tmp
2026-04-08 17:27:36,518 [INFO] CodeEngine:321 - oldGeneratedFile, /Users/cristianpetramale/Biomed_projects/STMWorkSpace/SerialComm/Core/Inc/stm32l4xx_hal_conf.h_save
2026-04-08 17:27:36,571 [INFO] CodeEngine:345 - Generated code: /Users/cristianpetramale/Biomed_projects/STMWorkSpace/SerialComm/Core/Inc/stm32l4xx_hal_conf.h
2026-04-08 17:27:36,645 [INFO] CodeEngine:265 - oldGeneratedFile, /Users/cristianpetramale/Biomed_projects/STMWorkSpace/SerialComm/Core/Inc/main.h_save
2026-04-08 17:27:36,766 [INFO] CodeEngine:289 - Generated code: /Users/cristianpetramale/Biomed_projects/STMWorkSpace/SerialComm/Core/Inc/main.h
2026-04-08 17:27:36,811 [INFO] CodeEngine:265 - oldGeneratedFile, /Users/cristianpetramale/Biomed_projects/STMWorkSpace/SerialComm/Core/Src/main.c_save
2026-04-08 17:27:37,281 [INFO] CodeEngine:289 - Generated code: /Users/cristianpetramale/Biomed_projects/STMWorkSpace/SerialComm/Core/Src/main.c
2026-04-08 17:27:37,635 [INFO] ProjectBuilder:3606 - Time for Copy HAL[1] : 59mS.
2026-04-08 17:27:37,645 [INFO] ProjectBuilder:5216 - Project Generator version: 4.7.0-B52
2026-04-08 17:27:37,719 [INFO] ConfigFileManager:1595 - The Die is : DIE435
2026-04-08 17:27:39,574 [INFO] ProjectBuilder:5496 - Time for Generating toolchain IDE Files: 1928mS.
2026-04-08 17:27:39,576 [INFO] ProjectBuilder:3463 - Time for Copy CMSIS : 1mS.
2026-04-08 17:27:39,577 [INFO] ProjectBuilder:3463 - Time for Copy CMSIS : 0mS.
2026-04-08 17:33:07,327 [INFO] UtilMem:75 - End SaveConfig() Used Memory: 1005222424 Bytes (1073741824)
2026-04-08 17:33:08,768 [INFO] UtilMem:75 - End SaveConfig() Used Memory: 730327776 Bytes (1073741824)
2026-04-08 17:33:13,099 [INFO] UtilMem:75 - End SaveConfig() Used Memory: 869361176 Bytes (1073741824)
2026-04-08 17:33:14,352 [INFO] BlockDiagram:2775 - set Specific Code input for plugin: NVIC
2026-04-08 17:33:14,372 [INFO] BlockDiagram:2775 - set Specific Code input for plugin: USART
2026-04-08 17:33:14,375 [INFO] BlockDiagram:2775 - set Specific Code input for plugin: SYS
2026-04-08 17:33:14,380 [INFO] BlockDiagram:2775 - set Specific Code input for plugin: GPIO
2026-04-08 17:33:14,380 [INFO] BlockDiagram:2775 - set Specific Code input for plugin: RCC
2026-04-08 17:33:14,385 [INFO] CodeGenerator:892 - code generatio: config db path: /Applications/STM32CubeIDE.app/Contents/Eclipse/plugins/com.st.stm32cube.common.mx_6.15.0.202507011659//db/
2026-04-08 17:33:14,547 [INFO] CodeEngine:265 - oldGeneratedFile, /Users/cristianpetramale/Biomed_projects/STMWorkSpace/SerialComm/MXTmpFiles/license.tmp_save
2026-04-08 17:33:14,783 [INFO] CodeEngine:289 - Generated code: /Users/cristianpetramale/Biomed_projects/STMWorkSpace/SerialComm/MXTmpFiles/license.tmp
2026-04-08 17:33:14,877 [INFO] CodeEngine:265 - oldGeneratedFile, /Users/cristianpetramale/Biomed_projects/STMWorkSpace/SerialComm/Core/Src/gpio.c_save
2026-04-08 17:33:14,968 [INFO] CodeEngine:289 - Generated code: /Users/cristianpetramale/Biomed_projects/STMWorkSpace/SerialComm/Core/Src/gpio.c
2026-04-08 17:33:14,971 [INFO] CodeEngine:265 - oldGeneratedFile, /Users/cristianpetramale/Biomed_projects/STMWorkSpace/SerialComm/Core/Inc/gpio.h_save
2026-04-08 17:33:15,014 [INFO] CodeEngine:289 - Generated code: /Users/cristianpetramale/Biomed_projects/STMWorkSpace/SerialComm/Core/Inc/gpio.h
2026-04-08 17:33:15,133 [INFO] CodeEngine:265 - oldGeneratedFile, /Users/cristianpetramale/Biomed_projects/STMWorkSpace/SerialComm/Core/Src/usart.c_save
2026-04-08 17:33:15,246 [INFO] CodeEngine:289 - Generated code: /Users/cristianpetramale/Biomed_projects/STMWorkSpace/SerialComm/Core/Src/usart.c
2026-04-08 17:33:15,248 [INFO] CodeEngine:265 - oldGeneratedFile, /Users/cristianpetramale/Biomed_projects/STMWorkSpace/SerialComm/Core/Inc/usart.h_save
2026-04-08 17:33:15,292 [INFO] CodeEngine:289 - Generated code: /Users/cristianpetramale/Biomed_projects/STMWorkSpace/SerialComm/Core/Inc/usart.h
2026-04-08 17:33:15,296 [INFO] CodeEngine:265 - oldGeneratedFile, /Users/cristianpetramale/Biomed_projects/STMWorkSpace/SerialComm/Core/Src/stm32l4xx_it.c_save
2026-04-08 17:33:15,397 [INFO] CodeEngine:289 - Generated code: /Users/cristianpetramale/Biomed_projects/STMWorkSpace/SerialComm/Core/Src/stm32l4xx_it.c
2026-04-08 17:33:15,401 [INFO] CodeEngine:265 - oldGeneratedFile, /Users/cristianpetramale/Biomed_projects/STMWorkSpace/SerialComm/Core/Inc/stm32l4xx_it.h_save
2026-04-08 17:33:15,444 [INFO] CodeEngine:289 - Generated code: /Users/cristianpetramale/Biomed_projects/STMWorkSpace/SerialComm/Core/Inc/stm32l4xx_it.h
2026-04-08 17:33:15,449 [INFO] CodeEngine:265 - oldGeneratedFile, /Users/cristianpetramale/Biomed_projects/STMWorkSpace/SerialComm/Core/Src/stm32l4xx_hal_msp.c_save
2026-04-08 17:33:15,513 [INFO] CodeEngine:289 - Generated code: /Users/cristianpetramale/Biomed_projects/STMWorkSpace/SerialComm/Core/Src/stm32l4xx_hal_msp.c
2026-04-08 17:33:15,514 [INFO] CodeEngine:265 - oldGeneratedFile, /Users/cristianpetramale/Biomed_projects/STMWorkSpace/SerialComm/MXTmpFiles/system.tmp_save
2026-04-08 17:33:15,553 [INFO] CodeEngine:289 - Generated code: /Users/cristianpetramale/Biomed_projects/STMWorkSpace/SerialComm/MXTmpFiles/system.tmp
2026-04-08 17:33:15,558 [INFO] CodeEngine:321 - oldGeneratedFile, /Users/cristianpetramale/Biomed_projects/STMWorkSpace/SerialComm/Core/Inc/stm32l4xx_hal_conf.h_save
2026-04-08 17:33:15,605 [INFO] CodeEngine:345 - Generated code: /Users/cristianpetramale/Biomed_projects/STMWorkSpace/SerialComm/Core/Inc/stm32l4xx_hal_conf.h
2026-04-08 17:33:15,672 [INFO] CodeEngine:265 - oldGeneratedFile, /Users/cristianpetramale/Biomed_projects/STMWorkSpace/SerialComm/Core/Inc/main.h_save
2026-04-08 17:33:15,733 [INFO] CodeEngine:289 - Generated code: /Users/cristianpetramale/Biomed_projects/STMWorkSpace/SerialComm/Core/Inc/main.h
2026-04-08 17:33:15,736 [INFO] CodeEngine:265 - oldGeneratedFile, /Users/cristianpetramale/Biomed_projects/STMWorkSpace/SerialComm/Core/Src/main.c_save
2026-04-08 17:33:15,804 [INFO] CodeEngine:289 - Generated code: /Users/cristianpetramale/Biomed_projects/STMWorkSpace/SerialComm/Core/Src/main.c
2026-04-08 17:33:15,979 [INFO] ProjectBuilder:3606 - Time for Copy HAL[1] : 66mS.
2026-04-08 17:33:15,982 [INFO] ProjectBuilder:5216 - Project Generator version: 4.7.0-B52
2026-04-08 17:33:16,036 [INFO] ConfigFileManager:1595 - The Die is : DIE435
2026-04-08 17:33:18,595 [INFO] ProjectBuilder:5496 - Time for Generating toolchain IDE Files: 2605mS.
2026-04-08 17:33:18,610 [INFO] ProjectBuilder:3463 - Time for Copy CMSIS : 1mS.
2026-04-08 17:33:18,615 [INFO] ProjectBuilder:3463 - Time for Copy CMSIS : 0mS.
2026-04-08 17:52:00,449 [INFO] Gpio:278 - dependency for GPIO [RCC, SYS, USART2]
2026-04-08 17:54:24,631 [INFO] UtilMem:75 - End SaveConfig() Used Memory: 772871416 Bytes (1073741824)
2026-04-08 17:54:26,026 [INFO] UtilMem:75 - End SaveConfig() Used Memory: 800344936 Bytes (1073741824)
2026-04-08 17:54:26,285 [INFO] UtilMem:75 - End SaveConfig() Used Memory: 822154488 Bytes (1073741824)
2026-04-08 17:54:27,150 [INFO] BlockDiagram:2775 - set Specific Code input for plugin: NVIC
2026-04-08 17:54:27,156 [INFO] BlockDiagram:2775 - set Specific Code input for plugin: USART
2026-04-08 17:54:27,158 [INFO] BlockDiagram:2775 - set Specific Code input for plugin: SYS
2026-04-08 17:54:27,159 [INFO] BlockDiagram:2775 - set Specific Code input for plugin: GPIO
2026-04-08 17:54:27,160 [INFO] BlockDiagram:2775 - set Specific Code input for plugin: RCC
2026-04-08 17:54:27,164 [INFO] CodeGenerator:892 - code generatio: config db path: /Applications/STM32CubeIDE.app/Contents/Eclipse/plugins/com.st.stm32cube.common.mx_6.15.0.202507011659//db/
2026-04-08 17:54:27,287 [INFO] CodeEngine:265 - oldGeneratedFile, /Users/cristianpetramale/Biomed_projects/STMWorkSpace/SerialComm/MXTmpFiles/license.tmp_save
2026-04-08 17:54:27,601 [INFO] CodeEngine:289 - Generated code: /Users/cristianpetramale/Biomed_projects/STMWorkSpace/SerialComm/MXTmpFiles/license.tmp
2026-04-08 17:54:27,683 [INFO] CodeEngine:265 - oldGeneratedFile, /Users/cristianpetramale/Biomed_projects/STMWorkSpace/SerialComm/Core/Src/gpio.c_save
2026-04-08 17:54:27,874 [INFO] CodeEngine:289 - Generated code: /Users/cristianpetramale/Biomed_projects/STMWorkSpace/SerialComm/Core/Src/gpio.c
2026-04-08 17:54:27,879 [INFO] CodeEngine:265 - oldGeneratedFile, /Users/cristianpetramale/Biomed_projects/STMWorkSpace/SerialComm/Core/Inc/gpio.h_save
2026-04-08 17:54:27,977 [INFO] CodeEngine:289 - Generated code: /Users/cristianpetramale/Biomed_projects/STMWorkSpace/SerialComm/Core/Inc/gpio.h
2026-04-08 17:54:28,437 [INFO] CodeEngine:265 - oldGeneratedFile, /Users/cristianpetramale/Biomed_projects/STMWorkSpace/SerialComm/Core/Src/usart.c_save
2026-04-08 17:54:28,655 [INFO] CodeEngine:289 - Generated code: /Users/cristianpetramale/Biomed_projects/STMWorkSpace/SerialComm/Core/Src/usart.c
2026-04-08 17:54:28,659 [INFO] CodeEngine:265 - oldGeneratedFile, /Users/cristianpetramale/Biomed_projects/STMWorkSpace/SerialComm/Core/Inc/usart.h_save
2026-04-08 17:54:28,737 [INFO] CodeEngine:289 - Generated code: /Users/cristianpetramale/Biomed_projects/STMWorkSpace/SerialComm/Core/Inc/usart.h
2026-04-08 17:54:28,748 [INFO] CodeEngine:265 - oldGeneratedFile, /Users/cristianpetramale/Biomed_projects/STMWorkSpace/SerialComm/Core/Src/stm32l4xx_it.c_save
2026-04-08 17:54:28,902 [INFO] CodeEngine:289 - Generated code: /Users/cristianpetramale/Biomed_projects/STMWorkSpace/SerialComm/Core/Src/stm32l4xx_it.c
2026-04-08 17:54:28,905 [INFO] CodeEngine:265 - oldGeneratedFile, /Users/cristianpetramale/Biomed_projects/STMWorkSpace/SerialComm/Core/Inc/stm32l4xx_it.h_save
2026-04-08 17:54:28,973 [INFO] CodeEngine:289 - Generated code: /Users/cristianpetramale/Biomed_projects/STMWorkSpace/SerialComm/Core/Inc/stm32l4xx_it.h
2026-04-08 17:54:28,987 [INFO] CodeEngine:265 - oldGeneratedFile, /Users/cristianpetramale/Biomed_projects/STMWorkSpace/SerialComm/Core/Src/stm32l4xx_hal_msp.c_save
2026-04-08 17:54:29,079 [INFO] CodeEngine:289 - Generated code: /Users/cristianpetramale/Biomed_projects/STMWorkSpace/SerialComm/Core/Src/stm32l4xx_hal_msp.c
2026-04-08 17:54:29,082 [INFO] CodeEngine:265 - oldGeneratedFile, /Users/cristianpetramale/Biomed_projects/STMWorkSpace/SerialComm/MXTmpFiles/system.tmp_save
2026-04-08 17:54:29,149 [INFO] CodeEngine:289 - Generated code: /Users/cristianpetramale/Biomed_projects/STMWorkSpace/SerialComm/MXTmpFiles/system.tmp
2026-04-08 17:54:29,157 [INFO] CodeEngine:321 - oldGeneratedFile, /Users/cristianpetramale/Biomed_projects/STMWorkSpace/SerialComm/Core/Inc/stm32l4xx_hal_conf.h_save
2026-04-08 17:54:29,238 [INFO] CodeEngine:345 - Generated code: /Users/cristianpetramale/Biomed_projects/STMWorkSpace/SerialComm/Core/Inc/stm32l4xx_hal_conf.h
2026-04-08 17:54:29,322 [INFO] CodeEngine:265 - oldGeneratedFile, /Users/cristianpetramale/Biomed_projects/STMWorkSpace/SerialComm/Core/Inc/main.h_save
2026-04-08 17:54:29,477 [INFO] CodeEngine:289 - Generated code: /Users/cristianpetramale/Biomed_projects/STMWorkSpace/SerialComm/Core/Inc/main.h
2026-04-08 17:54:29,481 [INFO] CodeEngine:265 - oldGeneratedFile, /Users/cristianpetramale/Biomed_projects/STMWorkSpace/SerialComm/Core/Src/main.c_save
2026-04-08 17:54:29,661 [INFO] CodeEngine:289 - Generated code: /Users/cristianpetramale/Biomed_projects/STMWorkSpace/SerialComm/Core/Src/main.c
2026-04-08 17:54:29,842 [INFO] ProjectBuilder:3606 - Time for Copy HAL[1] : 60mS.
2026-04-08 17:54:29,845 [INFO] ProjectBuilder:5216 - Project Generator version: 4.7.0-B52
2026-04-08 17:54:29,927 [INFO] ConfigFileManager:1595 - The Die is : DIE435
2026-04-08 17:54:33,349 [INFO] ProjectBuilder:5496 - Time for Generating toolchain IDE Files: 3488mS.
2026-04-08 17:54:33,363 [INFO] ProjectBuilder:3463 - Time for Copy CMSIS : 2mS.
2026-04-08 17:54:33,367 [INFO] ProjectBuilder:3463 - Time for Copy CMSIS : 0mS.
2026-04-26 12:13:26,357 [INFO] Activator:176 - 


2026-04-26 12:13:26,359 [INFO] Activator:177 - !SESSION log4j initialized
2026-04-26 12:13:30,922 [INFO] LogOutputStream:77 - [STDOUT_REDIRECT] 
2026-04-26 12:13:32,021 [ERROR] LogOutputStream:75 - [STDERR_REDIRECT] 
2026-04-26 12:13:34,676 [INFO] LogOutputStream:77 - [STDOUT_REDIRECT] 
2026-04-26 12:13:36,064 [INFO] ApplicationProperties:184 - Using Application install path: /Applications/STM32CubeIDE.app/Contents/Eclipse/plugins/com.st.stm32cube.common.mx_6.15.0.202507011659
2026-04-26 12:13:36,098 [INFO] DbMcusXml:78 - Set database path to: /Applications/STM32CubeIDE.app/Contents/Eclipse/plugins/com.st.stm32cube.common.mx_6.15.0.202507011659//db//mcu/
2026-04-26 12:13:36,099 [INFO] ApiDb:274 - Set plugin database path to: /Applications/STM32CubeIDE.app/Contents/Eclipse/plugins/com.st.stm32cube.common.mx_6.15.0.202507011659//db//plugins/boardmanager/
2026-04-26 12:13:36,100 [WARN] ApiDb:259 - Overriding images path with different value:  => /Applications/STM32CubeIDE.app/Contents/Eclipse/plugins/com.st.stm32cube.common.mx_6.15.0.202507011659//db//plugins/mcufinder/images/
2026-04-26 12:13:36,108 [INFO] ApiDb:250 - Set database path to: /Users/cristianpetramale/.stmcufinder/plugins/mcufinder//mcu/
2026-04-26 12:13:36,109 [INFO] DbMcusAds:125 - Set database path to: /Users/cristianpetramale/.stmcufinder/plugins/mcufinder//mcu/
2026-04-26 12:13:36,111 [INFO] CrossReferenceDbSqlite:203 - Set database path to: /Users/cristianpetramale/.stmcufinder/plugins/mcufinder//mcu/cs/
2026-04-26 12:13:36,286 [INFO] RulesReader:64 - Compatibility file has been processed (317 Rules)
2026-04-26 12:13:36,342 [INFO] DbMcusXml:78 - Set database path to: /Applications/STM32CubeIDE.app/Contents/Eclipse/plugins/com.st.stm32cube.common.mx_6.15.0.202507011659//db//mcu/
2026-04-26 12:13:36,343 [INFO] ApiDb:274 - Set plugin database path to: /Applications/STM32CubeIDE.app/Contents/Eclipse/plugins/com.st.stm32cube.common.mx_6.15.0.202507011659//db//plugins/boardmanager/
2026-04-26 12:13:36,343 [INFO] ApiDb:261 - Set plugin images path to: /Applications/STM32CubeIDE.app/Contents/Eclipse/plugins/com.st.stm32cube.common.mx_6.15.0.202507011659//db//plugins/mcufinder/images/
2026-04-26 12:13:36,344 [WARN] DbFile:41 - Overriding database path with different value: /Users/cristianpetramale/.stmcufinder/plugins/mcufinder/ => /Users/cristianpetramale/.stmcufinder/plugins/mcufinder
2026-04-26 12:13:36,344 [INFO] ApiDb:250 - Set database path to: /Users/cristianpetramale/.stmcufinder/plugins/mcufinder//mcu/
2026-04-26 12:13:36,344 [WARN] DbFile:41 - Overriding database path with different value: /Users/cristianpetramale/.stmcufinder/plugins/mcufinder/ => /Users/cristianpetramale/.stmcufinder/plugins/mcufinder
2026-04-26 12:13:36,344 [INFO] DbMcusAds:125 - Set database path to: /Users/cristianpetramale/.stmcufinder/plugins/mcufinder//mcu/
2026-04-26 12:13:36,344 [WARN] DbFile:41 - Overriding database path with different value: /Users/cristianpetramale/.stmcufinder/plugins/mcufinder/ => /Users/cristianpetramale/.stmcufinder/plugins/mcufinder
2026-04-26 12:13:36,344 [WARN] DbFile:41 - Overriding database path with different value: /Users/cristianpetramale/.stmcufinder/plugins/mcufinder/ => /Users/cristianpetramale/.stmcufinder/plugins/mcufinder
2026-04-26 12:13:36,344 [INFO] CrossReferenceDbSqlite:203 - Set database path to: /Users/cristianpetramale/.stmcufinder/plugins/mcufinder//mcu/cs/
2026-04-26 12:13:36,424 [INFO] MainPanel:274 - HeapMemory: 268435456
2026-04-26 12:13:36,693 [INFO] DbMcusXml:78 - Set database path to: /Applications/STM32CubeIDE.app/Contents/Eclipse/plugins/com.st.stm32cube.common.mx_6.15.0.202507011659//db//mcu/
2026-04-26 12:13:36,694 [INFO] ApiDb:274 - Set plugin database path to: /Applications/STM32CubeIDE.app/Contents/Eclipse/plugins/com.st.stm32cube.common.mx_6.15.0.202507011659//db//plugins/boardmanager/
2026-04-26 12:13:36,694 [INFO] ApiDb:261 - Set plugin images path to: /Applications/STM32CubeIDE.app/Contents/Eclipse/plugins/com.st.stm32cube.common.mx_6.15.0.202507011659//db//plugins/mcufinder/images/
2026-04-26 12:13:36,694 [WARN] DbFile:41 - Overriding database path with different value: /Users/cristianpetramale/.stmcufinder/plugins/mcufinder/ => /Users/cristianpetramale/.stmcufinder/plugins/mcufinder
2026-04-26 12:13:36,694 [INFO] ApiDb:250 - Set database path to: /Users/cristianpetramale/.stmcufinder/plugins/mcufinder//mcu/
2026-04-26 12:13:36,694 [WARN] DbFile:41 - Overriding database path with different value: /Users/cristianpetramale/.stmcufinder/plugins/mcufinder/ => /Users/cristianpetramale/.stmcufinder/plugins/mcufinder
2026-04-26 12:13:36,694 [INFO] DbMcusAds:125 - Set database path to: /Users/cristianpetramale/.stmcufinder/plugins/mcufinder//mcu/
2026-04-26 12:13:36,695 [WARN] DbFile:41 - Overriding database path with different value: /Users/cristianpetramale/.stmcufinder/plugins/mcufinder/ => /Users/cristianpetramale/.stmcufinder/plugins/mcufinder
2026-04-26 12:13:36,695 [WARN] DbFile:41 - Overriding database path with different value: /Users/cristianpetramale/.stmcufinder/plugins/mcufinder/ => /Users/cristianpetramale/.stmcufinder/plugins/mcufinder
2026-04-26 12:13:36,695 [INFO] CrossReferenceDbSqlite:203 - Set database path to: /Users/cristianpetramale/.stmcufinder/plugins/mcufinder//mcu/cs/
2026-04-26 12:13:36,715 [INFO] ApplicationProperties:184 - Using Application install path: /Applications/STM32CubeIDE.app/Contents/Eclipse/plugins/com.st.stm32cube.common.mx_6.15.0.202507011659
2026-04-26 12:13:36,717 [INFO] PluginManage:196 - Search for loadable plugins [exclusion list=, ]
2026-04-26 12:13:36,719 [INFO] PluginManage:310 - Check plugin analytics
2026-04-26 12:13:36,984 [INFO] AnalyticsPlugin:253 - Accepted Software Licenses: 
2026-04-26 12:13:36,985 [INFO] AnalyticsPlugin:255 - Accepted CMSIS Pack Licenses: 
2026-04-26 12:13:36,985 [INFO] AnalyticsPlugin:257 - Accepted Firmware Licenses: FW.L4.1.18.0
2026-04-26 12:13:36,993 [INFO] PluginManage:359 - Loaded plugin analytics (category:tool,tabindex:-1)
2026-04-26 12:13:36,994 [INFO] PluginManage:310 - Check plugin cadmodel
2026-04-26 12:13:37,018 [INFO] CADModel:105 - Init CAD model plugin
2026-04-26 12:13:37,018 [INFO] PluginManage:359 - Loaded plugin cadmodel (category:power,tabindex:5)
2026-04-26 12:13:37,019 [INFO] PluginManage:310 - Check plugin clock
2026-04-26 12:13:37,031 [INFO] PluginManage:359 - Loaded plugin clock (category:base,tabindex:2)
2026-04-26 12:13:37,031 [INFO] PluginManage:310 - Check plugin ddr
2026-04-26 12:13:37,033 [INFO] PluginManage:359 - Loaded plugin ddr (category:tool,tabindex:6)
2026-04-26 12:13:37,033 [INFO] PluginManage:310 - Check plugin filemanager
2026-04-26 12:13:37,192 [INFO] PluginManage:359 - Loaded plugin filemanager (category:base,tabindex:10)
2026-04-26 12:13:37,193 [INFO] PluginManage:310 - Check plugin ipmanager
2026-04-26 12:13:37,199 [INFO] PluginManage:359 - Loaded plugin ipmanager (category:base,tabindex:5)
2026-04-26 12:13:37,200 [INFO] PluginManage:310 - Check plugin lpbam
2026-04-26 12:13:37,209 [INFO] PluginManage:359 - Loaded plugin lpbam (category:base,tabindex:0)
2026-04-26 12:13:37,210 [INFO] PluginManage:310 - Check plugin memorymap
2026-04-26 12:13:37,220 [INFO] PluginManage:359 - Loaded plugin memorymap (category:base,tabindex:4)
2026-04-26 12:13:37,220 [INFO] PluginManage:310 - Check plugin pinoutandconfiguration
2026-04-26 12:13:37,227 [INFO] PluginManage:359 - Loaded plugin pinoutandconfiguration (category:base,tabindex:1)
2026-04-26 12:13:37,227 [INFO] PluginManage:310 - Check plugin pinoutconfig
2026-04-26 12:13:37,298 [WARN] SupportedApi:132 - Cannot load RTOS API schema: s4s-elt-must-match.1: The content of 'definitions' must match (annotation?, (simpleType | complexType)?, (unique | key | keyref)*)). A problem was found starting at: attribute.
2026-04-26 12:13:38,099 [INFO] PluginManage:359 - Loaded plugin pinoutconfig (category:base,tabindex:0)
2026-04-26 12:13:38,103 [INFO] PluginManage:310 - Check plugin power
2026-04-26 12:13:38,174 [INFO] PluginManage:359 - Loaded plugin power (category:power,tabindex:4)
2026-04-26 12:13:38,176 [INFO] PluginManage:310 - Check plugin projectmanager
2026-04-26 12:13:38,237 [INFO] PluginManage:359 - Loaded plugin projectmanager (category:projectmanager,tabindex:4)
2026-04-26 12:13:38,238 [INFO] PluginManage:310 - Check plugin rif
2026-04-26 12:13:38,245 [INFO] PluginManage:359 - Loaded plugin rif (category:base,tabindex:3)
2026-04-26 12:13:38,246 [INFO] PluginManage:310 - Check plugin thirdparty
2026-04-26 12:13:38,480 [INFO] PluginManage:359 - Loaded plugin thirdparty (category:base,tabindex:-1)
2026-04-26 12:13:38,481 [INFO] PluginManage:310 - Check plugin tools
2026-04-26 12:13:38,486 [INFO] PluginManage:359 - Loaded plugin tools (category:base,tabindex:7)
2026-04-26 12:13:38,487 [INFO] PluginManage:310 - Check plugin tutovideos
2026-04-26 12:13:38,480 [WARN] IntegrityCheckThread:84 - waiting for thirdparty lock release [integrity check]
2026-04-26 12:13:38,489 [INFO] IntegrityCheckThread:86 - entering critical section [integrity check]
2026-04-26 12:13:38,489 [INFO] ThirdPartyUpdaterWithRetryManager:70 - Updater plugin not ready yet. [1/15]
2026-04-26 12:13:38,713 [INFO] PluginManage:359 - Loaded plugin tutovideos (category:base,tabindex:-1)
2026-04-26 12:13:38,714 [INFO] PluginManage:310 - Check plugin updater
2026-04-26 12:13:38,744 [INFO] PluginManage:359 - Loaded plugin updater (category:base,tabindex:12)
2026-04-26 12:13:38,745 [INFO] PluginManage:310 - Check plugin userauth
2026-04-26 12:13:38,749 [INFO] UserAuth:118 - Init User Auth plugin
2026-04-26 12:13:38,750 [INFO] PluginManage:359 - Loaded plugin userauth (category:base,tabindex:14)
2026-04-26 12:13:38,753 [INFO] PluginManage:283 - PluginManage : Loaded plugins [18]
2026-04-26 12:13:38,980 [INFO] PinOutPanel:1589 - setPackage(No Configuration,No Configuration)
2026-04-26 12:13:39,054 [INFO] CADModel:165 - CPN selected for project level
2026-04-26 12:13:39,054 [INFO] CADModel:114 - Register for checkConnection events
2026-04-26 12:13:39,094 [INFO] IPUIPlugin:80 - create IPUIPlugin
2026-04-26 12:13:39,095 [INFO] PluginManager:220 - loadIPPluginJar : add mdma
2026-04-26 12:13:39,101 [INFO] IPUIPlugin:80 - create IPUIPlugin
2026-04-26 12:13:39,102 [INFO] PluginManager:220 - loadIPPluginJar : add freertos
2026-04-26 12:13:39,105 [INFO] IPUIPlugin:80 - create IPUIPlugin
2026-04-26 12:13:39,105 [INFO] PluginManager:220 - loadIPPluginJar : add gic
2026-04-26 12:13:39,112 [INFO] IPUIPlugin:80 - create IPUIPlugin
2026-04-26 12:13:39,113 [INFO] PluginManager:220 - loadIPPluginJar : add adc
2026-04-26 12:13:39,115 [INFO] IPUIPlugin:80 - create IPUIPlugin
2026-04-26 12:13:39,115 [INFO] PluginManager:220 - loadIPPluginJar : add gtzc
2026-04-26 12:13:39,117 [INFO] IPUIPlugin:80 - create IPUIPlugin
2026-04-26 12:13:39,118 [INFO] PluginManager:220 - loadIPPluginJar : add quadspi
2026-04-26 12:13:39,119 [INFO] IPUIPlugin:80 - create IPUIPlugin
2026-04-26 12:13:39,119 [INFO] PluginManager:220 - loadIPPluginJar : add aes
2026-04-26 12:13:39,121 [INFO] IPUIPlugin:80 - create IPUIPlugin
2026-04-26 12:13:39,121 [INFO] PluginManager:220 - loadIPPluginJar : add pdm2pcm
2026-04-26 12:13:39,122 [INFO] IPUIPlugin:80 - create IPUIPlugin
2026-04-26 12:13:39,122 [INFO] PluginManager:220 - loadIPPluginJar : add hash
2026-04-26 12:13:39,123 [INFO] IPUIPlugin:80 - create IPUIPlugin
2026-04-26 12:13:39,123 [INFO] PluginManager:220 - loadIPPluginJar : add tim
2026-04-26 12:13:39,124 [INFO] IPUIPlugin:80 - create IPUIPlugin
2026-04-26 12:13:39,124 [INFO] PluginManager:220 - loadIPPluginJar : add tsc
2026-04-26 12:13:39,126 [INFO] IPUIPlugin:80 - create IPUIPlugin
2026-04-26 12:13:39,126 [INFO] PluginManager:220 - loadIPPluginJar : add extmemmanager
2026-04-26 12:13:39,128 [INFO] IPUIPlugin:80 - create IPUIPlugin
2026-04-26 12:13:39,128 [INFO] PluginManager:220 - loadIPPluginJar : add ts
2026-04-26 12:13:39,128 [INFO] IPUIPlugin:80 - create IPUIPlugin
2026-04-26 12:13:39,129 [INFO] PluginManager:220 - loadIPPluginJar : add radio
2026-04-26 12:13:39,131 [INFO] IPUIPlugin:80 - create IPUIPlugin
2026-04-26 12:13:39,131 [INFO] PluginManager:220 - loadIPPluginJar : add can
2026-04-26 12:13:39,133 [INFO] IPUIPlugin:80 - create IPUIPlugin
2026-04-26 12:13:39,133 [INFO] PluginManager:220 - loadIPPluginJar : add dma3
2026-04-26 12:13:39,135 [INFO] IPUIPlugin:80 - create IPUIPlugin
2026-04-26 12:13:39,135 [INFO] PluginManager:220 - loadIPPluginJar : add dfsdm
2026-04-26 12:13:39,137 [INFO] IPUIPlugin:80 - create IPUIPlugin
2026-04-26 12:13:39,137 [INFO] PluginManager:220 - loadIPPluginJar : add spi
2026-04-26 12:13:39,138 [INFO] IPUIPlugin:80 - create IPUIPlugin
2026-04-26 12:13:39,139 [INFO] PluginManager:220 - loadIPPluginJar : add gfxmmu
2026-04-26 12:13:39,141 [INFO] IPUIPlugin:80 - create IPUIPlugin
2026-04-26 12:13:39,141 [INFO] PluginManager:220 - loadIPPluginJar : add genericplugin
2026-04-26 12:13:39,142 [INFO] IPUIPlugin:80 - create IPUIPlugin
2026-04-26 12:13:39,142 [INFO] PluginManager:220 - loadIPPluginJar : add cryp
2026-04-26 12:13:39,145 [INFO] IPUIPlugin:80 - create IPUIPlugin
2026-04-26 12:13:39,145 [INFO] PluginManager:220 - loadIPPluginJar : add gpio
2026-04-26 12:13:39,148 [INFO] IPUIPlugin:80 - create IPUIPlugin
2026-04-26 12:13:39,148 [INFO] PluginManager:220 - loadIPPluginJar : add ddr_ctrl_phy
2026-04-26 12:13:39,150 [INFO] IPUIPlugin:80 - create IPUIPlugin
2026-04-26 12:13:39,150 [INFO] PluginManager:220 - loadIPPluginJar : add comp
2026-04-26 12:13:39,152 [INFO] IPUIPlugin:80 - create IPUIPlugin
2026-04-26 12:13:39,153 [INFO] PluginManager:220 - loadIPPluginJar : add tracer_emb
2026-04-26 12:13:39,155 [INFO] IPUIPlugin:80 - create IPUIPlugin
2026-04-26 12:13:39,155 [INFO] PluginManager:220 - loadIPPluginJar : add openamp
2026-04-26 12:13:39,158 [INFO] IPUIPlugin:80 - create IPUIPlugin
2026-04-26 12:13:39,158 [INFO] PluginManager:220 - loadIPPluginJar : add stm32_wpan
2026-04-26 12:13:39,161 [INFO] IPUIPlugin:80 - create IPUIPlugin
2026-04-26 12:13:39,163 [INFO] PluginManager:220 - loadIPPluginJar : add plateformsettings
2026-04-26 12:13:39,165 [INFO] IPUIPlugin:80 - create IPUIPlugin
2026-04-26 12:13:39,165 [INFO] PluginManager:220 - loadIPPluginJar : add ipddr
2026-04-26 12:13:39,167 [INFO] IPUIPlugin:80 - create IPUIPlugin
2026-04-26 12:13:39,167 [INFO] PluginManager:220 - loadIPPluginJar : add usart
2026-04-26 12:13:39,167 [INFO] IPUIPlugin:80 - create IPUIPlugin
2026-04-26 12:13:39,167 [INFO] PluginManager:220 - loadIPPluginJar : add ltdc
2026-04-26 12:13:39,169 [INFO] IPUIPlugin:80 - create IPUIPlugin
2026-04-26 12:13:39,169 [INFO] PluginManager:220 - loadIPPluginJar : add nvic
2026-04-26 12:13:39,170 [INFO] IPUIPlugin:80 - create IPUIPlugin
2026-04-26 12:13:39,170 [INFO] PluginManager:220 - loadIPPluginJar : add fatfs
2026-04-26 12:13:39,174 [INFO] IPUIPlugin:80 - create IPUIPlugin
2026-04-26 12:13:39,174 [INFO] PluginManager:220 - loadIPPluginJar : add linkedlist
2026-04-26 12:13:39,177 [INFO] IPUIPlugin:80 - create IPUIPlugin
2026-04-26 12:13:39,177 [INFO] PluginManager:220 - loadIPPluginJar : add dma
2026-04-26 12:13:39,180 [INFO] IPUIPlugin:80 - create IPUIPlugin
2026-04-26 12:13:39,180 [INFO] PluginManager:220 - loadIPPluginJar : add fmc
2026-04-26 12:13:39,181 [INFO] IPUIPlugin:80 - create IPUIPlugin
2026-04-26 12:13:39,181 [INFO] PluginManager:220 - loadIPPluginJar : add i2s
2026-04-26 12:13:39,182 [INFO] IPUIPlugin:80 - create IPUIPlugin
2026-04-26 12:13:39,182 [INFO] PluginManager:220 - loadIPPluginJar : add ucpd
2026-04-26 12:13:39,183 [INFO] IPUIPlugin:80 - create IPUIPlugin
2026-04-26 12:13:39,183 [INFO] PluginManager:220 - loadIPPluginJar : add lorawan
2026-04-26 12:13:39,184 [INFO] IPUIPlugin:80 - create IPUIPlugin
2026-04-26 12:13:39,184 [INFO] PluginManager:220 - loadIPPluginJar : add opamp
2026-04-26 12:13:39,186 [INFO] IPUIPlugin:80 - create IPUIPlugin
2026-04-26 12:13:39,186 [INFO] PluginManager:220 - loadIPPluginJar : add i3c
2026-04-26 12:13:39,187 [INFO] IPUIPlugin:80 - create IPUIPlugin
2026-04-26 12:13:39,187 [INFO] PluginManager:220 - loadIPPluginJar : add touchsensing
2026-04-26 12:13:39,189 [INFO] IPUIPlugin:80 - create IPUIPlugin
2026-04-26 12:13:39,189 [INFO] PluginManager:220 - loadIPPluginJar : add i2c
2026-04-26 12:13:39,191 [INFO] IPUIPlugin:80 - create IPUIPlugin
2026-04-26 12:13:39,191 [INFO] PluginManager:220 - loadIPPluginJar : add resmgrutility
2026-04-26 12:13:39,192 [INFO] IPUIPlugin:80 - create IPUIPlugin
2026-04-26 12:13:39,192 [INFO] PluginManager:220 - loadIPPluginJar : add sai
2026-04-26 12:13:39,195 [INFO] IPUIPlugin:80 - create IPUIPlugin
2026-04-26 12:13:39,195 [INFO] PluginManager:220 - loadIPPluginJar : add usbx
2026-04-26 12:13:39,655 [FATAL] Updater:351 - Updater called before beeing initialized
2026-04-26 12:13:40,016 [INFO] RulesReader:64 - Compatibility file has been processed (317 Rules)
2026-04-26 12:13:40,049 [INFO] RulesReader:64 - Compatibility file has been processed (317 Rules)
2026-04-26 12:13:40,102 [INFO] CADModel:165 - CPN selected for project level
2026-04-26 12:13:40,103 [INFO] CADModel:114 - Register for checkConnection events
2026-04-26 12:13:40,103 [FATAL] Updater:351 - Updater called before beeing initialized
2026-04-26 12:13:40,103 [ERROR] CADModel:125 - Updater not yet initialized, retry later 
2026-04-26 12:13:40,432 [FATAL] Updater:351 - Updater called before beeing initialized
2026-04-26 12:13:40,434 [INFO] CADModel:165 - CPN selected for project level
2026-04-26 12:13:40,434 [INFO] CADModel:114 - Register for checkConnection events
2026-04-26 12:13:40,434 [FATAL] Updater:351 - Updater called before beeing initialized
2026-04-26 12:13:40,434 [ERROR] CADModel:125 - Updater not yet initialized, retry later 
2026-04-26 12:13:40,436 [FATAL] Updater:351 - Updater called before beeing initialized
2026-04-26 12:13:40,565 [FATAL] Updater:351 - Updater called before beeing initialized
2026-04-26 12:13:40,571 [INFO] DbMcusAds:53 - JSON generation date=Fri Apr 10 11:19:02 CEST 2026 (1775812742310)
2026-04-26 12:13:40,572 [FATAL] Updater:351 - Updater called before beeing initialized
2026-04-26 12:13:40,622 [WARN] DetailPanel:346 - Failed to get advertising image, set to default
2026-04-26 12:13:40,704 [FATAL] Updater:351 - Updater called before beeing initialized
2026-04-26 12:13:40,710 [FATAL] Updater:351 - Updater called before beeing initialized
2026-04-26 12:13:40,710 [FATAL] Updater:351 - Updater called before beeing initialized
2026-04-26 12:13:40,711 [WARN] DetailPanel:346 - Failed to get advertising image, set to default
2026-04-26 12:13:40,713 [FATAL] Updater:351 - Updater called before beeing initialized
2026-04-26 12:13:40,777 [ERROR] Updater:1198 - MainUpdater not yet initialized. External WinMGr cannot be set.
2026-04-26 12:13:40,785 [INFO] Updater:1134 - Updater Version found : 6.15.0
2026-04-26 12:13:40,797 [INFO] ApplicationProperties:184 - Using Application install path: /Applications/STM32CubeIDE.app/Contents/Eclipse/plugins/com.st.stm32cube.common.mx_6.15.0.202507011659
2026-04-26 12:13:41,408 [INFO] MainUpdater:2872 - connection check result : 10
2026-04-26 12:13:41,408 [INFO] MainUpdater:289 - Updater Check For Update Now.
2026-04-26 12:13:41,409 [INFO] MicroXplorer:498 - Change Database Version : DB.6.0.150
2026-04-26 12:13:41,417 [INFO] McuFinderGlobals:63 - Set McuFinder mode to 2 (CubeIDE integrated)
2026-04-26 12:13:41,419 [INFO] UserAuth:487 - Internet connection configuration mode: 1
2026-04-26 12:13:41,438 [INFO] JxBrowserEngine:152 - Initiate JxBrowser Engine with user profile folder
2026-04-26 12:13:41,496 [WARN] MainUpdater:1193 - Updater busy. Cannot search thirdparties
2026-04-26 12:13:41,496 [INFO] ThirdPartyUpdaterWithRetryManager:96 - Updater plugin is busy. [1/15]
2026-04-26 12:13:41,660 [INFO] CheckServerUpdateThread:120 - End of CheckServer Thread
2026-04-26 12:13:44,736 [WARN] PackLoader:240 - Cannot read IP mode file for STMicroelectronics.X-CUBE-AZRTOS-H7.3.5.0
2026-04-26 12:13:44,771 [WARN] PackLoader:240 - Cannot read IP mode file for STMicroelectronics.FP-ATR-ASTRA1.2.0.2
2026-04-26 12:13:44,785 [WARN] PackLoader:240 - Cannot read IP mode file for STMicroelectronics.X-CUBE-SMBUS.2.1.0
2026-04-26 12:13:44,815 [WARN] PackLoader:240 - Cannot read IP mode file for STMicroelectronics.X-CUBE-AZRTOS-F7.1.1.0
2026-04-26 12:13:44,836 [WARN] PackLoader:240 - Cannot read IP mode file for WES.I-CUBE-Cesium.1.4.0
2026-04-26 12:13:44,852 [WARN] PackLoader:240 - Cannot read IP mode file for STMicroelectronics.X-CUBE-DISPLAY.3.0.0
2026-04-26 12:13:44,871 [WARN] PackLoader:240 - Cannot read IP mode file for STMicroelectronics.X-CUBE-NFC10.1.0.0
2026-04-26 12:13:44,892 [WARN] PackLoader:240 - Cannot read IP mode file for STMicroelectronics.X-CUBE-ST60.1.1.0
2026-04-26 12:13:44,903 [WARN] PackLoader:240 - Cannot read IP mode file for emotas.I-CUBE-CANOPEN.1.3.0
2026-04-26 12:13:44,913 [WARN] PackLoader:240 - Cannot read IP mode file for STMicroelectronics.FP-SNS-SMARTAG2.1.2.0
2026-04-26 12:13:44,921 [WARN] PackLoader:240 - Cannot read IP mode file for STMicroelectronics.FP-SNS-FLIGHT1.5.1.0
2026-04-26 12:13:44,932 [INFO] LogOutputStream:77 - [STDOUT_REDIRECT] 1 : Invalid condition id : UX_CORESTACK_Condition cause : null
2026-04-26 12:13:44,933 [INFO] LogOutputStream:77 - [STDOUT_REDIRECT] 1 : Invalid condition id : UX_CORESTACK_Condition cause : null
2026-04-26 12:13:44,933 [INFO] LogOutputStream:77 - [STDOUT_REDIRECT] 1 : Invalid condition id : UX_CORESTACK_Condition cause : null
2026-04-26 12:13:44,933 [INFO] LogOutputStream:77 - [STDOUT_REDIRECT] 1 : Invalid condition id : UX_CORESTACK_Condition cause : null
2026-04-26 12:13:44,934 [INFO] LogOutputStream:77 - [STDOUT_REDIRECT] 1 : Invalid condition id : UX_CORESTACK_Condition cause : null
2026-04-26 12:13:44,947 [WARN] PackLoader:240 - Cannot read IP mode file for STMicroelectronics.X-CUBE-AZRTOS-WL.2.0.0
2026-04-26 12:13:45,134 [WARN] PackLoader:240 - Cannot read IP mode file for STMicroelectronics.X-CUBE-AZRTOS-H7RS.1.2.0
2026-04-26 12:13:45,258 [WARN] PackLoader:240 - Cannot read IP mode file for STMicroelectronics.X-CUBE-BLE2.3.3.0
2026-04-26 12:13:45,368 [WARN] PackLoader:240 - Cannot read IP mode file for Infineon.AIROC-Wi-Fi-Bluetooth-STM32.1.8.0
2026-04-26 12:13:45,398 [WARN] PackLoader:240 - Cannot read IP mode file for STMicroelectronics.X-CUBE-NFC9.1.0.0
2026-04-26 12:13:45,416 [WARN] PackLoader:240 - Cannot read IP mode file for STMicroelectronics.X-CUBE-BLE1.7.1.0
2026-04-26 12:13:45,420 [WARN] PackLoader:240 - Cannot read IP mode file for wolfSSL.I-CUBE-wolfMQTT.1.19.2
2026-04-26 12:13:45,424 [WARN] PackLoader:240 - Cannot read IP mode file for wolfSSL.I-CUBE-wolfSSL.5.8.4
2026-04-26 12:13:45,428 [WARN] PackLoader:240 - Cannot read IP mode file for Cesanta.I-CUBE-Mongoose.7.20.0
2026-04-26 12:13:45,441 [WARN] PackLoader:240 - Cannot read IP mode file for STMicroelectronics.FP-SNS-STAIOTCFT.1.1.0
2026-04-26 12:13:45,471 [WARN] PackLoader:240 - Cannot read IP mode file for STMicroelectronics.X-CUBE-AZRTOS-G0.1.1.0
2026-04-26 12:13:45,482 [WARN] PackLoader:240 - Cannot read IP mode file for STMicroelectronics.X-CUBE-NFC4.3.0.0
2026-04-26 12:13:45,503 [WARN] PackLoader:240 - Cannot read IP mode file for EmbeddedOffice.I-CUBE-FS-RTOS.1.0.1
2026-04-26 12:13:45,507 [WARN] PackLoader:240 - Cannot read IP mode file for wolfSSL.I-CUBE-wolfTPM.3.8.0
2026-04-26 12:13:45,517 [WARN] PackLoader:240 - Cannot read IP mode file for STMicroelectronics.X-CUBE-TCPP.4.2.0
2026-04-26 12:13:45,529 [WARN] PackLoader:240 - Cannot read IP mode file for RealThread.X-CUBE-RT-Thread_Nano.4.1.1
2026-04-26 12:13:45,536 [WARN] PackLoader:240 - Cannot read IP mode file for STMicroelectronics.FP-ATR-SIGFOX1.3.2.0
2026-04-26 12:13:45,540 [WARN] PackLoader:240 - Cannot read IP mode file for ITTIA_DB.I-CUBE-ITTIADB.8.9.0
2026-04-26 12:13:45,595 [WARN] PackLoader:240 - Cannot read IP mode file for SEGGER.I-CUBE-embOS.1.3.1
2026-04-26 12:13:45,679 [WARN] PackLoader:240 - Cannot read IP mode file for STMicroelectronics.X-CUBE-ALGOBUILD.1.4.0
2026-04-26 12:13:45,714 [WARN] PackLoader:240 - Cannot read IP mode file for STMicroelectronics.X-CUBE-PM33A1.1.0.0
2026-04-26 12:13:45,742 [WARN] PackLoader:240 - Cannot read IP mode file for STMicroelectronics.X-CUBE-AZRTOS-F4.1.1.0
2026-04-26 12:13:45,759 [WARN] PackLoader:240 - Cannot read IP mode file for STMicroelectronics.X-CUBE-ISPU.2.1.0
2026-04-26 12:13:45,767 [WARN] PackLoader:240 - Cannot read IP mode file for STMicroelectronics.eDS-WB_DPC_TT-BIDIR.2.1.1
2026-04-26 12:13:45,796 [WARN] PackLoader:240 - Cannot read IP mode file for STMicroelectronics.X-CUBE-AZRTOS-L5.2.0.0
2026-04-26 12:13:45,803 [WARN] PackLoader:240 - Cannot read IP mode file for STMicroelectronics.eDS-WB_DPC_VIENNA.1.2.0
2026-04-26 12:13:45,806 [WARN] PackLoader:240 - Cannot read IP mode file for STMicroelectronics.eDS-WB_DPC_3PH2L-BIDIR.1.1.1
2026-04-26 12:13:45,809 [ERROR] Engine:466 - /Users/cristianpetramale/.stm32cubemx/thirdparties/pdsc/STMicroelectronics.X-CUBE-ST67W61.1.3.0.pdsc: PDSC version is not supported
2026-04-26 12:13:45,822 [WARN] PackLoader:240 - Cannot read IP mode file for STMicroelectronics.X-CUBE-TOUCHGFX.4.26.1
2026-04-26 12:13:45,830 [WARN] PackLoader:240 - Cannot read IP mode file for STMicroelectronics.FP-SNS-STAIOTCFT.1.0.0
2026-04-26 12:13:45,841 [WARN] PackLoader:240 - Cannot read IP mode file for STMicroelectronics.X-CUBE-DPower.1.3.0
2026-04-26 12:13:45,885 [WARN] ConditionMgr:438 - getConditionDescription Invalid condition id : LAN8742 Phy interface Condition cause : null
2026-04-26 12:13:45,887 [WARN] PackLoader:240 - Cannot read IP mode file for STMicroelectronics.X-CUBE-AZRTOS-L4.2.0.0
2026-04-26 12:13:45,891 [WARN] ConditionMgr:1044 - genDependencies : Invalid condition id : LAN8742 Phy interface Condition cause : null
2026-04-26 12:13:45,893 [WARN] ConditionMgr:1044 - genDependencies : Invalid condition id : LAN8742 Phy interface Condition cause : null
2026-04-26 12:13:45,897 [WARN] ConditionMgr:1044 - genDependencies : Invalid condition id : LAN8742 Phy interface Condition cause : null
2026-04-26 12:13:45,927 [WARN] PackLoader:240 - Cannot read IP mode file for STMicroelectronics.X-CUBE-SFXS2LP1.4.0.0
2026-04-26 12:13:45,946 [WARN] PackLoader:240 - Cannot read IP mode file for STMicroelectronics.X-CUBE-WB05N.2.1.0
2026-04-26 12:13:45,964 [WARN] PackLoader:240 - Cannot read IP mode file for STMicroelectronics.X-CUBE-ST67W61.1.2.0
2026-04-26 12:13:45,985 [WARN] ConditionMgr:438 - getConditionDescription Invalid condition id : UX DEVICE CLASS RTOS Condition cause : null
2026-04-26 12:13:45,989 [WARN] ConditionMgr:438 - getConditionDescription Invalid condition id : UX DEVICE CLASS RTOS Condition cause : null
2026-04-26 12:13:45,997 [WARN] PackLoader:240 - Cannot read IP mode file for STMicroelectronics.X-CUBE-AZRTOS-WB.2.0.0
2026-04-26 12:13:46,003 [WARN] ConditionMgr:1044 - genDependencies : Invalid condition id : UX DEVICE CLASS RTOS Condition cause : null
2026-04-26 12:13:46,004 [WARN] ConditionMgr:1044 - genDependencies : Invalid condition id : UX DEVICE CLASS RTOS Condition cause : null
2026-04-26 12:13:46,005 [WARN] ConditionMgr:1044 - genDependencies : Invalid condition id : UX DEVICE CLASS RTOS Condition cause : null
2026-04-26 12:13:46,009 [WARN] ConditionMgr:1044 - genDependencies : Invalid condition id : UX DEVICE CLASS RTOS Condition cause : null
2026-04-26 12:13:46,012 [WARN] ConditionMgr:1044 - genDependencies : Invalid condition id : UX DEVICE CLASS RTOS Condition cause : null
2026-04-26 12:13:46,021 [WARN] ConditionMgr:438 - getConditionDescription Invalid condition id : Cortex-A Device cause : null
2026-04-26 12:13:46,048 [WARN] ConditionMgr:1044 - genDependencies : Invalid condition id : Cortex-A Device cause : null
2026-04-26 12:13:46,048 [WARN] ConditionMgr:1044 - genDependencies : Invalid condition id : Cortex-A Device cause : null
2026-04-26 12:13:46,049 [WARN] ConditionMgr:1044 - genDependencies : Invalid condition id : Cortex-A Device cause : null
2026-04-26 12:13:46,058 [WARN] PackLoader:240 - Cannot read IP mode file for STMicroelectronics.X-CUBE-STSE01.2.0.0
2026-04-26 12:13:46,082 [INFO] WebApp:169 - Instantiating new browser for Auth
2026-04-26 12:13:46,087 [WARN] PackLoader:240 - Cannot read IP mode file for STMicroelectronics.X-CUBE-SUBG2.5.0.0
2026-04-26 12:13:46,139 [WARN] PackLoader:240 - Cannot read IP mode file for STMicroelectronics.X-CUBE-AZRTOS-G4.2.0.0
2026-04-26 12:13:46,157 [WARN] PackLoader:240 - Cannot read IP mode file for wolfSSL.I-CUBE-wolfSSH.1.4.20
2026-04-26 12:13:46,178 [WARN] PackLoader:240 - Cannot read IP mode file for STMicroelectronics.X-CUBE-NFC7.2.0.0
2026-04-26 12:13:46,186 [WARN] PackLoader:240 - Cannot read IP mode file for STMicroelectronics.X-CUBE-ALS.1.0.2
2026-04-26 12:13:46,212 [WARN] PackLoader:240 - Cannot read IP mode file for STMicroelectronics.X-CUBE-TOF1.3.4.3
2026-04-26 12:13:46,229 [INFO] ThirdParty:978 - Integrity check success = true
2026-04-26 12:13:46,229 [INFO] IntegrityCheckThread:100 - exiting critical section [integrity check]
2026-04-26 12:13:46,229 [INFO] IntegrityCheckThread:103 - End integrity checks thread
2026-04-26 12:13:47,543 [INFO] WebApp:463 - Apply proxy settings
2026-04-26 12:13:47,553 [INFO] WebApp:508 - Chromium authenticates against Manually configured proxy
2026-04-26 12:13:47,569 [INFO] WebApp:516 - Username used for proxy authentication: 
2026-04-26 12:13:47,611 [INFO] WebApp:900 - Register for checkConnection events
2026-04-26 12:13:47,612 [INFO] WebApp:463 - Apply proxy settings
2026-04-26 12:13:47,615 [INFO] WebApp:508 - Chromium authenticates against Manually configured proxy
2026-04-26 12:13:47,615 [INFO] WebApp:516 - Username used for proxy authentication: 
2026-04-26 12:13:47,765 [INFO] WebApp:225 - Starting web application
2026-04-26 12:13:47,765 [INFO] WebApp:593 - Web application path used /Applications/STM32CubeIDE.app/Contents/Eclipse/plugins/com.st.stm32cube.common.mx_6.15.0.202507011659/db/plugins/mcufinder/reactClient1/index.html
2026-04-26 12:13:48,345 [INFO] WebApp:191 - Connection restablished
2026-04-26 12:13:48,431 [INFO] UserAuth:487 - Internet connection configuration mode: 1
2026-04-26 12:14:54,972 [INFO] Activator:176 - 


2026-04-26 12:14:54,975 [INFO] Activator:177 - !SESSION log4j initialized
2026-04-26 12:14:59,418 [INFO] LogOutputStream:77 - [STDOUT_REDIRECT] 
2026-04-26 12:15:00,616 [ERROR] LogOutputStream:75 - [STDERR_REDIRECT] 
2026-04-26 12:15:03,486 [INFO] LogOutputStream:77 - [STDOUT_REDIRECT] 
2026-04-26 12:15:05,119 [INFO] ApplicationProperties:184 - Using Application install path: /Applications/STM32CubeIDE.app/Contents/Eclipse/plugins/com.st.stm32cube.common.mx_6.15.0.202507011659
2026-04-26 12:15:05,133 [INFO] DbMcusXml:78 - Set database path to: /Applications/STM32CubeIDE.app/Contents/Eclipse/plugins/com.st.stm32cube.common.mx_6.15.0.202507011659//db//mcu/
2026-04-26 12:15:05,133 [INFO] ApiDb:274 - Set plugin database path to: /Applications/STM32CubeIDE.app/Contents/Eclipse/plugins/com.st.stm32cube.common.mx_6.15.0.202507011659//db//plugins/boardmanager/
2026-04-26 12:15:05,134 [WARN] ApiDb:259 - Overriding images path with different value:  => /Applications/STM32CubeIDE.app/Contents/Eclipse/plugins/com.st.stm32cube.common.mx_6.15.0.202507011659//db//plugins/mcufinder/images/
2026-04-26 12:15:05,138 [INFO] ApiDb:250 - Set database path to: /Users/cristianpetramale/.stmcufinder/plugins/mcufinder//mcu/
2026-04-26 12:15:05,139 [INFO] DbMcusAds:125 - Set database path to: /Users/cristianpetramale/.stmcufinder/plugins/mcufinder//mcu/
2026-04-26 12:15:05,140 [INFO] CrossReferenceDbSqlite:203 - Set database path to: /Users/cristianpetramale/.stmcufinder/plugins/mcufinder//mcu/cs/
2026-04-26 12:15:05,308 [INFO] RulesReader:64 - Compatibility file has been processed (317 Rules)
2026-04-26 12:15:05,365 [INFO] DbMcusXml:78 - Set database path to: /Applications/STM32CubeIDE.app/Contents/Eclipse/plugins/com.st.stm32cube.common.mx_6.15.0.202507011659//db//mcu/
2026-04-26 12:15:05,365 [INFO] ApiDb:274 - Set plugin database path to: /Applications/STM32CubeIDE.app/Contents/Eclipse/plugins/com.st.stm32cube.common.mx_6.15.0.202507011659//db//plugins/boardmanager/
2026-04-26 12:15:05,366 [INFO] ApiDb:261 - Set plugin images path to: /Applications/STM32CubeIDE.app/Contents/Eclipse/plugins/com.st.stm32cube.common.mx_6.15.0.202507011659//db//plugins/mcufinder/images/
2026-04-26 12:15:05,366 [WARN] DbFile:41 - Overriding database path with different value: /Users/cristianpetramale/.stmcufinder/plugins/mcufinder/ => /Users/cristianpetramale/.stmcufinder/plugins/mcufinder
2026-04-26 12:15:05,366 [INFO] ApiDb:250 - Set database path to: /Users/cristianpetramale/.stmcufinder/plugins/mcufinder//mcu/
2026-04-26 12:15:05,366 [WARN] DbFile:41 - Overriding database path with different value: /Users/cristianpetramale/.stmcufinder/plugins/mcufinder/ => /Users/cristianpetramale/.stmcufinder/plugins/mcufinder
2026-04-26 12:15:05,366 [INFO] DbMcusAds:125 - Set database path to: /Users/cristianpetramale/.stmcufinder/plugins/mcufinder//mcu/
2026-04-26 12:15:05,367 [WARN] DbFile:41 - Overriding database path with different value: /Users/cristianpetramale/.stmcufinder/plugins/mcufinder/ => /Users/cristianpetramale/.stmcufinder/plugins/mcufinder
2026-04-26 12:15:05,367 [WARN] DbFile:41 - Overriding database path with different value: /Users/cristianpetramale/.stmcufinder/plugins/mcufinder/ => /Users/cristianpetramale/.stmcufinder/plugins/mcufinder
2026-04-26 12:15:05,367 [INFO] CrossReferenceDbSqlite:203 - Set database path to: /Users/cristianpetramale/.stmcufinder/plugins/mcufinder//mcu/cs/
2026-04-26 12:15:05,450 [INFO] MainPanel:274 - HeapMemory: 268435456
2026-04-26 12:15:05,734 [INFO] DbMcusXml:78 - Set database path to: /Applications/STM32CubeIDE.app/Contents/Eclipse/plugins/com.st.stm32cube.common.mx_6.15.0.202507011659//db//mcu/
2026-04-26 12:15:05,734 [INFO] ApiDb:274 - Set plugin database path to: /Applications/STM32CubeIDE.app/Contents/Eclipse/plugins/com.st.stm32cube.common.mx_6.15.0.202507011659//db//plugins/boardmanager/
2026-04-26 12:15:05,734 [INFO] ApiDb:261 - Set plugin images path to: /Applications/STM32CubeIDE.app/Contents/Eclipse/plugins/com.st.stm32cube.common.mx_6.15.0.202507011659//db//plugins/mcufinder/images/
2026-04-26 12:15:05,735 [WARN] DbFile:41 - Overriding database path with different value: /Users/cristianpetramale/.stmcufinder/plugins/mcufinder/ => /Users/cristianpetramale/.stmcufinder/plugins/mcufinder
2026-04-26 12:15:05,735 [INFO] ApiDb:250 - Set database path to: /Users/cristianpetramale/.stmcufinder/plugins/mcufinder//mcu/
2026-04-26 12:15:05,735 [WARN] DbFile:41 - Overriding database path with different value: /Users/cristianpetramale/.stmcufinder/plugins/mcufinder/ => /Users/cristianpetramale/.stmcufinder/plugins/mcufinder
2026-04-26 12:15:05,735 [INFO] DbMcusAds:125 - Set database path to: /Users/cristianpetramale/.stmcufinder/plugins/mcufinder//mcu/
2026-04-26 12:15:05,735 [WARN] DbFile:41 - Overriding database path with different value: /Users/cristianpetramale/.stmcufinder/plugins/mcufinder/ => /Users/cristianpetramale/.stmcufinder/plugins/mcufinder
2026-04-26 12:15:05,735 [WARN] DbFile:41 - Overriding database path with different value: /Users/cristianpetramale/.stmcufinder/plugins/mcufinder/ => /Users/cristianpetramale/.stmcufinder/plugins/mcufinder
2026-04-26 12:15:05,735 [INFO] CrossReferenceDbSqlite:203 - Set database path to: /Users/cristianpetramale/.stmcufinder/plugins/mcufinder//mcu/cs/
2026-04-26 12:15:05,764 [INFO] ApplicationProperties:184 - Using Application install path: /Applications/STM32CubeIDE.app/Contents/Eclipse/plugins/com.st.stm32cube.common.mx_6.15.0.202507011659
2026-04-26 12:15:05,765 [INFO] PluginManage:196 - Search for loadable plugins [exclusion list=, ]
2026-04-26 12:15:05,767 [INFO] PluginManage:310 - Check plugin analytics
2026-04-26 12:15:06,517 [INFO] AnalyticsPlugin:253 - Accepted Software Licenses: 
2026-04-26 12:15:06,524 [INFO] AnalyticsPlugin:255 - Accepted CMSIS Pack Licenses: 
2026-04-26 12:15:06,525 [INFO] AnalyticsPlugin:257 - Accepted Firmware Licenses: FW.L4.1.18.0
2026-04-26 12:15:06,623 [INFO] PluginManage:359 - Loaded plugin analytics (category:tool,tabindex:-1)
2026-04-26 12:15:06,630 [INFO] PluginManage:310 - Check plugin cadmodel
2026-04-26 12:15:06,698 [INFO] CADModel:105 - Init CAD model plugin
2026-04-26 12:15:06,698 [INFO] PluginManage:359 - Loaded plugin cadmodel (category:power,tabindex:5)
2026-04-26 12:15:06,701 [INFO] PluginManage:310 - Check plugin clock
2026-04-26 12:15:06,720 [INFO] PluginManage:359 - Loaded plugin clock (category:base,tabindex:2)
2026-04-26 12:15:06,721 [INFO] PluginManage:310 - Check plugin ddr
2026-04-26 12:15:06,726 [INFO] PluginManage:359 - Loaded plugin ddr (category:tool,tabindex:6)
2026-04-26 12:15:06,726 [INFO] PluginManage:310 - Check plugin filemanager
2026-04-26 12:15:07,009 [INFO] PluginManage:359 - Loaded plugin filemanager (category:base,tabindex:10)
2026-04-26 12:15:07,011 [INFO] PluginManage:310 - Check plugin ipmanager
2026-04-26 12:15:07,021 [INFO] PluginManage:359 - Loaded plugin ipmanager (category:base,tabindex:5)
2026-04-26 12:15:07,022 [INFO] PluginManage:310 - Check plugin lpbam
2026-04-26 12:15:07,033 [INFO] PluginManage:359 - Loaded plugin lpbam (category:base,tabindex:0)
2026-04-26 12:15:07,034 [INFO] PluginManage:310 - Check plugin memorymap
2026-04-26 12:15:07,042 [INFO] PluginManage:359 - Loaded plugin memorymap (category:base,tabindex:4)
2026-04-26 12:15:07,042 [INFO] PluginManage:310 - Check plugin pinoutandconfiguration
2026-04-26 12:15:07,048 [INFO] PluginManage:359 - Loaded plugin pinoutandconfiguration (category:base,tabindex:1)
2026-04-26 12:15:07,048 [INFO] PluginManage:310 - Check plugin pinoutconfig
2026-04-26 12:15:07,161 [WARN] SupportedApi:132 - Cannot load RTOS API schema: s4s-elt-must-match.1: The content of 'definitions' must match (annotation?, (simpleType | complexType)?, (unique | key | keyref)*)). A problem was found starting at: attribute.
2026-04-26 12:15:07,356 [INFO] PluginManage:359 - Loaded plugin pinoutconfig (category:base,tabindex:0)
2026-04-26 12:15:07,356 [INFO] PluginManage:310 - Check plugin power
2026-04-26 12:15:07,373 [INFO] PluginManage:359 - Loaded plugin power (category:power,tabindex:4)
2026-04-26 12:15:07,373 [INFO] PluginManage:310 - Check plugin projectmanager
2026-04-26 12:15:07,416 [INFO] PluginManage:359 - Loaded plugin projectmanager (category:projectmanager,tabindex:4)
2026-04-26 12:15:07,417 [INFO] PluginManage:310 - Check plugin rif
2026-04-26 12:15:07,423 [INFO] PluginManage:359 - Loaded plugin rif (category:base,tabindex:3)
2026-04-26 12:15:07,423 [INFO] PluginManage:310 - Check plugin thirdparty
2026-04-26 12:15:07,633 [INFO] PluginManage:359 - Loaded plugin thirdparty (category:base,tabindex:-1)
2026-04-26 12:15:07,633 [INFO] PluginManage:310 - Check plugin tools
2026-04-26 12:15:07,633 [WARN] IntegrityCheckThread:84 - waiting for thirdparty lock release [integrity check]
2026-04-26 12:15:07,635 [INFO] IntegrityCheckThread:86 - entering critical section [integrity check]
2026-04-26 12:15:07,637 [INFO] ThirdPartyUpdaterWithRetryManager:70 - Updater plugin not ready yet. [1/15]
2026-04-26 12:15:07,641 [INFO] PluginManage:359 - Loaded plugin tools (category:base,tabindex:7)
2026-04-26 12:15:07,641 [INFO] PluginManage:310 - Check plugin tutovideos
2026-04-26 12:15:07,831 [INFO] PluginManage:359 - Loaded plugin tutovideos (category:base,tabindex:-1)
2026-04-26 12:15:07,832 [INFO] PluginManage:310 - Check plugin updater
2026-04-26 12:15:07,875 [INFO] PluginManage:359 - Loaded plugin updater (category:base,tabindex:12)
2026-04-26 12:15:07,875 [INFO] PluginManage:310 - Check plugin userauth
2026-04-26 12:15:07,880 [INFO] UserAuth:118 - Init User Auth plugin
2026-04-26 12:15:07,883 [INFO] PluginManage:359 - Loaded plugin userauth (category:base,tabindex:14)
2026-04-26 12:15:07,886 [INFO] PluginManage:283 - PluginManage : Loaded plugins [18]
2026-04-26 12:15:08,803 [INFO] PinOutPanel:1589 - setPackage(No Configuration,No Configuration)
2026-04-26 12:15:08,907 [INFO] CADModel:165 - CPN selected for project level
2026-04-26 12:15:08,907 [INFO] CADModel:114 - Register for checkConnection events
2026-04-26 12:15:08,940 [INFO] IPUIPlugin:80 - create IPUIPlugin
2026-04-26 12:15:08,941 [INFO] PluginManager:220 - loadIPPluginJar : add mdma
2026-04-26 12:15:08,954 [INFO] IPUIPlugin:80 - create IPUIPlugin
2026-04-26 12:15:08,954 [INFO] PluginManager:220 - loadIPPluginJar : add freertos
2026-04-26 12:15:08,959 [INFO] IPUIPlugin:80 - create IPUIPlugin
2026-04-26 12:15:08,959 [INFO] PluginManager:220 - loadIPPluginJar : add gic
2026-04-26 12:15:08,965 [INFO] IPUIPlugin:80 - create IPUIPlugin
2026-04-26 12:15:08,966 [INFO] PluginManager:220 - loadIPPluginJar : add adc
2026-04-26 12:15:08,967 [INFO] IPUIPlugin:80 - create IPUIPlugin
2026-04-26 12:15:08,967 [INFO] PluginManager:220 - loadIPPluginJar : add gtzc
2026-04-26 12:15:08,968 [INFO] IPUIPlugin:80 - create IPUIPlugin
2026-04-26 12:15:08,968 [INFO] PluginManager:220 - loadIPPluginJar : add quadspi
2026-04-26 12:15:08,969 [INFO] IPUIPlugin:80 - create IPUIPlugin
2026-04-26 12:15:08,969 [INFO] PluginManager:220 - loadIPPluginJar : add aes
2026-04-26 12:15:08,970 [INFO] IPUIPlugin:80 - create IPUIPlugin
2026-04-26 12:15:08,970 [INFO] PluginManager:220 - loadIPPluginJar : add pdm2pcm
2026-04-26 12:15:08,971 [INFO] IPUIPlugin:80 - create IPUIPlugin
2026-04-26 12:15:08,971 [INFO] PluginManager:220 - loadIPPluginJar : add hash
2026-04-26 12:15:08,972 [INFO] IPUIPlugin:80 - create IPUIPlugin
2026-04-26 12:15:08,972 [INFO] PluginManager:220 - loadIPPluginJar : add tim
2026-04-26 12:15:08,973 [INFO] IPUIPlugin:80 - create IPUIPlugin
2026-04-26 12:15:08,973 [INFO] PluginManager:220 - loadIPPluginJar : add tsc
2026-04-26 12:15:08,973 [INFO] IPUIPlugin:80 - create IPUIPlugin
2026-04-26 12:15:08,974 [INFO] PluginManager:220 - loadIPPluginJar : add extmemmanager
2026-04-26 12:15:08,975 [INFO] IPUIPlugin:80 - create IPUIPlugin
2026-04-26 12:15:08,976 [INFO] PluginManager:220 - loadIPPluginJar : add ts
2026-04-26 12:15:08,976 [INFO] IPUIPlugin:80 - create IPUIPlugin
2026-04-26 12:15:08,977 [INFO] PluginManager:220 - loadIPPluginJar : add radio
2026-04-26 12:15:08,978 [INFO] IPUIPlugin:80 - create IPUIPlugin
2026-04-26 12:15:08,978 [INFO] PluginManager:220 - loadIPPluginJar : add can
2026-04-26 12:15:08,980 [INFO] IPUIPlugin:80 - create IPUIPlugin
2026-04-26 12:15:08,980 [INFO] PluginManager:220 - loadIPPluginJar : add dma3
2026-04-26 12:15:08,982 [INFO] IPUIPlugin:80 - create IPUIPlugin
2026-04-26 12:15:08,982 [INFO] PluginManager:220 - loadIPPluginJar : add dfsdm
2026-04-26 12:15:08,983 [INFO] IPUIPlugin:80 - create IPUIPlugin
2026-04-26 12:15:08,983 [INFO] PluginManager:220 - loadIPPluginJar : add spi
2026-04-26 12:15:08,985 [INFO] IPUIPlugin:80 - create IPUIPlugin
2026-04-26 12:15:08,986 [INFO] PluginManager:220 - loadIPPluginJar : add gfxmmu
2026-04-26 12:15:08,986 [INFO] IPUIPlugin:80 - create IPUIPlugin
2026-04-26 12:15:08,987 [INFO] PluginManager:220 - loadIPPluginJar : add genericplugin
2026-04-26 12:15:08,988 [INFO] IPUIPlugin:80 - create IPUIPlugin
2026-04-26 12:15:08,988 [INFO] PluginManager:220 - loadIPPluginJar : add cryp
2026-04-26 12:15:08,990 [INFO] IPUIPlugin:80 - create IPUIPlugin
2026-04-26 12:15:08,991 [INFO] PluginManager:220 - loadIPPluginJar : add gpio
2026-04-26 12:15:08,994 [INFO] IPUIPlugin:80 - create IPUIPlugin
2026-04-26 12:15:08,994 [INFO] PluginManager:220 - loadIPPluginJar : add ddr_ctrl_phy
2026-04-26 12:15:08,995 [INFO] IPUIPlugin:80 - create IPUIPlugin
2026-04-26 12:15:08,996 [INFO] PluginManager:220 - loadIPPluginJar : add comp
2026-04-26 12:15:08,998 [INFO] IPUIPlugin:80 - create IPUIPlugin
2026-04-26 12:15:08,999 [INFO] PluginManager:220 - loadIPPluginJar : add tracer_emb
2026-04-26 12:15:09,001 [INFO] IPUIPlugin:80 - create IPUIPlugin
2026-04-26 12:15:09,001 [INFO] PluginManager:220 - loadIPPluginJar : add openamp
2026-04-26 12:15:09,005 [INFO] IPUIPlugin:80 - create IPUIPlugin
2026-04-26 12:15:09,006 [INFO] PluginManager:220 - loadIPPluginJar : add stm32_wpan
2026-04-26 12:15:09,012 [INFO] IPUIPlugin:80 - create IPUIPlugin
2026-04-26 12:15:09,027 [INFO] PluginManager:220 - loadIPPluginJar : add plateformsettings
2026-04-26 12:15:09,030 [INFO] IPUIPlugin:80 - create IPUIPlugin
2026-04-26 12:15:09,030 [INFO] PluginManager:220 - loadIPPluginJar : add ipddr
2026-04-26 12:15:09,032 [INFO] IPUIPlugin:80 - create IPUIPlugin
2026-04-26 12:15:09,032 [INFO] PluginManager:220 - loadIPPluginJar : add usart
2026-04-26 12:15:09,033 [INFO] IPUIPlugin:80 - create IPUIPlugin
2026-04-26 12:15:09,033 [INFO] PluginManager:220 - loadIPPluginJar : add ltdc
2026-04-26 12:15:09,034 [INFO] IPUIPlugin:80 - create IPUIPlugin
2026-04-26 12:15:09,034 [INFO] PluginManager:220 - loadIPPluginJar : add nvic
2026-04-26 12:15:09,036 [INFO] IPUIPlugin:80 - create IPUIPlugin
2026-04-26 12:15:09,036 [INFO] PluginManager:220 - loadIPPluginJar : add fatfs
2026-04-26 12:15:09,040 [INFO] IPUIPlugin:80 - create IPUIPlugin
2026-04-26 12:15:09,040 [INFO] PluginManager:220 - loadIPPluginJar : add linkedlist
2026-04-26 12:15:09,043 [INFO] IPUIPlugin:80 - create IPUIPlugin
2026-04-26 12:15:09,044 [INFO] PluginManager:220 - loadIPPluginJar : add dma
2026-04-26 12:15:09,046 [INFO] IPUIPlugin:80 - create IPUIPlugin
2026-04-26 12:15:09,046 [INFO] PluginManager:220 - loadIPPluginJar : add fmc
2026-04-26 12:15:09,047 [INFO] IPUIPlugin:80 - create IPUIPlugin
2026-04-26 12:15:09,047 [INFO] PluginManager:220 - loadIPPluginJar : add i2s
2026-04-26 12:15:09,048 [INFO] IPUIPlugin:80 - create IPUIPlugin
2026-04-26 12:15:09,048 [INFO] PluginManager:220 - loadIPPluginJar : add ucpd
2026-04-26 12:15:09,049 [INFO] IPUIPlugin:80 - create IPUIPlugin
2026-04-26 12:15:09,049 [INFO] PluginManager:220 - loadIPPluginJar : add lorawan
2026-04-26 12:15:09,050 [INFO] IPUIPlugin:80 - create IPUIPlugin
2026-04-26 12:15:09,050 [INFO] PluginManager:220 - loadIPPluginJar : add opamp
2026-04-26 12:15:09,051 [INFO] IPUIPlugin:80 - create IPUIPlugin
2026-04-26 12:15:09,051 [INFO] PluginManager:220 - loadIPPluginJar : add i3c
2026-04-26 12:15:09,053 [INFO] IPUIPlugin:80 - create IPUIPlugin
2026-04-26 12:15:09,053 [INFO] PluginManager:220 - loadIPPluginJar : add touchsensing
2026-04-26 12:15:09,055 [INFO] IPUIPlugin:80 - create IPUIPlugin
2026-04-26 12:15:09,055 [INFO] PluginManager:220 - loadIPPluginJar : add i2c
2026-04-26 12:15:09,056 [INFO] IPUIPlugin:80 - create IPUIPlugin
2026-04-26 12:15:09,056 [INFO] PluginManager:220 - loadIPPluginJar : add resmgrutility
2026-04-26 12:15:09,059 [INFO] IPUIPlugin:80 - create IPUIPlugin
2026-04-26 12:15:09,059 [INFO] PluginManager:220 - loadIPPluginJar : add sai
2026-04-26 12:15:09,060 [INFO] IPUIPlugin:80 - create IPUIPlugin
2026-04-26 12:15:09,061 [INFO] PluginManager:220 - loadIPPluginJar : add usbx
2026-04-26 12:15:09,196 [FATAL] Updater:351 - Updater called before beeing initialized
2026-04-26 12:15:09,295 [INFO] RulesReader:64 - Compatibility file has been processed (317 Rules)
2026-04-26 12:15:09,307 [INFO] RulesReader:64 - Compatibility file has been processed (317 Rules)
2026-04-26 12:15:09,319 [INFO] CADModel:165 - CPN selected for project level
2026-04-26 12:15:09,319 [INFO] CADModel:114 - Register for checkConnection events
2026-04-26 12:15:09,319 [FATAL] Updater:351 - Updater called before beeing initialized
2026-04-26 12:15:09,319 [ERROR] CADModel:125 - Updater not yet initialized, retry later 
2026-04-26 12:15:09,548 [FATAL] Updater:351 - Updater called before beeing initialized
2026-04-26 12:15:09,549 [INFO] CADModel:165 - CPN selected for project level
2026-04-26 12:15:09,549 [INFO] CADModel:114 - Register for checkConnection events
2026-04-26 12:15:09,549 [FATAL] Updater:351 - Updater called before beeing initialized
2026-04-26 12:15:09,550 [ERROR] CADModel:125 - Updater not yet initialized, retry later 
2026-04-26 12:15:09,552 [FATAL] Updater:351 - Updater called before beeing initialized
2026-04-26 12:15:09,696 [FATAL] Updater:351 - Updater called before beeing initialized
2026-04-26 12:15:09,701 [INFO] DbMcusAds:53 - JSON generation date=Fri Apr 10 11:19:02 CEST 2026 (1775812742310)
2026-04-26 12:15:09,702 [FATAL] Updater:351 - Updater called before beeing initialized
2026-04-26 12:15:09,742 [WARN] DetailPanel:346 - Failed to get advertising image, set to default
2026-04-26 12:15:09,946 [FATAL] Updater:351 - Updater called before beeing initialized
2026-04-26 12:15:09,970 [FATAL] Updater:351 - Updater called before beeing initialized
2026-04-26 12:15:09,972 [FATAL] Updater:351 - Updater called before beeing initialized
2026-04-26 12:15:09,974 [WARN] DetailPanel:346 - Failed to get advertising image, set to default
2026-04-26 12:15:10,003 [FATAL] Updater:351 - Updater called before beeing initialized
2026-04-26 12:15:10,171 [ERROR] Updater:1198 - MainUpdater not yet initialized. External WinMGr cannot be set.
2026-04-26 12:15:10,184 [INFO] Updater:1134 - Updater Version found : 6.15.0
2026-04-26 12:15:10,199 [INFO] ApplicationProperties:184 - Using Application install path: /Applications/STM32CubeIDE.app/Contents/Eclipse/plugins/com.st.stm32cube.common.mx_6.15.0.202507011659
2026-04-26 12:15:10,553 [INFO] MainUpdater:2872 - connection check result : 10
2026-04-26 12:15:10,553 [INFO] MainUpdater:289 - Updater Check For Update Now.
2026-04-26 12:15:10,554 [INFO] MicroXplorer:498 - Change Database Version : DB.6.0.150
2026-04-26 12:15:10,562 [INFO] McuFinderGlobals:63 - Set McuFinder mode to 2 (CubeIDE integrated)
2026-04-26 12:15:10,563 [INFO] UserAuth:487 - Internet connection configuration mode: 1
2026-04-26 12:15:10,578 [INFO] JxBrowserEngine:152 - Initiate JxBrowser Engine with user profile folder
2026-04-26 12:15:10,643 [WARN] MainUpdater:1193 - Updater busy. Cannot search thirdparties
2026-04-26 12:15:10,643 [INFO] ThirdPartyUpdaterWithRetryManager:96 - Updater plugin is busy. [1/15]
2026-04-26 12:15:10,785 [INFO] CheckServerUpdateThread:120 - End of CheckServer Thread
2026-04-26 12:15:13,889 [WARN] PackLoader:240 - Cannot read IP mode file for STMicroelectronics.X-CUBE-AZRTOS-H7.3.5.0
2026-04-26 12:15:13,925 [WARN] PackLoader:240 - Cannot read IP mode file for STMicroelectronics.FP-ATR-ASTRA1.2.0.2
2026-04-26 12:15:13,936 [WARN] PackLoader:240 - Cannot read IP mode file for STMicroelectronics.X-CUBE-SMBUS.2.1.0
2026-04-26 12:15:13,959 [WARN] PackLoader:240 - Cannot read IP mode file for STMicroelectronics.X-CUBE-AZRTOS-F7.1.1.0
2026-04-26 12:15:13,986 [WARN] PackLoader:240 - Cannot read IP mode file for WES.I-CUBE-Cesium.1.4.0
2026-04-26 12:15:14,006 [WARN] PackLoader:240 - Cannot read IP mode file for STMicroelectronics.X-CUBE-DISPLAY.3.0.0
2026-04-26 12:15:14,033 [WARN] PackLoader:240 - Cannot read IP mode file for STMicroelectronics.X-CUBE-NFC10.1.0.0
2026-04-26 12:15:14,044 [WARN] PackLoader:240 - Cannot read IP mode file for STMicroelectronics.X-CUBE-ST60.1.1.0
2026-04-26 12:15:14,050 [WARN] PackLoader:240 - Cannot read IP mode file for emotas.I-CUBE-CANOPEN.1.3.0
2026-04-26 12:15:14,058 [WARN] PackLoader:240 - Cannot read IP mode file for STMicroelectronics.FP-SNS-SMARTAG2.1.2.0
2026-04-26 12:15:14,062 [WARN] PackLoader:240 - Cannot read IP mode file for STMicroelectronics.FP-SNS-FLIGHT1.5.1.0
2026-04-26 12:15:14,092 [INFO] LogOutputStream:77 - [STDOUT_REDIRECT] 1 : Invalid condition id : UX_CORESTACK_Condition cause : null
2026-04-26 12:15:14,093 [INFO] LogOutputStream:77 - [STDOUT_REDIRECT] 1 : Invalid condition id : UX_CORESTACK_Condition cause : null
2026-04-26 12:15:14,094 [INFO] LogOutputStream:77 - [STDOUT_REDIRECT] 1 : Invalid condition id : UX_CORESTACK_Condition cause : null
2026-04-26 12:15:14,094 [INFO] LogOutputStream:77 - [STDOUT_REDIRECT] 1 : Invalid condition id : UX_CORESTACK_Condition cause : null
2026-04-26 12:15:14,094 [INFO] LogOutputStream:77 - [STDOUT_REDIRECT] 1 : Invalid condition id : UX_CORESTACK_Condition cause : null
2026-04-26 12:15:14,103 [WARN] PackLoader:240 - Cannot read IP mode file for STMicroelectronics.X-CUBE-AZRTOS-WL.2.0.0
2026-04-26 12:15:14,146 [WARN] PackLoader:240 - Cannot read IP mode file for STMicroelectronics.X-CUBE-AZRTOS-H7RS.1.2.0
2026-04-26 12:15:14,196 [WARN] PackLoader:240 - Cannot read IP mode file for STMicroelectronics.X-CUBE-BLE2.3.3.0
2026-04-26 12:15:14,313 [WARN] PackLoader:240 - Cannot read IP mode file for Infineon.AIROC-Wi-Fi-Bluetooth-STM32.1.8.0
2026-04-26 12:15:14,346 [WARN] PackLoader:240 - Cannot read IP mode file for STMicroelectronics.X-CUBE-NFC9.1.0.0
2026-04-26 12:15:14,363 [WARN] PackLoader:240 - Cannot read IP mode file for STMicroelectronics.X-CUBE-BLE1.7.1.0
2026-04-26 12:15:14,376 [WARN] PackLoader:240 - Cannot read IP mode file for wolfSSL.I-CUBE-wolfMQTT.1.19.2
2026-04-26 12:15:14,388 [WARN] PackLoader:240 - Cannot read IP mode file for wolfSSL.I-CUBE-wolfSSL.5.8.4
2026-04-26 12:15:14,404 [WARN] PackLoader:240 - Cannot read IP mode file for Cesanta.I-CUBE-Mongoose.7.20.0
2026-04-26 12:15:14,422 [WARN] PackLoader:240 - Cannot read IP mode file for STMicroelectronics.FP-SNS-STAIOTCFT.1.1.0
2026-04-26 12:15:14,448 [WARN] PackLoader:240 - Cannot read IP mode file for STMicroelectronics.X-CUBE-AZRTOS-G0.1.1.0
2026-04-26 12:15:14,448 [INFO] WebApp:169 - Instantiating new browser for Auth
2026-04-26 12:15:14,461 [WARN] PackLoader:240 - Cannot read IP mode file for STMicroelectronics.X-CUBE-NFC4.3.0.0
2026-04-26 12:15:14,498 [WARN] PackLoader:240 - Cannot read IP mode file for EmbeddedOffice.I-CUBE-FS-RTOS.1.0.1
2026-04-26 12:15:14,508 [WARN] PackLoader:240 - Cannot read IP mode file for wolfSSL.I-CUBE-wolfTPM.3.8.0
2026-04-26 12:15:14,527 [WARN] PackLoader:240 - Cannot read IP mode file for STMicroelectronics.X-CUBE-TCPP.4.2.0
2026-04-26 12:15:14,540 [WARN] PackLoader:240 - Cannot read IP mode file for RealThread.X-CUBE-RT-Thread_Nano.4.1.1
2026-04-26 12:15:14,553 [WARN] PackLoader:240 - Cannot read IP mode file for STMicroelectronics.FP-ATR-SIGFOX1.3.2.0
2026-04-26 12:15:14,564 [WARN] PackLoader:240 - Cannot read IP mode file for ITTIA_DB.I-CUBE-ITTIADB.8.9.0
2026-04-26 12:15:14,626 [WARN] PackLoader:240 - Cannot read IP mode file for SEGGER.I-CUBE-embOS.1.3.1
2026-04-26 12:15:14,704 [WARN] PackLoader:240 - Cannot read IP mode file for STMicroelectronics.X-CUBE-ALGOBUILD.1.4.0
2026-04-26 12:15:14,720 [WARN] PackLoader:240 - Cannot read IP mode file for STMicroelectronics.X-CUBE-PM33A1.1.0.0
2026-04-26 12:15:14,745 [WARN] PackLoader:240 - Cannot read IP mode file for STMicroelectronics.X-CUBE-AZRTOS-F4.1.1.0
2026-04-26 12:15:14,758 [WARN] PackLoader:240 - Cannot read IP mode file for STMicroelectronics.X-CUBE-ISPU.2.1.0
2026-04-26 12:15:14,769 [WARN] PackLoader:240 - Cannot read IP mode file for STMicroelectronics.eDS-WB_DPC_TT-BIDIR.2.1.1
2026-04-26 12:15:14,795 [WARN] PackLoader:240 - Cannot read IP mode file for STMicroelectronics.X-CUBE-AZRTOS-L5.2.0.0
2026-04-26 12:15:14,813 [WARN] PackLoader:240 - Cannot read IP mode file for STMicroelectronics.eDS-WB_DPC_VIENNA.1.2.0
2026-04-26 12:15:14,822 [WARN] PackLoader:240 - Cannot read IP mode file for STMicroelectronics.eDS-WB_DPC_3PH2L-BIDIR.1.1.1
2026-04-26 12:15:14,828 [ERROR] Engine:466 - /Users/cristianpetramale/.stm32cubemx/thirdparties/pdsc/STMicroelectronics.X-CUBE-ST67W61.1.3.0.pdsc: PDSC version is not supported
2026-04-26 12:15:14,838 [WARN] PackLoader:240 - Cannot read IP mode file for STMicroelectronics.X-CUBE-TOUCHGFX.4.26.1
2026-04-26 12:15:14,848 [WARN] PackLoader:240 - Cannot read IP mode file for STMicroelectronics.FP-SNS-STAIOTCFT.1.0.0
2026-04-26 12:15:14,858 [WARN] PackLoader:240 - Cannot read IP mode file for STMicroelectronics.X-CUBE-DPower.1.3.0
2026-04-26 12:15:14,889 [WARN] ConditionMgr:438 - getConditionDescription Invalid condition id : LAN8742 Phy interface Condition cause : null
2026-04-26 12:15:14,891 [WARN] PackLoader:240 - Cannot read IP mode file for STMicroelectronics.X-CUBE-AZRTOS-L4.2.0.0
2026-04-26 12:15:14,893 [WARN] ConditionMgr:1044 - genDependencies : Invalid condition id : LAN8742 Phy interface Condition cause : null
2026-04-26 12:15:14,894 [WARN] ConditionMgr:1044 - genDependencies : Invalid condition id : LAN8742 Phy interface Condition cause : null
2026-04-26 12:15:14,895 [WARN] ConditionMgr:1044 - genDependencies : Invalid condition id : LAN8742 Phy interface Condition cause : null
2026-04-26 12:15:14,913 [WARN] PackLoader:240 - Cannot read IP mode file for STMicroelectronics.X-CUBE-SFXS2LP1.4.0.0
2026-04-26 12:15:14,920 [WARN] PackLoader:240 - Cannot read IP mode file for STMicroelectronics.X-CUBE-WB05N.2.1.0
2026-04-26 12:15:14,929 [WARN] PackLoader:240 - Cannot read IP mode file for STMicroelectronics.X-CUBE-ST67W61.1.2.0
2026-04-26 12:15:14,943 [WARN] ConditionMgr:438 - getConditionDescription Invalid condition id : UX DEVICE CLASS RTOS Condition cause : null
2026-04-26 12:15:15,046 [WARN] ConditionMgr:438 - getConditionDescription Invalid condition id : UX DEVICE CLASS RTOS Condition cause : null
2026-04-26 12:15:15,085 [WARN] PackLoader:240 - Cannot read IP mode file for STMicroelectronics.X-CUBE-AZRTOS-WB.2.0.0
2026-04-26 12:15:15,096 [WARN] ConditionMgr:1044 - genDependencies : Invalid condition id : UX DEVICE CLASS RTOS Condition cause : null
2026-04-26 12:15:15,097 [WARN] ConditionMgr:1044 - genDependencies : Invalid condition id : UX DEVICE CLASS RTOS Condition cause : null
2026-04-26 12:15:15,099 [WARN] ConditionMgr:1044 - genDependencies : Invalid condition id : UX DEVICE CLASS RTOS Condition cause : null
2026-04-26 12:15:15,099 [WARN] ConditionMgr:1044 - genDependencies : Invalid condition id : UX DEVICE CLASS RTOS Condition cause : null
2026-04-26 12:15:15,099 [WARN] ConditionMgr:1044 - genDependencies : Invalid condition id : UX DEVICE CLASS RTOS Condition cause : null
2026-04-26 12:15:15,284 [WARN] ConditionMgr:438 - getConditionDescription Invalid condition id : Cortex-A Device cause : null
2026-04-26 12:15:15,343 [WARN] ConditionMgr:1044 - genDependencies : Invalid condition id : Cortex-A Device cause : null
2026-04-26 12:15:15,344 [WARN] ConditionMgr:1044 - genDependencies : Invalid condition id : Cortex-A Device cause : null
2026-04-26 12:15:15,344 [WARN] ConditionMgr:1044 - genDependencies : Invalid condition id : Cortex-A Device cause : null
2026-04-26 12:15:15,373 [WARN] PackLoader:240 - Cannot read IP mode file for STMicroelectronics.X-CUBE-STSE01.2.0.0
2026-04-26 12:15:15,396 [WARN] PackLoader:240 - Cannot read IP mode file for STMicroelectronics.X-CUBE-SUBG2.5.0.0
2026-04-26 12:15:15,425 [WARN] PackLoader:240 - Cannot read IP mode file for STMicroelectronics.X-CUBE-AZRTOS-G4.2.0.0
2026-04-26 12:15:15,434 [WARN] PackLoader:240 - Cannot read IP mode file for wolfSSL.I-CUBE-wolfSSH.1.4.20
2026-04-26 12:15:15,439 [WARN] PackLoader:240 - Cannot read IP mode file for STMicroelectronics.X-CUBE-NFC7.2.0.0
2026-04-26 12:15:15,443 [WARN] PackLoader:240 - Cannot read IP mode file for STMicroelectronics.X-CUBE-ALS.1.0.2
2026-04-26 12:15:15,455 [WARN] PackLoader:240 - Cannot read IP mode file for STMicroelectronics.X-CUBE-TOF1.3.4.3
2026-04-26 12:15:15,472 [INFO] ThirdParty:978 - Integrity check success = true
2026-04-26 12:15:15,472 [INFO] IntegrityCheckThread:100 - exiting critical section [integrity check]
2026-04-26 12:15:15,472 [INFO] IntegrityCheckThread:103 - End integrity checks thread
2026-04-26 12:15:15,822 [INFO] WebApp:463 - Apply proxy settings
2026-04-26 12:15:15,830 [INFO] WebApp:508 - Chromium authenticates against Manually configured proxy
2026-04-26 12:15:15,847 [INFO] WebApp:516 - Username used for proxy authentication: 
2026-04-26 12:15:15,883 [INFO] WebApp:900 - Register for checkConnection events
2026-04-26 12:15:15,884 [INFO] WebApp:463 - Apply proxy settings
2026-04-26 12:15:15,887 [INFO] WebApp:508 - Chromium authenticates against Manually configured proxy
2026-04-26 12:15:15,887 [INFO] WebApp:516 - Username used for proxy authentication: 
2026-04-26 12:15:16,027 [INFO] WebApp:225 - Starting web application
2026-04-26 12:15:16,027 [INFO] WebApp:593 - Web application path used /Applications/STM32CubeIDE.app/Contents/Eclipse/plugins/com.st.stm32cube.common.mx_6.15.0.202507011659/db/plugins/mcufinder/reactClient1/index.html
2026-04-26 12:15:16,579 [INFO] WebApp:191 - Connection restablished
2026-04-26 12:15:16,653 [INFO] UserAuth:487 - Internet connection configuration mode: 1
2026-04-26 12:15:20,926 [INFO] McuFinderGlobals:63 - Set McuFinder mode to 2 (CubeIDE integrated)
2026-04-26 12:15:20,931 [INFO] MainUpdater:2872 - connection check result : 10
2026-04-26 12:15:20,932 [INFO] MainUpdater:2872 - connection check result : 10
2026-04-26 12:15:21,478 [INFO] MicroXplorer:468 - Change Database Path : 
2026-04-26 12:15:21,478 [INFO] MicroXplorer:498 - Change Database Version : DB.6.0.150
2026-04-26 12:15:21,483 [WARN] ThirdParty:871 - waiting for thirdparty lock release [close project]
2026-04-26 12:15:21,483 [INFO] ThirdParty:873 - entering critical section [close project]
2026-04-26 12:15:21,490 [INFO] ThirdParty:883 - exiting critical section [close project]
2026-04-26 12:15:21,497 [INFO] PinOutPanel:1589 - setPackage(No Configuration,No Configuration)
2026-04-26 12:15:21,501 [INFO] UtilMem:75 - Begin LoadConfig() Used Memory: 197405352 Bytes (272629760)
2026-04-26 12:15:21,502 [INFO] MicroXplorer:468 - Change Database Path : 
2026-04-26 12:15:21,502 [INFO] MicroXplorer:498 - Change Database Version : DB.6.0.150
2026-04-26 12:15:21,503 [INFO] OpenFileManager:355 - Change cursor
2026-04-26 12:15:21,575 [INFO] Mcu:2029 - Initializing MCU STM32L432K(B-C)Ux STM32L432KCUx STM32L432KCU3
2026-04-26 12:15:23,004 [INFO] Context:786 - Trying to add GPIOservice into a context  which must be forbidden
2026-04-26 12:15:23,886 [INFO] ImportTextPane:234 - (OptionalMessage_ERROR) Pin8 (VP_RIF_VS_RIF1) cannot be retrieved for this MCU
2026-04-26 12:15:24,066 [INFO] RtosManager:558 - Registered RTOS mode: class=CMSIS, group=RTOS, mode=CMSIS_V1, owner=FREERTOS
2026-04-26 12:15:24,067 [INFO] RtosManager:558 - Registered RTOS mode: class=CMSIS, group=RTOS2, mode=CMSIS_V2, owner=FREERTOS
2026-04-26 12:15:24,068 [INFO] RtosManager:558 - Registered RTOS mode: class=RTOS, group=Core, mode=CMSIS_V1, owner=FREERTOS
2026-04-26 12:15:24,068 [INFO] RtosManager:558 - Registered RTOS mode: class=RTOS, group=Core, mode=CMSIS_V2, owner=FREERTOS
2026-04-26 12:15:24,068 [WARN] ModelIntegratedComponent:184 - Missing modes for component STMicroelectronics:FreeRTOS:0.0.1:STMicroelectronics:RTOS:FreeRTOS:Core:::10.2.0:
2026-04-26 12:15:24,091 [WARN] ModelIntegratedComponent:63 - No mode defined for component null
2026-04-26 12:15:24,091 [WARN] ModelIntegratedComponent:63 - No mode defined for component null
2026-04-26 12:15:24,091 [WARN] ModelIntegratedComponent:63 - No mode defined for component null
2026-04-26 12:15:24,091 [WARN] ModelIntegratedComponent:63 - No mode defined for component null
2026-04-26 12:15:24,091 [WARN] ModelIntegratedComponent:63 - No mode defined for component null
2026-04-26 12:15:24,092 [WARN] ModelIntegratedComponent:63 - No mode defined for component null
2026-04-26 12:15:24,092 [WARN] ModelIntegratedComponent:63 - No mode defined for component null
2026-04-26 12:15:24,092 [WARN] ModelIntegratedComponent:63 - No mode defined for component null
2026-04-26 12:15:24,092 [WARN] ModelIntegratedComponent:63 - No mode defined for component null
2026-04-26 12:15:24,092 [WARN] ModelIntegratedComponent:63 - No mode defined for component null
2026-04-26 12:15:24,092 [WARN] ModelIntegratedComponent:63 - No mode defined for component null
2026-04-26 12:15:24,092 [WARN] ModelIntegratedComponent:63 - No mode defined for component null
2026-04-26 12:15:24,092 [WARN] ModelIntegratedComponent:63 - No mode defined for component null
2026-04-26 12:15:24,092 [WARN] ModelIntegratedComponent:63 - No mode defined for component null
2026-04-26 12:15:24,092 [WARN] ModelIntegratedComponent:63 - No mode defined for component null
2026-04-26 12:15:24,092 [WARN] ModelIntegratedComponent:63 - No mode defined for component null
2026-04-26 12:15:24,092 [WARN] ModelIntegratedComponent:63 - No mode defined for component null
2026-04-26 12:15:24,092 [WARN] ModelIntegratedComponent:63 - No mode defined for component null
2026-04-26 12:15:24,092 [WARN] ModelIntegratedComponent:63 - No mode defined for component null
2026-04-26 12:15:24,092 [WARN] ModelIntegratedComponent:63 - No mode defined for component null
2026-04-26 12:15:24,092 [WARN] ModelIntegratedComponent:63 - No mode defined for component null
2026-04-26 12:15:24,092 [WARN] ModelIntegratedComponent:63 - No mode defined for component null
2026-04-26 12:15:24,092 [WARN] ModelIntegratedComponent:63 - No mode defined for component null
2026-04-26 12:15:24,092 [WARN] ModelIntegratedComponent:63 - No mode defined for component null
2026-04-26 12:15:24,092 [WARN] ModelIntegratedComponent:63 - No mode defined for component null
2026-04-26 12:15:24,092 [WARN] ModelIntegratedComponent:63 - No mode defined for component null
2026-04-26 12:15:24,093 [WARN] ModelIntegratedComponent:63 - No mode defined for component null
2026-04-26 12:15:24,093 [WARN] ModelIntegratedComponent:63 - No mode defined for component null
2026-04-26 12:15:24,093 [WARN] ModelIntegratedComponent:63 - No mode defined for component null
2026-04-26 12:15:24,093 [WARN] ModelIntegratedComponent:63 - No mode defined for component null
2026-04-26 12:15:24,093 [WARN] ModelIntegratedComponent:63 - No mode defined for component null
2026-04-26 12:15:24,093 [WARN] ModelIntegratedComponent:63 - No mode defined for component null
2026-04-26 12:15:24,093 [WARN] ModelIntegratedComponent:63 - No mode defined for component null
2026-04-26 12:15:24,093 [WARN] ModelIntegratedComponent:63 - No mode defined for component null
2026-04-26 12:15:24,093 [WARN] ModelIntegratedComponent:63 - No mode defined for component null
2026-04-26 12:15:24,093 [WARN] ModelPack:524 - Component already loaded: STMicroelectronics:HAL Drivers:0.0.0:STMicroelectronics:Device:STMicro_Driver:XSPI:HAL::0.0.1:HAL_XSPI
2026-04-26 12:15:24,139 [INFO] ThirdPartyModel:298 - Start build external matchings
2026-04-26 12:15:24,212 [INFO] ThirdPartyModel:316 - End build external matchings
2026-04-26 12:15:24,233 [INFO] ImportTextPane:234 - (OptionalMessage_ERROR) IP (ADC1) : Parameter (CommonPathInternal) has invalid value (null|null|null|null)
2026-04-26 12:15:25,201 [INFO] ApiDb:581 - Connected to CubeFinder SQLite database (/Users/cristianpetramale/.stmcufinder/plugins/mcufinder/mcu/cube-finder-db.db)
2026-04-26 12:15:25,257 [INFO] ApiDb:668 - CubeFinder database Data Model version=2.1
2026-04-26 12:15:25,258 [INFO] ApiDb:669 - CubeFinder database Configuration version=3.0.42
2026-04-26 12:15:25,260 [INFO] ApiDb:670 - CubeFinder database generation date=2026-03-11 (1773229989)
2026-04-26 12:15:25,260 [INFO] ApiDb:671 - CubeFinder database FW Pack versions=[FP-ATR-ASTRA1_V2.0.0, FP-SNS-FLIGHT1_V5.1.0, FP-SNS-MOTENV1_V5.1.0, FP-SNS-MOTENVWB1_V1.5.0, FP-SNS-SMARTAG2_V1.2.0, FP-SNS-STBOX1_V2.1.0, STM32Cube_FW_C0_V1.4.0, STM32Cube_FW_F4_V1.28.3, STM32Cube_FW_F7_V1.17.4, STM32Cube_FW_G0_V1.6.3, STM32Cube_FW_G4_V1.6.2, STM32Cube_FW_H5_V1.6.0, STM32Cube_FW_H7RS_V1.3.0, STM32Cube_FW_H7_V1.13.0, STM32Cube_FW_L0_V1.12.2, STM32Cube_FW_L4_V1.18.2, STM32Cube_FW_L5_V1.6.0, STM32Cube_FW_N6_V1.3.0, STM32Cube_FW_U0_V1.3.0, STM32Cube_FW_U3_V1.3.0, STM32Cube_FW_U5_V1.8.0, STM32Cube_FW_WB0_V1.4.0, STM32Cube_FW_WBA_V1.9.0, STM32Cube_FW_WB_V1.24.0, STM32Cube_FW_WL3_V1.4.0, STM32Cube_FW_WL_V1.5.0, X-CUBE-ALGOBUILD_V1.4.0, X-CUBE-ALS_V1.0.2, X-CUBE-AZRTOS-F4_V1.1.0, X-CUBE-AZRTOS-F7_V1.1.0, X-CUBE-AZRTOS-G0_V1.1.0, X-CUBE-AZRTOS-G4_V2.0.0, X-CUBE-AZRTOS-H7RS_V1.1.0, X-CUBE-AZRTOS-H7_V3.4.0, X-CUBE-AZRTOS-L4_V2.0.0, X-CUBE-AZRTOS-L5_V2.0.0, X-CUBE-AZRTOS-WB_V2.0.0, X-CUBE-AZRTOS-WL_V2.0.0, X-CUBE-BLE1_V7.1.0, X-CUBE-BLE2_V3.3.0, X-CUBE-BLEMGR_V4.1.0, X-CUBE-EEPRMA1_V5.2.0, X-CUBE-FREERTOS_V1.5.0, X-CUBE-GNSS1_V6.0.0, X-CUBE-MEMS1_V12.0.0, X-CUBE-NFC4_V3.0.0, X-CUBE-NFC7_V2.0.0, X-CUBE-SFXS2LP1_V4.0.0, X-CUBE-ST67W61_V1.2.0, X-CUBE-SUBG2_V5.0.0, X-CUBE-TOF1_V3.4.3]
2026-04-26 12:15:25,336 [INFO] DbBoardsSqlite:226 - include board P-NUCLEO-WB55-NUCLEO as a kit item of type 'Nucleo-64'
2026-04-26 12:15:25,337 [INFO] DbBoardsSqlite:226 - include board P-NUCLEO-WB55-USBDONGLE as a kit item of type 'Nucleo USB Dongle'
2026-04-26 12:15:25,338 [INFO] DbBoardsSqlite:226 - include board STEVAL-IDP005V1 as a kit item of type 'Evaluation Board'
2026-04-26 12:15:25,338 [INFO] DbBoardsSqlite:226 - include board STEVAL-IDP005V2 as a kit item of type 'Evaluation Board'
2026-04-26 12:15:25,443 [INFO] ApiDb:240 - Found 880 in-development CPN: [B-G473E-ZEST1S, B-WB1M-WPAN1, B-WBA5M-WPAN, B-WL5M-SUBG1, NUCLEO-C031C6, NUCLEO-C051C8, NUCLEO-C071RB, NUCLEO-C092RC, NUCLEO-H503RB, NUCLEO-H533RE, NUCLEO-H563ZI, NUCLEO-H7S3L8, NUCLEO-N657X0-Q, NUCLEO-U031R8, NUCLEO-U083RC, NUCLEO-U385RG-Q, NUCLEO-U545RE-Q, NUCLEO-U5A5ZJ-Q, NUCLEO-WB05KZ, NUCLEO-WB07CC, NUCLEO-WB09KE, NUCLEO-WBA52CG, NUCLEO-WBA55CG, NUCLEO-WL33CC1, NUCLEO-WL33CC2, STEVAL-PROTEUS1, STEVAL-SMARTAG2, STEVAL-STWINBX1, STM320518-EVAL, STM32C0116-DK, STM32C011D6Y3TR, STM32C011D6Y6TR, STM32C011F4P3, STM32C011F4P6, STM32C011F4U3, STM32C011F4U6TR, STM32C011F6P3, STM32C011F6P6, STM32C011F6U3, STM32C011F6U6TR, STM32C011J4M3, STM32C011J4M6, STM32C011J6M3, STM32C011J6M6, STM32C0316-DK, STM32C031C4T3, STM32C031C4T6, STM32C031C4U3, STM32C031C4U6, STM32C031C6T3, STM32C031C6T6, STM32C031C6U3, STM32C031C6U6, STM32C031F4P3, STM32C031F4P6, STM32C031F6P3, STM32C031F6P6, STM32C031G4U3, STM32C031G4U6, STM32C031G6U3, STM32C031G6U6, STM32C031K4T3, STM32C031K4T6, STM32C031K4U3, STM32C031K4U6, STM32C031K6T3, STM32C031K6T6, STM32C031K6U3, STM32C031K6U6, STM32C051C6T6, STM32C051C6U6, STM32C051C8T6, STM32C051C8U6, STM32C051D8Y6TR, STM32C051F6P6, STM32C051F8P6, STM32C051G6U6, STM32C051G8U6, STM32C051K6T6, STM32C051K6U6, STM32C051K8T6, STM32C071C8T6, STM32C071C8T6N, STM32C071C8U6, STM32C071C8U6N, STM32C071CBT6, STM32C071CBT6N, STM32C071CBU6, STM32C071CBU6N, STM32C071F8P6, STM32C071F8P6N, STM32C071FBP6, STM32C071FBP6N, STM32C071FBY6TR, STM32C071G8U6, STM32C071G8U6N, STM32C071GBU6, STM32C071GBU6N, STM32C071K8T6, STM32C071K8T6N, STM32C071K8U6, STM32C071K8U6N, STM32C071KBT6, STM32C071KBT6N, STM32C071KBU6, STM32C071KBU6N, STM32C071R8T6, STM32C071R8T6N, STM32C071RBI6N, STM32C071RBT6, STM32C071RBT6N, STM32C091CBT6, STM32C091CBU6, STM32C091CCT6, STM32C091CCU6, STM32C091ECY6TR, STM32C091FBP6, STM32C091FCP6, STM32C091GBU6, STM32C091GCU6, STM32C091KBT6, STM32C091KBU6, STM32C091KCT6, STM32C091KCU6, STM32C091RBT6, STM32C091RCI6, STM32C091RCT6, STM32C092CBT6, STM32C092CBU6, STM32C092CCT6, STM32C092CCU6, STM32C092ECY6TR, STM32C092FBP6, STM32C092FCP6, STM32C092GBU6, STM32C092GCU6, STM32C092KBT6, STM32C092KBU6, STM32C092KCT6, STM32C092KCU6, STM32C092RBT6, STM32C092RCI6, STM32C092RCT6, STM32G071K8TXN, STM32G071K8UXN, STM32G081GBU6N, STM32G081KBT6N, STM32G081KBUXN, STM32G0B1CCT6N, STM32G0B1KCT6, STM32G0B1NEY6TR, STM32G0B1RCT6N, STM32G0C1CCT6, STM32G0C1CCT6N, STM32G0C1CCU6N, STM32G0C1CET6N, STM32G0C1CEU6N, STM32G0C1KCT6, STM32G0C1NEY6TR, STM32G0C1RCI6N, STM32G0C1RCT6N, STM32G0C1REI6N, STM32G0C1RET6N, STM32G0C1VCI6, STM32G0C1VEI6, STM32G411C6T3, STM32G411C6T6, STM32G411C6U3, STM32G411C6U6, STM32G411C8T3, STM32G411C8T6, STM32G411C8U3, STM32G411C8U6, STM32G411CBT3, STM32G411CBT6, STM32G411CBU3, STM32G411CBU6, STM32G411K6T3, STM32G411K6T6, STM32G411K6U3, STM32G411K6U6, STM32G411K8T3, STM32G411K8T6, STM32G411K8U3, STM32G411K8U6, STM32G411KBT3, STM32G411KBT6, STM32G411KBU3, STM32G411KBU6, STM32G411M6T3, STM32G411M6T6, STM32G411M8T3, STM32G411M8T6, STM32G411MBT3, STM32G411MBT6, STM32G411R6T3, STM32G411R6T6, STM32G411R8T3, STM32G411R8T6, STM32G411RBT3, STM32G411RBT6, STM32G414CBT3, STM32G414CBT6, STM32G414CBU3, STM32G414CBU6, STM32G414CCT3, STM32G414CCT6, STM32G414CCU3, STM32G414CCU6, STM32G414MBT3, STM32G414MBT6, STM32G414MCT3, STM32G414MCT6, STM32G414RBT3, STM32G414RBT6, STM32G414RCT3, STM32G414RCT6, STM32G414VBT3, STM32G414VBT6, STM32G414VCT3, STM32G414VCT6, STM32G431CBT3Z, STM32G431RBT3Z, STM32G471CCT6, STM32G471CCU6, STM32G471CET3, STM32G471CET6, STM32G471CEU3, STM32G471CEU6, STM32G471MCT6, STM32G471MET3, STM32G471MET6, STM32G471MEY6TR, STM32G471QCT6, STM32G471QET3, STM32G471RCT6, STM32G471RET3, STM32G471RET6, STM32G471VCH6, STM32G471VCI6, STM32G471VCT6, STM32G471VEH3, STM32G471VEH6, STM32G471VEI3, STM32G471VEI6, STM32G471VET3, STM32G471VET6, STM32G473QET3Z, STM32G473RET3Z, STM32G474CCT6, STM32G491RET3Z, STM32H503CBT6, STM32H503CBU6, STM32H503EBY6TR, STM32H503KBU6, STM32H503RBT6, STM32H523CCT6, STM32H523CCU6, STM32H523CET6, STM32H523CEU6, STM32H523HEY6TR, STM32H523RCT6, STM32H523RET6, STM32H523VCI6, STM32H523VCT6, STM32H523VEI6, STM32H523VET6, STM32H523ZCJ6, STM32H523ZCT6, STM32H523ZEJ6, STM32H523ZET6, STM32H533CET6, STM32H533CEU6, STM32H533HEY6TR, STM32H533RET6, STM32H533VEI6, STM32H533VET6, STM32H533ZEJ6, STM32H533ZET6, STM32H562AGI6, STM32H562AII6, STM32H562IGK6, STM32H562IGT6, STM32H562IIK6, STM32H562IIT6, STM32H562RGT6, STM32H562RGV6, STM32H562RIT6, STM32H562RIV6, STM32H562VGT6, STM32H562VIT6, STM32H562ZGT6, STM32H562ZIT6, STM32H563AGI6, STM32H563AII3Q, STM32H563AII6, STM32H563IGK6, STM32H563IGT6, STM32H563IIK3Q, STM32H563IIK6, STM32H563IIT3Q, STM32H563IIT6, STM32H563MIY3QTR, STM32H563RGT6, STM32H563RGV6, STM32H563RIT6, STM32H563RIV6, STM32H563VGT6, STM32H563VIT3Q, STM32H563VIT6, STM32H563ZGT6, STM32H563ZIT3Q, STM32H563ZIT6, STM32H573AII3Q, STM32H573AII6, STM32H573I-DK, STM32H573IIK3Q, STM32H573IIK6, STM32H573IIT3Q, STM32H573IIT6, STM32H573MIY3QTR, STM32H573RIT6, STM32H573RIV6, STM32H573VIT3Q, STM32H573VIT6, STM32H573ZIT3Q, STM32H573ZIT6, STM32H7R3A8I6, STM32H7R3I8K6, STM32H7R3I8T6, STM32H7R3L8H6, STM32H7R3L8H6H, STM32H7R3R8V6, STM32H7R3V8H6, STM32H7R3V8T6, STM32H7R3V8Y6TR, STM32H7R3Z8J6, STM32H7R3Z8T6, STM32H7R7A8I6, STM32H7R7I8K6, STM32H7R7I8T6, STM32H7R7L8H6, STM32H7R7L8H6H, STM32H7R7Z8J6, STM32H7S3A8I6, STM32H7S3I8K6, STM32H7S3I8T6, STM32H7S3L8H6, STM32H7S3L8H6H, STM32H7S3R8V6, STM32H7S3V8H6, STM32H7S3V8T6, STM32H7S3V8Y6TR, STM32H7S3Z8J6, STM32H7S3Z8T6, STM32H7S78-DK, STM32H7S7A8I6, STM32H7S7I8K6, STM32H7S7I8T6, STM32H7S7L8H6, STM32H7S7L8H6H, STM32H7S7Z8J6, STM32L4R5QGI6STR, STM32MP131AAE3, STM32MP131AAF3, STM32MP131AAG3, STM32MP131CAE3, STM32MP131CAF3, STM32MP131CAG3, STM32MP131DAE7, STM32MP131DAF7, STM32MP131DAG7, STM32MP131FAE7, STM32MP131FAF7, STM32MP131FAG7, STM32MP133AAE3, STM32MP133AAF3, STM32MP133AAG3, STM32MP133CAE3, STM32MP133CAF3, STM32MP133CAG3, STM32MP133DAE7, STM32MP133DAF7, STM32MP133DAG7, STM32MP133FAE7, STM32MP133FAF7, STM32MP133FAG7, STM32MP135AAE3, STM32MP135AAF3, STM32MP135AAG3, STM32MP135CAE3, STM32MP135CAF3, STM32MP135CAG3, STM32MP135DAE7, STM32MP135DAF7, STM32MP135DAG7, STM32MP135F-DK, STM32MP135FAE7, STM32MP135FAF7, STM32MP135FAF7T, STM32MP135FAF7U, STM32MP135FAG7, STM32MP211AAL3, STM32MP211AAM3, STM32MP211AAN3, STM32MP211AAO3, STM32MP211CAL3, STM32MP211CAM3, STM32MP211CAN3, STM32MP211CAO3, STM32MP211DAL3, STM32MP211DAM3, STM32MP211DAN3, STM32MP211DAO3, STM32MP211FAL3, STM32MP211FAM3, STM32MP211FAN3, STM32MP211FAO3, STM32MP213AAL3, STM32MP213AAM3, STM32MP213AAN3, STM32MP213AAO3, STM32MP213CAL3, STM32MP213CAM3, STM32MP213CAN3, STM32MP213CAO3, STM32MP213DAL3, STM32MP213DAM3, STM32MP213DAN3, STM32MP213DAO3, STM32MP213FAL3, STM32MP213FAM3, STM32MP213FAN3, STM32MP213FAO3, STM32MP215AAL3, STM32MP215AAM3, STM32MP215AAN3, STM32MP215AAO3, STM32MP215CAL3, STM32MP215CAM3, STM32MP215CAN3, STM32MP215CAO3, STM32MP215DAL3, STM32MP215DAM3, STM32MP215DAN3, STM32MP215DAO3, STM32MP215F-DK, STM32MP215FAL3, STM32MP215FAM3, STM32MP215FAN3, STM32MP215FAO3, STM32MP231AAJ3, STM32MP231AAK3, STM32MP231AAL3, STM32MP231CAJ3, STM32MP231CAK3, STM32MP231CAL3, STM32MP231DAJ3, STM32MP231DAK3, STM32MP231DAL3, STM32MP231FAJ3, STM32MP231FAK3, STM32MP231FAL3, STM32MP233AAJ3, STM32MP233AAK3, STM32MP233AAL3, STM32MP233CAJ3, STM32MP233CAK3, STM32MP233CAL3, STM32MP233DAJ3, STM32MP233DAK3, STM32MP233DAL3, STM32MP233FAJ3, STM32MP233FAK3, STM32MP233FAL3, STM32MP235AAJ3, STM32MP235AAK3, STM32MP235AAL3, STM32MP235CAJ3, STM32MP235CAK3, STM32MP235CAL3, STM32MP235DAJ3, STM32MP235DAK3, STM32MP235DAL3, STM32MP235FAJ3, STM32MP235FAK3, STM32MP235FAL3, STM32MP251AAI3, STM32MP251AAK3, STM32MP251AAL3, STM32MP251CAI3, STM32MP251CAK3, STM32MP251CAL3, STM32MP251DAI3, STM32MP251DAK3, STM32MP251DAL3, STM32MP251FAI3, STM32MP251FAK3, STM32MP251FAL3, STM32MP253AAI3, STM32MP253AAK3, STM32MP253AAL3, STM32MP253CAI3, STM32MP253CAK3, STM32MP253CAL3, STM32MP253DAI3, STM32MP253DAK3, STM32MP253DAL3, STM32MP253FAI3, STM32MP253FAK3, STM32MP253FAL3, STM32MP255AAI3, STM32MP255AAK3, STM32MP255AAL3, STM32MP255CAI3, STM32MP255CAK3, STM32MP255CAL3, STM32MP255DAI3, STM32MP255DAK3, STM32MP255DAL3, STM32MP255FAI3, STM32MP255FAK3, STM32MP255FAL3, STM32MP257AAI3, STM32MP257AAK3, STM32MP257AAL3, STM32MP257CAI3, STM32MP257CAK3, STM32MP257CAL3, STM32MP257DAI3, STM32MP257DAK3, STM32MP257DAL3, STM32MP257F-DK, STM32MP257F-EV1, STM32MP257FAI3, STM32MP257FAK3, STM32MP257FAL3, STM32N645A0H3Q, STM32N645B0H3Q, STM32N645I0H3Q, STM32N645L0H3Q, STM32N645X0H3Q, STM32N645Z0H3Q, STM32N647A0H3Q, STM32N647B0H3Q, STM32N647I0H3Q, STM32N647L0H3Q, STM32N647X0H3Q, STM32N647Z0H3Q, STM32N655A0H3Q, STM32N655B0H3Q, STM32N655I0H3Q, STM32N655L0H3Q, STM32N655X0H3Q, STM32N655Z0H3Q, STM32N6570-DK, STM32N657A0H3Q, STM32N657B0H3Q, STM32N657I0H3Q, STM32N657L0H3Q, STM32N657X0H3Q, STM32N657Z0H3Q, STM32U031C6T6, STM32U031C6U6, STM32U031C8T6, STM32U031C8U6, STM32U031F4P6, STM32U031F6P6, STM32U031F8P6, STM32U031G6Y6TR, STM32U031G8Y6TR, STM32U031K4U6, STM32U031K6U6, STM32U031K8U6, STM32U031R6I6, STM32U031R6T6, STM32U031R8I6, STM32U031R8T6, STM32U073C8T6, STM32U073C8U6, STM32U073CBT6, STM32U073CBU6, STM32U073CCT6, STM32U073CCU6, STM32U073H8Y6TR, STM32U073HBY6TR, STM32U073HCY6TR, STM32U073K8U6, STM32U073KBU6, STM32U073KCU6, STM32U073M8I6, STM32U073M8T6, STM32U073MBI6, STM32U073MBT6, STM32U073MCI6, STM32U073MCT6, STM32U073R8I6, STM32U073R8T6, STM32U073RBI6, STM32U073RBT6, STM32U073RCI6, STM32U073RCT6, STM32U083C-DK, STM32U083CCT6, STM32U083CCU6, STM32U083HCY6TR, STM32U083KCU6, STM32U083MCI6, STM32U083MCT6, STM32U083RCI6, STM32U083RCT6, STM32U375CET6, STM32U375CET6Q, STM32U375CEU6, STM32U375CEU6Q, STM32U375CEY6QTR, STM32U375CGT6, STM32U375CGT6Q, STM32U375CGU6, STM32U375CGU6Q, STM32U375CGY6QTR, STM32U375KEU6, STM32U375KGU6, STM32U375REI6, STM32U375REI6Q, STM32U375RET6, STM32U375RET6Q, STM32U375REY6GTR, STM32U375REY6QTR, STM32U375RGI6, STM32U375RGI6Q, STM32U375RGT6, STM32U375RGT6Q, STM32U375RGY6GTR, STM32U375RGY6QTR, STM32U375VEI6, STM32U375VEI6Q, STM32U375VET6, STM32U375VET6Q, STM32U375VGI6, STM32U375VGI6Q, STM32U375VGT6, STM32U375VGT6Q, STM32U385CGT6, STM32U385CGT6Q, STM32U385CGU6, STM32U385CGU6Q, STM32U385CGY6QTR, STM32U385KGU6, STM32U385RGI6, STM32U385RGI6Q, STM32U385RGT6, STM32U385RGT6Q, STM32U385RGY6GTR, STM32U385RGY6QTR, STM32U385VGI6, STM32U385VGI6Q, STM32U385VGT6, STM32U385VGT6Q, STM32U535CBT6, STM32U535CBT6Q, STM32U535CBU6, STM32U535CBU6Q, STM32U535CCT6, STM32U535CCT6Q, STM32U535CCU6, STM32U535CCU6Q, STM32U535CET6, STM32U535CET6Q, STM32U535CEU6, STM32U535CEU6Q, STM32U535JEY6QTR, STM32U535NCY6QTR, STM32U535NEY6QTR, STM32U535RBI6, STM32U535RBI6Q, STM32U535RBT6, STM32U535RBT6Q, STM32U535RCI6, STM32U535RCI6Q, STM32U535RCT6, STM32U535RCT6Q, STM32U535REI6, STM32U535REI6Q, STM32U535RET6, STM32U535RET6Q, STM32U535VCI6, STM32U535VCI6Q, STM32U535VCT6, STM32U535VCT6Q, STM32U535VEI6, STM32U535VEI6Q, STM32U535VET6, STM32U535VET6Q, STM32U545CET6, STM32U545CET6Q, STM32U545CEU6, STM32U545CEU6Q, STM32U545JEY6QTR, STM32U545NEY6QTR, STM32U545REI6, STM32U545REI6Q, STM32U545RET6, STM32U545RET6Q, STM32U545VEI6, STM32U545VEI6Q, STM32U545VET6, STM32U545VET6Q, STM32U595AIH6, STM32U595AIH6Q, STM32U595AJH6, STM32U595AJH6Q, STM32U595QII6, STM32U595QII6Q, STM32U595QJI6, STM32U595QJI6Q, STM32U595RIT6, STM32U595RIT6Q, STM32U595RJT6, STM32U595RJT6Q, STM32U595VIT6, STM32U595VIT6Q, STM32U595VJT6, STM32U595VJT6Q, STM32U595ZIT6, STM32U595ZIT6Q, STM32U595ZIY6QTR, STM32U595ZJT6, STM32U595ZJT6Q, STM32U595ZJY6QTR, STM32U599BJY6QTR, STM32U599NIH6Q, STM32U599NJH6Q, STM32U599VIT6Q, STM32U599VJT6, STM32U599VJT6Q, STM32U599ZIT6Q, STM32U599ZIY6QTR, STM32U599ZJT6Q, STM32U599ZJY6QTR, STM32U5A5AJH6, STM32U5A5AJH6Q, STM32U5A5QII3Q , STM32U5A5QJI6, STM32U5A5QJI6Q, STM32U5A5RJT6, STM32U5A5RJT6Q, STM32U5A5VJT6, STM32U5A5VJT6Q, STM32U5A5ZJT6, STM32U5A5ZJT6Q, STM32U5A5ZJY6QTR, STM32U5A9BJY6QTR, STM32U5A9J-DK, STM32U5A9NJH6Q, STM32U5A9VJT6Q, STM32U5A9ZJT6Q, STM32U5A9ZJY6QTR, STM32U5F7VIT6, STM32U5F7VIT6Q, STM32U5F7VJT6, STM32U5F7VJT6Q, STM32U5F9BJY6QTR, STM32U5F9NJH6Q, STM32U5F9VIT6Q, STM32U5F9VJT6Q, STM32U5F9ZIJ6QTR, STM32U5F9ZIT6Q, STM32U5F9ZJJ6QTR, STM32U5F9ZJT6Q, STM32U5G7VJT6, STM32U5G7VJT6Q, STM32U5G9BJY6QTR, STM32U5G9J-DK1, STM32U5G9J-DK2, STM32U5G9NJH6Q, STM32U5G9VJT6Q, STM32U5G9ZJJ6QTR, STM32U5G9ZJT6Q, STM32WB05KZV6TR, STM32WB05KZV7TR, STM32WB05TZF6TR, STM32WB05TZF7TR, STM32WB06CCF6TR, STM32WB06CCF7TR, STM32WB06CCV6TR, STM32WB06CCV7TR, STM32WB06KCV6TR, STM32WB06KCV7TR, STM32WB07CCF6TR, STM32WB07CCF7TR, STM32WB07CCV6TR, STM32WB07CCV7TR, STM32WB07KCV6TR, STM32WB07KCV7TR, STM32WB09KEV6TR, STM32WB09KEV7TR, STM32WB09TEF6TR, STM32WB09TEF7TR, STM32WB1MMCH6, STM32WBA50KGU6, STM32WBA50KGU6TR, STM32WBA52CEU6, STM32WBA52CEU6TR, STM32WBA52CEU7, STM32WBA52CEU7TR, STM32WBA52CGU6, STM32WBA52CGU6TR, STM32WBA52CGU6U, STM32WBA52CGU7, STM32WBA52CGU7TR, STM32WBA52KEU6, STM32WBA52KEU6TR, STM32WBA52KGU6, STM32WBA52KGU6TR, STM32WBA54CEU6, STM32WBA54CEU6TR, STM32WBA54CEU7, STM32WBA54CEU7TR, STM32WBA54CGU6, STM32WBA54CGU6TR, STM32WBA54CGU7, STM32WBA54CGU7TR, STM32WBA54KEU6, STM32WBA54KEU6TR, STM32WBA54KEU7, STM32WBA54KEU7TR, STM32WBA54KGU6, STM32WBA54KGU6TR, STM32WBA54KGU7, STM32WBA54KGU7TR, STM32WBA55CEU6, STM32WBA55CEU6TR, STM32WBA55CEU7, STM32WBA55CEU7TR, STM32WBA55CGU6, STM32WBA55CGU6TR, STM32WBA55CGU6U, STM32WBA55CGU7, STM32WBA55CGU7TR, STM32WBA55G-DK1, STM32WBA55HEF6, STM32WBA55HEF7, STM32WBA55HGF6, STM32WBA55HGF7, STM32WBA55UEI6, STM32WBA55UEI6TR, STM32WBA55UEI7, STM32WBA55UEI7TR, STM32WBA55UGI6, STM32WBA55UGI6TR, STM32WBA55UGI7, STM32WBA55UGI7TR, STM32WBA5MMGH6TR, STM32WBA62MGF6, STM32WBA62MIF6, STM32WBA65MGF7, STM32WBA65MIF6, STM32WBA65MIF7, STM32WL30K8V6, STM32WL30KBV6, STM32WL31C8V6, STM32WL31CBV6, STM32WL31K8V6, STM32WL31KBV6, STM32WL33C8V6, STM32WL33C8V6X, STM32WL33CBV6, STM32WL33CBV6X, STM32WL33CCV6, STM32WL33CCV6A, STM32WL33CCV6X, STM32WL33K8V7, STM32WL33K8V7X, STM32WL33KBV7 , STM32WL33KBV7X, STM32WL33KCV7, STM32WL33KCV7X, STM32WL5MOCH6, STM32WL5MOCH6TR]
2026-04-26 12:15:25,448 [INFO] ApiDb:668 - CubeFinder database Data Model version=2.1
2026-04-26 12:15:25,448 [INFO] ApiDb:669 - CubeFinder database Configuration version=3.0.42
2026-04-26 12:15:25,448 [INFO] ApiDb:670 - CubeFinder database generation date=2026-03-11 (1773229989)
2026-04-26 12:15:25,448 [INFO] ApiDb:671 - CubeFinder database FW Pack versions=[FP-ATR-ASTRA1_V2.0.0, FP-SNS-FLIGHT1_V5.1.0, FP-SNS-MOTENV1_V5.1.0, FP-SNS-MOTENVWB1_V1.5.0, FP-SNS-SMARTAG2_V1.2.0, FP-SNS-STBOX1_V2.1.0, STM32Cube_FW_C0_V1.4.0, STM32Cube_FW_F4_V1.28.3, STM32Cube_FW_F7_V1.17.4, STM32Cube_FW_G0_V1.6.3, STM32Cube_FW_G4_V1.6.2, STM32Cube_FW_H5_V1.6.0, STM32Cube_FW_H7RS_V1.3.0, STM32Cube_FW_H7_V1.13.0, STM32Cube_FW_L0_V1.12.2, STM32Cube_FW_L4_V1.18.2, STM32Cube_FW_L5_V1.6.0, STM32Cube_FW_N6_V1.3.0, STM32Cube_FW_U0_V1.3.0, STM32Cube_FW_U3_V1.3.0, STM32Cube_FW_U5_V1.8.0, STM32Cube_FW_WB0_V1.4.0, STM32Cube_FW_WBA_V1.9.0, STM32Cube_FW_WB_V1.24.0, STM32Cube_FW_WL3_V1.4.0, STM32Cube_FW_WL_V1.5.0, X-CUBE-ALGOBUILD_V1.4.0, X-CUBE-ALS_V1.0.2, X-CUBE-AZRTOS-F4_V1.1.0, X-CUBE-AZRTOS-F7_V1.1.0, X-CUBE-AZRTOS-G0_V1.1.0, X-CUBE-AZRTOS-G4_V2.0.0, X-CUBE-AZRTOS-H7RS_V1.1.0, X-CUBE-AZRTOS-H7_V3.4.0, X-CUBE-AZRTOS-L4_V2.0.0, X-CUBE-AZRTOS-L5_V2.0.0, X-CUBE-AZRTOS-WB_V2.0.0, X-CUBE-AZRTOS-WL_V2.0.0, X-CUBE-BLE1_V7.1.0, X-CUBE-BLE2_V3.3.0, X-CUBE-BLEMGR_V4.1.0, X-CUBE-EEPRMA1_V5.2.0, X-CUBE-FREERTOS_V1.5.0, X-CUBE-GNSS1_V6.0.0, X-CUBE-MEMS1_V12.0.0, X-CUBE-NFC4_V3.0.0, X-CUBE-NFC7_V2.0.0, X-CUBE-SFXS2LP1_V4.0.0, X-CUBE-ST67W61_V1.2.0, X-CUBE-SUBG2_V5.0.0, X-CUBE-TOF1_V3.4.3]
2026-04-26 12:15:26,870 [INFO] ApiDb:240 - Found 880 in-development CPN: [B-G473E-ZEST1S, B-WB1M-WPAN1, B-WBA5M-WPAN, B-WL5M-SUBG1, NUCLEO-C031C6, NUCLEO-C051C8, NUCLEO-C071RB, NUCLEO-C092RC, NUCLEO-H503RB, NUCLEO-H533RE, NUCLEO-H563ZI, NUCLEO-H7S3L8, NUCLEO-N657X0-Q, NUCLEO-U031R8, NUCLEO-U083RC, NUCLEO-U385RG-Q, NUCLEO-U545RE-Q, NUCLEO-U5A5ZJ-Q, NUCLEO-WB05KZ, NUCLEO-WB07CC, NUCLEO-WB09KE, NUCLEO-WBA52CG, NUCLEO-WBA55CG, NUCLEO-WL33CC1, NUCLEO-WL33CC2, STEVAL-PROTEUS1, STEVAL-SMARTAG2, STEVAL-STWINBX1, STM320518-EVAL, STM32C0116-DK, STM32C011D6Y3TR, STM32C011D6Y6TR, STM32C011F4P3, STM32C011F4P6, STM32C011F4U3, STM32C011F4U6TR, STM32C011F6P3, STM32C011F6P6, STM32C011F6U3, STM32C011F6U6TR, STM32C011J4M3, STM32C011J4M6, STM32C011J6M3, STM32C011J6M6, STM32C0316-DK, STM32C031C4T3, STM32C031C4T6, STM32C031C4U3, STM32C031C4U6, STM32C031C6T3, STM32C031C6T6, STM32C031C6U3, STM32C031C6U6, STM32C031F4P3, STM32C031F4P6, STM32C031F6P3, STM32C031F6P6, STM32C031G4U3, STM32C031G4U6, STM32C031G6U3, STM32C031G6U6, STM32C031K4T3, STM32C031K4T6, STM32C031K4U3, STM32C031K4U6, STM32C031K6T3, STM32C031K6T6, STM32C031K6U3, STM32C031K6U6, STM32C051C6T6, STM32C051C6U6, STM32C051C8T6, STM32C051C8U6, STM32C051D8Y6TR, STM32C051F6P6, STM32C051F8P6, STM32C051G6U6, STM32C051G8U6, STM32C051K6T6, STM32C051K6U6, STM32C051K8T6, STM32C071C8T6, STM32C071C8T6N, STM32C071C8U6, STM32C071C8U6N, STM32C071CBT6, STM32C071CBT6N, STM32C071CBU6, STM32C071CBU6N, STM32C071F8P6, STM32C071F8P6N, STM32C071FBP6, STM32C071FBP6N, STM32C071FBY6TR, STM32C071G8U6, STM32C071G8U6N, STM32C071GBU6, STM32C071GBU6N, STM32C071K8T6, STM32C071K8T6N, STM32C071K8U6, STM32C071K8U6N, STM32C071KBT6, STM32C071KBT6N, STM32C071KBU6, STM32C071KBU6N, STM32C071R8T6, STM32C071R8T6N, STM32C071RBI6N, STM32C071RBT6, STM32C071RBT6N, STM32C091CBT6, STM32C091CBU6, STM32C091CCT6, STM32C091CCU6, STM32C091ECY6TR, STM32C091FBP6, STM32C091FCP6, STM32C091GBU6, STM32C091GCU6, STM32C091KBT6, STM32C091KBU6, STM32C091KCT6, STM32C091KCU6, STM32C091RBT6, STM32C091RCI6, STM32C091RCT6, STM32C092CBT6, STM32C092CBU6, STM32C092CCT6, STM32C092CCU6, STM32C092ECY6TR, STM32C092FBP6, STM32C092FCP6, STM32C092GBU6, STM32C092GCU6, STM32C092KBT6, STM32C092KBU6, STM32C092KCT6, STM32C092KCU6, STM32C092RBT6, STM32C092RCI6, STM32C092RCT6, STM32G071K8TXN, STM32G071K8UXN, STM32G081GBU6N, STM32G081KBT6N, STM32G081KBUXN, STM32G0B1CCT6N, STM32G0B1KCT6, STM32G0B1NEY6TR, STM32G0B1RCT6N, STM32G0C1CCT6, STM32G0C1CCT6N, STM32G0C1CCU6N, STM32G0C1CET6N, STM32G0C1CEU6N, STM32G0C1KCT6, STM32G0C1NEY6TR, STM32G0C1RCI6N, STM32G0C1RCT6N, STM32G0C1REI6N, STM32G0C1RET6N, STM32G0C1VCI6, STM32G0C1VEI6, STM32G411C6T3, STM32G411C6T6, STM32G411C6U3, STM32G411C6U6, STM32G411C8T3, STM32G411C8T6, STM32G411C8U3, STM32G411C8U6, STM32G411CBT3, STM32G411CBT6, STM32G411CBU3, STM32G411CBU6, STM32G411K6T3, STM32G411K6T6, STM32G411K6U3, STM32G411K6U6, STM32G411K8T3, STM32G411K8T6, STM32G411K8U3, STM32G411K8U6, STM32G411KBT3, STM32G411KBT6, STM32G411KBU3, STM32G411KBU6, STM32G411M6T3, STM32G411M6T6, STM32G411M8T3, STM32G411M8T6, STM32G411MBT3, STM32G411MBT6, STM32G411R6T3, STM32G411R6T6, STM32G411R8T3, STM32G411R8T6, STM32G411RBT3, STM32G411RBT6, STM32G414CBT3, STM32G414CBT6, STM32G414CBU3, STM32G414CBU6, STM32G414CCT3, STM32G414CCT6, STM32G414CCU3, STM32G414CCU6, STM32G414MBT3, STM32G414MBT6, STM32G414MCT3, STM32G414MCT6, STM32G414RBT3, STM32G414RBT6, STM32G414RCT3, STM32G414RCT6, STM32G414VBT3, STM32G414VBT6, STM32G414VCT3, STM32G414VCT6, STM32G431CBT3Z, STM32G431RBT3Z, STM32G471CCT6, STM32G471CCU6, STM32G471CET3, STM32G471CET6, STM32G471CEU3, STM32G471CEU6, STM32G471MCT6, STM32G471MET3, STM32G471MET6, STM32G471MEY6TR, STM32G471QCT6, STM32G471QET3, STM32G471RCT6, STM32G471RET3, STM32G471RET6, STM32G471VCH6, STM32G471VCI6, STM32G471VCT6, STM32G471VEH3, STM32G471VEH6, STM32G471VEI3, STM32G471VEI6, STM32G471VET3, STM32G471VET6, STM32G473QET3Z, STM32G473RET3Z, STM32G474CCT6, STM32G491RET3Z, STM32H503CBT6, STM32H503CBU6, STM32H503EBY6TR, STM32H503KBU6, STM32H503RBT6, STM32H523CCT6, STM32H523CCU6, STM32H523CET6, STM32H523CEU6, STM32H523HEY6TR, STM32H523RCT6, STM32H523RET6, STM32H523VCI6, STM32H523VCT6, STM32H523VEI6, STM32H523VET6, STM32H523ZCJ6, STM32H523ZCT6, STM32H523ZEJ6, STM32H523ZET6, STM32H533CET6, STM32H533CEU6, STM32H533HEY6TR, STM32H533RET6, STM32H533VEI6, STM32H533VET6, STM32H533ZEJ6, STM32H533ZET6, STM32H562AGI6, STM32H562AII6, STM32H562IGK6, STM32H562IGT6, STM32H562IIK6, STM32H562IIT6, STM32H562RGT6, STM32H562RGV6, STM32H562RIT6, STM32H562RIV6, STM32H562VGT6, STM32H562VIT6, STM32H562ZGT6, STM32H562ZIT6, STM32H563AGI6, STM32H563AII3Q, STM32H563AII6, STM32H563IGK6, STM32H563IGT6, STM32H563IIK3Q, STM32H563IIK6, STM32H563IIT3Q, STM32H563IIT6, STM32H563MIY3QTR, STM32H563RGT6, STM32H563RGV6, STM32H563RIT6, STM32H563RIV6, STM32H563VGT6, STM32H563VIT3Q, STM32H563VIT6, STM32H563ZGT6, STM32H563ZIT3Q, STM32H563ZIT6, STM32H573AII3Q, STM32H573AII6, STM32H573I-DK, STM32H573IIK3Q, STM32H573IIK6, STM32H573IIT3Q, STM32H573IIT6, STM32H573MIY3QTR, STM32H573RIT6, STM32H573RIV6, STM32H573VIT3Q, STM32H573VIT6, STM32H573ZIT3Q, STM32H573ZIT6, STM32H7R3A8I6, STM32H7R3I8K6, STM32H7R3I8T6, STM32H7R3L8H6, STM32H7R3L8H6H, STM32H7R3R8V6, STM32H7R3V8H6, STM32H7R3V8T6, STM32H7R3V8Y6TR, STM32H7R3Z8J6, STM32H7R3Z8T6, STM32H7R7A8I6, STM32H7R7I8K6, STM32H7R7I8T6, STM32H7R7L8H6, STM32H7R7L8H6H, STM32H7R7Z8J6, STM32H7S3A8I6, STM32H7S3I8K6, STM32H7S3I8T6, STM32H7S3L8H6, STM32H7S3L8H6H, STM32H7S3R8V6, STM32H7S3V8H6, STM32H7S3V8T6, STM32H7S3V8Y6TR, STM32H7S3Z8J6, STM32H7S3Z8T6, STM32H7S78-DK, STM32H7S7A8I6, STM32H7S7I8K6, STM32H7S7I8T6, STM32H7S7L8H6, STM32H7S7L8H6H, STM32H7S7Z8J6, STM32L4R5QGI6STR, STM32MP131AAE3, STM32MP131AAF3, STM32MP131AAG3, STM32MP131CAE3, STM32MP131CAF3, STM32MP131CAG3, STM32MP131DAE7, STM32MP131DAF7, STM32MP131DAG7, STM32MP131FAE7, STM32MP131FAF7, STM32MP131FAG7, STM32MP133AAE3, STM32MP133AAF3, STM32MP133AAG3, STM32MP133CAE3, STM32MP133CAF3, STM32MP133CAG3, STM32MP133DAE7, STM32MP133DAF7, STM32MP133DAG7, STM32MP133FAE7, STM32MP133FAF7, STM32MP133FAG7, STM32MP135AAE3, STM32MP135AAF3, STM32MP135AAG3, STM32MP135CAE3, STM32MP135CAF3, STM32MP135CAG3, STM32MP135DAE7, STM32MP135DAF7, STM32MP135DAG7, STM32MP135F-DK, STM32MP135FAE7, STM32MP135FAF7, STM32MP135FAF7T, STM32MP135FAF7U, STM32MP135FAG7, STM32MP211AAL3, STM32MP211AAM3, STM32MP211AAN3, STM32MP211AAO3, STM32MP211CAL3, STM32MP211CAM3, STM32MP211CAN3, STM32MP211CAO3, STM32MP211DAL3, STM32MP211DAM3, STM32MP211DAN3, STM32MP211DAO3, STM32MP211FAL3, STM32MP211FAM3, STM32MP211FAN3, STM32MP211FAO3, STM32MP213AAL3, STM32MP213AAM3, STM32MP213AAN3, STM32MP213AAO3, STM32MP213CAL3, STM32MP213CAM3, STM32MP213CAN3, STM32MP213CAO3, STM32MP213DAL3, STM32MP213DAM3, STM32MP213DAN3, STM32MP213DAO3, STM32MP213FAL3, STM32MP213FAM3, STM32MP213FAN3, STM32MP213FAO3, STM32MP215AAL3, STM32MP215AAM3, STM32MP215AAN3, STM32MP215AAO3, STM32MP215CAL3, STM32MP215CAM3, STM32MP215CAN3, STM32MP215CAO3, STM32MP215DAL3, STM32MP215DAM3, STM32MP215DAN3, STM32MP215DAO3, STM32MP215F-DK, STM32MP215FAL3, STM32MP215FAM3, STM32MP215FAN3, STM32MP215FAO3, STM32MP231AAJ3, STM32MP231AAK3, STM32MP231AAL3, STM32MP231CAJ3, STM32MP231CAK3, STM32MP231CAL3, STM32MP231DAJ3, STM32MP231DAK3, STM32MP231DAL3, STM32MP231FAJ3, STM32MP231FAK3, STM32MP231FAL3, STM32MP233AAJ3, STM32MP233AAK3, STM32MP233AAL3, STM32MP233CAJ3, STM32MP233CAK3, STM32MP233CAL3, STM32MP233DAJ3, STM32MP233DAK3, STM32MP233DAL3, STM32MP233FAJ3, STM32MP233FAK3, STM32MP233FAL3, STM32MP235AAJ3, STM32MP235AAK3, STM32MP235AAL3, STM32MP235CAJ3, STM32MP235CAK3, STM32MP235CAL3, STM32MP235DAJ3, STM32MP235DAK3, STM32MP235DAL3, STM32MP235FAJ3, STM32MP235FAK3, STM32MP235FAL3, STM32MP251AAI3, STM32MP251AAK3, STM32MP251AAL3, STM32MP251CAI3, STM32MP251CAK3, STM32MP251CAL3, STM32MP251DAI3, STM32MP251DAK3, STM32MP251DAL3, STM32MP251FAI3, STM32MP251FAK3, STM32MP251FAL3, STM32MP253AAI3, STM32MP253AAK3, STM32MP253AAL3, STM32MP253CAI3, STM32MP253CAK3, STM32MP253CAL3, STM32MP253DAI3, STM32MP253DAK3, STM32MP253DAL3, STM32MP253FAI3, STM32MP253FAK3, STM32MP253FAL3, STM32MP255AAI3, STM32MP255AAK3, STM32MP255AAL3, STM32MP255CAI3, STM32MP255CAK3, STM32MP255CAL3, STM32MP255DAI3, STM32MP255DAK3, STM32MP255DAL3, STM32MP255FAI3, STM32MP255FAK3, STM32MP255FAL3, STM32MP257AAI3, STM32MP257AAK3, STM32MP257AAL3, STM32MP257CAI3, STM32MP257CAK3, STM32MP257CAL3, STM32MP257DAI3, STM32MP257DAK3, STM32MP257DAL3, STM32MP257F-DK, STM32MP257F-EV1, STM32MP257FAI3, STM32MP257FAK3, STM32MP257FAL3, STM32N645A0H3Q, STM32N645B0H3Q, STM32N645I0H3Q, STM32N645L0H3Q, STM32N645X0H3Q, STM32N645Z0H3Q, STM32N647A0H3Q, STM32N647B0H3Q, STM32N647I0H3Q, STM32N647L0H3Q, STM32N647X0H3Q, STM32N647Z0H3Q, STM32N655A0H3Q, STM32N655B0H3Q, STM32N655I0H3Q, STM32N655L0H3Q, STM32N655X0H3Q, STM32N655Z0H3Q, STM32N6570-DK, STM32N657A0H3Q, STM32N657B0H3Q, STM32N657I0H3Q, STM32N657L0H3Q, STM32N657X0H3Q, STM32N657Z0H3Q, STM32U031C6T6, STM32U031C6U6, STM32U031C8T6, STM32U031C8U6, STM32U031F4P6, STM32U031F6P6, STM32U031F8P6, STM32U031G6Y6TR, STM32U031G8Y6TR, STM32U031K4U6, STM32U031K6U6, STM32U031K8U6, STM32U031R6I6, STM32U031R6T6, STM32U031R8I6, STM32U031R8T6, STM32U073C8T6, STM32U073C8U6, STM32U073CBT6, STM32U073CBU6, STM32U073CCT6, STM32U073CCU6, STM32U073H8Y6TR, STM32U073HBY6TR, STM32U073HCY6TR, STM32U073K8U6, STM32U073KBU6, STM32U073KCU6, STM32U073M8I6, STM32U073M8T6, STM32U073MBI6, STM32U073MBT6, STM32U073MCI6, STM32U073MCT6, STM32U073R8I6, STM32U073R8T6, STM32U073RBI6, STM32U073RBT6, STM32U073RCI6, STM32U073RCT6, STM32U083C-DK, STM32U083CCT6, STM32U083CCU6, STM32U083HCY6TR, STM32U083KCU6, STM32U083MCI6, STM32U083MCT6, STM32U083RCI6, STM32U083RCT6, STM32U375CET6, STM32U375CET6Q, STM32U375CEU6, STM32U375CEU6Q, STM32U375CEY6QTR, STM32U375CGT6, STM32U375CGT6Q, STM32U375CGU6, STM32U375CGU6Q, STM32U375CGY6QTR, STM32U375KEU6, STM32U375KGU6, STM32U375REI6, STM32U375REI6Q, STM32U375RET6, STM32U375RET6Q, STM32U375REY6GTR, STM32U375REY6QTR, STM32U375RGI6, STM32U375RGI6Q, STM32U375RGT6, STM32U375RGT6Q, STM32U375RGY6GTR, STM32U375RGY6QTR, STM32U375VEI6, STM32U375VEI6Q, STM32U375VET6, STM32U375VET6Q, STM32U375VGI6, STM32U375VGI6Q, STM32U375VGT6, STM32U375VGT6Q, STM32U385CGT6, STM32U385CGT6Q, STM32U385CGU6, STM32U385CGU6Q, STM32U385CGY6QTR, STM32U385KGU6, STM32U385RGI6, STM32U385RGI6Q, STM32U385RGT6, STM32U385RGT6Q, STM32U385RGY6GTR, STM32U385RGY6QTR, STM32U385VGI6, STM32U385VGI6Q, STM32U385VGT6, STM32U385VGT6Q, STM32U535CBT6, STM32U535CBT6Q, STM32U535CBU6, STM32U535CBU6Q, STM32U535CCT6, STM32U535CCT6Q, STM32U535CCU6, STM32U535CCU6Q, STM32U535CET6, STM32U535CET6Q, STM32U535CEU6, STM32U535CEU6Q, STM32U535JEY6QTR, STM32U535NCY6QTR, STM32U535NEY6QTR, STM32U535RBI6, STM32U535RBI6Q, STM32U535RBT6, STM32U535RBT6Q, STM32U535RCI6, STM32U535RCI6Q, STM32U535RCT6, STM32U535RCT6Q, STM32U535REI6, STM32U535REI6Q, STM32U535RET6, STM32U535RET6Q, STM32U535VCI6, STM32U535VCI6Q, STM32U535VCT6, STM32U535VCT6Q, STM32U535VEI6, STM32U535VEI6Q, STM32U535VET6, STM32U535VET6Q, STM32U545CET6, STM32U545CET6Q, STM32U545CEU6, STM32U545CEU6Q, STM32U545JEY6QTR, STM32U545NEY6QTR, STM32U545REI6, STM32U545REI6Q, STM32U545RET6, STM32U545RET6Q, STM32U545VEI6, STM32U545VEI6Q, STM32U545VET6, STM32U545VET6Q, STM32U595AIH6, STM32U595AIH6Q, STM32U595AJH6, STM32U595AJH6Q, STM32U595QII6, STM32U595QII6Q, STM32U595QJI6, STM32U595QJI6Q, STM32U595RIT6, STM32U595RIT6Q, STM32U595RJT6, STM32U595RJT6Q, STM32U595VIT6, STM32U595VIT6Q, STM32U595VJT6, STM32U595VJT6Q, STM32U595ZIT6, STM32U595ZIT6Q, STM32U595ZIY6QTR, STM32U595ZJT6, STM32U595ZJT6Q, STM32U595ZJY6QTR, STM32U599BJY6QTR, STM32U599NIH6Q, STM32U599NJH6Q, STM32U599VIT6Q, STM32U599VJT6, STM32U599VJT6Q, STM32U599ZIT6Q, STM32U599ZIY6QTR, STM32U599ZJT6Q, STM32U599ZJY6QTR, STM32U5A5AJH6, STM32U5A5AJH6Q, STM32U5A5QII3Q , STM32U5A5QJI6, STM32U5A5QJI6Q, STM32U5A5RJT6, STM32U5A5RJT6Q, STM32U5A5VJT6, STM32U5A5VJT6Q, STM32U5A5ZJT6, STM32U5A5ZJT6Q, STM32U5A5ZJY6QTR, STM32U5A9BJY6QTR, STM32U5A9J-DK, STM32U5A9NJH6Q, STM32U5A9VJT6Q, STM32U5A9ZJT6Q, STM32U5A9ZJY6QTR, STM32U5F7VIT6, STM32U5F7VIT6Q, STM32U5F7VJT6, STM32U5F7VJT6Q, STM32U5F9BJY6QTR, STM32U5F9NJH6Q, STM32U5F9VIT6Q, STM32U5F9VJT6Q, STM32U5F9ZIJ6QTR, STM32U5F9ZIT6Q, STM32U5F9ZJJ6QTR, STM32U5F9ZJT6Q, STM32U5G7VJT6, STM32U5G7VJT6Q, STM32U5G9BJY6QTR, STM32U5G9J-DK1, STM32U5G9J-DK2, STM32U5G9NJH6Q, STM32U5G9VJT6Q, STM32U5G9ZJJ6QTR, STM32U5G9ZJT6Q, STM32WB05KZV6TR, STM32WB05KZV7TR, STM32WB05TZF6TR, STM32WB05TZF7TR, STM32WB06CCF6TR, STM32WB06CCF7TR, STM32WB06CCV6TR, STM32WB06CCV7TR, STM32WB06KCV6TR, STM32WB06KCV7TR, STM32WB07CCF6TR, STM32WB07CCF7TR, STM32WB07CCV6TR, STM32WB07CCV7TR, STM32WB07KCV6TR, STM32WB07KCV7TR, STM32WB09KEV6TR, STM32WB09KEV7TR, STM32WB09TEF6TR, STM32WB09TEF7TR, STM32WB1MMCH6, STM32WBA50KGU6, STM32WBA50KGU6TR, STM32WBA52CEU6, STM32WBA52CEU6TR, STM32WBA52CEU7, STM32WBA52CEU7TR, STM32WBA52CGU6, STM32WBA52CGU6TR, STM32WBA52CGU6U, STM32WBA52CGU7, STM32WBA52CGU7TR, STM32WBA52KEU6, STM32WBA52KEU6TR, STM32WBA52KGU6, STM32WBA52KGU6TR, STM32WBA54CEU6, STM32WBA54CEU6TR, STM32WBA54CEU7, STM32WBA54CEU7TR, STM32WBA54CGU6, STM32WBA54CGU6TR, STM32WBA54CGU7, STM32WBA54CGU7TR, STM32WBA54KEU6, STM32WBA54KEU6TR, STM32WBA54KEU7, STM32WBA54KEU7TR, STM32WBA54KGU6, STM32WBA54KGU6TR, STM32WBA54KGU7, STM32WBA54KGU7TR, STM32WBA55CEU6, STM32WBA55CEU6TR, STM32WBA55CEU7, STM32WBA55CEU7TR, STM32WBA55CGU6, STM32WBA55CGU6TR, STM32WBA55CGU6U, STM32WBA55CGU7, STM32WBA55CGU7TR, STM32WBA55G-DK1, STM32WBA55HEF6, STM32WBA55HEF7, STM32WBA55HGF6, STM32WBA55HGF7, STM32WBA55UEI6, STM32WBA55UEI6TR, STM32WBA55UEI7, STM32WBA55UEI7TR, STM32WBA55UGI6, STM32WBA55UGI6TR, STM32WBA55UGI7, STM32WBA55UGI7TR, STM32WBA5MMGH6TR, STM32WBA62MGF6, STM32WBA62MIF6, STM32WBA65MGF7, STM32WBA65MIF6, STM32WBA65MIF7, STM32WL30K8V6, STM32WL30KBV6, STM32WL31C8V6, STM32WL31CBV6, STM32WL31K8V6, STM32WL31KBV6, STM32WL33C8V6, STM32WL33C8V6X, STM32WL33CBV6, STM32WL33CBV6X, STM32WL33CCV6, STM32WL33CCV6A, STM32WL33CCV6X, STM32WL33K8V7, STM32WL33K8V7X, STM32WL33KBV7 , STM32WL33KBV7X, STM32WL33KCV7, STM32WL33KCV7X, STM32WL5MOCH6, STM32WL5MOCH6TR]
2026-04-26 12:15:26,877 [INFO] DbMcus:218 - Found 5055 MCUs, 4968 are supported
2026-04-26 12:15:26,879 [INFO] ApiDb:423 - Load user favorites file /Users/cristianpetramale/.stm32cubeide/favorites.mcus.txt: 0 item(s)
2026-04-26 12:15:26,880 [INFO] ApiDb:427 - User favorites MCUs=[]
2026-04-26 12:15:26,880 [INFO] DbMcus:224 - Set 0 / 0 favorites MCUs
2026-04-26 12:15:27,293 [INFO] BoardInfo:889 - No configuration file found for board NUCLEO-H5E5ZJ
2026-04-26 12:15:27,293 [INFO] DbBoards:161 - Board is not supported: NUCLEO-H5E5ZJ
2026-04-26 12:15:27,323 [INFO] BoardInfo:889 - No configuration file found for board NUCLEO-U3C5ZI-Q
2026-04-26 12:15:27,323 [INFO] DbBoards:161 - Board is not supported: NUCLEO-U3C5ZI-Q
2026-04-26 12:15:27,331 [INFO] BoardInfo:889 - No configuration file found for board NUCLEO-WBA25CE1
2026-04-26 12:15:27,331 [INFO] DbBoards:161 - Board is not supported: NUCLEO-WBA25CE1
2026-04-26 12:15:27,354 [INFO] BoardInfo:889 - No configuration file found for board NUCLEO-WL3RKB1
2026-04-26 12:15:27,361 [INFO] DbBoards:161 - Board is not supported: NUCLEO-WL3RKB1
2026-04-26 12:15:27,364 [INFO] BoardInfo:889 - No configuration file found for board NUCLEO-WL3RKB2
2026-04-26 12:15:27,365 [INFO] DbBoards:161 - Board is not supported: NUCLEO-WL3RKB2
2026-04-26 12:15:27,370 [INFO] BoardInfo:889 - No configuration file found for board P-NUCLEO-WB55
2026-04-26 12:15:27,370 [INFO] DbBoards:161 - Kit is not supported: P-NUCLEO-WB55
2026-04-26 12:15:27,374 [INFO] BoardInfo:889 - No configuration file found for board STEVAL-BFA001V1B
2026-04-26 12:15:27,374 [INFO] DbBoards:161 - Kit is not supported: STEVAL-BFA001V1B
2026-04-26 12:15:27,409 [INFO] BoardInfo:889 - No configuration file found for board STEVAL-BFA001V2B
2026-04-26 12:15:27,424 [INFO] DbBoards:161 - Kit is not supported: STEVAL-BFA001V2B
2026-04-26 12:15:27,511 [INFO] BoardInfo:889 - No configuration file found for board STM32H5F5J-DK
2026-04-26 12:15:27,513 [INFO] DbBoards:161 - Board is not supported: STM32H5F5J-DK
2026-04-26 12:15:27,576 [INFO] DbBoards:168 - Found 218 boards, 209 are supported
2026-04-26 12:15:27,578 [INFO] DbBoards:169 - Found 218 boards, 43 of them is supported for  Bsp
2026-04-26 12:15:27,590 [INFO] ApiDb:423 - Load user favorites file /Users/cristianpetramale/.stm32cubeide/favorites.boards.txt: 0 item(s)
2026-04-26 12:15:27,591 [INFO] ApiDb:427 - User favorites Boards=[]
2026-04-26 12:15:27,591 [INFO] DbBoards:198 - Set 0 / 0 favorites Boards
2026-04-26 12:15:27,803 [INFO] UtilMem:75 - End LoadConfig() Used Memory: 226540976 Bytes (346030080)
2026-04-26 12:15:28,000 [WARN] ThirdParty:833 - waiting for thirdparty lock release [change project]
2026-04-26 12:15:28,010 [INFO] ThirdParty:835 - entering critical section [change project]
2026-04-26 12:15:28,012 [INFO] ThirdParty:1030 - CMSIS Pack Vendor :STMicroelectronics X-CUBE-AZRTOS-H7 3.5.0
2026-04-26 12:15:28,013 [INFO] ThirdParty:1030 - CMSIS Pack Vendor :STMicroelectronics X-CUBE-PM33A1 1.0.0
2026-04-26 12:15:28,013 [INFO] ThirdParty:1030 - CMSIS Pack Vendor :STMicroelectronics USBPD 4.1
2026-04-26 12:15:28,013 [INFO] ThirdParty:1030 - CMSIS Pack Vendor :STMicroelectronics X-CUBE-NFC9 1.0.0
2026-04-26 12:15:28,013 [INFO] ThirdParty:1030 - CMSIS Pack Vendor :STMicroelectronics USB_HOST 2.0.0
2026-04-26 12:15:28,013 [INFO] ThirdParty:1030 - CMSIS Pack Vendor :STMicroelectronics X-CUBE-AZRTOS-F4 1.1.0
2026-04-26 12:15:28,013 [INFO] ThirdParty:1030 - CMSIS Pack Vendor :STMicroelectronics LIBJPEG 8.0.0
2026-04-26 12:15:28,013 [INFO] ThirdParty:1030 - CMSIS Pack Vendor :STMicroelectronics FP-ATR-ASTRA1 2.0.2
2026-04-26 12:15:28,013 [INFO] ThirdParty:1030 - CMSIS Pack Vendor :STMicroelectronics X-CUBE-BLE1 7.1.0
2026-04-26 12:15:28,013 [INFO] ThirdParty:1030 - CMSIS Pack Vendor :STMicroelectronics X-CUBE-SMBUS 2.1.0
2026-04-26 12:15:28,013 [INFO] ThirdParty:1030 - CMSIS Pack Vendor :wolfSSL I-CUBE-wolfMQTT 1.19.2
2026-04-26 12:15:28,013 [INFO] ThirdParty:1030 - CMSIS Pack Vendor :STMicroelectronics USB_DEVICE 3.0.0
2026-04-26 12:15:28,013 [INFO] ThirdParty:1030 - CMSIS Pack Vendor :STMicroelectronics X-CUBE-ISPU 2.1.0
2026-04-26 12:15:28,013 [INFO] ThirdParty:1030 - CMSIS Pack Vendor :STMicroelectronics eDS-WB_DPC_TT-BIDIR 2.1.1
2026-04-26 12:15:28,013 [INFO] ThirdParty:1030 - CMSIS Pack Vendor :STMicroelectronics X-CUBE-AZRTOS-WB 2.0.0
2026-04-26 12:15:28,013 [INFO] ThirdParty:1030 - CMSIS Pack Vendor :wolfSSL I-CUBE-wolfSSL 5.8.4
2026-04-26 12:15:28,013 [INFO] ThirdParty:1030 - CMSIS Pack Vendor :Cesanta I-CUBE-Mongoose 7.20.0
2026-04-26 12:15:28,013 [INFO] ThirdParty:1030 - CMSIS Pack Vendor :STMicroelectronics X-CUBE-AZRTOS-F7 1.1.0
2026-04-26 12:15:28,013 [INFO] ThirdParty:1030 - CMSIS Pack Vendor :STMicroelectronics X-CUBE-AZRTOS-L5 2.0.0
2026-04-26 12:15:28,013 [INFO] ThirdParty:1030 - CMSIS Pack Vendor :STMicroelectronics USB_DEVICE 2.0.0
2026-04-26 12:15:28,013 [INFO] ThirdParty:1030 - CMSIS Pack Vendor :STMicroelectronics FP-SNS-STAIOTCFT 1.1.0
2026-04-26 12:15:28,013 [INFO] ThirdParty:1030 - CMSIS Pack Vendor :quantropi X-CUBE-qispace-sdk-base 2.1.0
2026-04-26 12:15:28,013 [INFO] ThirdParty:1030 - CMSIS Pack Vendor :STMicroelectronics X-CUBE-STSE01 2.0.0
2026-04-26 12:15:28,013 [INFO] ThirdParty:1030 - CMSIS Pack Vendor :STMicroelectronics FreeRTOS 0.0.1
2026-04-26 12:15:28,013 [INFO] ThirdParty:1030 - CMSIS Pack Vendor :STMicroelectronics X-CUBE-AZRTOS-G0 1.1.0
2026-04-26 12:15:28,014 [INFO] ThirdParty:1030 - CMSIS Pack Vendor :STMicroelectronics X-CUBE-NFC4 3.0.0
2026-04-26 12:15:28,014 [INFO] ThirdParty:1030 - CMSIS Pack Vendor :STMicroelectronics X-CUBE-SUBG2 5.0.0
2026-04-26 12:15:28,014 [INFO] ThirdParty:1030 - CMSIS Pack Vendor :STMicroelectronics STM32_WPAN 1.0.0
2026-04-26 12:15:28,014 [INFO] ThirdParty:1030 - CMSIS Pack Vendor :STMicroelectronics eDS-WB_DPC_VIENNA 1.2.0
2026-04-26 12:15:28,014 [INFO] ThirdParty:1030 - CMSIS Pack Vendor :EmbeddedOffice I-CUBE-FS-RTOS 1.0.1
2026-04-26 12:15:28,014 [INFO] ThirdParty:1030 - CMSIS Pack Vendor :STMicroelectronics lwIP 2.0.3
2026-04-26 12:15:28,014 [INFO] ThirdParty:1030 - CMSIS Pack Vendor :WES I-CUBE-Cesium 1.4.0
2026-04-26 12:15:28,014 [INFO] ThirdParty:1030 - CMSIS Pack Vendor :STMicroelectronics eDS-WB_DPC_3PH2L-BIDIR 1.1.1
2026-04-26 12:15:28,014 [INFO] ThirdParty:1030 - CMSIS Pack Vendor :STMicroelectronics USB_HOST 1.0.0
2026-04-26 12:15:28,014 [INFO] ThirdParty:1030 - CMSIS Pack Vendor :STMicroelectronics X-CUBE-AZRTOS-G4 2.0.0
2026-04-26 12:15:28,014 [INFO] ThirdParty:1030 - CMSIS Pack Vendor :STMicroelectronics PDM2PCM 3.1.0
2026-04-26 12:15:28,014 [INFO] ThirdParty:1030 - CMSIS Pack Vendor :STMicroelectronics PDM2PCM 3.3.0
2026-04-26 12:15:28,014 [INFO] ThirdParty:1030 - CMSIS Pack Vendor :wolfSSL I-CUBE-wolfTPM 3.8.0
2026-04-26 12:15:28,014 [INFO] ThirdParty:1030 - CMSIS Pack Vendor :STMicroelectronics X-CUBE-DISPLAY 3.0.0
2026-04-26 12:15:28,014 [INFO] ThirdParty:1030 - CMSIS Pack Vendor :wolfSSL I-CUBE-wolfSSH 1.4.20
2026-04-26 12:15:28,014 [INFO] ThirdParty:1030 - CMSIS Pack Vendor :STMicroelectronics X-CUBE-NFC7 2.0.0
2026-04-26 12:15:28,014 [INFO] ThirdParty:1030 - CMSIS Pack Vendor :STMicroelectronics X-CUBE-TCPP 4.2.0
2026-04-26 12:15:28,014 [INFO] ThirdParty:1030 - CMSIS Pack Vendor :RealThread X-CUBE-RT-Thread_Nano 4.1.1
2026-04-26 12:15:28,014 [INFO] ThirdParty:1030 - CMSIS Pack Vendor :STMicroelectronics FP-ATR-SIGFOX1 3.2.0
2026-04-26 12:15:28,014 [INFO] ThirdParty:1030 - CMSIS Pack Vendor :STMicroelectronics X-CUBE-NFC10 1.0.0
2026-04-26 12:15:28,014 [INFO] ThirdParty:1030 - CMSIS Pack Vendor :STMicroelectronics HAL Drivers 0.0.0
2026-04-26 12:15:28,014 [INFO] ThirdParty:1030 - CMSIS Pack Vendor :STMicroelectronics MBEDTLS 2.16.2
2026-04-26 12:15:28,014 [INFO] ThirdParty:1030 - CMSIS Pack Vendor :STMicroelectronics X-CUBE-ST60 1.1.0
2026-04-26 12:15:28,014 [INFO] ThirdParty:1030 - CMSIS Pack Vendor :STMicroelectronics X-CUBE-ALS 1.0.2
2026-04-26 12:15:28,014 [INFO] ThirdParty:1030 - CMSIS Pack Vendor :emotas I-CUBE-CANOPEN 1.3.0
2026-04-26 12:15:28,014 [INFO] ThirdParty:1030 - CMSIS Pack Vendor :STMicroelectronics MBEDTLS 2.14.1
2026-04-26 12:15:28,014 [INFO] ThirdParty:1030 - CMSIS Pack Vendor :ITTIA_DB I-CUBE-ITTIADB 8.9.0
2026-04-26 12:15:28,014 [INFO] ThirdParty:1030 - CMSIS Pack Vendor :STMicroelectronics X-CUBE-TOUCHGFX 4.26.1
2026-04-26 12:15:28,014 [INFO] ThirdParty:1030 - CMSIS Pack Vendor :STMicroelectronics FP-SNS-STAIOTCFT 1.0.0
2026-04-26 12:15:28,014 [INFO] ThirdParty:1030 - CMSIS Pack Vendor :STMicroelectronics ThreadX 1.0.0
2026-04-26 12:15:28,014 [INFO] ThirdParty:1030 - CMSIS Pack Vendor :STMicroelectronics FP-SNS-SMARTAG2 1.2.0
2026-04-26 12:15:28,014 [INFO] ThirdParty:1030 - CMSIS Pack Vendor :STMicroelectronics FP-SNS-FLIGHT1 5.1.0
2026-04-26 12:15:28,014 [INFO] ThirdParty:1030 - CMSIS Pack Vendor :STMicroelectronics X-CUBE-AZRTOS-WL 2.0.0
2026-04-26 12:15:28,014 [INFO] ThirdParty:1030 - CMSIS Pack Vendor :SEGGER I-CUBE-embOS 1.3.1
2026-04-26 12:15:28,014 [INFO] ThirdParty:1030 - CMSIS Pack Vendor :STMicroelectronics X-CUBE-ALGOBUILD 1.4.0
2026-04-26 12:15:28,014 [INFO] ThirdParty:1030 - CMSIS Pack Vendor :STMicroelectronics X-CUBE-DPower 1.3.0
2026-04-26 12:15:28,014 [INFO] ThirdParty:1030 - CMSIS Pack Vendor :STMicroelectronics USB_DEVICE 1.0.0
2026-04-26 12:15:28,014 [INFO] ThirdParty:1030 - CMSIS Pack Vendor :STMicroelectronics X-CUBE-AZRTOS-H7RS 1.2.0
2026-04-26 12:15:28,014 [INFO] ThirdParty:1030 - CMSIS Pack Vendor :STMicroelectronics X-CUBE-AZRTOS-L4 2.0.0
2026-04-26 12:15:28,014 [INFO] ThirdParty:1030 - CMSIS Pack Vendor :STMicroelectronics ThreadX 0.0.2
2026-04-26 12:15:28,016 [INFO] ThirdParty:1030 - CMSIS Pack Vendor :STMicroelectronics lwIP 2.1.2
2026-04-26 12:15:28,017 [INFO] ThirdParty:1030 - CMSIS Pack Vendor :STMicroelectronics X-CUBE-SFXS2LP1 4.0.0
2026-04-26 12:15:28,018 [INFO] ThirdParty:1030 - CMSIS Pack Vendor :STMicroelectronics X-CUBE-BLE2 3.3.0
2026-04-26 12:15:28,019 [INFO] ThirdParty:1030 - CMSIS Pack Vendor :Avnet-IOTCONNECT X-CUBE-iotc-st67-sdk 1.0.0
2026-04-26 12:15:28,019 [INFO] ThirdParty:1030 - CMSIS Pack Vendor :STMicroelectronics X-CUBE-TOF1 3.4.3
2026-04-26 12:15:28,019 [INFO] ThirdParty:1030 - CMSIS Pack Vendor :Infineon AIROC-Wi-Fi-Bluetooth-STM32 1.8.0
2026-04-26 12:15:28,019 [INFO] ThirdParty:1030 - CMSIS Pack Vendor :STMicroelectronics PDM2PCM 3.2.0
2026-04-26 12:15:28,019 [INFO] ThirdParty:1030 - CMSIS Pack Vendor :STMicroelectronics X-CUBE-WB05N 2.1.0
2026-04-26 12:15:28,019 [INFO] ThirdParty:1030 - CMSIS Pack Vendor :STMicroelectronics X-CUBE-ST67W61 1.2.0
2026-04-26 12:15:28,025 [INFO] ThirdParty:841 - exiting critical section [change project]
2026-04-26 12:15:28,841 [INFO] PinOutPanel:1589 - setPackage(No Configuration,No Configuration)
2026-04-26 12:15:28,852 [INFO] PinOutPanel:1589 - setPackage(STM32L432KCUx,UFQFPN32)
2026-04-26 12:15:29,888 [INFO] UtilMem:75 - Before build in PCC Used Memory: 298754664 Bytes (346030080)
2026-04-26 12:15:31,754 [INFO] UtilMem:75 - After build in PCC Used Memory: 247953048 Bytes (350224384)
2026-04-26 12:15:31,858 [INFO] IPUIPlugin:80 - create IPUIPlugin
2026-04-26 12:15:31,862 [INFO] IPUIPlugin:80 - create IPUIPlugin
2026-04-26 12:15:31,863 [INFO] IPUIPlugin:80 - create IPUIPlugin
2026-04-26 12:15:31,863 [INFO] IPUIPlugin:80 - create IPUIPlugin
2026-04-26 12:15:31,863 [INFO] IPUIPlugin:80 - create IPUIPlugin
2026-04-26 12:15:31,863 [INFO] IPUIPlugin:80 - create IPUIPlugin
2026-04-26 12:15:31,863 [INFO] IPUIPlugin:80 - create IPUIPlugin
2026-04-26 12:15:31,864 [INFO] IPUIPlugin:80 - create IPUIPlugin
2026-04-26 12:15:31,864 [INFO] IPUIPlugin:80 - create IPUIPlugin
2026-04-26 12:15:31,864 [INFO] IPUIPlugin:80 - create IPUIPlugin
2026-04-26 12:15:31,864 [INFO] IPUIPlugin:80 - create IPUIPlugin
2026-04-26 12:15:31,864 [INFO] IPUIPlugin:80 - create IPUIPlugin
2026-04-26 12:15:31,864 [INFO] IPUIPlugin:80 - create IPUIPlugin
2026-04-26 12:15:31,864 [INFO] IPUIPlugin:80 - create IPUIPlugin
2026-04-26 12:15:31,864 [INFO] IPUIPlugin:80 - create IPUIPlugin
2026-04-26 12:15:31,868 [INFO] IPUIPlugin:80 - create IPUIPlugin
2026-04-26 12:15:31,868 [INFO] IPUIPlugin:80 - create IPUIPlugin
2026-04-26 12:15:31,868 [INFO] IPUIPlugin:80 - create IPUIPlugin
2026-04-26 12:15:31,868 [INFO] IPUIPlugin:80 - create IPUIPlugin
2026-04-26 12:15:31,868 [INFO] IPUIPlugin:80 - create IPUIPlugin
2026-04-26 12:15:31,869 [INFO] IPUIPlugin:80 - create IPUIPlugin
2026-04-26 12:15:31,869 [INFO] IPUIPlugin:80 - create IPUIPlugin
2026-04-26 12:15:31,869 [INFO] IPUIPlugin:80 - create IPUIPlugin
2026-04-26 12:15:31,869 [INFO] IPUIPlugin:80 - create IPUIPlugin
2026-04-26 12:15:31,869 [INFO] IPUIPlugin:80 - create IPUIPlugin
2026-04-26 12:15:31,869 [INFO] IPUIPlugin:80 - create IPUIPlugin
2026-04-26 12:15:31,869 [INFO] IPUIPlugin:80 - create IPUIPlugin
2026-04-26 12:15:31,870 [INFO] IPUIPlugin:80 - create IPUIPlugin
2026-04-26 12:15:31,870 [INFO] IPUIPlugin:80 - create IPUIPlugin
2026-04-26 12:15:31,870 [INFO] IPUIPlugin:80 - create IPUIPlugin
2026-04-26 12:15:31,870 [INFO] IPUIPlugin:80 - create IPUIPlugin
2026-04-26 12:15:31,870 [INFO] IPUIPlugin:80 - create IPUIPlugin
2026-04-26 12:15:31,870 [INFO] IPUIPlugin:80 - create IPUIPlugin
2026-04-26 12:15:31,870 [INFO] IPUIPlugin:80 - create IPUIPlugin
2026-04-26 12:15:31,871 [INFO] IPUIPlugin:80 - create IPUIPlugin
2026-04-26 12:15:31,871 [INFO] IPUIPlugin:80 - create IPUIPlugin
2026-04-26 12:15:31,871 [INFO] IPUIPlugin:80 - create IPUIPlugin
2026-04-26 12:15:31,871 [INFO] IPUIPlugin:80 - create IPUIPlugin
2026-04-26 12:15:31,872 [INFO] IPUIPlugin:80 - create IPUIPlugin
2026-04-26 12:15:31,872 [INFO] IPUIPlugin:80 - create IPUIPlugin
2026-04-26 12:15:31,875 [INFO] IPUIPlugin:80 - create IPUIPlugin
2026-04-26 12:15:32,714 [INFO] CADModel:165 - CPN selected for project levelSTM32L432KCU3
2026-04-26 12:15:32,722 [INFO] CADModel:114 - Register for checkConnection events
2026-04-26 12:15:32,775 [INFO] OpenFileManager:386 - Restore cursor
2026-04-26 12:19:35,226 [INFO] ParamManager:905 - [Generic UI] PropertyChangeEvent: TAB_STATUS_CHANGED , "dont care", "never mind"
2026-04-26 12:19:35,389 [INFO] NvicIntPanel:101 - NVIC parent = com.st.microxplorer.plugins.ip.nvic.MultiNvicIntPanel[,0,0,0x0,invalid,layout=javax.swing.BoxLayout,alignmentX=0.0,alignmentY=0.0,border=,flags=9,maximumSize=,minimumSize=,preferredSize=]
2026-04-26 12:19:38,025 [INFO] NvicIntPanel:101 - NVIC parent = com.st.microxplorer.plugins.ip.nvic.MultiNvicIntPanel[,0,0,0x0,invalid,layout=javax.swing.BoxLayout,alignmentX=0.0,alignmentY=0.0,border=,flags=9,maximumSize=,minimumSize=,preferredSize=]
2026-04-26 12:20:23,645 [INFO] NvicIntPanel:101 - NVIC parent = com.st.microxplorer.plugins.ip.nvic.MultiNvicIntPanel[,0,0,0x0,invalid,layout=javax.swing.BoxLayout,alignmentX=0.0,alignmentY=0.0,border=,flags=9,maximumSize=,minimumSize=,preferredSize=]
2026-04-26 12:20:25,803 [INFO] NvicIntPanel:101 - NVIC parent = com.st.microxplorer.plugins.ip.nvic.MultiNvicIntPanel[,0,0,450x294,layout=javax.swing.BoxLayout,alignmentX=0.0,alignmentY=0.0,border=,flags=9,maximumSize=,minimumSize=,preferredSize=]
2026-04-26 12:20:26,713 [INFO] NvicIntPanel:101 - NVIC parent = com.st.microxplorer.plugins.ip.nvic.MultiNvicIntPanel[,0,0,0x0,invalid,layout=javax.swing.BoxLayout,alignmentX=0.0,alignmentY=0.0,border=,flags=9,maximumSize=,minimumSize=,preferredSize=]
2026-04-26 12:20:27,898 [INFO] NvicIntPanel:101 - NVIC parent = com.st.microxplorer.plugins.ip.nvic.MultiNvicIntPanel[,0,0,0x0,invalid,layout=javax.swing.BoxLayout,alignmentX=0.0,alignmentY=0.0,border=,flags=9,maximumSize=,minimumSize=,preferredSize=]
2026-04-26 12:20:52,051 [INFO] UtilMem:75 - End SaveConfig() Used Memory: 798767552 Bytes (1073741824)
2026-04-26 12:20:54,208 [INFO] UtilMem:75 - End SaveConfig() Used Memory: 851322656 Bytes (1073741824)
2026-04-26 12:20:54,637 [INFO] BlockDiagram:2775 - set Specific Code input for plugin: NVIC
2026-04-26 12:20:54,637 [INFO] BlockDiagram:2775 - set Specific Code input for plugin: USART
2026-04-26 12:20:54,637 [INFO] BlockDiagram:2775 - set Specific Code input for plugin: USART
2026-04-26 12:20:54,637 [INFO] BlockDiagram:2775 - set Specific Code input for plugin: SYS
2026-04-26 12:20:54,637 [INFO] BlockDiagram:2775 - set Specific Code input for plugin: GPIO
2026-04-26 12:20:54,637 [INFO] BlockDiagram:2775 - set Specific Code input for plugin: RCC
2026-04-26 12:20:54,638 [INFO] CodeGenerator:892 - code generatio: config db path: /Applications/STM32CubeIDE.app/Contents/Eclipse/plugins/com.st.stm32cube.common.mx_6.15.0.202507011659//db/
2026-04-26 12:20:54,763 [INFO] CodeEngine:265 - oldGeneratedFile, /Users/cristianpetramale/Biomed_projects/STMWorkSpace/ProgettoUART/MXTmpFiles/license.tmp_save
2026-04-26 12:20:55,196 [INFO] CodeEngine:289 - Generated code: /Users/cristianpetramale/Biomed_projects/STMWorkSpace/ProgettoUART/MXTmpFiles/license.tmp
2026-04-26 12:20:55,344 [INFO] CodeEngine:265 - oldGeneratedFile, /Users/cristianpetramale/Biomed_projects/STMWorkSpace/ProgettoUART/MXTmpFiles/gpio.tmp_save
2026-04-26 12:20:55,498 [INFO] CodeEngine:289 - Generated code: /Users/cristianpetramale/Biomed_projects/STMWorkSpace/ProgettoUART/MXTmpFiles/gpio.tmp
2026-04-26 12:20:55,727 [INFO] CodeEngine:265 - oldGeneratedFile, /Users/cristianpetramale/Biomed_projects/STMWorkSpace/ProgettoUART/Core/Src/stm32l4xx_it.c_save
2026-04-26 12:20:55,883 [INFO] CodeEngine:289 - Generated code: /Users/cristianpetramale/Biomed_projects/STMWorkSpace/ProgettoUART/Core/Src/stm32l4xx_it.c
2026-04-26 12:20:55,885 [INFO] CodeEngine:265 - oldGeneratedFile, /Users/cristianpetramale/Biomed_projects/STMWorkSpace/ProgettoUART/Core/Inc/stm32l4xx_it.h_save
2026-04-26 12:20:55,945 [INFO] CodeEngine:289 - Generated code: /Users/cristianpetramale/Biomed_projects/STMWorkSpace/ProgettoUART/Core/Inc/stm32l4xx_it.h
2026-04-26 12:20:55,951 [INFO] CodeEngine:265 - oldGeneratedFile, /Users/cristianpetramale/Biomed_projects/STMWorkSpace/ProgettoUART/Core/Src/stm32l4xx_hal_msp.c_save
2026-04-26 12:20:56,142 [INFO] CodeEngine:289 - Generated code: /Users/cristianpetramale/Biomed_projects/STMWorkSpace/ProgettoUART/Core/Src/stm32l4xx_hal_msp.c
2026-04-26 12:20:56,143 [INFO] CodeEngine:265 - oldGeneratedFile, /Users/cristianpetramale/Biomed_projects/STMWorkSpace/ProgettoUART/MXTmpFiles/system.tmp_save
2026-04-26 12:20:56,212 [INFO] CodeEngine:289 - Generated code: /Users/cristianpetramale/Biomed_projects/STMWorkSpace/ProgettoUART/MXTmpFiles/system.tmp
2026-04-26 12:20:56,217 [INFO] CodeEngine:321 - oldGeneratedFile, /Users/cristianpetramale/Biomed_projects/STMWorkSpace/ProgettoUART/Core/Inc/stm32l4xx_hal_conf.h_save
2026-04-26 12:20:56,295 [INFO] CodeEngine:345 - Generated code: /Users/cristianpetramale/Biomed_projects/STMWorkSpace/ProgettoUART/Core/Inc/stm32l4xx_hal_conf.h
2026-04-26 12:20:56,381 [INFO] ApiDbMcu:532 - Load IP Config File for USART1
2026-04-26 12:20:56,392 [INFO] ApiDbMcu:532 - Load IP Config File for USART2
2026-04-26 12:20:56,395 [INFO] ApiDbMcu:532 - Load IP Config File for RCC
2026-04-26 12:20:56,399 [INFO] CodeEngine:265 - oldGeneratedFile, /Users/cristianpetramale/Biomed_projects/STMWorkSpace/ProgettoUART/Core/Inc/main.h_save
2026-04-26 12:20:56,509 [INFO] CodeEngine:289 - Generated code: /Users/cristianpetramale/Biomed_projects/STMWorkSpace/ProgettoUART/Core/Inc/main.h
2026-04-26 12:20:56,511 [INFO] CodeEngine:265 - oldGeneratedFile, /Users/cristianpetramale/Biomed_projects/STMWorkSpace/ProgettoUART/Core/Src/main.c_save
2026-04-26 12:20:56,754 [INFO] CodeEngine:289 - Generated code: /Users/cristianpetramale/Biomed_projects/STMWorkSpace/ProgettoUART/Core/Src/main.c
2026-04-26 12:20:57,475 [INFO] ProjectBuilder:3606 - Time for Copy HAL[1] : 71mS.
2026-04-26 12:20:57,500 [INFO] ProjectBuilder:5216 - Project Generator version: 4.7.0-B52
2026-04-26 12:20:57,639 [INFO] ConfigFileManager:1595 - The Die is : DIE435
2026-04-26 12:20:57,685 [INFO] ApiDbMcu:532 - Load IP Config File for FATFS
2026-04-26 12:20:57,694 [INFO] ApiDbMcu:532 - Load IP Config File for FREERTOS
2026-04-26 12:20:57,702 [INFO] ApiDbMcu:532 - Load IP Config File for TOUCHSENSING
2026-04-26 12:20:57,718 [INFO] ApiDbMcu:532 - Load IP Config File for USB_DEVICE
2026-04-26 12:20:58,247 [INFO] LogOutputStream:77 - [STDOUT_REDIRECT] 
2026-04-26 12:20:59,734 [INFO] ProjectBuilder:5496 - Time for Generating toolchain IDE Files: 2232mS.
2026-04-26 12:20:59,736 [INFO] ProjectBuilder:3463 - Time for Copy CMSIS : 0mS.
2026-04-26 12:20:59,737 [INFO] ProjectBuilder:3463 - Time for Copy CMSIS : 0mS.
2026-04-26 12:22:44,131 [ERROR] ConfigurationRetriever:142 - IOException on connection: Connect timed out
2026-04-26 12:23:07,071 [INFO] NvicIntPanel:101 - NVIC parent = com.st.microxplorer.plugins.ip.nvic.MultiNvicIntPanel[,0,0,0x0,invalid,layout=javax.swing.BoxLayout,alignmentX=0.0,alignmentY=0.0,border=,flags=9,maximumSize=,minimumSize=,preferredSize=]
2026-04-26 12:26:00,632 [INFO] NvicIntPanel:101 - NVIC parent = com.st.microxplorer.plugins.ip.nvic.MultiNvicIntPanel[,0,0,0x0,invalid,layout=javax.swing.BoxLayout,alignmentX=0.0,alignmentY=0.0,border=,flags=9,maximumSize=,minimumSize=,preferredSize=]
2026-04-26 12:26:30,935 [INFO] UtilMem:75 - End SaveConfig() Used Memory: 786032872 Bytes (1073741824)
2026-04-26 12:26:33,448 [INFO] UtilMem:75 - End SaveConfig() Used Memory: 808055016 Bytes (1073741824)
2026-04-26 12:26:33,683 [INFO] UtilMem:75 - End SaveConfig() Used Memory: 829550824 Bytes (1073741824)
2026-04-26 12:26:33,876 [INFO] BlockDiagram:2775 - set Specific Code input for plugin: NVIC
2026-04-26 12:26:33,876 [INFO] BlockDiagram:2775 - set Specific Code input for plugin: USART
2026-04-26 12:26:33,876 [INFO] BlockDiagram:2775 - set Specific Code input for plugin: USART
2026-04-26 12:26:33,876 [INFO] BlockDiagram:2775 - set Specific Code input for plugin: SYS
2026-04-26 12:26:33,877 [INFO] BlockDiagram:2775 - set Specific Code input for plugin: GPIO
2026-04-26 12:26:33,877 [INFO] BlockDiagram:2775 - set Specific Code input for plugin: RCC
2026-04-26 12:26:33,877 [INFO] CodeGenerator:892 - code generatio: config db path: /Applications/STM32CubeIDE.app/Contents/Eclipse/plugins/com.st.stm32cube.common.mx_6.15.0.202507011659//db/
2026-04-26 12:26:33,966 [INFO] CodeEngine:265 - oldGeneratedFile, /Users/cristianpetramale/Biomed_projects/STMWorkSpace/ProgettoUART/MXTmpFiles/license.tmp_save
2026-04-26 12:26:34,111 [INFO] CodeEngine:289 - Generated code: /Users/cristianpetramale/Biomed_projects/STMWorkSpace/ProgettoUART/MXTmpFiles/license.tmp
2026-04-26 12:26:34,161 [INFO] CodeEngine:265 - oldGeneratedFile, /Users/cristianpetramale/Biomed_projects/STMWorkSpace/ProgettoUART/MXTmpFiles/gpio.tmp_save
2026-04-26 12:26:34,239 [INFO] CodeEngine:289 - Generated code: /Users/cristianpetramale/Biomed_projects/STMWorkSpace/ProgettoUART/MXTmpFiles/gpio.tmp
2026-04-26 12:26:34,328 [INFO] CodeEngine:265 - oldGeneratedFile, /Users/cristianpetramale/Biomed_projects/STMWorkSpace/ProgettoUART/Core/Src/stm32l4xx_it.c_save
2026-04-26 12:26:34,389 [INFO] CodeEngine:289 - Generated code: /Users/cristianpetramale/Biomed_projects/STMWorkSpace/ProgettoUART/Core/Src/stm32l4xx_it.c
2026-04-26 12:26:34,391 [INFO] CodeEngine:265 - oldGeneratedFile, /Users/cristianpetramale/Biomed_projects/STMWorkSpace/ProgettoUART/Core/Inc/stm32l4xx_it.h_save
2026-04-26 12:26:34,435 [INFO] CodeEngine:289 - Generated code: /Users/cristianpetramale/Biomed_projects/STMWorkSpace/ProgettoUART/Core/Inc/stm32l4xx_it.h
2026-04-26 12:26:34,440 [INFO] CodeEngine:265 - oldGeneratedFile, /Users/cristianpetramale/Biomed_projects/STMWorkSpace/ProgettoUART/Core/Src/stm32l4xx_hal_msp.c_save
2026-04-26 12:26:34,521 [INFO] CodeEngine:289 - Generated code: /Users/cristianpetramale/Biomed_projects/STMWorkSpace/ProgettoUART/Core/Src/stm32l4xx_hal_msp.c
2026-04-26 12:26:34,522 [INFO] CodeEngine:265 - oldGeneratedFile, /Users/cristianpetramale/Biomed_projects/STMWorkSpace/ProgettoUART/MXTmpFiles/system.tmp_save
2026-04-26 12:26:34,568 [INFO] CodeEngine:289 - Generated code: /Users/cristianpetramale/Biomed_projects/STMWorkSpace/ProgettoUART/MXTmpFiles/system.tmp
2026-04-26 12:26:34,573 [INFO] CodeEngine:321 - oldGeneratedFile, /Users/cristianpetramale/Biomed_projects/STMWorkSpace/ProgettoUART/Core/Inc/stm32l4xx_hal_conf.h_save
2026-04-26 12:26:34,647 [INFO] CodeEngine:345 - Generated code: /Users/cristianpetramale/Biomed_projects/STMWorkSpace/ProgettoUART/Core/Inc/stm32l4xx_hal_conf.h
2026-04-26 12:26:34,681 [INFO] CodeEngine:265 - oldGeneratedFile, /Users/cristianpetramale/Biomed_projects/STMWorkSpace/ProgettoUART/Core/Inc/main.h_save
2026-04-26 12:26:34,741 [INFO] CodeEngine:289 - Generated code: /Users/cristianpetramale/Biomed_projects/STMWorkSpace/ProgettoUART/Core/Inc/main.h
2026-04-26 12:26:34,742 [INFO] CodeEngine:265 - oldGeneratedFile, /Users/cristianpetramale/Biomed_projects/STMWorkSpace/ProgettoUART/Core/Src/main.c_save
2026-04-26 12:26:34,840 [INFO] CodeEngine:289 - Generated code: /Users/cristianpetramale/Biomed_projects/STMWorkSpace/ProgettoUART/Core/Src/main.c
2026-04-26 12:26:35,000 [INFO] ProjectBuilder:3606 - Time for Copy HAL[1] : 48mS.
2026-04-26 12:26:35,003 [INFO] ProjectBuilder:5216 - Project Generator version: 4.7.0-B52
2026-04-26 12:26:35,065 [INFO] ConfigFileManager:1595 - The Die is : DIE435
2026-04-26 12:26:37,383 [INFO] ProjectBuilder:5496 - Time for Generating toolchain IDE Files: 2372mS.
2026-04-26 12:26:37,390 [INFO] ProjectBuilder:3463 - Time for Copy CMSIS : 1mS.
2026-04-26 12:26:37,392 [INFO] ProjectBuilder:3463 - Time for Copy CMSIS : 0mS.
2026-04-26 12:39:55,038 [INFO] NvicIntPanel:101 - NVIC parent = com.st.microxplorer.plugins.ip.nvic.MultiNvicIntPanel[,0,0,0x0,invalid,layout=javax.swing.BoxLayout,alignmentX=0.0,alignmentY=0.0,border=,flags=9,maximumSize=,minimumSize=,preferredSize=]
2026-04-26 12:40:05,824 [INFO] UtilMem:75 - End SaveConfig() Used Memory: 691279800 Bytes (1073741824)
2026-04-26 12:40:11,727 [INFO] UtilMem:75 - End SaveConfig() Used Memory: 714874808 Bytes (1073741824)
2026-04-26 12:40:13,072 [INFO] UtilMem:75 - End SaveConfig() Used Memory: 751574968 Bytes (1073741824)
2026-04-26 12:40:14,024 [INFO] BlockDiagram:2775 - set Specific Code input for plugin: NVIC
2026-04-26 12:40:14,033 [INFO] BlockDiagram:2775 - set Specific Code input for plugin: USART
2026-04-26 12:40:14,035 [INFO] BlockDiagram:2775 - set Specific Code input for plugin: USART
2026-04-26 12:40:14,035 [INFO] BlockDiagram:2775 - set Specific Code input for plugin: SYS
2026-04-26 12:40:14,039 [INFO] BlockDiagram:2775 - set Specific Code input for plugin: GPIO
2026-04-26 12:40:14,039 [INFO] BlockDiagram:2775 - set Specific Code input for plugin: RCC
2026-04-26 12:40:14,044 [INFO] CodeGenerator:892 - code generatio: config db path: /Applications/STM32CubeIDE.app/Contents/Eclipse/plugins/com.st.stm32cube.common.mx_6.15.0.202507011659//db/
2026-04-26 12:40:14,242 [INFO] CodeEngine:265 - oldGeneratedFile, /Users/cristianpetramale/Biomed_projects/STMWorkSpace/ProgettoUART/MXTmpFiles/license.tmp_save
2026-04-26 12:40:14,425 [INFO] CodeEngine:289 - Generated code: /Users/cristianpetramale/Biomed_projects/STMWorkSpace/ProgettoUART/MXTmpFiles/license.tmp
2026-04-26 12:40:14,479 [INFO] CodeEngine:265 - oldGeneratedFile, /Users/cristianpetramale/Biomed_projects/STMWorkSpace/ProgettoUART/MXTmpFiles/gpio.tmp_save
2026-04-26 12:40:14,597 [INFO] CodeEngine:289 - Generated code: /Users/cristianpetramale/Biomed_projects/STMWorkSpace/ProgettoUART/MXTmpFiles/gpio.tmp
2026-04-26 12:40:14,696 [INFO] CodeEngine:265 - oldGeneratedFile, /Users/cristianpetramale/Biomed_projects/STMWorkSpace/ProgettoUART/Core/Src/stm32l4xx_it.c_save
2026-04-26 12:40:14,846 [INFO] CodeEngine:289 - Generated code: /Users/cristianpetramale/Biomed_projects/STMWorkSpace/ProgettoUART/Core/Src/stm32l4xx_it.c
2026-04-26 12:40:14,850 [INFO] CodeEngine:265 - oldGeneratedFile, /Users/cristianpetramale/Biomed_projects/STMWorkSpace/ProgettoUART/Core/Inc/stm32l4xx_it.h_save
2026-04-26 12:40:14,892 [INFO] CodeEngine:289 - Generated code: /Users/cristianpetramale/Biomed_projects/STMWorkSpace/ProgettoUART/Core/Inc/stm32l4xx_it.h
2026-04-26 12:40:14,899 [INFO] CodeEngine:265 - oldGeneratedFile, /Users/cristianpetramale/Biomed_projects/STMWorkSpace/ProgettoUART/Core/Src/stm32l4xx_hal_msp.c_save
2026-04-26 12:40:15,012 [INFO] CodeEngine:289 - Generated code: /Users/cristianpetramale/Biomed_projects/STMWorkSpace/ProgettoUART/Core/Src/stm32l4xx_hal_msp.c
2026-04-26 12:40:15,014 [INFO] CodeEngine:265 - oldGeneratedFile, /Users/cristianpetramale/Biomed_projects/STMWorkSpace/ProgettoUART/MXTmpFiles/system.tmp_save
2026-04-26 12:40:15,058 [INFO] CodeEngine:289 - Generated code: /Users/cristianpetramale/Biomed_projects/STMWorkSpace/ProgettoUART/MXTmpFiles/system.tmp
2026-04-26 12:40:15,063 [INFO] CodeEngine:321 - oldGeneratedFile, /Users/cristianpetramale/Biomed_projects/STMWorkSpace/ProgettoUART/Core/Inc/stm32l4xx_hal_conf.h_save
2026-04-26 12:40:15,110 [INFO] CodeEngine:345 - Generated code: /Users/cristianpetramale/Biomed_projects/STMWorkSpace/ProgettoUART/Core/Inc/stm32l4xx_hal_conf.h
2026-04-26 12:40:15,137 [INFO] CodeEngine:265 - oldGeneratedFile, /Users/cristianpetramale/Biomed_projects/STMWorkSpace/ProgettoUART/Core/Inc/main.h_save
2026-04-26 12:40:15,235 [INFO] CodeEngine:289 - Generated code: /Users/cristianpetramale/Biomed_projects/STMWorkSpace/ProgettoUART/Core/Inc/main.h
2026-04-26 12:40:15,237 [INFO] CodeEngine:265 - oldGeneratedFile, /Users/cristianpetramale/Biomed_projects/STMWorkSpace/ProgettoUART/Core/Src/main.c_save
2026-04-26 12:40:15,315 [INFO] CodeEngine:289 - Generated code: /Users/cristianpetramale/Biomed_projects/STMWorkSpace/ProgettoUART/Core/Src/main.c
2026-04-26 12:40:15,478 [INFO] ProjectBuilder:3606 - Time for Copy HAL[1] : 55mS.
2026-04-26 12:40:15,482 [INFO] ProjectBuilder:5216 - Project Generator version: 4.7.0-B52
2026-04-26 12:40:15,539 [INFO] ConfigFileManager:1595 - The Die is : DIE435
2026-04-26 12:40:18,477 [INFO] ProjectBuilder:5496 - Time for Generating toolchain IDE Files: 2985mS.
2026-04-26 12:40:18,483 [INFO] ProjectBuilder:3463 - Time for Copy CMSIS : 2mS.
2026-04-26 12:40:18,487 [INFO] ProjectBuilder:3463 - Time for Copy CMSIS : 0mS.
2026-04-26 12:43:33,987 [INFO] NvicIntPanel:101 - NVIC parent = com.st.microxplorer.plugins.ip.nvic.MultiNvicIntPanel[,0,0,0x0,invalid,layout=javax.swing.BoxLayout,alignmentX=0.0,alignmentY=0.0,border=,flags=9,maximumSize=,minimumSize=,preferredSize=]
2026-04-26 12:43:45,527 [INFO] UtilMem:75 - End SaveConfig() Used Memory: 798726432 Bytes (1073741824)
2026-04-26 12:43:48,629 [INFO] UtilMem:75 - End SaveConfig() Used Memory: 877078208 Bytes (1073741824)
2026-04-26 12:43:48,759 [INFO] BlockDiagram:2775 - set Specific Code input for plugin: NVIC
2026-04-26 12:43:48,761 [INFO] BlockDiagram:2775 - set Specific Code input for plugin: USART
2026-04-26 12:43:48,764 [INFO] BlockDiagram:2775 - set Specific Code input for plugin: USART
2026-04-26 12:43:48,766 [INFO] BlockDiagram:2775 - set Specific Code input for plugin: SYS
2026-04-26 12:43:48,769 [INFO] BlockDiagram:2775 - set Specific Code input for plugin: GPIO
2026-04-26 12:43:48,769 [INFO] BlockDiagram:2775 - set Specific Code input for plugin: RCC
2026-04-26 12:43:48,770 [INFO] CodeGenerator:892 - code generatio: config db path: /Applications/STM32CubeIDE.app/Contents/Eclipse/plugins/com.st.stm32cube.common.mx_6.15.0.202507011659//db/
2026-04-26 12:43:48,826 [INFO] CodeEngine:265 - oldGeneratedFile, /Users/cristianpetramale/Biomed_projects/STMWorkSpace/ProgettoUART/MXTmpFiles/license.tmp_save
2026-04-26 12:43:48,940 [INFO] CodeEngine:289 - Generated code: /Users/cristianpetramale/Biomed_projects/STMWorkSpace/ProgettoUART/MXTmpFiles/license.tmp
2026-04-26 12:43:48,985 [INFO] CodeEngine:265 - oldGeneratedFile, /Users/cristianpetramale/Biomed_projects/STMWorkSpace/ProgettoUART/MXTmpFiles/gpio.tmp_save
2026-04-26 12:43:49,057 [INFO] CodeEngine:289 - Generated code: /Users/cristianpetramale/Biomed_projects/STMWorkSpace/ProgettoUART/MXTmpFiles/gpio.tmp
2026-04-26 12:43:49,184 [INFO] CodeEngine:265 - oldGeneratedFile, /Users/cristianpetramale/Biomed_projects/STMWorkSpace/ProgettoUART/Core/Src/stm32l4xx_it.c_save
2026-04-26 12:43:49,252 [INFO] CodeEngine:289 - Generated code: /Users/cristianpetramale/Biomed_projects/STMWorkSpace/ProgettoUART/Core/Src/stm32l4xx_it.c
2026-04-26 12:43:49,254 [INFO] CodeEngine:265 - oldGeneratedFile, /Users/cristianpetramale/Biomed_projects/STMWorkSpace/ProgettoUART/Core/Inc/stm32l4xx_it.h_save
2026-04-26 12:43:49,296 [INFO] CodeEngine:289 - Generated code: /Users/cristianpetramale/Biomed_projects/STMWorkSpace/ProgettoUART/Core/Inc/stm32l4xx_it.h
2026-04-26 12:43:49,303 [INFO] CodeEngine:265 - oldGeneratedFile, /Users/cristianpetramale/Biomed_projects/STMWorkSpace/ProgettoUART/Core/Src/stm32l4xx_hal_msp.c_save
2026-04-26 12:43:49,378 [INFO] CodeEngine:289 - Generated code: /Users/cristianpetramale/Biomed_projects/STMWorkSpace/ProgettoUART/Core/Src/stm32l4xx_hal_msp.c
2026-04-26 12:43:49,379 [INFO] CodeEngine:265 - oldGeneratedFile, /Users/cristianpetramale/Biomed_projects/STMWorkSpace/ProgettoUART/MXTmpFiles/system.tmp_save
2026-04-26 12:43:49,421 [INFO] CodeEngine:289 - Generated code: /Users/cristianpetramale/Biomed_projects/STMWorkSpace/ProgettoUART/MXTmpFiles/system.tmp
2026-04-26 12:43:49,424 [INFO] CodeEngine:321 - oldGeneratedFile, /Users/cristianpetramale/Biomed_projects/STMWorkSpace/ProgettoUART/Core/Inc/stm32l4xx_hal_conf.h_save
2026-04-26 12:43:49,473 [INFO] CodeEngine:345 - Generated code: /Users/cristianpetramale/Biomed_projects/STMWorkSpace/ProgettoUART/Core/Inc/stm32l4xx_hal_conf.h
2026-04-26 12:43:49,517 [INFO] CodeEngine:265 - oldGeneratedFile, /Users/cristianpetramale/Biomed_projects/STMWorkSpace/ProgettoUART/Core/Inc/main.h_save
2026-04-26 12:43:49,568 [INFO] CodeEngine:289 - Generated code: /Users/cristianpetramale/Biomed_projects/STMWorkSpace/ProgettoUART/Core/Inc/main.h
2026-04-26 12:43:49,571 [INFO] CodeEngine:265 - oldGeneratedFile, /Users/cristianpetramale/Biomed_projects/STMWorkSpace/ProgettoUART/Core/Src/main.c_save
2026-04-26 12:43:49,646 [INFO] CodeEngine:289 - Generated code: /Users/cristianpetramale/Biomed_projects/STMWorkSpace/ProgettoUART/Core/Src/main.c
2026-04-26 12:43:50,344 [INFO] ProjectBuilder:3606 - Time for Copy HAL[1] : 59mS.
2026-04-26 12:43:50,365 [INFO] ProjectBuilder:5216 - Project Generator version: 4.7.0-B52
2026-04-26 12:43:50,489 [INFO] ConfigFileManager:1595 - The Die is : DIE435
2026-04-26 12:43:52,100 [INFO] ProjectBuilder:5496 - Time for Generating toolchain IDE Files: 1736mS.
2026-04-26 12:43:52,103 [INFO] ProjectBuilder:3463 - Time for Copy CMSIS : 0mS.
2026-04-26 12:43:52,105 [INFO] ProjectBuilder:3463 - Time for Copy CMSIS : 0mS.
2026-04-26 12:51:07,570 [INFO] NvicIntPanel:101 - NVIC parent = com.st.microxplorer.plugins.ip.nvic.MultiNvicIntPanel[,0,0,0x0,invalid,layout=javax.swing.BoxLayout,alignmentX=0.0,alignmentY=0.0,border=,flags=9,maximumSize=,minimumSize=,preferredSize=]
2026-04-26 12:51:11,843 [INFO] UtilMem:75 - End SaveConfig() Used Memory: 786221616 Bytes (1073741824)
2026-04-26 12:51:13,548 [INFO] UtilMem:75 - End SaveConfig() Used Memory: 825543216 Bytes (1073741824)
2026-04-26 12:51:13,660 [INFO] BlockDiagram:2775 - set Specific Code input for plugin: NVIC
2026-04-26 12:51:13,660 [INFO] BlockDiagram:2775 - set Specific Code input for plugin: USART
2026-04-26 12:51:13,660 [INFO] BlockDiagram:2775 - set Specific Code input for plugin: USART
2026-04-26 12:51:13,660 [INFO] BlockDiagram:2775 - set Specific Code input for plugin: SYS
2026-04-26 12:51:13,660 [INFO] BlockDiagram:2775 - set Specific Code input for plugin: GPIO
2026-04-26 12:51:13,660 [INFO] BlockDiagram:2775 - set Specific Code input for plugin: RCC
2026-04-26 12:51:13,661 [INFO] CodeGenerator:892 - code generatio: config db path: /Applications/STM32CubeIDE.app/Contents/Eclipse/plugins/com.st.stm32cube.common.mx_6.15.0.202507011659//db/
2026-04-26 12:51:13,719 [INFO] CodeEngine:265 - oldGeneratedFile, /Users/cristianpetramale/Biomed_projects/STMWorkSpace/ProgettoUART/MXTmpFiles/license.tmp_save
2026-04-26 12:51:13,841 [INFO] CodeEngine:289 - Generated code: /Users/cristianpetramale/Biomed_projects/STMWorkSpace/ProgettoUART/MXTmpFiles/license.tmp
2026-04-26 12:51:13,903 [INFO] CodeEngine:265 - oldGeneratedFile, /Users/cristianpetramale/Biomed_projects/STMWorkSpace/ProgettoUART/MXTmpFiles/gpio.tmp_save
2026-04-26 12:51:13,975 [INFO] CodeEngine:289 - Generated code: /Users/cristianpetramale/Biomed_projects/STMWorkSpace/ProgettoUART/MXTmpFiles/gpio.tmp
2026-04-26 12:51:14,079 [INFO] CodeEngine:265 - oldGeneratedFile, /Users/cristianpetramale/Biomed_projects/STMWorkSpace/ProgettoUART/Core/Src/stm32l4xx_it.c_save
2026-04-26 12:51:14,133 [INFO] CodeEngine:289 - Generated code: /Users/cristianpetramale/Biomed_projects/STMWorkSpace/ProgettoUART/Core/Src/stm32l4xx_it.c
2026-04-26 12:51:14,135 [INFO] CodeEngine:265 - oldGeneratedFile, /Users/cristianpetramale/Biomed_projects/STMWorkSpace/ProgettoUART/Core/Inc/stm32l4xx_it.h_save
2026-04-26 12:51:14,176 [INFO] CodeEngine:289 - Generated code: /Users/cristianpetramale/Biomed_projects/STMWorkSpace/ProgettoUART/Core/Inc/stm32l4xx_it.h
2026-04-26 12:51:14,204 [INFO] CodeEngine:265 - oldGeneratedFile, /Users/cristianpetramale/Biomed_projects/STMWorkSpace/ProgettoUART/Core/Src/stm32l4xx_hal_msp.c_save
2026-04-26 12:51:14,288 [INFO] CodeEngine:289 - Generated code: /Users/cristianpetramale/Biomed_projects/STMWorkSpace/ProgettoUART/Core/Src/stm32l4xx_hal_msp.c
2026-04-26 12:51:14,289 [INFO] CodeEngine:265 - oldGeneratedFile, /Users/cristianpetramale/Biomed_projects/STMWorkSpace/ProgettoUART/MXTmpFiles/system.tmp_save
2026-04-26 12:51:14,330 [INFO] CodeEngine:289 - Generated code: /Users/cristianpetramale/Biomed_projects/STMWorkSpace/ProgettoUART/MXTmpFiles/system.tmp
2026-04-26 12:51:14,334 [INFO] CodeEngine:321 - oldGeneratedFile, /Users/cristianpetramale/Biomed_projects/STMWorkSpace/ProgettoUART/Core/Inc/stm32l4xx_hal_conf.h_save
2026-04-26 12:51:14,385 [INFO] CodeEngine:345 - Generated code: /Users/cristianpetramale/Biomed_projects/STMWorkSpace/ProgettoUART/Core/Inc/stm32l4xx_hal_conf.h
2026-04-26 12:51:14,412 [INFO] CodeEngine:265 - oldGeneratedFile, /Users/cristianpetramale/Biomed_projects/STMWorkSpace/ProgettoUART/Core/Inc/main.h_save
2026-04-26 12:51:14,460 [INFO] CodeEngine:289 - Generated code: /Users/cristianpetramale/Biomed_projects/STMWorkSpace/ProgettoUART/Core/Inc/main.h
2026-04-26 12:51:14,462 [INFO] CodeEngine:265 - oldGeneratedFile, /Users/cristianpetramale/Biomed_projects/STMWorkSpace/ProgettoUART/Core/Src/main.c_save
2026-04-26 12:51:14,539 [INFO] CodeEngine:289 - Generated code: /Users/cristianpetramale/Biomed_projects/STMWorkSpace/ProgettoUART/Core/Src/main.c
2026-04-26 12:51:15,299 [INFO] ProjectBuilder:3606 - Time for Copy HAL[1] : 61mS.
2026-04-26 12:51:15,318 [INFO] ProjectBuilder:5216 - Project Generator version: 4.7.0-B52
2026-04-26 12:51:15,445 [INFO] ConfigFileManager:1595 - The Die is : DIE435
2026-04-26 12:51:17,159 [INFO] ProjectBuilder:5496 - Time for Generating toolchain IDE Files: 1841mS.
2026-04-26 12:51:17,161 [INFO] ProjectBuilder:3463 - Time for Copy CMSIS : 0mS.
2026-04-26 12:51:17,162 [INFO] ProjectBuilder:3463 - Time for Copy CMSIS : 0mS.
2026-04-26 12:52:18,142 [INFO] NvicIntPanel:101 - NVIC parent = com.st.microxplorer.plugins.ip.nvic.MultiNvicIntPanel[,0,0,0x0,invalid,layout=javax.swing.BoxLayout,alignmentX=0.0,alignmentY=0.0,border=,flags=9,maximumSize=,minimumSize=,preferredSize=]
2026-04-26 12:52:20,395 [INFO] UtilMem:75 - End SaveConfig() Used Memory: 839200880 Bytes (1073741824)
2026-04-26 12:52:21,985 [INFO] UtilMem:75 - End SaveConfig() Used Memory: 931069072 Bytes (1073741824)
2026-04-26 12:52:22,093 [INFO] BlockDiagram:2775 - set Specific Code input for plugin: NVIC
2026-04-26 12:52:22,093 [INFO] BlockDiagram:2775 - set Specific Code input for plugin: USART
2026-04-26 12:52:22,093 [INFO] BlockDiagram:2775 - set Specific Code input for plugin: USART
2026-04-26 12:52:22,093 [INFO] BlockDiagram:2775 - set Specific Code input for plugin: SYS
2026-04-26 12:52:22,094 [INFO] BlockDiagram:2775 - set Specific Code input for plugin: GPIO
2026-04-26 12:52:22,094 [INFO] BlockDiagram:2775 - set Specific Code input for plugin: RCC
2026-04-26 12:52:22,095 [INFO] CodeGenerator:892 - code generatio: config db path: /Applications/STM32CubeIDE.app/Contents/Eclipse/plugins/com.st.stm32cube.common.mx_6.15.0.202507011659//db/
2026-04-26 12:52:22,152 [INFO] CodeEngine:265 - oldGeneratedFile, /Users/cristianpetramale/Biomed_projects/STMWorkSpace/ProgettoUART/MXTmpFiles/license.tmp_save
2026-04-26 12:52:22,285 [INFO] CodeEngine:289 - Generated code: /Users/cristianpetramale/Biomed_projects/STMWorkSpace/ProgettoUART/MXTmpFiles/license.tmp
2026-04-26 12:52:22,330 [INFO] CodeEngine:265 - oldGeneratedFile, /Users/cristianpetramale/Biomed_projects/STMWorkSpace/ProgettoUART/MXTmpFiles/gpio.tmp_save
2026-04-26 12:52:22,430 [INFO] CodeEngine:289 - Generated code: /Users/cristianpetramale/Biomed_projects/STMWorkSpace/ProgettoUART/MXTmpFiles/gpio.tmp
2026-04-26 12:52:22,550 [INFO] CodeEngine:265 - oldGeneratedFile, /Users/cristianpetramale/Biomed_projects/STMWorkSpace/ProgettoUART/Core/Src/stm32l4xx_it.c_save
2026-04-26 12:52:22,606 [INFO] CodeEngine:289 - Generated code: /Users/cristianpetramale/Biomed_projects/STMWorkSpace/ProgettoUART/Core/Src/stm32l4xx_it.c
2026-04-26 12:52:22,607 [INFO] CodeEngine:265 - oldGeneratedFile, /Users/cristianpetramale/Biomed_projects/STMWorkSpace/ProgettoUART/Core/Inc/stm32l4xx_it.h_save
2026-04-26 12:52:22,647 [INFO] CodeEngine:289 - Generated code: /Users/cristianpetramale/Biomed_projects/STMWorkSpace/ProgettoUART/Core/Inc/stm32l4xx_it.h
2026-04-26 12:52:22,651 [INFO] CodeEngine:265 - oldGeneratedFile, /Users/cristianpetramale/Biomed_projects/STMWorkSpace/ProgettoUART/Core/Src/stm32l4xx_hal_msp.c_save
2026-04-26 12:52:22,722 [INFO] CodeEngine:289 - Generated code: /Users/cristianpetramale/Biomed_projects/STMWorkSpace/ProgettoUART/Core/Src/stm32l4xx_hal_msp.c
2026-04-26 12:52:22,723 [INFO] CodeEngine:265 - oldGeneratedFile, /Users/cristianpetramale/Biomed_projects/STMWorkSpace/ProgettoUART/MXTmpFiles/system.tmp_save
2026-04-26 12:52:22,762 [INFO] CodeEngine:289 - Generated code: /Users/cristianpetramale/Biomed_projects/STMWorkSpace/ProgettoUART/MXTmpFiles/system.tmp
2026-04-26 12:52:22,766 [INFO] CodeEngine:321 - oldGeneratedFile, /Users/cristianpetramale/Biomed_projects/STMWorkSpace/ProgettoUART/Core/Inc/stm32l4xx_hal_conf.h_save
2026-04-26 12:52:22,812 [INFO] CodeEngine:345 - Generated code: /Users/cristianpetramale/Biomed_projects/STMWorkSpace/ProgettoUART/Core/Inc/stm32l4xx_hal_conf.h
2026-04-26 12:52:22,828 [INFO] CodeEngine:265 - oldGeneratedFile, /Users/cristianpetramale/Biomed_projects/STMWorkSpace/ProgettoUART/Core/Inc/main.h_save
2026-04-26 12:52:22,873 [INFO] CodeEngine:289 - Generated code: /Users/cristianpetramale/Biomed_projects/STMWorkSpace/ProgettoUART/Core/Inc/main.h
2026-04-26 12:52:22,875 [INFO] CodeEngine:265 - oldGeneratedFile, /Users/cristianpetramale/Biomed_projects/STMWorkSpace/ProgettoUART/Core/Src/main.c_save
2026-04-26 12:52:22,949 [INFO] CodeEngine:289 - Generated code: /Users/cristianpetramale/Biomed_projects/STMWorkSpace/ProgettoUART/Core/Src/main.c
2026-04-26 12:52:23,099 [INFO] ProjectBuilder:3606 - Time for Copy HAL[1] : 50mS.
2026-04-26 12:52:23,101 [INFO] ProjectBuilder:5216 - Project Generator version: 4.7.0-B52
2026-04-26 12:52:23,157 [INFO] ConfigFileManager:1595 - The Die is : DIE435
2026-04-26 12:52:25,523 [INFO] ProjectBuilder:5496 - Time for Generating toolchain IDE Files: 2409mS.
2026-04-26 12:52:25,533 [INFO] ProjectBuilder:3463 - Time for Copy CMSIS : 1mS.
2026-04-26 12:52:25,536 [INFO] ProjectBuilder:3463 - Time for Copy CMSIS : 0mS.
2026-04-26 16:45:17,918 [INFO] WebApp:194 - Connection lost
2026-04-26 19:05:47,287 [INFO] WebApp:191 - Connection restablished
