2026-04-29 13:49:01,259 [INFO] Activator:176 - 


2026-04-29 13:49:01,264 [INFO] Activator:177 - !SESSION log4j initialized
2026-04-29 13:49:05,788 [INFO] LogOutputStream:77 - [STDOUT_REDIRECT] 
2026-04-29 13:49:06,832 [ERROR] LogOutputStream:75 - [STDERR_REDIRECT] 
2026-04-29 13:49:07,687 [INFO] LogOutputStream:77 - [STDOUT_REDIRECT] 
2026-04-29 13:49:08,214 [ERROR] ConfigurationRetriever:142 - IOException on connection: sw-center.st.com
2026-04-29 13:49:08,216 [ERROR] ConfigurationRetriever:142 - IOException on connection: sw-center.st.com
2026-04-29 13:49:08,217 [ERROR] ConfigurationRetriever:142 - IOException on connection: sw-center.st.com
2026-04-29 13:49:09,353 [INFO] ApplicationProperties:184 - Using Application install path: /Applications/STM32CubeIDE.app/Contents/Eclipse/plugins/com.st.stm32cube.common.mx_6.15.0.202507011659
2026-04-29 13:49:09,377 [INFO] DbMcusXml:78 - Set database path to: /Applications/STM32CubeIDE.app/Contents/Eclipse/plugins/com.st.stm32cube.common.mx_6.15.0.202507011659//db//mcu/
2026-04-29 13:49:09,378 [INFO] ApiDb:274 - Set plugin database path to: /Applications/STM32CubeIDE.app/Contents/Eclipse/plugins/com.st.stm32cube.common.mx_6.15.0.202507011659//db//plugins/boardmanager/
2026-04-29 13:49:09,378 [WARN] ApiDb:259 - Overriding images path with different value:  => /Applications/STM32CubeIDE.app/Contents/Eclipse/plugins/com.st.stm32cube.common.mx_6.15.0.202507011659//db//plugins/mcufinder/images/
2026-04-29 13:49:09,388 [INFO] ApiDb:250 - Set database path to: /Users/cristianpetramale/.stmcufinder/plugins/mcufinder//mcu/
2026-04-29 13:49:09,390 [INFO] DbMcusAds:125 - Set database path to: /Users/cristianpetramale/.stmcufinder/plugins/mcufinder//mcu/
2026-04-29 13:49:09,391 [INFO] CrossReferenceDbSqlite:203 - Set database path to: /Users/cristianpetramale/.stmcufinder/plugins/mcufinder//mcu/cs/
2026-04-29 13:49:09,521 [INFO] RulesReader:64 - Compatibility file has been processed (317 Rules)
2026-04-29 13:49:09,564 [INFO] DbMcusXml:78 - Set database path to: /Applications/STM32CubeIDE.app/Contents/Eclipse/plugins/com.st.stm32cube.common.mx_6.15.0.202507011659//db//mcu/
2026-04-29 13:49:09,564 [INFO] ApiDb:274 - Set plugin database path to: /Applications/STM32CubeIDE.app/Contents/Eclipse/plugins/com.st.stm32cube.common.mx_6.15.0.202507011659//db//plugins/boardmanager/
2026-04-29 13:49:09,564 [INFO] ApiDb:261 - Set plugin images path to: /Applications/STM32CubeIDE.app/Contents/Eclipse/plugins/com.st.stm32cube.common.mx_6.15.0.202507011659//db//plugins/mcufinder/images/
2026-04-29 13:49:09,564 [WARN] DbFile:41 - Overriding database path with different value: /Users/cristianpetramale/.stmcufinder/plugins/mcufinder/ => /Users/cristianpetramale/.stmcufinder/plugins/mcufinder
2026-04-29 13:49:09,564 [INFO] ApiDb:250 - Set database path to: /Users/cristianpetramale/.stmcufinder/plugins/mcufinder//mcu/
2026-04-29 13:49:09,564 [WARN] DbFile:41 - Overriding database path with different value: /Users/cristianpetramale/.stmcufinder/plugins/mcufinder/ => /Users/cristianpetramale/.stmcufinder/plugins/mcufinder
2026-04-29 13:49:09,564 [INFO] DbMcusAds:125 - Set database path to: /Users/cristianpetramale/.stmcufinder/plugins/mcufinder//mcu/
2026-04-29 13:49:09,565 [WARN] DbFile:41 - Overriding database path with different value: /Users/cristianpetramale/.stmcufinder/plugins/mcufinder/ => /Users/cristianpetramale/.stmcufinder/plugins/mcufinder
2026-04-29 13:49:09,565 [WARN] DbFile:41 - Overriding database path with different value: /Users/cristianpetramale/.stmcufinder/plugins/mcufinder/ => /Users/cristianpetramale/.stmcufinder/plugins/mcufinder
2026-04-29 13:49:09,565 [INFO] CrossReferenceDbSqlite:203 - Set database path to: /Users/cristianpetramale/.stmcufinder/plugins/mcufinder//mcu/cs/
2026-04-29 13:49:09,624 [INFO] MainPanel:274 - HeapMemory: 268435456
2026-04-29 13:49:09,991 [INFO] DbMcusXml:78 - Set database path to: /Applications/STM32CubeIDE.app/Contents/Eclipse/plugins/com.st.stm32cube.common.mx_6.15.0.202507011659//db//mcu/
2026-04-29 13:49:09,991 [INFO] ApiDb:274 - Set plugin database path to: /Applications/STM32CubeIDE.app/Contents/Eclipse/plugins/com.st.stm32cube.common.mx_6.15.0.202507011659//db//plugins/boardmanager/
2026-04-29 13:49:09,991 [INFO] ApiDb:261 - Set plugin images path to: /Applications/STM32CubeIDE.app/Contents/Eclipse/plugins/com.st.stm32cube.common.mx_6.15.0.202507011659//db//plugins/mcufinder/images/
2026-04-29 13:49:09,991 [WARN] DbFile:41 - Overriding database path with different value: /Users/cristianpetramale/.stmcufinder/plugins/mcufinder/ => /Users/cristianpetramale/.stmcufinder/plugins/mcufinder
2026-04-29 13:49:09,992 [INFO] ApiDb:250 - Set database path to: /Users/cristianpetramale/.stmcufinder/plugins/mcufinder//mcu/
2026-04-29 13:49:09,992 [WARN] DbFile:41 - Overriding database path with different value: /Users/cristianpetramale/.stmcufinder/plugins/mcufinder/ => /Users/cristianpetramale/.stmcufinder/plugins/mcufinder
2026-04-29 13:49:09,992 [INFO] DbMcusAds:125 - Set database path to: /Users/cristianpetramale/.stmcufinder/plugins/mcufinder//mcu/
2026-04-29 13:49:09,992 [WARN] DbFile:41 - Overriding database path with different value: /Users/cristianpetramale/.stmcufinder/plugins/mcufinder/ => /Users/cristianpetramale/.stmcufinder/plugins/mcufinder
2026-04-29 13:49:09,992 [WARN] DbFile:41 - Overriding database path with different value: /Users/cristianpetramale/.stmcufinder/plugins/mcufinder/ => /Users/cristianpetramale/.stmcufinder/plugins/mcufinder
2026-04-29 13:49:09,992 [INFO] CrossReferenceDbSqlite:203 - Set database path to: /Users/cristianpetramale/.stmcufinder/plugins/mcufinder//mcu/cs/
2026-04-29 13:49:10,008 [INFO] ApplicationProperties:184 - Using Application install path: /Applications/STM32CubeIDE.app/Contents/Eclipse/plugins/com.st.stm32cube.common.mx_6.15.0.202507011659
2026-04-29 13:49:10,010 [INFO] PluginManage:196 - Search for loadable plugins [exclusion list=, ]
2026-04-29 13:49:10,011 [INFO] PluginManage:310 - Check plugin analytics
2026-04-29 13:49:10,199 [INFO] AnalyticsPlugin:253 - Accepted Software Licenses: 
2026-04-29 13:49:10,199 [INFO] AnalyticsPlugin:255 - Accepted CMSIS Pack Licenses: 
2026-04-29 13:49:10,199 [INFO] AnalyticsPlugin:257 - Accepted Firmware Licenses: FW.L4.1.18.0
2026-04-29 13:49:10,210 [INFO] PluginManage:359 - Loaded plugin analytics (category:tool,tabindex:-1)
2026-04-29 13:49:10,211 [INFO] PluginManage:310 - Check plugin cadmodel
2026-04-29 13:49:10,214 [ERROR] ConfigurationRetriever:142 - IOException on connection: sw-center.st.com
2026-04-29 13:49:10,215 [ERROR] ConfigurationRetriever:142 - IOException on connection: sw-center.st.com
2026-04-29 13:49:10,215 [ERROR] ConfigurationRetriever:142 - IOException on connection: sw-center.st.com
2026-04-29 13:49:10,224 [INFO] CADModel:105 - Init CAD model plugin
2026-04-29 13:49:10,225 [INFO] PluginManage:359 - Loaded plugin cadmodel (category:power,tabindex:5)
2026-04-29 13:49:10,225 [INFO] PluginManage:310 - Check plugin clock
2026-04-29 13:49:10,234 [INFO] PluginManage:359 - Loaded plugin clock (category:base,tabindex:2)
2026-04-29 13:49:10,234 [INFO] PluginManage:310 - Check plugin ddr
2026-04-29 13:49:10,236 [INFO] PluginManage:359 - Loaded plugin ddr (category:tool,tabindex:6)
2026-04-29 13:49:10,236 [INFO] PluginManage:310 - Check plugin filemanager
2026-04-29 13:49:10,368 [INFO] PluginManage:359 - Loaded plugin filemanager (category:base,tabindex:10)
2026-04-29 13:49:10,369 [INFO] PluginManage:310 - Check plugin ipmanager
2026-04-29 13:49:10,374 [INFO] PluginManage:359 - Loaded plugin ipmanager (category:base,tabindex:5)
2026-04-29 13:49:10,374 [INFO] PluginManage:310 - Check plugin lpbam
2026-04-29 13:49:10,384 [INFO] PluginManage:359 - Loaded plugin lpbam (category:base,tabindex:0)
2026-04-29 13:49:10,384 [INFO] PluginManage:310 - Check plugin memorymap
2026-04-29 13:49:10,391 [INFO] PluginManage:359 - Loaded plugin memorymap (category:base,tabindex:4)
2026-04-29 13:49:10,392 [INFO] PluginManage:310 - Check plugin pinoutandconfiguration
2026-04-29 13:49:10,397 [INFO] PluginManage:359 - Loaded plugin pinoutandconfiguration (category:base,tabindex:1)
2026-04-29 13:49:10,397 [INFO] PluginManage:310 - Check plugin pinoutconfig
2026-04-29 13:49:10,472 [WARN] SupportedApi:132 - Cannot load RTOS API schema: s4s-elt-must-match.1: The content of 'definitions' must match (annotation?, (simpleType | complexType)?, (unique | key | keyref)*)). A problem was found starting at: attribute.
2026-04-29 13:49:10,588 [INFO] PluginManage:359 - Loaded plugin pinoutconfig (category:base,tabindex:0)
2026-04-29 13:49:10,589 [INFO] PluginManage:310 - Check plugin power
2026-04-29 13:49:10,599 [INFO] PluginManage:359 - Loaded plugin power (category:power,tabindex:4)
2026-04-29 13:49:10,600 [INFO] PluginManage:310 - Check plugin projectmanager
2026-04-29 13:49:10,623 [INFO] PluginManage:359 - Loaded plugin projectmanager (category:projectmanager,tabindex:4)
2026-04-29 13:49:10,623 [INFO] PluginManage:310 - Check plugin rif
2026-04-29 13:49:10,631 [INFO] PluginManage:359 - Loaded plugin rif (category:base,tabindex:3)
2026-04-29 13:49:10,632 [INFO] PluginManage:310 - Check plugin thirdparty
2026-04-29 13:49:10,776 [INFO] PluginManage:359 - Loaded plugin thirdparty (category:base,tabindex:-1)
2026-04-29 13:49:10,776 [INFO] PluginManage:310 - Check plugin tools
2026-04-29 13:49:10,776 [WARN] IntegrityCheckThread:84 - waiting for thirdparty lock release [integrity check]
2026-04-29 13:49:10,777 [INFO] IntegrityCheckThread:86 - entering critical section [integrity check]
2026-04-29 13:49:10,777 [INFO] ThirdPartyUpdaterWithRetryManager:70 - Updater plugin not ready yet. [1/15]
2026-04-29 13:49:10,779 [INFO] PluginManage:359 - Loaded plugin tools (category:base,tabindex:7)
2026-04-29 13:49:10,779 [INFO] PluginManage:310 - Check plugin tutovideos
2026-04-29 13:49:10,918 [INFO] PluginManage:359 - Loaded plugin tutovideos (category:base,tabindex:-1)
2026-04-29 13:49:10,918 [INFO] PluginManage:310 - Check plugin updater
2026-04-29 13:49:10,943 [INFO] PluginManage:359 - Loaded plugin updater (category:base,tabindex:12)
2026-04-29 13:49:10,943 [INFO] PluginManage:310 - Check plugin userauth
2026-04-29 13:49:10,946 [INFO] UserAuth:118 - Init User Auth plugin
2026-04-29 13:49:10,947 [INFO] PluginManage:359 - Loaded plugin userauth (category:base,tabindex:14)
2026-04-29 13:49:10,947 [INFO] PluginManage:283 - PluginManage : Loaded plugins [18]
2026-04-29 13:49:11,131 [INFO] PinOutPanel:1589 - setPackage(No Configuration,No Configuration)
2026-04-29 13:49:11,197 [INFO] CADModel:165 - CPN selected for project level
2026-04-29 13:49:11,197 [INFO] CADModel:114 - Register for checkConnection events
2026-04-29 13:49:11,207 [INFO] IPUIPlugin:80 - create IPUIPlugin
2026-04-29 13:49:11,207 [INFO] PluginManager:220 - loadIPPluginJar : add mdma
2026-04-29 13:49:11,212 [INFO] IPUIPlugin:80 - create IPUIPlugin
2026-04-29 13:49:11,213 [INFO] PluginManager:220 - loadIPPluginJar : add freertos
2026-04-29 13:49:11,230 [INFO] IPUIPlugin:80 - create IPUIPlugin
2026-04-29 13:49:11,230 [INFO] PluginManager:220 - loadIPPluginJar : add gic
2026-04-29 13:49:11,238 [INFO] IPUIPlugin:80 - create IPUIPlugin
2026-04-29 13:49:11,239 [INFO] PluginManager:220 - loadIPPluginJar : add adc
2026-04-29 13:49:11,240 [INFO] IPUIPlugin:80 - create IPUIPlugin
2026-04-29 13:49:11,240 [INFO] PluginManager:220 - loadIPPluginJar : add gtzc
2026-04-29 13:49:11,242 [INFO] IPUIPlugin:80 - create IPUIPlugin
2026-04-29 13:49:11,242 [INFO] PluginManager:220 - loadIPPluginJar : add quadspi
2026-04-29 13:49:11,243 [INFO] IPUIPlugin:80 - create IPUIPlugin
2026-04-29 13:49:11,244 [INFO] PluginManager:220 - loadIPPluginJar : add aes
2026-04-29 13:49:11,245 [INFO] IPUIPlugin:80 - create IPUIPlugin
2026-04-29 13:49:11,245 [INFO] PluginManager:220 - loadIPPluginJar : add pdm2pcm
2026-04-29 13:49:11,246 [INFO] IPUIPlugin:80 - create IPUIPlugin
2026-04-29 13:49:11,246 [INFO] PluginManager:220 - loadIPPluginJar : add hash
2026-04-29 13:49:11,247 [INFO] IPUIPlugin:80 - create IPUIPlugin
2026-04-29 13:49:11,247 [INFO] PluginManager:220 - loadIPPluginJar : add tim
2026-04-29 13:49:11,248 [INFO] IPUIPlugin:80 - create IPUIPlugin
2026-04-29 13:49:11,248 [INFO] PluginManager:220 - loadIPPluginJar : add tsc
2026-04-29 13:49:11,250 [INFO] IPUIPlugin:80 - create IPUIPlugin
2026-04-29 13:49:11,250 [INFO] PluginManager:220 - loadIPPluginJar : add extmemmanager
2026-04-29 13:49:11,251 [INFO] IPUIPlugin:80 - create IPUIPlugin
2026-04-29 13:49:11,251 [INFO] PluginManager:220 - loadIPPluginJar : add ts
2026-04-29 13:49:11,252 [INFO] IPUIPlugin:80 - create IPUIPlugin
2026-04-29 13:49:11,252 [INFO] PluginManager:220 - loadIPPluginJar : add radio
2026-04-29 13:49:11,253 [INFO] IPUIPlugin:80 - create IPUIPlugin
2026-04-29 13:49:11,253 [INFO] PluginManager:220 - loadIPPluginJar : add can
2026-04-29 13:49:11,254 [INFO] IPUIPlugin:80 - create IPUIPlugin
2026-04-29 13:49:11,254 [INFO] PluginManager:220 - loadIPPluginJar : add dma3
2026-04-29 13:49:11,256 [INFO] IPUIPlugin:80 - create IPUIPlugin
2026-04-29 13:49:11,256 [INFO] PluginManager:220 - loadIPPluginJar : add dfsdm
2026-04-29 13:49:11,257 [INFO] IPUIPlugin:80 - create IPUIPlugin
2026-04-29 13:49:11,258 [INFO] PluginManager:220 - loadIPPluginJar : add spi
2026-04-29 13:49:11,259 [INFO] IPUIPlugin:80 - create IPUIPlugin
2026-04-29 13:49:11,260 [INFO] PluginManager:220 - loadIPPluginJar : add gfxmmu
2026-04-29 13:49:11,260 [INFO] IPUIPlugin:80 - create IPUIPlugin
2026-04-29 13:49:11,261 [INFO] PluginManager:220 - loadIPPluginJar : add genericplugin
2026-04-29 13:49:11,262 [INFO] IPUIPlugin:80 - create IPUIPlugin
2026-04-29 13:49:11,262 [INFO] PluginManager:220 - loadIPPluginJar : add cryp
2026-04-29 13:49:11,265 [INFO] IPUIPlugin:80 - create IPUIPlugin
2026-04-29 13:49:11,266 [INFO] PluginManager:220 - loadIPPluginJar : add gpio
2026-04-29 13:49:11,268 [INFO] IPUIPlugin:80 - create IPUIPlugin
2026-04-29 13:49:11,268 [INFO] PluginManager:220 - loadIPPluginJar : add ddr_ctrl_phy
2026-04-29 13:49:11,270 [INFO] IPUIPlugin:80 - create IPUIPlugin
2026-04-29 13:49:11,270 [INFO] PluginManager:220 - loadIPPluginJar : add comp
2026-04-29 13:49:11,271 [INFO] IPUIPlugin:80 - create IPUIPlugin
2026-04-29 13:49:11,271 [INFO] PluginManager:220 - loadIPPluginJar : add tracer_emb
2026-04-29 13:49:11,272 [INFO] IPUIPlugin:80 - create IPUIPlugin
2026-04-29 13:49:11,272 [INFO] PluginManager:220 - loadIPPluginJar : add openamp
2026-04-29 13:49:11,275 [INFO] IPUIPlugin:80 - create IPUIPlugin
2026-04-29 13:49:11,275 [INFO] PluginManager:220 - loadIPPluginJar : add stm32_wpan
2026-04-29 13:49:11,278 [INFO] IPUIPlugin:80 - create IPUIPlugin
2026-04-29 13:49:11,281 [INFO] PluginManager:220 - loadIPPluginJar : add plateformsettings
2026-04-29 13:49:11,283 [INFO] IPUIPlugin:80 - create IPUIPlugin
2026-04-29 13:49:11,283 [INFO] PluginManager:220 - loadIPPluginJar : add ipddr
2026-04-29 13:49:11,284 [INFO] IPUIPlugin:80 - create IPUIPlugin
2026-04-29 13:49:11,284 [INFO] PluginManager:220 - loadIPPluginJar : add usart
2026-04-29 13:49:11,285 [INFO] IPUIPlugin:80 - create IPUIPlugin
2026-04-29 13:49:11,285 [INFO] PluginManager:220 - loadIPPluginJar : add ltdc
2026-04-29 13:49:11,286 [INFO] IPUIPlugin:80 - create IPUIPlugin
2026-04-29 13:49:11,287 [INFO] PluginManager:220 - loadIPPluginJar : add nvic
2026-04-29 13:49:11,287 [INFO] IPUIPlugin:80 - create IPUIPlugin
2026-04-29 13:49:11,287 [INFO] PluginManager:220 - loadIPPluginJar : add fatfs
2026-04-29 13:49:11,291 [INFO] IPUIPlugin:80 - create IPUIPlugin
2026-04-29 13:49:11,291 [INFO] PluginManager:220 - loadIPPluginJar : add linkedlist
2026-04-29 13:49:11,294 [INFO] IPUIPlugin:80 - create IPUIPlugin
2026-04-29 13:49:11,294 [INFO] PluginManager:220 - loadIPPluginJar : add dma
2026-04-29 13:49:11,296 [INFO] IPUIPlugin:80 - create IPUIPlugin
2026-04-29 13:49:11,296 [INFO] PluginManager:220 - loadIPPluginJar : add fmc
2026-04-29 13:49:11,297 [INFO] IPUIPlugin:80 - create IPUIPlugin
2026-04-29 13:49:11,297 [INFO] PluginManager:220 - loadIPPluginJar : add i2s
2026-04-29 13:49:11,298 [INFO] IPUIPlugin:80 - create IPUIPlugin
2026-04-29 13:49:11,298 [INFO] PluginManager:220 - loadIPPluginJar : add ucpd
2026-04-29 13:49:11,299 [INFO] IPUIPlugin:80 - create IPUIPlugin
2026-04-29 13:49:11,299 [INFO] PluginManager:220 - loadIPPluginJar : add lorawan
2026-04-29 13:49:11,300 [INFO] IPUIPlugin:80 - create IPUIPlugin
2026-04-29 13:49:11,300 [INFO] PluginManager:220 - loadIPPluginJar : add opamp
2026-04-29 13:49:11,302 [INFO] IPUIPlugin:80 - create IPUIPlugin
2026-04-29 13:49:11,302 [INFO] PluginManager:220 - loadIPPluginJar : add i3c
2026-04-29 13:49:11,304 [INFO] IPUIPlugin:80 - create IPUIPlugin
2026-04-29 13:49:11,306 [INFO] PluginManager:220 - loadIPPluginJar : add touchsensing
2026-04-29 13:49:11,309 [INFO] IPUIPlugin:80 - create IPUIPlugin
2026-04-29 13:49:11,309 [INFO] PluginManager:220 - loadIPPluginJar : add i2c
2026-04-29 13:49:11,310 [INFO] IPUIPlugin:80 - create IPUIPlugin
2026-04-29 13:49:11,310 [INFO] PluginManager:220 - loadIPPluginJar : add resmgrutility
2026-04-29 13:49:11,312 [INFO] IPUIPlugin:80 - create IPUIPlugin
2026-04-29 13:49:11,312 [INFO] PluginManager:220 - loadIPPluginJar : add sai
2026-04-29 13:49:11,314 [INFO] IPUIPlugin:80 - create IPUIPlugin
2026-04-29 13:49:11,314 [INFO] PluginManager:220 - loadIPPluginJar : add usbx
2026-04-29 13:49:11,434 [FATAL] Updater:351 - Updater called before beeing initialized
2026-04-29 13:49:11,482 [INFO] RulesReader:64 - Compatibility file has been processed (317 Rules)
2026-04-29 13:49:11,498 [INFO] RulesReader:64 - Compatibility file has been processed (317 Rules)
2026-04-29 13:49:11,505 [INFO] CADModel:165 - CPN selected for project level
2026-04-29 13:49:11,505 [INFO] CADModel:114 - Register for checkConnection events
2026-04-29 13:49:11,505 [FATAL] Updater:351 - Updater called before beeing initialized
2026-04-29 13:49:11,506 [ERROR] CADModel:125 - Updater not yet initialized, retry later 
2026-04-29 13:49:11,700 [FATAL] Updater:351 - Updater called before beeing initialized
2026-04-29 13:49:11,701 [INFO] CADModel:165 - CPN selected for project level
2026-04-29 13:49:11,701 [INFO] CADModel:114 - Register for checkConnection events
2026-04-29 13:49:11,702 [FATAL] Updater:351 - Updater called before beeing initialized
2026-04-29 13:49:11,702 [ERROR] CADModel:125 - Updater not yet initialized, retry later 
2026-04-29 13:49:11,703 [FATAL] Updater:351 - Updater called before beeing initialized
2026-04-29 13:49:11,854 [FATAL] Updater:351 - Updater called before beeing initialized
2026-04-29 13:49:11,859 [INFO] DbMcusAds:53 - JSON generation date=Fri Apr 10 11:19:02 CEST 2026 (1775812742310)
2026-04-29 13:49:11,859 [FATAL] Updater:351 - Updater called before beeing initialized
2026-04-29 13:49:11,912 [WARN] DetailPanel:346 - Failed to get advertising image, set to default
2026-04-29 13:49:11,971 [FATAL] Updater:351 - Updater called before beeing initialized
2026-04-29 13:49:11,972 [FATAL] Updater:351 - Updater called before beeing initialized
2026-04-29 13:49:11,972 [FATAL] Updater:351 - Updater called before beeing initialized
2026-04-29 13:49:11,972 [WARN] DetailPanel:346 - Failed to get advertising image, set to default
2026-04-29 13:49:11,973 [FATAL] Updater:351 - Updater called before beeing initialized
2026-04-29 13:49:12,013 [ERROR] Updater:1198 - MainUpdater not yet initialized. External WinMGr cannot be set.
2026-04-29 13:49:12,019 [INFO] Updater:1134 - Updater Version found : 6.15.0
2026-04-29 13:49:12,030 [INFO] ApplicationProperties:184 - Using Application install path: /Applications/STM32CubeIDE.app/Contents/Eclipse/plugins/com.st.stm32cube.common.mx_6.15.0.202507011659
2026-04-29 13:49:12,254 [INFO] MainUpdater:2872 - connection check result : 22
2026-04-29 13:49:12,254 [INFO] MainUpdater:289 - Updater Check For Update Now.
2026-04-29 13:49:12,254 [INFO] MicroXplorer:498 - Change Database Version : DB.6.0.150
2026-04-29 13:49:12,262 [INFO] McuFinderGlobals:63 - Set McuFinder mode to 2 (CubeIDE integrated)
2026-04-29 13:49:12,263 [INFO] UserAuth:487 - Internet connection configuration mode: 2
2026-04-29 13:49:12,280 [INFO] UserAuth:487 - Internet connection configuration mode: 2
2026-04-29 13:49:12,558 [INFO] CheckServerUpdateThread:120 - End of CheckServer Thread
2026-04-29 13:49:14,031 [WARN] PackLoader:240 - Cannot read IP mode file for STMicroelectronics.X-CUBE-AZRTOS-H7.3.5.0
2026-04-29 13:49:14,073 [WARN] PackLoader:240 - Cannot read IP mode file for STMicroelectronics.FP-ATR-ASTRA1.2.0.2
2026-04-29 13:49:14,087 [WARN] PackLoader:240 - Cannot read IP mode file for STMicroelectronics.X-CUBE-SMBUS.2.1.0
2026-04-29 13:49:14,126 [WARN] PackLoader:240 - Cannot read IP mode file for STMicroelectronics.X-CUBE-AZRTOS-F7.1.1.0
2026-04-29 13:49:14,155 [WARN] PackLoader:240 - Cannot read IP mode file for WES.I-CUBE-Cesium.1.4.0
2026-04-29 13:49:14,175 [WARN] PackLoader:240 - Cannot read IP mode file for STMicroelectronics.X-CUBE-DISPLAY.3.0.0
2026-04-29 13:49:14,235 [WARN] PackLoader:240 - Cannot read IP mode file for STMicroelectronics.X-CUBE-NFC10.1.0.0
2026-04-29 13:49:14,267 [WARN] PackLoader:240 - Cannot read IP mode file for STMicroelectronics.X-CUBE-ST60.1.1.0
2026-04-29 13:49:14,278 [WARN] PackLoader:240 - Cannot read IP mode file for emotas.I-CUBE-CANOPEN.1.3.0
2026-04-29 13:49:14,288 [WARN] PackLoader:240 - Cannot read IP mode file for STMicroelectronics.FP-SNS-SMARTAG2.1.2.0
2026-04-29 13:49:14,294 [WARN] PackLoader:240 - Cannot read IP mode file for STMicroelectronics.FP-SNS-FLIGHT1.5.1.0
2026-04-29 13:49:14,310 [INFO] LogOutputStream:77 - [STDOUT_REDIRECT] 1 : Invalid condition id : UX_CORESTACK_Condition cause : null
2026-04-29 13:49:14,311 [INFO] LogOutputStream:77 - [STDOUT_REDIRECT] 1 : Invalid condition id : UX_CORESTACK_Condition cause : null
2026-04-29 13:49:14,311 [INFO] LogOutputStream:77 - [STDOUT_REDIRECT] 1 : Invalid condition id : UX_CORESTACK_Condition cause : null
2026-04-29 13:49:14,311 [INFO] LogOutputStream:77 - [STDOUT_REDIRECT] 1 : Invalid condition id : UX_CORESTACK_Condition cause : null
2026-04-29 13:49:14,311 [INFO] LogOutputStream:77 - [STDOUT_REDIRECT] 1 : Invalid condition id : UX_CORESTACK_Condition cause : null
2026-04-29 13:49:14,327 [WARN] PackLoader:240 - Cannot read IP mode file for STMicroelectronics.X-CUBE-AZRTOS-WL.2.0.0
2026-04-29 13:49:14,373 [WARN] PackLoader:240 - Cannot read IP mode file for STMicroelectronics.X-CUBE-AZRTOS-H7RS.1.2.0
2026-04-29 13:49:14,392 [WARN] PackLoader:240 - Cannot read IP mode file for STMicroelectronics.X-CUBE-BLE2.3.3.0
2026-04-29 13:49:14,459 [WARN] PackLoader:240 - Cannot read IP mode file for Infineon.AIROC-Wi-Fi-Bluetooth-STM32.1.8.0
2026-04-29 13:49:14,485 [WARN] PackLoader:240 - Cannot read IP mode file for STMicroelectronics.X-CUBE-NFC9.1.0.0
2026-04-29 13:49:14,493 [WARN] PackLoader:240 - Cannot read IP mode file for STMicroelectronics.X-CUBE-BLE1.7.1.0
2026-04-29 13:49:14,496 [WARN] PackLoader:240 - Cannot read IP mode file for wolfSSL.I-CUBE-wolfMQTT.1.19.2
2026-04-29 13:49:14,500 [WARN] PackLoader:240 - Cannot read IP mode file for wolfSSL.I-CUBE-wolfSSL.5.8.4
2026-04-29 13:49:14,503 [WARN] PackLoader:240 - Cannot read IP mode file for Cesanta.I-CUBE-Mongoose.7.20.0
2026-04-29 13:49:14,509 [WARN] PackLoader:240 - Cannot read IP mode file for STMicroelectronics.FP-SNS-STAIOTCFT.1.1.0
2026-04-29 13:49:14,530 [WARN] PackLoader:240 - Cannot read IP mode file for STMicroelectronics.X-CUBE-AZRTOS-G0.1.1.0
2026-04-29 13:49:14,540 [WARN] PackLoader:240 - Cannot read IP mode file for STMicroelectronics.X-CUBE-NFC4.3.0.0
2026-04-29 13:49:14,559 [WARN] PackLoader:240 - Cannot read IP mode file for EmbeddedOffice.I-CUBE-FS-RTOS.1.0.1
2026-04-29 13:49:14,570 [WARN] PackLoader:240 - Cannot read IP mode file for wolfSSL.I-CUBE-wolfTPM.3.8.0
2026-04-29 13:49:14,579 [WARN] PackLoader:240 - Cannot read IP mode file for STMicroelectronics.X-CUBE-TCPP.4.2.0
2026-04-29 13:49:14,592 [WARN] PackLoader:240 - Cannot read IP mode file for RealThread.X-CUBE-RT-Thread_Nano.4.1.1
2026-04-29 13:49:14,604 [WARN] PackLoader:240 - Cannot read IP mode file for STMicroelectronics.FP-ATR-SIGFOX1.3.2.0
2026-04-29 13:49:14,609 [WARN] PackLoader:240 - Cannot read IP mode file for ITTIA_DB.I-CUBE-ITTIADB.8.9.0
2026-04-29 13:49:14,658 [WARN] PackLoader:240 - Cannot read IP mode file for SEGGER.I-CUBE-embOS.1.3.1
2026-04-29 13:49:14,899 [WARN] PackLoader:240 - Cannot read IP mode file for STMicroelectronics.X-CUBE-ALGOBUILD.1.4.0
2026-04-29 13:49:14,941 [WARN] PackLoader:240 - Cannot read IP mode file for STMicroelectronics.X-CUBE-PM33A1.1.0.0
2026-04-29 13:49:14,981 [WARN] PackLoader:240 - Cannot read IP mode file for STMicroelectronics.X-CUBE-AZRTOS-F4.1.1.0
2026-04-29 13:49:14,997 [WARN] PackLoader:240 - Cannot read IP mode file for STMicroelectronics.X-CUBE-ISPU.2.1.0
2026-04-29 13:49:15,002 [WARN] PackLoader:240 - Cannot read IP mode file for STMicroelectronics.eDS-WB_DPC_TT-BIDIR.2.1.1
2026-04-29 13:49:15,019 [WARN] PackLoader:240 - Cannot read IP mode file for STMicroelectronics.X-CUBE-AZRTOS-L5.2.0.0
2026-04-29 13:49:15,026 [WARN] PackLoader:240 - Cannot read IP mode file for STMicroelectronics.eDS-WB_DPC_VIENNA.1.2.0
2026-04-29 13:49:15,028 [WARN] PackLoader:240 - Cannot read IP mode file for STMicroelectronics.eDS-WB_DPC_3PH2L-BIDIR.1.1.1
2026-04-29 13:49:15,057 [ERROR] Engine:466 - /Users/cristianpetramale/.stm32cubemx/thirdparties/pdsc/STMicroelectronics.X-CUBE-ST67W61.1.3.0.pdsc: PDSC version is not supported
2026-04-29 13:49:15,071 [WARN] PackLoader:240 - Cannot read IP mode file for STMicroelectronics.X-CUBE-TOUCHGFX.4.26.1
2026-04-29 13:49:15,078 [WARN] PackLoader:240 - Cannot read IP mode file for STMicroelectronics.FP-SNS-STAIOTCFT.1.0.0
2026-04-29 13:49:15,084 [WARN] PackLoader:240 - Cannot read IP mode file for STMicroelectronics.X-CUBE-DPower.1.3.0
2026-04-29 13:49:15,103 [WARN] ConditionMgr:438 - getConditionDescription Invalid condition id : LAN8742 Phy interface Condition cause : null
2026-04-29 13:49:15,104 [WARN] PackLoader:240 - Cannot read IP mode file for STMicroelectronics.X-CUBE-AZRTOS-L4.2.0.0
2026-04-29 13:49:15,107 [WARN] ConditionMgr:1044 - genDependencies : Invalid condition id : LAN8742 Phy interface Condition cause : null
2026-04-29 13:49:15,107 [WARN] ConditionMgr:1044 - genDependencies : Invalid condition id : LAN8742 Phy interface Condition cause : null
2026-04-29 13:49:15,109 [WARN] ConditionMgr:1044 - genDependencies : Invalid condition id : LAN8742 Phy interface Condition cause : null
2026-04-29 13:49:15,116 [WARN] PackLoader:240 - Cannot read IP mode file for STMicroelectronics.X-CUBE-SFXS2LP1.4.0.0
2026-04-29 13:49:15,123 [WARN] PackLoader:240 - Cannot read IP mode file for STMicroelectronics.X-CUBE-WB05N.2.1.0
2026-04-29 13:49:15,133 [WARN] PackLoader:240 - Cannot read IP mode file for STMicroelectronics.X-CUBE-ST67W61.1.2.0
2026-04-29 13:49:15,146 [WARN] ConditionMgr:438 - getConditionDescription Invalid condition id : UX DEVICE CLASS RTOS Condition cause : null
2026-04-29 13:49:15,146 [WARN] ConditionMgr:438 - getConditionDescription Invalid condition id : UX DEVICE CLASS RTOS Condition cause : null
2026-04-29 13:49:15,150 [WARN] PackLoader:240 - Cannot read IP mode file for STMicroelectronics.X-CUBE-AZRTOS-WB.2.0.0
2026-04-29 13:49:15,151 [WARN] ConditionMgr:1044 - genDependencies : Invalid condition id : UX DEVICE CLASS RTOS Condition cause : null
2026-04-29 13:49:15,151 [WARN] ConditionMgr:1044 - genDependencies : Invalid condition id : UX DEVICE CLASS RTOS Condition cause : null
2026-04-29 13:49:15,151 [WARN] ConditionMgr:1044 - genDependencies : Invalid condition id : UX DEVICE CLASS RTOS Condition cause : null
2026-04-29 13:49:15,152 [WARN] ConditionMgr:1044 - genDependencies : Invalid condition id : UX DEVICE CLASS RTOS Condition cause : null
2026-04-29 13:49:15,152 [WARN] ConditionMgr:1044 - genDependencies : Invalid condition id : UX DEVICE CLASS RTOS Condition cause : null
2026-04-29 13:49:15,155 [WARN] ConditionMgr:438 - getConditionDescription Invalid condition id : Cortex-A Device cause : null
2026-04-29 13:49:15,178 [WARN] ConditionMgr:1044 - genDependencies : Invalid condition id : Cortex-A Device cause : null
2026-04-29 13:49:15,178 [WARN] ConditionMgr:1044 - genDependencies : Invalid condition id : Cortex-A Device cause : null
2026-04-29 13:49:15,179 [WARN] ConditionMgr:1044 - genDependencies : Invalid condition id : Cortex-A Device cause : null
2026-04-29 13:49:15,185 [WARN] PackLoader:240 - Cannot read IP mode file for STMicroelectronics.X-CUBE-STSE01.2.0.0
2026-04-29 13:49:15,198 [WARN] PackLoader:240 - Cannot read IP mode file for STMicroelectronics.X-CUBE-SUBG2.5.0.0
2026-04-29 13:49:15,221 [WARN] PackLoader:240 - Cannot read IP mode file for STMicroelectronics.X-CUBE-AZRTOS-G4.2.0.0
2026-04-29 13:49:15,226 [WARN] PackLoader:240 - Cannot read IP mode file for wolfSSL.I-CUBE-wolfSSH.1.4.20
2026-04-29 13:49:15,230 [WARN] PackLoader:240 - Cannot read IP mode file for STMicroelectronics.X-CUBE-NFC7.2.0.0
2026-04-29 13:49:15,233 [WARN] PackLoader:240 - Cannot read IP mode file for STMicroelectronics.X-CUBE-ALS.1.0.2
2026-04-29 13:49:15,244 [WARN] PackLoader:240 - Cannot read IP mode file for STMicroelectronics.X-CUBE-TOF1.3.4.3
2026-04-29 13:49:15,269 [INFO] ThirdParty:978 - Integrity check success = true
2026-04-29 13:49:15,269 [INFO] IntegrityCheckThread:100 - exiting critical section [integrity check]
2026-04-29 13:49:15,269 [INFO] IntegrityCheckThread:103 - End integrity checks thread
2026-04-29 13:50:50,071 [INFO] McuFinderGlobals:63 - Set McuFinder mode to 2 (CubeIDE integrated)
2026-04-29 13:50:51,055 [INFO] MainUpdater:2872 - connection check result : 10
2026-04-29 13:50:51,056 [INFO] MainUpdater:2872 - connection check result : 10
2026-04-29 13:50:53,481 [INFO] MicroXplorer:468 - Change Database Path : 
2026-04-29 13:50:53,481 [INFO] MicroXplorer:498 - Change Database Version : DB.6.0.150
2026-04-29 13:50:53,491 [WARN] ThirdParty:871 - waiting for thirdparty lock release [close project]
2026-04-29 13:50:53,491 [INFO] ThirdParty:873 - entering critical section [close project]
2026-04-29 13:50:53,492 [INFO] ThirdParty:883 - exiting critical section [close project]
2026-04-29 13:50:53,497 [INFO] PinOutPanel:1589 - setPackage(No Configuration,No Configuration)
2026-04-29 13:50:53,502 [INFO] UtilMem:75 - Begin LoadConfig() Used Memory: 223444816 Bytes (270532608)
2026-04-29 13:50:53,503 [INFO] MicroXplorer:468 - Change Database Path : 
2026-04-29 13:50:53,503 [INFO] MicroXplorer:498 - Change Database Version : DB.6.0.150
2026-04-29 13:50:53,504 [INFO] OpenFileManager:355 - Change cursor
2026-04-29 13:50:53,568 [INFO] Mcu:2029 - Initializing MCU STM32L432K(B-C)Ux STM32L432KCUx STM32L432KCU3
2026-04-29 13:50:54,998 [INFO] Context:786 - Trying to add GPIOservice into a context  which must be forbidden
2026-04-29 13:50:55,541 [INFO] ImportTextPane:234 - (OptionalMessage_ERROR) Pin6 (VP_RIF_VS_RIF1) cannot be retrieved for this MCU
2026-04-29 13:50:55,839 [INFO] RtosManager:558 - Registered RTOS mode: class=CMSIS, group=RTOS, mode=CMSIS_V1, owner=FREERTOS
2026-04-29 13:50:55,846 [INFO] RtosManager:558 - Registered RTOS mode: class=CMSIS, group=RTOS2, mode=CMSIS_V2, owner=FREERTOS
2026-04-29 13:50:55,847 [INFO] RtosManager:558 - Registered RTOS mode: class=RTOS, group=Core, mode=CMSIS_V1, owner=FREERTOS
2026-04-29 13:50:55,847 [INFO] RtosManager:558 - Registered RTOS mode: class=RTOS, group=Core, mode=CMSIS_V2, owner=FREERTOS
2026-04-29 13:50:55,848 [WARN] ModelIntegratedComponent:184 - Missing modes for component STMicroelectronics:FreeRTOS:0.0.1:STMicroelectronics:RTOS:FreeRTOS:Core:::10.2.0:
2026-04-29 13:50:55,864 [WARN] ModelIntegratedComponent:63 - No mode defined for component null
2026-04-29 13:50:55,864 [WARN] ModelIntegratedComponent:63 - No mode defined for component null
2026-04-29 13:50:55,864 [WARN] ModelIntegratedComponent:63 - No mode defined for component null
2026-04-29 13:50:55,864 [WARN] ModelIntegratedComponent:63 - No mode defined for component null
2026-04-29 13:50:55,864 [WARN] ModelIntegratedComponent:63 - No mode defined for component null
2026-04-29 13:50:55,864 [WARN] ModelIntegratedComponent:63 - No mode defined for component null
2026-04-29 13:50:55,864 [WARN] ModelIntegratedComponent:63 - No mode defined for component null
2026-04-29 13:50:55,864 [WARN] ModelIntegratedComponent:63 - No mode defined for component null
2026-04-29 13:50:55,864 [WARN] ModelIntegratedComponent:63 - No mode defined for component null
2026-04-29 13:50:55,864 [WARN] ModelIntegratedComponent:63 - No mode defined for component null
2026-04-29 13:50:55,864 [WARN] ModelIntegratedComponent:63 - No mode defined for component null
2026-04-29 13:50:55,864 [WARN] ModelIntegratedComponent:63 - No mode defined for component null
2026-04-29 13:50:55,864 [WARN] ModelIntegratedComponent:63 - No mode defined for component null
2026-04-29 13:50:55,864 [WARN] ModelIntegratedComponent:63 - No mode defined for component null
2026-04-29 13:50:55,864 [WARN] ModelIntegratedComponent:63 - No mode defined for component null
2026-04-29 13:50:55,865 [WARN] ModelIntegratedComponent:63 - No mode defined for component null
2026-04-29 13:50:55,865 [WARN] ModelIntegratedComponent:63 - No mode defined for component null
2026-04-29 13:50:55,865 [WARN] ModelIntegratedComponent:63 - No mode defined for component null
2026-04-29 13:50:55,865 [WARN] ModelIntegratedComponent:63 - No mode defined for component null
2026-04-29 13:50:55,865 [WARN] ModelIntegratedComponent:63 - No mode defined for component null
2026-04-29 13:50:55,865 [WARN] ModelIntegratedComponent:63 - No mode defined for component null
2026-04-29 13:50:55,865 [WARN] ModelIntegratedComponent:63 - No mode defined for component null
2026-04-29 13:50:55,865 [WARN] ModelIntegratedComponent:63 - No mode defined for component null
2026-04-29 13:50:55,865 [WARN] ModelIntegratedComponent:63 - No mode defined for component null
2026-04-29 13:50:55,865 [WARN] ModelIntegratedComponent:63 - No mode defined for component null
2026-04-29 13:50:55,865 [WARN] ModelIntegratedComponent:63 - No mode defined for component null
2026-04-29 13:50:55,865 [WARN] ModelIntegratedComponent:63 - No mode defined for component null
2026-04-29 13:50:55,865 [WARN] ModelIntegratedComponent:63 - No mode defined for component null
2026-04-29 13:50:55,865 [WARN] ModelIntegratedComponent:63 - No mode defined for component null
2026-04-29 13:50:55,865 [WARN] ModelIntegratedComponent:63 - No mode defined for component null
2026-04-29 13:50:55,865 [WARN] ModelIntegratedComponent:63 - No mode defined for component null
2026-04-29 13:50:55,865 [WARN] ModelIntegratedComponent:63 - No mode defined for component null
2026-04-29 13:50:55,865 [WARN] ModelIntegratedComponent:63 - No mode defined for component null
2026-04-29 13:50:55,865 [WARN] ModelIntegratedComponent:63 - No mode defined for component null
2026-04-29 13:50:55,865 [WARN] ModelIntegratedComponent:63 - No mode defined for component null
2026-04-29 13:50:55,866 [WARN] ModelPack:524 - Component already loaded: STMicroelectronics:HAL Drivers:0.0.0:STMicroelectronics:Device:STMicro_Driver:XSPI:HAL::0.0.1:HAL_XSPI
2026-04-29 13:50:55,902 [INFO] ThirdPartyModel:298 - Start build external matchings
2026-04-29 13:50:55,968 [INFO] ThirdPartyModel:316 - End build external matchings
2026-04-29 13:50:56,996 [INFO] ApiDb:581 - Connected to CubeFinder SQLite database (/Users/cristianpetramale/.stmcufinder/plugins/mcufinder/mcu/cube-finder-db.db)
2026-04-29 13:50:57,038 [INFO] ApiDb:668 - CubeFinder database Data Model version=2.1
2026-04-29 13:50:57,038 [INFO] ApiDb:669 - CubeFinder database Configuration version=3.0.42
2026-04-29 13:50:57,039 [INFO] ApiDb:670 - CubeFinder database generation date=2026-03-11 (1773229989)
2026-04-29 13:50:57,039 [INFO] ApiDb:671 - CubeFinder database FW Pack versions=[FP-ATR-ASTRA1_V2.0.0, FP-SNS-FLIGHT1_V5.1.0, FP-SNS-MOTENV1_V5.1.0, FP-SNS-MOTENVWB1_V1.5.0, FP-SNS-SMARTAG2_V1.2.0, FP-SNS-STBOX1_V2.1.0, STM32Cube_FW_C0_V1.4.0, STM32Cube_FW_F4_V1.28.3, STM32Cube_FW_F7_V1.17.4, STM32Cube_FW_G0_V1.6.3, STM32Cube_FW_G4_V1.6.2, STM32Cube_FW_H5_V1.6.0, STM32Cube_FW_H7RS_V1.3.0, STM32Cube_FW_H7_V1.13.0, STM32Cube_FW_L0_V1.12.2, STM32Cube_FW_L4_V1.18.2, STM32Cube_FW_L5_V1.6.0, STM32Cube_FW_N6_V1.3.0, STM32Cube_FW_U0_V1.3.0, STM32Cube_FW_U3_V1.3.0, STM32Cube_FW_U5_V1.8.0, STM32Cube_FW_WB0_V1.4.0, STM32Cube_FW_WBA_V1.9.0, STM32Cube_FW_WB_V1.24.0, STM32Cube_FW_WL3_V1.4.0, STM32Cube_FW_WL_V1.5.0, X-CUBE-ALGOBUILD_V1.4.0, X-CUBE-ALS_V1.0.2, X-CUBE-AZRTOS-F4_V1.1.0, X-CUBE-AZRTOS-F7_V1.1.0, X-CUBE-AZRTOS-G0_V1.1.0, X-CUBE-AZRTOS-G4_V2.0.0, X-CUBE-AZRTOS-H7RS_V1.1.0, X-CUBE-AZRTOS-H7_V3.4.0, X-CUBE-AZRTOS-L4_V2.0.0, X-CUBE-AZRTOS-L5_V2.0.0, X-CUBE-AZRTOS-WB_V2.0.0, X-CUBE-AZRTOS-WL_V2.0.0, X-CUBE-BLE1_V7.1.0, X-CUBE-BLE2_V3.3.0, X-CUBE-BLEMGR_V4.1.0, X-CUBE-EEPRMA1_V5.2.0, X-CUBE-FREERTOS_V1.5.0, X-CUBE-GNSS1_V6.0.0, X-CUBE-MEMS1_V12.0.0, X-CUBE-NFC4_V3.0.0, X-CUBE-NFC7_V2.0.0, X-CUBE-SFXS2LP1_V4.0.0, X-CUBE-ST67W61_V1.2.0, X-CUBE-SUBG2_V5.0.0, X-CUBE-TOF1_V3.4.3]
2026-04-29 13:50:57,103 [INFO] DbBoardsSqlite:226 - include board P-NUCLEO-WB55-NUCLEO as a kit item of type 'Nucleo-64'
2026-04-29 13:50:57,104 [INFO] DbBoardsSqlite:226 - include board P-NUCLEO-WB55-USBDONGLE as a kit item of type 'Nucleo USB Dongle'
2026-04-29 13:50:57,105 [INFO] DbBoardsSqlite:226 - include board STEVAL-IDP005V1 as a kit item of type 'Evaluation Board'
2026-04-29 13:50:57,105 [INFO] DbBoardsSqlite:226 - include board STEVAL-IDP005V2 as a kit item of type 'Evaluation Board'
2026-04-29 13:50:57,202 [INFO] ApiDb:240 - Found 880 in-development CPN: [B-G473E-ZEST1S, B-WB1M-WPAN1, B-WBA5M-WPAN, B-WL5M-SUBG1, NUCLEO-C031C6, NUCLEO-C051C8, NUCLEO-C071RB, NUCLEO-C092RC, NUCLEO-H503RB, NUCLEO-H533RE, NUCLEO-H563ZI, NUCLEO-H7S3L8, NUCLEO-N657X0-Q, NUCLEO-U031R8, NUCLEO-U083RC, NUCLEO-U385RG-Q, NUCLEO-U545RE-Q, NUCLEO-U5A5ZJ-Q, NUCLEO-WB05KZ, NUCLEO-WB07CC, NUCLEO-WB09KE, NUCLEO-WBA52CG, NUCLEO-WBA55CG, NUCLEO-WL33CC1, NUCLEO-WL33CC2, STEVAL-PROTEUS1, STEVAL-SMARTAG2, STEVAL-STWINBX1, STM320518-EVAL, STM32C0116-DK, STM32C011D6Y3TR, STM32C011D6Y6TR, STM32C011F4P3, STM32C011F4P6, STM32C011F4U3, STM32C011F4U6TR, STM32C011F6P3, STM32C011F6P6, STM32C011F6U3, STM32C011F6U6TR, STM32C011J4M3, STM32C011J4M6, STM32C011J6M3, STM32C011J6M6, STM32C0316-DK, STM32C031C4T3, STM32C031C4T6, STM32C031C4U3, STM32C031C4U6, STM32C031C6T3, STM32C031C6T6, STM32C031C6U3, STM32C031C6U6, STM32C031F4P3, STM32C031F4P6, STM32C031F6P3, STM32C031F6P6, STM32C031G4U3, STM32C031G4U6, STM32C031G6U3, STM32C031G6U6, STM32C031K4T3, STM32C031K4T6, STM32C031K4U3, STM32C031K4U6, STM32C031K6T3, STM32C031K6T6, STM32C031K6U3, STM32C031K6U6, STM32C051C6T6, STM32C051C6U6, STM32C051C8T6, STM32C051C8U6, STM32C051D8Y6TR, STM32C051F6P6, STM32C051F8P6, STM32C051G6U6, STM32C051G8U6, STM32C051K6T6, STM32C051K6U6, STM32C051K8T6, STM32C071C8T6, STM32C071C8T6N, STM32C071C8U6, STM32C071C8U6N, STM32C071CBT6, STM32C071CBT6N, STM32C071CBU6, STM32C071CBU6N, STM32C071F8P6, STM32C071F8P6N, STM32C071FBP6, STM32C071FBP6N, STM32C071FBY6TR, STM32C071G8U6, STM32C071G8U6N, STM32C071GBU6, STM32C071GBU6N, STM32C071K8T6, STM32C071K8T6N, STM32C071K8U6, STM32C071K8U6N, STM32C071KBT6, STM32C071KBT6N, STM32C071KBU6, STM32C071KBU6N, STM32C071R8T6, STM32C071R8T6N, STM32C071RBI6N, STM32C071RBT6, STM32C071RBT6N, STM32C091CBT6, STM32C091CBU6, STM32C091CCT6, STM32C091CCU6, STM32C091ECY6TR, STM32C091FBP6, STM32C091FCP6, STM32C091GBU6, STM32C091GCU6, STM32C091KBT6, STM32C091KBU6, STM32C091KCT6, STM32C091KCU6, STM32C091RBT6, STM32C091RCI6, STM32C091RCT6, STM32C092CBT6, STM32C092CBU6, STM32C092CCT6, STM32C092CCU6, STM32C092ECY6TR, STM32C092FBP6, STM32C092FCP6, STM32C092GBU6, STM32C092GCU6, STM32C092KBT6, STM32C092KBU6, STM32C092KCT6, STM32C092KCU6, STM32C092RBT6, STM32C092RCI6, STM32C092RCT6, STM32G071K8TXN, STM32G071K8UXN, STM32G081GBU6N, STM32G081KBT6N, STM32G081KBUXN, STM32G0B1CCT6N, STM32G0B1KCT6, STM32G0B1NEY6TR, STM32G0B1RCT6N, STM32G0C1CCT6, STM32G0C1CCT6N, STM32G0C1CCU6N, STM32G0C1CET6N, STM32G0C1CEU6N, STM32G0C1KCT6, STM32G0C1NEY6TR, STM32G0C1RCI6N, STM32G0C1RCT6N, STM32G0C1REI6N, STM32G0C1RET6N, STM32G0C1VCI6, STM32G0C1VEI6, STM32G411C6T3, STM32G411C6T6, STM32G411C6U3, STM32G411C6U6, STM32G411C8T3, STM32G411C8T6, STM32G411C8U3, STM32G411C8U6, STM32G411CBT3, STM32G411CBT6, STM32G411CBU3, STM32G411CBU6, STM32G411K6T3, STM32G411K6T6, STM32G411K6U3, STM32G411K6U6, STM32G411K8T3, STM32G411K8T6, STM32G411K8U3, STM32G411K8U6, STM32G411KBT3, STM32G411KBT6, STM32G411KBU3, STM32G411KBU6, STM32G411M6T3, STM32G411M6T6, STM32G411M8T3, STM32G411M8T6, STM32G411MBT3, STM32G411MBT6, STM32G411R6T3, STM32G411R6T6, STM32G411R8T3, STM32G411R8T6, STM32G411RBT3, STM32G411RBT6, STM32G414CBT3, STM32G414CBT6, STM32G414CBU3, STM32G414CBU6, STM32G414CCT3, STM32G414CCT6, STM32G414CCU3, STM32G414CCU6, STM32G414MBT3, STM32G414MBT6, STM32G414MCT3, STM32G414MCT6, STM32G414RBT3, STM32G414RBT6, STM32G414RCT3, STM32G414RCT6, STM32G414VBT3, STM32G414VBT6, STM32G414VCT3, STM32G414VCT6, STM32G431CBT3Z, STM32G431RBT3Z, STM32G471CCT6, STM32G471CCU6, STM32G471CET3, STM32G471CET6, STM32G471CEU3, STM32G471CEU6, STM32G471MCT6, STM32G471MET3, STM32G471MET6, STM32G471MEY6TR, STM32G471QCT6, STM32G471QET3, STM32G471RCT6, STM32G471RET3, STM32G471RET6, STM32G471VCH6, STM32G471VCI6, STM32G471VCT6, STM32G471VEH3, STM32G471VEH6, STM32G471VEI3, STM32G471VEI6, STM32G471VET3, STM32G471VET6, STM32G473QET3Z, STM32G473RET3Z, STM32G474CCT6, STM32G491RET3Z, STM32H503CBT6, STM32H503CBU6, STM32H503EBY6TR, STM32H503KBU6, STM32H503RBT6, STM32H523CCT6, STM32H523CCU6, STM32H523CET6, STM32H523CEU6, STM32H523HEY6TR, STM32H523RCT6, STM32H523RET6, STM32H523VCI6, STM32H523VCT6, STM32H523VEI6, STM32H523VET6, STM32H523ZCJ6, STM32H523ZCT6, STM32H523ZEJ6, STM32H523ZET6, STM32H533CET6, STM32H533CEU6, STM32H533HEY6TR, STM32H533RET6, STM32H533VEI6, STM32H533VET6, STM32H533ZEJ6, STM32H533ZET6, STM32H562AGI6, STM32H562AII6, STM32H562IGK6, STM32H562IGT6, STM32H562IIK6, STM32H562IIT6, STM32H562RGT6, STM32H562RGV6, STM32H562RIT6, STM32H562RIV6, STM32H562VGT6, STM32H562VIT6, STM32H562ZGT6, STM32H562ZIT6, STM32H563AGI6, STM32H563AII3Q, STM32H563AII6, STM32H563IGK6, STM32H563IGT6, STM32H563IIK3Q, STM32H563IIK6, STM32H563IIT3Q, STM32H563IIT6, STM32H563MIY3QTR, STM32H563RGT6, STM32H563RGV6, STM32H563RIT6, STM32H563RIV6, STM32H563VGT6, STM32H563VIT3Q, STM32H563VIT6, STM32H563ZGT6, STM32H563ZIT3Q, STM32H563ZIT6, STM32H573AII3Q, STM32H573AII6, STM32H573I-DK, STM32H573IIK3Q, STM32H573IIK6, STM32H573IIT3Q, STM32H573IIT6, STM32H573MIY3QTR, STM32H573RIT6, STM32H573RIV6, STM32H573VIT3Q, STM32H573VIT6, STM32H573ZIT3Q, STM32H573ZIT6, STM32H7R3A8I6, STM32H7R3I8K6, STM32H7R3I8T6, STM32H7R3L8H6, STM32H7R3L8H6H, STM32H7R3R8V6, STM32H7R3V8H6, STM32H7R3V8T6, STM32H7R3V8Y6TR, STM32H7R3Z8J6, STM32H7R3Z8T6, STM32H7R7A8I6, STM32H7R7I8K6, STM32H7R7I8T6, STM32H7R7L8H6, STM32H7R7L8H6H, STM32H7R7Z8J6, STM32H7S3A8I6, STM32H7S3I8K6, STM32H7S3I8T6, STM32H7S3L8H6, STM32H7S3L8H6H, STM32H7S3R8V6, STM32H7S3V8H6, STM32H7S3V8T6, STM32H7S3V8Y6TR, STM32H7S3Z8J6, STM32H7S3Z8T6, STM32H7S78-DK, STM32H7S7A8I6, STM32H7S7I8K6, STM32H7S7I8T6, STM32H7S7L8H6, STM32H7S7L8H6H, STM32H7S7Z8J6, STM32L4R5QGI6STR, STM32MP131AAE3, STM32MP131AAF3, STM32MP131AAG3, STM32MP131CAE3, STM32MP131CAF3, STM32MP131CAG3, STM32MP131DAE7, STM32MP131DAF7, STM32MP131DAG7, STM32MP131FAE7, STM32MP131FAF7, STM32MP131FAG7, STM32MP133AAE3, STM32MP133AAF3, STM32MP133AAG3, STM32MP133CAE3, STM32MP133CAF3, STM32MP133CAG3, STM32MP133DAE7, STM32MP133DAF7, STM32MP133DAG7, STM32MP133FAE7, STM32MP133FAF7, STM32MP133FAG7, STM32MP135AAE3, STM32MP135AAF3, STM32MP135AAG3, STM32MP135CAE3, STM32MP135CAF3, STM32MP135CAG3, STM32MP135DAE7, STM32MP135DAF7, STM32MP135DAG7, STM32MP135F-DK, STM32MP135FAE7, STM32MP135FAF7, STM32MP135FAF7T, STM32MP135FAF7U, STM32MP135FAG7, STM32MP211AAL3, STM32MP211AAM3, STM32MP211AAN3, STM32MP211AAO3, STM32MP211CAL3, STM32MP211CAM3, STM32MP211CAN3, STM32MP211CAO3, STM32MP211DAL3, STM32MP211DAM3, STM32MP211DAN3, STM32MP211DAO3, STM32MP211FAL3, STM32MP211FAM3, STM32MP211FAN3, STM32MP211FAO3, STM32MP213AAL3, STM32MP213AAM3, STM32MP213AAN3, STM32MP213AAO3, STM32MP213CAL3, STM32MP213CAM3, STM32MP213CAN3, STM32MP213CAO3, STM32MP213DAL3, STM32MP213DAM3, STM32MP213DAN3, STM32MP213DAO3, STM32MP213FAL3, STM32MP213FAM3, STM32MP213FAN3, STM32MP213FAO3, STM32MP215AAL3, STM32MP215AAM3, STM32MP215AAN3, STM32MP215AAO3, STM32MP215CAL3, STM32MP215CAM3, STM32MP215CAN3, STM32MP215CAO3, STM32MP215DAL3, STM32MP215DAM3, STM32MP215DAN3, STM32MP215DAO3, STM32MP215F-DK, STM32MP215FAL3, STM32MP215FAM3, STM32MP215FAN3, STM32MP215FAO3, STM32MP231AAJ3, STM32MP231AAK3, STM32MP231AAL3, STM32MP231CAJ3, STM32MP231CAK3, STM32MP231CAL3, STM32MP231DAJ3, STM32MP231DAK3, STM32MP231DAL3, STM32MP231FAJ3, STM32MP231FAK3, STM32MP231FAL3, STM32MP233AAJ3, STM32MP233AAK3, STM32MP233AAL3, STM32MP233CAJ3, STM32MP233CAK3, STM32MP233CAL3, STM32MP233DAJ3, STM32MP233DAK3, STM32MP233DAL3, STM32MP233FAJ3, STM32MP233FAK3, STM32MP233FAL3, STM32MP235AAJ3, STM32MP235AAK3, STM32MP235AAL3, STM32MP235CAJ3, STM32MP235CAK3, STM32MP235CAL3, STM32MP235DAJ3, STM32MP235DAK3, STM32MP235DAL3, STM32MP235FAJ3, STM32MP235FAK3, STM32MP235FAL3, STM32MP251AAI3, STM32MP251AAK3, STM32MP251AAL3, STM32MP251CAI3, STM32MP251CAK3, STM32MP251CAL3, STM32MP251DAI3, STM32MP251DAK3, STM32MP251DAL3, STM32MP251FAI3, STM32MP251FAK3, STM32MP251FAL3, STM32MP253AAI3, STM32MP253AAK3, STM32MP253AAL3, STM32MP253CAI3, STM32MP253CAK3, STM32MP253CAL3, STM32MP253DAI3, STM32MP253DAK3, STM32MP253DAL3, STM32MP253FAI3, STM32MP253FAK3, STM32MP253FAL3, STM32MP255AAI3, STM32MP255AAK3, STM32MP255AAL3, STM32MP255CAI3, STM32MP255CAK3, STM32MP255CAL3, STM32MP255DAI3, STM32MP255DAK3, STM32MP255DAL3, STM32MP255FAI3, STM32MP255FAK3, STM32MP255FAL3, STM32MP257AAI3, STM32MP257AAK3, STM32MP257AAL3, STM32MP257CAI3, STM32MP257CAK3, STM32MP257CAL3, STM32MP257DAI3, STM32MP257DAK3, STM32MP257DAL3, STM32MP257F-DK, STM32MP257F-EV1, STM32MP257FAI3, STM32MP257FAK3, STM32MP257FAL3, STM32N645A0H3Q, STM32N645B0H3Q, STM32N645I0H3Q, STM32N645L0H3Q, STM32N645X0H3Q, STM32N645Z0H3Q, STM32N647A0H3Q, STM32N647B0H3Q, STM32N647I0H3Q, STM32N647L0H3Q, STM32N647X0H3Q, STM32N647Z0H3Q, STM32N655A0H3Q, STM32N655B0H3Q, STM32N655I0H3Q, STM32N655L0H3Q, STM32N655X0H3Q, STM32N655Z0H3Q, STM32N6570-DK, STM32N657A0H3Q, STM32N657B0H3Q, STM32N657I0H3Q, STM32N657L0H3Q, STM32N657X0H3Q, STM32N657Z0H3Q, STM32U031C6T6, STM32U031C6U6, STM32U031C8T6, STM32U031C8U6, STM32U031F4P6, STM32U031F6P6, STM32U031F8P6, STM32U031G6Y6TR, STM32U031G8Y6TR, STM32U031K4U6, STM32U031K6U6, STM32U031K8U6, STM32U031R6I6, STM32U031R6T6, STM32U031R8I6, STM32U031R8T6, STM32U073C8T6, STM32U073C8U6, STM32U073CBT6, STM32U073CBU6, STM32U073CCT6, STM32U073CCU6, STM32U073H8Y6TR, STM32U073HBY6TR, STM32U073HCY6TR, STM32U073K8U6, STM32U073KBU6, STM32U073KCU6, STM32U073M8I6, STM32U073M8T6, STM32U073MBI6, STM32U073MBT6, STM32U073MCI6, STM32U073MCT6, STM32U073R8I6, STM32U073R8T6, STM32U073RBI6, STM32U073RBT6, STM32U073RCI6, STM32U073RCT6, STM32U083C-DK, STM32U083CCT6, STM32U083CCU6, STM32U083HCY6TR, STM32U083KCU6, STM32U083MCI6, STM32U083MCT6, STM32U083RCI6, STM32U083RCT6, STM32U375CET6, STM32U375CET6Q, STM32U375CEU6, STM32U375CEU6Q, STM32U375CEY6QTR, STM32U375CGT6, STM32U375CGT6Q, STM32U375CGU6, STM32U375CGU6Q, STM32U375CGY6QTR, STM32U375KEU6, STM32U375KGU6, STM32U375REI6, STM32U375REI6Q, STM32U375RET6, STM32U375RET6Q, STM32U375REY6GTR, STM32U375REY6QTR, STM32U375RGI6, STM32U375RGI6Q, STM32U375RGT6, STM32U375RGT6Q, STM32U375RGY6GTR, STM32U375RGY6QTR, STM32U375VEI6, STM32U375VEI6Q, STM32U375VET6, STM32U375VET6Q, STM32U375VGI6, STM32U375VGI6Q, STM32U375VGT6, STM32U375VGT6Q, STM32U385CGT6, STM32U385CGT6Q, STM32U385CGU6, STM32U385CGU6Q, STM32U385CGY6QTR, STM32U385KGU6, STM32U385RGI6, STM32U385RGI6Q, STM32U385RGT6, STM32U385RGT6Q, STM32U385RGY6GTR, STM32U385RGY6QTR, STM32U385VGI6, STM32U385VGI6Q, STM32U385VGT6, STM32U385VGT6Q, STM32U535CBT6, STM32U535CBT6Q, STM32U535CBU6, STM32U535CBU6Q, STM32U535CCT6, STM32U535CCT6Q, STM32U535CCU6, STM32U535CCU6Q, STM32U535CET6, STM32U535CET6Q, STM32U535CEU6, STM32U535CEU6Q, STM32U535JEY6QTR, STM32U535NCY6QTR, STM32U535NEY6QTR, STM32U535RBI6, STM32U535RBI6Q, STM32U535RBT6, STM32U535RBT6Q, STM32U535RCI6, STM32U535RCI6Q, STM32U535RCT6, STM32U535RCT6Q, STM32U535REI6, STM32U535REI6Q, STM32U535RET6, STM32U535RET6Q, STM32U535VCI6, STM32U535VCI6Q, STM32U535VCT6, STM32U535VCT6Q, STM32U535VEI6, STM32U535VEI6Q, STM32U535VET6, STM32U535VET6Q, STM32U545CET6, STM32U545CET6Q, STM32U545CEU6, STM32U545CEU6Q, STM32U545JEY6QTR, STM32U545NEY6QTR, STM32U545REI6, STM32U545REI6Q, STM32U545RET6, STM32U545RET6Q, STM32U545VEI6, STM32U545VEI6Q, STM32U545VET6, STM32U545VET6Q, STM32U595AIH6, STM32U595AIH6Q, STM32U595AJH6, STM32U595AJH6Q, STM32U595QII6, STM32U595QII6Q, STM32U595QJI6, STM32U595QJI6Q, STM32U595RIT6, STM32U595RIT6Q, STM32U595RJT6, STM32U595RJT6Q, STM32U595VIT6, STM32U595VIT6Q, STM32U595VJT6, STM32U595VJT6Q, STM32U595ZIT6, STM32U595ZIT6Q, STM32U595ZIY6QTR, STM32U595ZJT6, STM32U595ZJT6Q, STM32U595ZJY6QTR, STM32U599BJY6QTR, STM32U599NIH6Q, STM32U599NJH6Q, STM32U599VIT6Q, STM32U599VJT6, STM32U599VJT6Q, STM32U599ZIT6Q, STM32U599ZIY6QTR, STM32U599ZJT6Q, STM32U599ZJY6QTR, STM32U5A5AJH6, STM32U5A5AJH6Q, STM32U5A5QII3Q , STM32U5A5QJI6, STM32U5A5QJI6Q, STM32U5A5RJT6, STM32U5A5RJT6Q, STM32U5A5VJT6, STM32U5A5VJT6Q, STM32U5A5ZJT6, STM32U5A5ZJT6Q, STM32U5A5ZJY6QTR, STM32U5A9BJY6QTR, STM32U5A9J-DK, STM32U5A9NJH6Q, STM32U5A9VJT6Q, STM32U5A9ZJT6Q, STM32U5A9ZJY6QTR, STM32U5F7VIT6, STM32U5F7VIT6Q, STM32U5F7VJT6, STM32U5F7VJT6Q, STM32U5F9BJY6QTR, STM32U5F9NJH6Q, STM32U5F9VIT6Q, STM32U5F9VJT6Q, STM32U5F9ZIJ6QTR, STM32U5F9ZIT6Q, STM32U5F9ZJJ6QTR, STM32U5F9ZJT6Q, STM32U5G7VJT6, STM32U5G7VJT6Q, STM32U5G9BJY6QTR, STM32U5G9J-DK1, STM32U5G9J-DK2, STM32U5G9NJH6Q, STM32U5G9VJT6Q, STM32U5G9ZJJ6QTR, STM32U5G9ZJT6Q, STM32WB05KZV6TR, STM32WB05KZV7TR, STM32WB05TZF6TR, STM32WB05TZF7TR, STM32WB06CCF6TR, STM32WB06CCF7TR, STM32WB06CCV6TR, STM32WB06CCV7TR, STM32WB06KCV6TR, STM32WB06KCV7TR, STM32WB07CCF6TR, STM32WB07CCF7TR, STM32WB07CCV6TR, STM32WB07CCV7TR, STM32WB07KCV6TR, STM32WB07KCV7TR, STM32WB09KEV6TR, STM32WB09KEV7TR, STM32WB09TEF6TR, STM32WB09TEF7TR, STM32WB1MMCH6, STM32WBA50KGU6, STM32WBA50KGU6TR, STM32WBA52CEU6, STM32WBA52CEU6TR, STM32WBA52CEU7, STM32WBA52CEU7TR, STM32WBA52CGU6, STM32WBA52CGU6TR, STM32WBA52CGU6U, STM32WBA52CGU7, STM32WBA52CGU7TR, STM32WBA52KEU6, STM32WBA52KEU6TR, STM32WBA52KGU6, STM32WBA52KGU6TR, STM32WBA54CEU6, STM32WBA54CEU6TR, STM32WBA54CEU7, STM32WBA54CEU7TR, STM32WBA54CGU6, STM32WBA54CGU6TR, STM32WBA54CGU7, STM32WBA54CGU7TR, STM32WBA54KEU6, STM32WBA54KEU6TR, STM32WBA54KEU7, STM32WBA54KEU7TR, STM32WBA54KGU6, STM32WBA54KGU6TR, STM32WBA54KGU7, STM32WBA54KGU7TR, STM32WBA55CEU6, STM32WBA55CEU6TR, STM32WBA55CEU7, STM32WBA55CEU7TR, STM32WBA55CGU6, STM32WBA55CGU6TR, STM32WBA55CGU6U, STM32WBA55CGU7, STM32WBA55CGU7TR, STM32WBA55G-DK1, STM32WBA55HEF6, STM32WBA55HEF7, STM32WBA55HGF6, STM32WBA55HGF7, STM32WBA55UEI6, STM32WBA55UEI6TR, STM32WBA55UEI7, STM32WBA55UEI7TR, STM32WBA55UGI6, STM32WBA55UGI6TR, STM32WBA55UGI7, STM32WBA55UGI7TR, STM32WBA5MMGH6TR, STM32WBA62MGF6, STM32WBA62MIF6, STM32WBA65MGF7, STM32WBA65MIF6, STM32WBA65MIF7, STM32WL30K8V6, STM32WL30KBV6, STM32WL31C8V6, STM32WL31CBV6, STM32WL31K8V6, STM32WL31KBV6, STM32WL33C8V6, STM32WL33C8V6X, STM32WL33CBV6, STM32WL33CBV6X, STM32WL33CCV6, STM32WL33CCV6A, STM32WL33CCV6X, STM32WL33K8V7, STM32WL33K8V7X, STM32WL33KBV7 , STM32WL33KBV7X, STM32WL33KCV7, STM32WL33KCV7X, STM32WL5MOCH6, STM32WL5MOCH6TR]
2026-04-29 13:50:57,206 [INFO] ApiDb:668 - CubeFinder database Data Model version=2.1
2026-04-29 13:50:57,207 [INFO] ApiDb:669 - CubeFinder database Configuration version=3.0.42
2026-04-29 13:50:57,207 [INFO] ApiDb:670 - CubeFinder database generation date=2026-03-11 (1773229989)
2026-04-29 13:50:57,207 [INFO] ApiDb:671 - CubeFinder database FW Pack versions=[FP-ATR-ASTRA1_V2.0.0, FP-SNS-FLIGHT1_V5.1.0, FP-SNS-MOTENV1_V5.1.0, FP-SNS-MOTENVWB1_V1.5.0, FP-SNS-SMARTAG2_V1.2.0, FP-SNS-STBOX1_V2.1.0, STM32Cube_FW_C0_V1.4.0, STM32Cube_FW_F4_V1.28.3, STM32Cube_FW_F7_V1.17.4, STM32Cube_FW_G0_V1.6.3, STM32Cube_FW_G4_V1.6.2, STM32Cube_FW_H5_V1.6.0, STM32Cube_FW_H7RS_V1.3.0, STM32Cube_FW_H7_V1.13.0, STM32Cube_FW_L0_V1.12.2, STM32Cube_FW_L4_V1.18.2, STM32Cube_FW_L5_V1.6.0, STM32Cube_FW_N6_V1.3.0, STM32Cube_FW_U0_V1.3.0, STM32Cube_FW_U3_V1.3.0, STM32Cube_FW_U5_V1.8.0, STM32Cube_FW_WB0_V1.4.0, STM32Cube_FW_WBA_V1.9.0, STM32Cube_FW_WB_V1.24.0, STM32Cube_FW_WL3_V1.4.0, STM32Cube_FW_WL_V1.5.0, X-CUBE-ALGOBUILD_V1.4.0, X-CUBE-ALS_V1.0.2, X-CUBE-AZRTOS-F4_V1.1.0, X-CUBE-AZRTOS-F7_V1.1.0, X-CUBE-AZRTOS-G0_V1.1.0, X-CUBE-AZRTOS-G4_V2.0.0, X-CUBE-AZRTOS-H7RS_V1.1.0, X-CUBE-AZRTOS-H7_V3.4.0, X-CUBE-AZRTOS-L4_V2.0.0, X-CUBE-AZRTOS-L5_V2.0.0, X-CUBE-AZRTOS-WB_V2.0.0, X-CUBE-AZRTOS-WL_V2.0.0, X-CUBE-BLE1_V7.1.0, X-CUBE-BLE2_V3.3.0, X-CUBE-BLEMGR_V4.1.0, X-CUBE-EEPRMA1_V5.2.0, X-CUBE-FREERTOS_V1.5.0, X-CUBE-GNSS1_V6.0.0, X-CUBE-MEMS1_V12.0.0, X-CUBE-NFC4_V3.0.0, X-CUBE-NFC7_V2.0.0, X-CUBE-SFXS2LP1_V4.0.0, X-CUBE-ST67W61_V1.2.0, X-CUBE-SUBG2_V5.0.0, X-CUBE-TOF1_V3.4.3]
2026-04-29 13:50:58,439 [INFO] ApiDb:240 - Found 880 in-development CPN: [B-G473E-ZEST1S, B-WB1M-WPAN1, B-WBA5M-WPAN, B-WL5M-SUBG1, NUCLEO-C031C6, NUCLEO-C051C8, NUCLEO-C071RB, NUCLEO-C092RC, NUCLEO-H503RB, NUCLEO-H533RE, NUCLEO-H563ZI, NUCLEO-H7S3L8, NUCLEO-N657X0-Q, NUCLEO-U031R8, NUCLEO-U083RC, NUCLEO-U385RG-Q, NUCLEO-U545RE-Q, NUCLEO-U5A5ZJ-Q, NUCLEO-WB05KZ, NUCLEO-WB07CC, NUCLEO-WB09KE, NUCLEO-WBA52CG, NUCLEO-WBA55CG, NUCLEO-WL33CC1, NUCLEO-WL33CC2, STEVAL-PROTEUS1, STEVAL-SMARTAG2, STEVAL-STWINBX1, STM320518-EVAL, STM32C0116-DK, STM32C011D6Y3TR, STM32C011D6Y6TR, STM32C011F4P3, STM32C011F4P6, STM32C011F4U3, STM32C011F4U6TR, STM32C011F6P3, STM32C011F6P6, STM32C011F6U3, STM32C011F6U6TR, STM32C011J4M3, STM32C011J4M6, STM32C011J6M3, STM32C011J6M6, STM32C0316-DK, STM32C031C4T3, STM32C031C4T6, STM32C031C4U3, STM32C031C4U6, STM32C031C6T3, STM32C031C6T6, STM32C031C6U3, STM32C031C6U6, STM32C031F4P3, STM32C031F4P6, STM32C031F6P3, STM32C031F6P6, STM32C031G4U3, STM32C031G4U6, STM32C031G6U3, STM32C031G6U6, STM32C031K4T3, STM32C031K4T6, STM32C031K4U3, STM32C031K4U6, STM32C031K6T3, STM32C031K6T6, STM32C031K6U3, STM32C031K6U6, STM32C051C6T6, STM32C051C6U6, STM32C051C8T6, STM32C051C8U6, STM32C051D8Y6TR, STM32C051F6P6, STM32C051F8P6, STM32C051G6U6, STM32C051G8U6, STM32C051K6T6, STM32C051K6U6, STM32C051K8T6, STM32C071C8T6, STM32C071C8T6N, STM32C071C8U6, STM32C071C8U6N, STM32C071CBT6, STM32C071CBT6N, STM32C071CBU6, STM32C071CBU6N, STM32C071F8P6, STM32C071F8P6N, STM32C071FBP6, STM32C071FBP6N, STM32C071FBY6TR, STM32C071G8U6, STM32C071G8U6N, STM32C071GBU6, STM32C071GBU6N, STM32C071K8T6, STM32C071K8T6N, STM32C071K8U6, STM32C071K8U6N, STM32C071KBT6, STM32C071KBT6N, STM32C071KBU6, STM32C071KBU6N, STM32C071R8T6, STM32C071R8T6N, STM32C071RBI6N, STM32C071RBT6, STM32C071RBT6N, STM32C091CBT6, STM32C091CBU6, STM32C091CCT6, STM32C091CCU6, STM32C091ECY6TR, STM32C091FBP6, STM32C091FCP6, STM32C091GBU6, STM32C091GCU6, STM32C091KBT6, STM32C091KBU6, STM32C091KCT6, STM32C091KCU6, STM32C091RBT6, STM32C091RCI6, STM32C091RCT6, STM32C092CBT6, STM32C092CBU6, STM32C092CCT6, STM32C092CCU6, STM32C092ECY6TR, STM32C092FBP6, STM32C092FCP6, STM32C092GBU6, STM32C092GCU6, STM32C092KBT6, STM32C092KBU6, STM32C092KCT6, STM32C092KCU6, STM32C092RBT6, STM32C092RCI6, STM32C092RCT6, STM32G071K8TXN, STM32G071K8UXN, STM32G081GBU6N, STM32G081KBT6N, STM32G081KBUXN, STM32G0B1CCT6N, STM32G0B1KCT6, STM32G0B1NEY6TR, STM32G0B1RCT6N, STM32G0C1CCT6, STM32G0C1CCT6N, STM32G0C1CCU6N, STM32G0C1CET6N, STM32G0C1CEU6N, STM32G0C1KCT6, STM32G0C1NEY6TR, STM32G0C1RCI6N, STM32G0C1RCT6N, STM32G0C1REI6N, STM32G0C1RET6N, STM32G0C1VCI6, STM32G0C1VEI6, STM32G411C6T3, STM32G411C6T6, STM32G411C6U3, STM32G411C6U6, STM32G411C8T3, STM32G411C8T6, STM32G411C8U3, STM32G411C8U6, STM32G411CBT3, STM32G411CBT6, STM32G411CBU3, STM32G411CBU6, STM32G411K6T3, STM32G411K6T6, STM32G411K6U3, STM32G411K6U6, STM32G411K8T3, STM32G411K8T6, STM32G411K8U3, STM32G411K8U6, STM32G411KBT3, STM32G411KBT6, STM32G411KBU3, STM32G411KBU6, STM32G411M6T3, STM32G411M6T6, STM32G411M8T3, STM32G411M8T6, STM32G411MBT3, STM32G411MBT6, STM32G411R6T3, STM32G411R6T6, STM32G411R8T3, STM32G411R8T6, STM32G411RBT3, STM32G411RBT6, STM32G414CBT3, STM32G414CBT6, STM32G414CBU3, STM32G414CBU6, STM32G414CCT3, STM32G414CCT6, STM32G414CCU3, STM32G414CCU6, STM32G414MBT3, STM32G414MBT6, STM32G414MCT3, STM32G414MCT6, STM32G414RBT3, STM32G414RBT6, STM32G414RCT3, STM32G414RCT6, STM32G414VBT3, STM32G414VBT6, STM32G414VCT3, STM32G414VCT6, STM32G431CBT3Z, STM32G431RBT3Z, STM32G471CCT6, STM32G471CCU6, STM32G471CET3, STM32G471CET6, STM32G471CEU3, STM32G471CEU6, STM32G471MCT6, STM32G471MET3, STM32G471MET6, STM32G471MEY6TR, STM32G471QCT6, STM32G471QET3, STM32G471RCT6, STM32G471RET3, STM32G471RET6, STM32G471VCH6, STM32G471VCI6, STM32G471VCT6, STM32G471VEH3, STM32G471VEH6, STM32G471VEI3, STM32G471VEI6, STM32G471VET3, STM32G471VET6, STM32G473QET3Z, STM32G473RET3Z, STM32G474CCT6, STM32G491RET3Z, STM32H503CBT6, STM32H503CBU6, STM32H503EBY6TR, STM32H503KBU6, STM32H503RBT6, STM32H523CCT6, STM32H523CCU6, STM32H523CET6, STM32H523CEU6, STM32H523HEY6TR, STM32H523RCT6, STM32H523RET6, STM32H523VCI6, STM32H523VCT6, STM32H523VEI6, STM32H523VET6, STM32H523ZCJ6, STM32H523ZCT6, STM32H523ZEJ6, STM32H523ZET6, STM32H533CET6, STM32H533CEU6, STM32H533HEY6TR, STM32H533RET6, STM32H533VEI6, STM32H533VET6, STM32H533ZEJ6, STM32H533ZET6, STM32H562AGI6, STM32H562AII6, STM32H562IGK6, STM32H562IGT6, STM32H562IIK6, STM32H562IIT6, STM32H562RGT6, STM32H562RGV6, STM32H562RIT6, STM32H562RIV6, STM32H562VGT6, STM32H562VIT6, STM32H562ZGT6, STM32H562ZIT6, STM32H563AGI6, STM32H563AII3Q, STM32H563AII6, STM32H563IGK6, STM32H563IGT6, STM32H563IIK3Q, STM32H563IIK6, STM32H563IIT3Q, STM32H563IIT6, STM32H563MIY3QTR, STM32H563RGT6, STM32H563RGV6, STM32H563RIT6, STM32H563RIV6, STM32H563VGT6, STM32H563VIT3Q, STM32H563VIT6, STM32H563ZGT6, STM32H563ZIT3Q, STM32H563ZIT6, STM32H573AII3Q, STM32H573AII6, STM32H573I-DK, STM32H573IIK3Q, STM32H573IIK6, STM32H573IIT3Q, STM32H573IIT6, STM32H573MIY3QTR, STM32H573RIT6, STM32H573RIV6, STM32H573VIT3Q, STM32H573VIT6, STM32H573ZIT3Q, STM32H573ZIT6, STM32H7R3A8I6, STM32H7R3I8K6, STM32H7R3I8T6, STM32H7R3L8H6, STM32H7R3L8H6H, STM32H7R3R8V6, STM32H7R3V8H6, STM32H7R3V8T6, STM32H7R3V8Y6TR, STM32H7R3Z8J6, STM32H7R3Z8T6, STM32H7R7A8I6, STM32H7R7I8K6, STM32H7R7I8T6, STM32H7R7L8H6, STM32H7R7L8H6H, STM32H7R7Z8J6, STM32H7S3A8I6, STM32H7S3I8K6, STM32H7S3I8T6, STM32H7S3L8H6, STM32H7S3L8H6H, STM32H7S3R8V6, STM32H7S3V8H6, STM32H7S3V8T6, STM32H7S3V8Y6TR, STM32H7S3Z8J6, STM32H7S3Z8T6, STM32H7S78-DK, STM32H7S7A8I6, STM32H7S7I8K6, STM32H7S7I8T6, STM32H7S7L8H6, STM32H7S7L8H6H, STM32H7S7Z8J6, STM32L4R5QGI6STR, STM32MP131AAE3, STM32MP131AAF3, STM32MP131AAG3, STM32MP131CAE3, STM32MP131CAF3, STM32MP131CAG3, STM32MP131DAE7, STM32MP131DAF7, STM32MP131DAG7, STM32MP131FAE7, STM32MP131FAF7, STM32MP131FAG7, STM32MP133AAE3, STM32MP133AAF3, STM32MP133AAG3, STM32MP133CAE3, STM32MP133CAF3, STM32MP133CAG3, STM32MP133DAE7, STM32MP133DAF7, STM32MP133DAG7, STM32MP133FAE7, STM32MP133FAF7, STM32MP133FAG7, STM32MP135AAE3, STM32MP135AAF3, STM32MP135AAG3, STM32MP135CAE3, STM32MP135CAF3, STM32MP135CAG3, STM32MP135DAE7, STM32MP135DAF7, STM32MP135DAG7, STM32MP135F-DK, STM32MP135FAE7, STM32MP135FAF7, STM32MP135FAF7T, STM32MP135FAF7U, STM32MP135FAG7, STM32MP211AAL3, STM32MP211AAM3, STM32MP211AAN3, STM32MP211AAO3, STM32MP211CAL3, STM32MP211CAM3, STM32MP211CAN3, STM32MP211CAO3, STM32MP211DAL3, STM32MP211DAM3, STM32MP211DAN3, STM32MP211DAO3, STM32MP211FAL3, STM32MP211FAM3, STM32MP211FAN3, STM32MP211FAO3, STM32MP213AAL3, STM32MP213AAM3, STM32MP213AAN3, STM32MP213AAO3, STM32MP213CAL3, STM32MP213CAM3, STM32MP213CAN3, STM32MP213CAO3, STM32MP213DAL3, STM32MP213DAM3, STM32MP213DAN3, STM32MP213DAO3, STM32MP213FAL3, STM32MP213FAM3, STM32MP213FAN3, STM32MP213FAO3, STM32MP215AAL3, STM32MP215AAM3, STM32MP215AAN3, STM32MP215AAO3, STM32MP215CAL3, STM32MP215CAM3, STM32MP215CAN3, STM32MP215CAO3, STM32MP215DAL3, STM32MP215DAM3, STM32MP215DAN3, STM32MP215DAO3, STM32MP215F-DK, STM32MP215FAL3, STM32MP215FAM3, STM32MP215FAN3, STM32MP215FAO3, STM32MP231AAJ3, STM32MP231AAK3, STM32MP231AAL3, STM32MP231CAJ3, STM32MP231CAK3, STM32MP231CAL3, STM32MP231DAJ3, STM32MP231DAK3, STM32MP231DAL3, STM32MP231FAJ3, STM32MP231FAK3, STM32MP231FAL3, STM32MP233AAJ3, STM32MP233AAK3, STM32MP233AAL3, STM32MP233CAJ3, STM32MP233CAK3, STM32MP233CAL3, STM32MP233DAJ3, STM32MP233DAK3, STM32MP233DAL3, STM32MP233FAJ3, STM32MP233FAK3, STM32MP233FAL3, STM32MP235AAJ3, STM32MP235AAK3, STM32MP235AAL3, STM32MP235CAJ3, STM32MP235CAK3, STM32MP235CAL3, STM32MP235DAJ3, STM32MP235DAK3, STM32MP235DAL3, STM32MP235FAJ3, STM32MP235FAK3, STM32MP235FAL3, STM32MP251AAI3, STM32MP251AAK3, STM32MP251AAL3, STM32MP251CAI3, STM32MP251CAK3, STM32MP251CAL3, STM32MP251DAI3, STM32MP251DAK3, STM32MP251DAL3, STM32MP251FAI3, STM32MP251FAK3, STM32MP251FAL3, STM32MP253AAI3, STM32MP253AAK3, STM32MP253AAL3, STM32MP253CAI3, STM32MP253CAK3, STM32MP253CAL3, STM32MP253DAI3, STM32MP253DAK3, STM32MP253DAL3, STM32MP253FAI3, STM32MP253FAK3, STM32MP253FAL3, STM32MP255AAI3, STM32MP255AAK3, STM32MP255AAL3, STM32MP255CAI3, STM32MP255CAK3, STM32MP255CAL3, STM32MP255DAI3, STM32MP255DAK3, STM32MP255DAL3, STM32MP255FAI3, STM32MP255FAK3, STM32MP255FAL3, STM32MP257AAI3, STM32MP257AAK3, STM32MP257AAL3, STM32MP257CAI3, STM32MP257CAK3, STM32MP257CAL3, STM32MP257DAI3, STM32MP257DAK3, STM32MP257DAL3, STM32MP257F-DK, STM32MP257F-EV1, STM32MP257FAI3, STM32MP257FAK3, STM32MP257FAL3, STM32N645A0H3Q, STM32N645B0H3Q, STM32N645I0H3Q, STM32N645L0H3Q, STM32N645X0H3Q, STM32N645Z0H3Q, STM32N647A0H3Q, STM32N647B0H3Q, STM32N647I0H3Q, STM32N647L0H3Q, STM32N647X0H3Q, STM32N647Z0H3Q, STM32N655A0H3Q, STM32N655B0H3Q, STM32N655I0H3Q, STM32N655L0H3Q, STM32N655X0H3Q, STM32N655Z0H3Q, STM32N6570-DK, STM32N657A0H3Q, STM32N657B0H3Q, STM32N657I0H3Q, STM32N657L0H3Q, STM32N657X0H3Q, STM32N657Z0H3Q, STM32U031C6T6, STM32U031C6U6, STM32U031C8T6, STM32U031C8U6, STM32U031F4P6, STM32U031F6P6, STM32U031F8P6, STM32U031G6Y6TR, STM32U031G8Y6TR, STM32U031K4U6, STM32U031K6U6, STM32U031K8U6, STM32U031R6I6, STM32U031R6T6, STM32U031R8I6, STM32U031R8T6, STM32U073C8T6, STM32U073C8U6, STM32U073CBT6, STM32U073CBU6, STM32U073CCT6, STM32U073CCU6, STM32U073H8Y6TR, STM32U073HBY6TR, STM32U073HCY6TR, STM32U073K8U6, STM32U073KBU6, STM32U073KCU6, STM32U073M8I6, STM32U073M8T6, STM32U073MBI6, STM32U073MBT6, STM32U073MCI6, STM32U073MCT6, STM32U073R8I6, STM32U073R8T6, STM32U073RBI6, STM32U073RBT6, STM32U073RCI6, STM32U073RCT6, STM32U083C-DK, STM32U083CCT6, STM32U083CCU6, STM32U083HCY6TR, STM32U083KCU6, STM32U083MCI6, STM32U083MCT6, STM32U083RCI6, STM32U083RCT6, STM32U375CET6, STM32U375CET6Q, STM32U375CEU6, STM32U375CEU6Q, STM32U375CEY6QTR, STM32U375CGT6, STM32U375CGT6Q, STM32U375CGU6, STM32U375CGU6Q, STM32U375CGY6QTR, STM32U375KEU6, STM32U375KGU6, STM32U375REI6, STM32U375REI6Q, STM32U375RET6, STM32U375RET6Q, STM32U375REY6GTR, STM32U375REY6QTR, STM32U375RGI6, STM32U375RGI6Q, STM32U375RGT6, STM32U375RGT6Q, STM32U375RGY6GTR, STM32U375RGY6QTR, STM32U375VEI6, STM32U375VEI6Q, STM32U375VET6, STM32U375VET6Q, STM32U375VGI6, STM32U375VGI6Q, STM32U375VGT6, STM32U375VGT6Q, STM32U385CGT6, STM32U385CGT6Q, STM32U385CGU6, STM32U385CGU6Q, STM32U385CGY6QTR, STM32U385KGU6, STM32U385RGI6, STM32U385RGI6Q, STM32U385RGT6, STM32U385RGT6Q, STM32U385RGY6GTR, STM32U385RGY6QTR, STM32U385VGI6, STM32U385VGI6Q, STM32U385VGT6, STM32U385VGT6Q, STM32U535CBT6, STM32U535CBT6Q, STM32U535CBU6, STM32U535CBU6Q, STM32U535CCT6, STM32U535CCT6Q, STM32U535CCU6, STM32U535CCU6Q, STM32U535CET6, STM32U535CET6Q, STM32U535CEU6, STM32U535CEU6Q, STM32U535JEY6QTR, STM32U535NCY6QTR, STM32U535NEY6QTR, STM32U535RBI6, STM32U535RBI6Q, STM32U535RBT6, STM32U535RBT6Q, STM32U535RCI6, STM32U535RCI6Q, STM32U535RCT6, STM32U535RCT6Q, STM32U535REI6, STM32U535REI6Q, STM32U535RET6, STM32U535RET6Q, STM32U535VCI6, STM32U535VCI6Q, STM32U535VCT6, STM32U535VCT6Q, STM32U535VEI6, STM32U535VEI6Q, STM32U535VET6, STM32U535VET6Q, STM32U545CET6, STM32U545CET6Q, STM32U545CEU6, STM32U545CEU6Q, STM32U545JEY6QTR, STM32U545NEY6QTR, STM32U545REI6, STM32U545REI6Q, STM32U545RET6, STM32U545RET6Q, STM32U545VEI6, STM32U545VEI6Q, STM32U545VET6, STM32U545VET6Q, STM32U595AIH6, STM32U595AIH6Q, STM32U595AJH6, STM32U595AJH6Q, STM32U595QII6, STM32U595QII6Q, STM32U595QJI6, STM32U595QJI6Q, STM32U595RIT6, STM32U595RIT6Q, STM32U595RJT6, STM32U595RJT6Q, STM32U595VIT6, STM32U595VIT6Q, STM32U595VJT6, STM32U595VJT6Q, STM32U595ZIT6, STM32U595ZIT6Q, STM32U595ZIY6QTR, STM32U595ZJT6, STM32U595ZJT6Q, STM32U595ZJY6QTR, STM32U599BJY6QTR, STM32U599NIH6Q, STM32U599NJH6Q, STM32U599VIT6Q, STM32U599VJT6, STM32U599VJT6Q, STM32U599ZIT6Q, STM32U599ZIY6QTR, STM32U599ZJT6Q, STM32U599ZJY6QTR, STM32U5A5AJH6, STM32U5A5AJH6Q, STM32U5A5QII3Q , STM32U5A5QJI6, STM32U5A5QJI6Q, STM32U5A5RJT6, STM32U5A5RJT6Q, STM32U5A5VJT6, STM32U5A5VJT6Q, STM32U5A5ZJT6, STM32U5A5ZJT6Q, STM32U5A5ZJY6QTR, STM32U5A9BJY6QTR, STM32U5A9J-DK, STM32U5A9NJH6Q, STM32U5A9VJT6Q, STM32U5A9ZJT6Q, STM32U5A9ZJY6QTR, STM32U5F7VIT6, STM32U5F7VIT6Q, STM32U5F7VJT6, STM32U5F7VJT6Q, STM32U5F9BJY6QTR, STM32U5F9NJH6Q, STM32U5F9VIT6Q, STM32U5F9VJT6Q, STM32U5F9ZIJ6QTR, STM32U5F9ZIT6Q, STM32U5F9ZJJ6QTR, STM32U5F9ZJT6Q, STM32U5G7VJT6, STM32U5G7VJT6Q, STM32U5G9BJY6QTR, STM32U5G9J-DK1, STM32U5G9J-DK2, STM32U5G9NJH6Q, STM32U5G9VJT6Q, STM32U5G9ZJJ6QTR, STM32U5G9ZJT6Q, STM32WB05KZV6TR, STM32WB05KZV7TR, STM32WB05TZF6TR, STM32WB05TZF7TR, STM32WB06CCF6TR, STM32WB06CCF7TR, STM32WB06CCV6TR, STM32WB06CCV7TR, STM32WB06KCV6TR, STM32WB06KCV7TR, STM32WB07CCF6TR, STM32WB07CCF7TR, STM32WB07CCV6TR, STM32WB07CCV7TR, STM32WB07KCV6TR, STM32WB07KCV7TR, STM32WB09KEV6TR, STM32WB09KEV7TR, STM32WB09TEF6TR, STM32WB09TEF7TR, STM32WB1MMCH6, STM32WBA50KGU6, STM32WBA50KGU6TR, STM32WBA52CEU6, STM32WBA52CEU6TR, STM32WBA52CEU7, STM32WBA52CEU7TR, STM32WBA52CGU6, STM32WBA52CGU6TR, STM32WBA52CGU6U, STM32WBA52CGU7, STM32WBA52CGU7TR, STM32WBA52KEU6, STM32WBA52KEU6TR, STM32WBA52KGU6, STM32WBA52KGU6TR, STM32WBA54CEU6, STM32WBA54CEU6TR, STM32WBA54CEU7, STM32WBA54CEU7TR, STM32WBA54CGU6, STM32WBA54CGU6TR, STM32WBA54CGU7, STM32WBA54CGU7TR, STM32WBA54KEU6, STM32WBA54KEU6TR, STM32WBA54KEU7, STM32WBA54KEU7TR, STM32WBA54KGU6, STM32WBA54KGU6TR, STM32WBA54KGU7, STM32WBA54KGU7TR, STM32WBA55CEU6, STM32WBA55CEU6TR, STM32WBA55CEU7, STM32WBA55CEU7TR, STM32WBA55CGU6, STM32WBA55CGU6TR, STM32WBA55CGU6U, STM32WBA55CGU7, STM32WBA55CGU7TR, STM32WBA55G-DK1, STM32WBA55HEF6, STM32WBA55HEF7, STM32WBA55HGF6, STM32WBA55HGF7, STM32WBA55UEI6, STM32WBA55UEI6TR, STM32WBA55UEI7, STM32WBA55UEI7TR, STM32WBA55UGI6, STM32WBA55UGI6TR, STM32WBA55UGI7, STM32WBA55UGI7TR, STM32WBA5MMGH6TR, STM32WBA62MGF6, STM32WBA62MIF6, STM32WBA65MGF7, STM32WBA65MIF6, STM32WBA65MIF7, STM32WL30K8V6, STM32WL30KBV6, STM32WL31C8V6, STM32WL31CBV6, STM32WL31K8V6, STM32WL31KBV6, STM32WL33C8V6, STM32WL33C8V6X, STM32WL33CBV6, STM32WL33CBV6X, STM32WL33CCV6, STM32WL33CCV6A, STM32WL33CCV6X, STM32WL33K8V7, STM32WL33K8V7X, STM32WL33KBV7 , STM32WL33KBV7X, STM32WL33KCV7, STM32WL33KCV7X, STM32WL5MOCH6, STM32WL5MOCH6TR]
2026-04-29 13:50:58,445 [INFO] DbMcus:218 - Found 5055 MCUs, 4968 are supported
2026-04-29 13:50:58,446 [INFO] ApiDb:423 - Load user favorites file /Users/cristianpetramale/.stm32cubeide/favorites.mcus.txt: 0 item(s)
2026-04-29 13:50:58,447 [INFO] ApiDb:427 - User favorites MCUs=[]
2026-04-29 13:50:58,447 [INFO] DbMcus:224 - Set 0 / 0 favorites MCUs
2026-04-29 13:50:58,870 [INFO] BoardInfo:889 - No configuration file found for board NUCLEO-H5E5ZJ
2026-04-29 13:50:58,887 [INFO] DbBoards:161 - Board is not supported: NUCLEO-H5E5ZJ
2026-04-29 13:50:58,921 [INFO] BoardInfo:889 - No configuration file found for board NUCLEO-U3C5ZI-Q
2026-04-29 13:50:58,921 [INFO] DbBoards:161 - Board is not supported: NUCLEO-U3C5ZI-Q
2026-04-29 13:50:58,929 [INFO] BoardInfo:889 - No configuration file found for board NUCLEO-WBA25CE1
2026-04-29 13:50:58,930 [INFO] DbBoards:161 - Board is not supported: NUCLEO-WBA25CE1
2026-04-29 13:50:58,935 [INFO] BoardInfo:889 - No configuration file found for board NUCLEO-WL3RKB1
2026-04-29 13:50:58,935 [INFO] DbBoards:161 - Board is not supported: NUCLEO-WL3RKB1
2026-04-29 13:50:58,936 [INFO] BoardInfo:889 - No configuration file found for board NUCLEO-WL3RKB2
2026-04-29 13:50:58,936 [INFO] DbBoards:161 - Board is not supported: NUCLEO-WL3RKB2
2026-04-29 13:50:58,941 [INFO] BoardInfo:889 - No configuration file found for board P-NUCLEO-WB55
2026-04-29 13:50:58,941 [INFO] DbBoards:161 - Kit is not supported: P-NUCLEO-WB55
2026-04-29 13:50:58,944 [INFO] BoardInfo:889 - No configuration file found for board STEVAL-BFA001V1B
2026-04-29 13:50:58,944 [INFO] DbBoards:161 - Kit is not supported: STEVAL-BFA001V1B
2026-04-29 13:50:58,945 [INFO] BoardInfo:889 - No configuration file found for board STEVAL-BFA001V2B
2026-04-29 13:50:58,945 [INFO] DbBoards:161 - Kit is not supported: STEVAL-BFA001V2B
2026-04-29 13:50:58,997 [INFO] BoardInfo:889 - No configuration file found for board STM32H5F5J-DK
2026-04-29 13:50:58,998 [INFO] DbBoards:161 - Board is not supported: STM32H5F5J-DK
2026-04-29 13:50:59,038 [INFO] DbBoards:168 - Found 218 boards, 209 are supported
2026-04-29 13:50:59,038 [INFO] DbBoards:169 - Found 218 boards, 43 of them is supported for  Bsp
2026-04-29 13:50:59,049 [INFO] ApiDb:423 - Load user favorites file /Users/cristianpetramale/.stm32cubeide/favorites.boards.txt: 0 item(s)
2026-04-29 13:50:59,050 [INFO] ApiDb:427 - User favorites Boards=[]
2026-04-29 13:50:59,050 [INFO] DbBoards:198 - Set 0 / 0 favorites Boards
2026-04-29 13:50:59,216 [INFO] UtilMem:75 - End LoadConfig() Used Memory: 281130240 Bytes (342884352)
2026-04-29 13:50:59,400 [WARN] ThirdParty:833 - waiting for thirdparty lock release [change project]
2026-04-29 13:50:59,406 [INFO] ThirdParty:835 - entering critical section [change project]
2026-04-29 13:50:59,407 [INFO] ThirdParty:1030 - CMSIS Pack Vendor :STMicroelectronics X-CUBE-AZRTOS-H7 3.5.0
2026-04-29 13:50:59,407 [INFO] ThirdParty:1030 - CMSIS Pack Vendor :STMicroelectronics X-CUBE-PM33A1 1.0.0
2026-04-29 13:50:59,408 [INFO] ThirdParty:1030 - CMSIS Pack Vendor :STMicroelectronics USBPD 4.1
2026-04-29 13:50:59,408 [INFO] ThirdParty:1030 - CMSIS Pack Vendor :STMicroelectronics X-CUBE-NFC9 1.0.0
2026-04-29 13:50:59,409 [INFO] ThirdParty:1030 - CMSIS Pack Vendor :STMicroelectronics USB_HOST 2.0.0
2026-04-29 13:50:59,410 [INFO] ThirdParty:1030 - CMSIS Pack Vendor :STMicroelectronics X-CUBE-AZRTOS-F4 1.1.0
2026-04-29 13:50:59,411 [INFO] ThirdParty:1030 - CMSIS Pack Vendor :STMicroelectronics LIBJPEG 8.0.0
2026-04-29 13:50:59,411 [INFO] ThirdParty:1030 - CMSIS Pack Vendor :STMicroelectronics FP-ATR-ASTRA1 2.0.2
2026-04-29 13:50:59,411 [INFO] ThirdParty:1030 - CMSIS Pack Vendor :STMicroelectronics X-CUBE-BLE1 7.1.0
2026-04-29 13:50:59,411 [INFO] ThirdParty:1030 - CMSIS Pack Vendor :STMicroelectronics X-CUBE-SMBUS 2.1.0
2026-04-29 13:50:59,411 [INFO] ThirdParty:1030 - CMSIS Pack Vendor :wolfSSL I-CUBE-wolfMQTT 1.19.2
2026-04-29 13:50:59,411 [INFO] ThirdParty:1030 - CMSIS Pack Vendor :STMicroelectronics USB_DEVICE 3.0.0
2026-04-29 13:50:59,411 [INFO] ThirdParty:1030 - CMSIS Pack Vendor :STMicroelectronics X-CUBE-ISPU 2.1.0
2026-04-29 13:50:59,411 [INFO] ThirdParty:1030 - CMSIS Pack Vendor :STMicroelectronics eDS-WB_DPC_TT-BIDIR 2.1.1
2026-04-29 13:50:59,411 [INFO] ThirdParty:1030 - CMSIS Pack Vendor :STMicroelectronics X-CUBE-AZRTOS-WB 2.0.0
2026-04-29 13:50:59,411 [INFO] ThirdParty:1030 - CMSIS Pack Vendor :wolfSSL I-CUBE-wolfSSL 5.8.4
2026-04-29 13:50:59,412 [INFO] ThirdParty:1030 - CMSIS Pack Vendor :Cesanta I-CUBE-Mongoose 7.20.0
2026-04-29 13:50:59,412 [INFO] ThirdParty:1030 - CMSIS Pack Vendor :STMicroelectronics X-CUBE-AZRTOS-F7 1.1.0
2026-04-29 13:50:59,412 [INFO] ThirdParty:1030 - CMSIS Pack Vendor :STMicroelectronics X-CUBE-AZRTOS-L5 2.0.0
2026-04-29 13:50:59,412 [INFO] ThirdParty:1030 - CMSIS Pack Vendor :STMicroelectronics USB_DEVICE 2.0.0
2026-04-29 13:50:59,412 [INFO] ThirdParty:1030 - CMSIS Pack Vendor :STMicroelectronics FP-SNS-STAIOTCFT 1.1.0
2026-04-29 13:50:59,412 [INFO] ThirdParty:1030 - CMSIS Pack Vendor :quantropi X-CUBE-qispace-sdk-base 2.1.0
2026-04-29 13:50:59,412 [INFO] ThirdParty:1030 - CMSIS Pack Vendor :STMicroelectronics X-CUBE-STSE01 2.0.0
2026-04-29 13:50:59,412 [INFO] ThirdParty:1030 - CMSIS Pack Vendor :STMicroelectronics FreeRTOS 0.0.1
2026-04-29 13:50:59,412 [INFO] ThirdParty:1030 - CMSIS Pack Vendor :STMicroelectronics X-CUBE-AZRTOS-G0 1.1.0
2026-04-29 13:50:59,412 [INFO] ThirdParty:1030 - CMSIS Pack Vendor :STMicroelectronics X-CUBE-NFC4 3.0.0
2026-04-29 13:50:59,412 [INFO] ThirdParty:1030 - CMSIS Pack Vendor :STMicroelectronics X-CUBE-SUBG2 5.0.0
2026-04-29 13:50:59,412 [INFO] ThirdParty:1030 - CMSIS Pack Vendor :STMicroelectronics STM32_WPAN 1.0.0
2026-04-29 13:50:59,412 [INFO] ThirdParty:1030 - CMSIS Pack Vendor :STMicroelectronics eDS-WB_DPC_VIENNA 1.2.0
2026-04-29 13:50:59,412 [INFO] ThirdParty:1030 - CMSIS Pack Vendor :EmbeddedOffice I-CUBE-FS-RTOS 1.0.1
2026-04-29 13:50:59,412 [INFO] ThirdParty:1030 - CMSIS Pack Vendor :STMicroelectronics lwIP 2.0.3
2026-04-29 13:50:59,412 [INFO] ThirdParty:1030 - CMSIS Pack Vendor :WES I-CUBE-Cesium 1.4.0
2026-04-29 13:50:59,412 [INFO] ThirdParty:1030 - CMSIS Pack Vendor :STMicroelectronics eDS-WB_DPC_3PH2L-BIDIR 1.1.1
2026-04-29 13:50:59,412 [INFO] ThirdParty:1030 - CMSIS Pack Vendor :STMicroelectronics USB_HOST 1.0.0
2026-04-29 13:50:59,412 [INFO] ThirdParty:1030 - CMSIS Pack Vendor :STMicroelectronics X-CUBE-AZRTOS-G4 2.0.0
2026-04-29 13:50:59,412 [INFO] ThirdParty:1030 - CMSIS Pack Vendor :STMicroelectronics PDM2PCM 3.1.0
2026-04-29 13:50:59,412 [INFO] ThirdParty:1030 - CMSIS Pack Vendor :STMicroelectronics PDM2PCM 3.3.0
2026-04-29 13:50:59,412 [INFO] ThirdParty:1030 - CMSIS Pack Vendor :wolfSSL I-CUBE-wolfTPM 3.8.0
2026-04-29 13:50:59,412 [INFO] ThirdParty:1030 - CMSIS Pack Vendor :STMicroelectronics X-CUBE-DISPLAY 3.0.0
2026-04-29 13:50:59,412 [INFO] ThirdParty:1030 - CMSIS Pack Vendor :wolfSSL I-CUBE-wolfSSH 1.4.20
2026-04-29 13:50:59,412 [INFO] ThirdParty:1030 - CMSIS Pack Vendor :STMicroelectronics X-CUBE-NFC7 2.0.0
2026-04-29 13:50:59,412 [INFO] ThirdParty:1030 - CMSIS Pack Vendor :STMicroelectronics X-CUBE-TCPP 4.2.0
2026-04-29 13:50:59,412 [INFO] ThirdParty:1030 - CMSIS Pack Vendor :RealThread X-CUBE-RT-Thread_Nano 4.1.1
2026-04-29 13:50:59,412 [INFO] ThirdParty:1030 - CMSIS Pack Vendor :STMicroelectronics FP-ATR-SIGFOX1 3.2.0
2026-04-29 13:50:59,412 [INFO] ThirdParty:1030 - CMSIS Pack Vendor :STMicroelectronics X-CUBE-NFC10 1.0.0
2026-04-29 13:50:59,412 [INFO] ThirdParty:1030 - CMSIS Pack Vendor :STMicroelectronics HAL Drivers 0.0.0
2026-04-29 13:50:59,412 [INFO] ThirdParty:1030 - CMSIS Pack Vendor :STMicroelectronics MBEDTLS 2.16.2
2026-04-29 13:50:59,412 [INFO] ThirdParty:1030 - CMSIS Pack Vendor :STMicroelectronics X-CUBE-ST60 1.1.0
2026-04-29 13:50:59,412 [INFO] ThirdParty:1030 - CMSIS Pack Vendor :STMicroelectronics X-CUBE-ALS 1.0.2
2026-04-29 13:50:59,412 [INFO] ThirdParty:1030 - CMSIS Pack Vendor :emotas I-CUBE-CANOPEN 1.3.0
2026-04-29 13:50:59,412 [INFO] ThirdParty:1030 - CMSIS Pack Vendor :STMicroelectronics MBEDTLS 2.14.1
2026-04-29 13:50:59,412 [INFO] ThirdParty:1030 - CMSIS Pack Vendor :ITTIA_DB I-CUBE-ITTIADB 8.9.0
2026-04-29 13:50:59,412 [INFO] ThirdParty:1030 - CMSIS Pack Vendor :STMicroelectronics X-CUBE-TOUCHGFX 4.26.1
2026-04-29 13:50:59,412 [INFO] ThirdParty:1030 - CMSIS Pack Vendor :STMicroelectronics FP-SNS-STAIOTCFT 1.0.0
2026-04-29 13:50:59,412 [INFO] ThirdParty:1030 - CMSIS Pack Vendor :STMicroelectronics ThreadX 1.0.0
2026-04-29 13:50:59,412 [INFO] ThirdParty:1030 - CMSIS Pack Vendor :STMicroelectronics FP-SNS-SMARTAG2 1.2.0
2026-04-29 13:50:59,412 [INFO] ThirdParty:1030 - CMSIS Pack Vendor :STMicroelectronics FP-SNS-FLIGHT1 5.1.0
2026-04-29 13:50:59,412 [INFO] ThirdParty:1030 - CMSIS Pack Vendor :STMicroelectronics X-CUBE-AZRTOS-WL 2.0.0
2026-04-29 13:50:59,412 [INFO] ThirdParty:1030 - CMSIS Pack Vendor :SEGGER I-CUBE-embOS 1.3.1
2026-04-29 13:50:59,412 [INFO] ThirdParty:1030 - CMSIS Pack Vendor :STMicroelectronics X-CUBE-ALGOBUILD 1.4.0
2026-04-29 13:50:59,412 [INFO] ThirdParty:1030 - CMSIS Pack Vendor :STMicroelectronics X-CUBE-DPower 1.3.0
2026-04-29 13:50:59,412 [INFO] ThirdParty:1030 - CMSIS Pack Vendor :STMicroelectronics USB_DEVICE 1.0.0
2026-04-29 13:50:59,412 [INFO] ThirdParty:1030 - CMSIS Pack Vendor :STMicroelectronics X-CUBE-AZRTOS-H7RS 1.2.0
2026-04-29 13:50:59,412 [INFO] ThirdParty:1030 - CMSIS Pack Vendor :STMicroelectronics X-CUBE-AZRTOS-L4 2.0.0
2026-04-29 13:50:59,412 [INFO] ThirdParty:1030 - CMSIS Pack Vendor :STMicroelectronics ThreadX 0.0.2
2026-04-29 13:50:59,412 [INFO] ThirdParty:1030 - CMSIS Pack Vendor :STMicroelectronics lwIP 2.1.2
2026-04-29 13:50:59,412 [INFO] ThirdParty:1030 - CMSIS Pack Vendor :STMicroelectronics X-CUBE-SFXS2LP1 4.0.0
2026-04-29 13:50:59,412 [INFO] ThirdParty:1030 - CMSIS Pack Vendor :STMicroelectronics X-CUBE-BLE2 3.3.0
2026-04-29 13:50:59,412 [INFO] ThirdParty:1030 - CMSIS Pack Vendor :Avnet-IOTCONNECT X-CUBE-iotc-st67-sdk 1.0.0
2026-04-29 13:50:59,412 [INFO] ThirdParty:1030 - CMSIS Pack Vendor :STMicroelectronics X-CUBE-TOF1 3.4.3
2026-04-29 13:50:59,413 [INFO] ThirdParty:1030 - CMSIS Pack Vendor :Infineon AIROC-Wi-Fi-Bluetooth-STM32 1.8.0
2026-04-29 13:50:59,413 [INFO] ThirdParty:1030 - CMSIS Pack Vendor :STMicroelectronics PDM2PCM 3.2.0
2026-04-29 13:50:59,413 [INFO] ThirdParty:1030 - CMSIS Pack Vendor :STMicroelectronics X-CUBE-WB05N 2.1.0
2026-04-29 13:50:59,413 [INFO] ThirdParty:1030 - CMSIS Pack Vendor :STMicroelectronics X-CUBE-ST67W61 1.2.0
2026-04-29 13:50:59,419 [INFO] ThirdParty:841 - exiting critical section [change project]
2026-04-29 13:51:00,866 [INFO] PinOutPanel:1589 - setPackage(No Configuration,No Configuration)
2026-04-29 13:51:00,871 [INFO] PinOutPanel:1589 - setPackage(STM32L432KCUx,UFQFPN32)
2026-04-29 13:51:01,780 [INFO] UtilMem:75 - Before build in PCC Used Memory: 298242480 Bytes (342884352)
2026-04-29 13:51:03,475 [INFO] UtilMem:75 - After build in PCC Used Memory: 197933600 Bytes (342884352)
2026-04-29 13:51:03,582 [INFO] IPUIPlugin:80 - create IPUIPlugin
2026-04-29 13:51:03,585 [INFO] IPUIPlugin:80 - create IPUIPlugin
2026-04-29 13:51:03,585 [INFO] IPUIPlugin:80 - create IPUIPlugin
2026-04-29 13:51:03,585 [INFO] IPUIPlugin:80 - create IPUIPlugin
2026-04-29 13:51:03,586 [INFO] IPUIPlugin:80 - create IPUIPlugin
2026-04-29 13:51:03,586 [INFO] IPUIPlugin:80 - create IPUIPlugin
2026-04-29 13:51:03,587 [INFO] IPUIPlugin:80 - create IPUIPlugin
2026-04-29 13:51:03,587 [INFO] IPUIPlugin:80 - create IPUIPlugin
2026-04-29 13:51:03,587 [INFO] IPUIPlugin:80 - create IPUIPlugin
2026-04-29 13:51:03,587 [INFO] IPUIPlugin:80 - create IPUIPlugin
2026-04-29 13:51:03,587 [INFO] IPUIPlugin:80 - create IPUIPlugin
2026-04-29 13:51:03,588 [INFO] IPUIPlugin:80 - create IPUIPlugin
2026-04-29 13:51:03,588 [INFO] IPUIPlugin:80 - create IPUIPlugin
2026-04-29 13:51:03,588 [INFO] IPUIPlugin:80 - create IPUIPlugin
2026-04-29 13:51:03,591 [INFO] IPUIPlugin:80 - create IPUIPlugin
2026-04-29 13:51:03,591 [INFO] IPUIPlugin:80 - create IPUIPlugin
2026-04-29 13:51:03,591 [INFO] IPUIPlugin:80 - create IPUIPlugin
2026-04-29 13:51:03,592 [INFO] IPUIPlugin:80 - create IPUIPlugin
2026-04-29 13:51:03,592 [INFO] IPUIPlugin:80 - create IPUIPlugin
2026-04-29 13:51:03,592 [INFO] IPUIPlugin:80 - create IPUIPlugin
2026-04-29 13:51:03,592 [INFO] IPUIPlugin:80 - create IPUIPlugin
2026-04-29 13:51:03,592 [INFO] IPUIPlugin:80 - create IPUIPlugin
2026-04-29 13:51:03,592 [INFO] IPUIPlugin:80 - create IPUIPlugin
2026-04-29 13:51:03,592 [INFO] IPUIPlugin:80 - create IPUIPlugin
2026-04-29 13:51:03,592 [INFO] IPUIPlugin:80 - create IPUIPlugin
2026-04-29 13:51:03,592 [INFO] IPUIPlugin:80 - create IPUIPlugin
2026-04-29 13:51:03,593 [INFO] IPUIPlugin:80 - create IPUIPlugin
2026-04-29 13:51:03,593 [INFO] IPUIPlugin:80 - create IPUIPlugin
2026-04-29 13:51:03,593 [INFO] IPUIPlugin:80 - create IPUIPlugin
2026-04-29 13:51:03,593 [INFO] IPUIPlugin:80 - create IPUIPlugin
2026-04-29 13:51:03,593 [INFO] IPUIPlugin:80 - create IPUIPlugin
2026-04-29 13:51:03,593 [INFO] IPUIPlugin:80 - create IPUIPlugin
2026-04-29 13:51:03,593 [INFO] IPUIPlugin:80 - create IPUIPlugin
2026-04-29 13:51:03,593 [INFO] IPUIPlugin:80 - create IPUIPlugin
2026-04-29 13:51:03,593 [INFO] IPUIPlugin:80 - create IPUIPlugin
2026-04-29 13:51:03,595 [INFO] IPUIPlugin:80 - create IPUIPlugin
2026-04-29 13:51:03,595 [INFO] IPUIPlugin:80 - create IPUIPlugin
2026-04-29 13:51:03,595 [INFO] IPUIPlugin:80 - create IPUIPlugin
2026-04-29 13:51:03,595 [INFO] IPUIPlugin:80 - create IPUIPlugin
2026-04-29 13:51:03,595 [INFO] IPUIPlugin:80 - create IPUIPlugin
2026-04-29 13:51:03,595 [INFO] IPUIPlugin:80 - create IPUIPlugin
2026-04-29 13:51:04,332 [INFO] CADModel:165 - CPN selected for project levelSTM32L432KCU3
2026-04-29 13:51:04,339 [INFO] CADModel:114 - Register for checkConnection events
2026-04-29 13:51:04,395 [INFO] OpenFileManager:386 - Restore cursor
2026-04-29 14:08:08,975 [INFO] MainUpdater:2872 - connection check result : 10
2026-04-29 14:08:08,984 [INFO] MainUpdater:2872 - connection check result : 10
2026-04-29 14:08:09,333 [INFO] MicroXplorer:468 - Change Database Path : 
2026-04-29 14:08:09,334 [INFO] MicroXplorer:498 - Change Database Version : DB.6.0.150
2026-04-29 14:08:09,418 [ERROR] ProjectManagerView:395 - 
java.lang.NullPointerException: Cannot invoke "javax.swing.JTextField.getText()" because the return value of "java.util.List.get(int)" is null
	at com.st.microxplorer.plugins.projectmanager.gui.ProjectChoiceTab$9.caretUpdate(ProjectChoiceTab.java:2706) ~[filemanager.jar:?]
	at javax.swing.text.JTextComponent.fireCaretUpdate(JTextComponent.java:408) ~[?:?]
	at javax.swing.text.JTextComponent$MutableCaretEvent.fire(JTextComponent.java:4484) ~[?:?]
	at javax.swing.text.JTextComponent$MutableCaretEvent.stateChanged(JTextComponent.java:4506) ~[?:?]
	at javax.swing.text.DefaultCaret.fireStateChanged(DefaultCaret.java:857) ~[?:?]
	at javax.swing.text.DefaultCaret.changeCaretPosition(DefaultCaret.java:1343) ~[?:?]
	at javax.swing.text.DefaultCaret.handleSetDot(DefaultCaret.java:1242) ~[?:?]
	at javax.swing.text.DefaultCaret.setDot(DefaultCaret.java:1223) ~[?:?]
	at javax.swing.text.DefaultCaret$Handler.insertUpdate(DefaultCaret.java:1819) ~[?:?]
	at javax.swing.text.AbstractDocument.fireInsertUpdate(AbstractDocument.java:227) ~[?:?]
	at javax.swing.text.AbstractDocument.handleInsertString(AbstractDocument.java:781) ~[?:?]
	at javax.swing.text.AbstractDocument.insertString(AbstractDocument.java:740) ~[?:?]
	at javax.swing.text.PlainDocument.insertString(PlainDocument.java:131) ~[?:?]
	at javax.swing.text.AbstractDocument.replace(AbstractDocument.java:699) ~[?:?]
	at javax.swing.text.JTextComponent.setText(JTextComponent.java:1725) ~[?:?]
	at com.st.microxplorer.plugins.projectmanager.gui.ProjectChoiceTab.createHeapStackFields(ProjectChoiceTab.java:993) ~[filemanager.jar:?]
	at com.st.microxplorer.plugins.projectmanager.gui.ProjectChoiceTab.buildLinkSettingsPanel(ProjectChoiceTab.java:3813) ~[filemanager.jar:?]
	at com.st.microxplorer.plugins.projectmanager.gui.ProjectChoiceTab.defineWindowsFields(ProjectChoiceTab.java:1987) ~[filemanager.jar:?]
	at com.st.microxplorer.plugins.projectmanager.gui.ProjectChoiceTab.updateSettings(ProjectChoiceTab.java:558) ~[filemanager.jar:?]
	at com.st.microxplorer.plugins.projectmanager.gui.ProjectSettingsPanel.UpdateDialog(ProjectSettingsPanel.java:247) ~[filemanager.jar:?]
	at com.st.microxplorer.plugins.projectmanager.ProjectManagerView.propertyChange(ProjectManagerView.java:392) ~[filemanager.jar:?]
	at java.beans.PropertyChangeSupport.fire(PropertyChangeSupport.java:343) ~[?:?]
	at java.beans.PropertyChangeSupport.firePropertyChange(PropertyChangeSupport.java:335) ~[?:?]
	at java.beans.PropertyChangeSupport.firePropertyChange(PropertyChangeSupport.java:268) ~[?:?]
	at com.st.microxplorer.util.MXPropertyChangeSupport.firePropertyChange(MXPropertyChangeSupport.java:54) ~[STM32CubeMX.jar:?]
	at com.st.microxplorer.mxsystem.MxSystem.closeConfig(MxSystem.java:899) ~[STM32CubeMX.jar:?]
	at com.st.microxplorer.maingui.MainPanel.closeConfig(MainPanel.java:792) ~[STM32CubeMX.jar:?]
	at com.st.microxplorer.plugins.filemanager.engine.OpenFileManager.loadConfigurationFile(OpenFileManager.java:288) ~[filemanager.jar:?]
	at com.st.microxplorer.plugins.filemanager.engine.MainFileManager.userLoadConfig(MainFileManager.java:364) ~[filemanager.jar:?]
	at com.st.microxplorer.plugins.filemanager.engine.MainFileManager.userLoadConfig(MainFileManager.java:342) ~[filemanager.jar:?]
	at com.st.microxplorer.plugins.filemanager.FileManagerView.getSpecificTask(FileManagerView.java:264) ~[filemanager.jar:?]
	at com.st.stm32cube.common.mx.editor.CubeMxEditor.getMxTabbedPaneInstance(CubeMxEditor.java:1198) ~[com.st.stm32cube.common.mx_6.15.0.202507011659/:?]
	at com.st.stm32cube.common.mx.editor.CubeMxEditor$12$1.createSwingComponent(CubeMxEditor.java:1068) ~[com.st.stm32cube.common.mx_6.15.0.202507011659/:?]
	at com.st.stm32cube.common.mx.oss.core.awtswtbridge.EmbeddedSwingComposite.doComponentCreation(EmbeddedSwingComposite.java:492) ~[com.st.stm32cube.common.mx.oss_6.15.0.202507011659/:?]
	at com.st.stm32cube.common.mx.oss.core.awtswtbridge.EmbeddedSwingComposite$4.run(EmbeddedSwingComposite.java:291) ~[com.st.stm32cube.common.mx.oss_6.15.0.202507011659/:?]
	at com.st.stm32cube.common.mx.oss.core.awtswtbridge.AwtEnvironment$2.run(AwtEnvironment.java:166) ~[com.st.stm32cube.common.mx.oss_6.15.0.202507011659/:?]
	at java.awt.event.InvocationEvent.dispatch(InvocationEvent.java:318) ~[?:?]
	at java.awt.EventQueue.dispatchEventImpl(EventQueue.java:773) ~[?:?]
	at java.awt.EventQueue$4.run(EventQueue.java:720) ~[?:?]
	at java.awt.EventQueue$4.run(EventQueue.java:714) ~[?:?]
	at java.security.AccessController.doPrivileged(AccessController.java:400) ~[?:?]
	at java.security.ProtectionDomain$JavaSecurityAccessImpl.doIntersectionPrivilege(ProtectionDomain.java:87) ~[?:?]
	at java.awt.EventQueue.dispatchEvent(EventQueue.java:742) ~[?:?]
	at java.awt.EventDispatchThread.pumpOneEventForFilters(EventDispatchThread.java:203) ~[?:?]
	at java.awt.EventDispatchThread.pumpEventsForFilter(EventDispatchThread.java:124) ~[?:?]
	at java.awt.EventDispatchThread.pumpEventsForHierarchy(EventDispatchThread.java:113) ~[?:?]
	at java.awt.EventDispatchThread.pumpEvents(EventDispatchThread.java:109) ~[?:?]
	at java.awt.EventDispatchThread.pumpEvents(EventDispatchThread.java:101) ~[?:?]
	at java.awt.EventDispatchThread.run(EventDispatchThread.java:90) ~[?:?]
2026-04-29 14:08:09,427 [WARN] ThirdParty:871 - waiting for thirdparty lock release [close project]
2026-04-29 14:08:09,429 [INFO] ThirdParty:873 - entering critical section [close project]
2026-04-29 14:08:09,431 [INFO] ThirdParty:883 - exiting critical section [close project]
2026-04-29 14:08:09,437 [INFO] PinOutPanel:1589 - setPackage(No Configuration,No Configuration)
2026-04-29 14:08:09,448 [INFO] UtilMem:75 - Begin LoadConfig() Used Memory: 284776168 Bytes (342884352)
2026-04-29 14:08:09,449 [INFO] MicroXplorer:468 - Change Database Path : 
2026-04-29 14:08:09,450 [INFO] MicroXplorer:498 - Change Database Version : DB.6.0.150
2026-04-29 14:08:09,450 [INFO] OpenFileManager:355 - Change cursor
2026-04-29 14:08:09,482 [INFO] Mcu:2029 - Initializing MCU STM32L432K(B-C)Ux STM32L432KCUx STM32L432KCU3
2026-04-29 14:08:10,592 [INFO] Context:786 - Trying to add GPIOservice into a context  which must be forbidden
2026-04-29 14:08:11,322 [INFO] ImportTextPane:234 - (OptionalMessage_ERROR) Pin14 (VP_RIF_VS_RIF1) cannot be retrieved for this MCU
2026-04-29 14:08:11,409 [INFO] RtosManager:558 - Registered RTOS mode: class=CMSIS, group=RTOS, mode=CMSIS_V1, owner=FREERTOS
2026-04-29 14:08:11,411 [INFO] RtosManager:558 - Registered RTOS mode: class=CMSIS, group=RTOS2, mode=CMSIS_V2, owner=FREERTOS
2026-04-29 14:08:11,411 [INFO] RtosManager:558 - Registered RTOS mode: class=RTOS, group=Core, mode=CMSIS_V1, owner=FREERTOS
2026-04-29 14:08:11,411 [INFO] RtosManager:558 - Registered RTOS mode: class=RTOS, group=Core, mode=CMSIS_V2, owner=FREERTOS
2026-04-29 14:08:11,411 [WARN] ModelIntegratedComponent:184 - Missing modes for component STMicroelectronics:FreeRTOS:0.0.1:STMicroelectronics:RTOS:FreeRTOS:Core:::10.2.0:
2026-04-29 14:08:11,429 [WARN] ModelIntegratedComponent:63 - No mode defined for component null
2026-04-29 14:08:11,429 [WARN] ModelIntegratedComponent:63 - No mode defined for component null
2026-04-29 14:08:11,429 [WARN] ModelIntegratedComponent:63 - No mode defined for component null
2026-04-29 14:08:11,429 [WARN] ModelIntegratedComponent:63 - No mode defined for component null
2026-04-29 14:08:11,429 [WARN] ModelIntegratedComponent:63 - No mode defined for component null
2026-04-29 14:08:11,429 [WARN] ModelIntegratedComponent:63 - No mode defined for component null
2026-04-29 14:08:11,429 [WARN] ModelIntegratedComponent:63 - No mode defined for component null
2026-04-29 14:08:11,429 [WARN] ModelIntegratedComponent:63 - No mode defined for component null
2026-04-29 14:08:11,429 [WARN] ModelIntegratedComponent:63 - No mode defined for component null
2026-04-29 14:08:11,429 [WARN] ModelIntegratedComponent:63 - No mode defined for component null
2026-04-29 14:08:11,429 [WARN] ModelIntegratedComponent:63 - No mode defined for component null
2026-04-29 14:08:11,429 [WARN] ModelIntegratedComponent:63 - No mode defined for component null
2026-04-29 14:08:11,429 [WARN] ModelIntegratedComponent:63 - No mode defined for component null
2026-04-29 14:08:11,429 [WARN] ModelIntegratedComponent:63 - No mode defined for component null
2026-04-29 14:08:11,429 [WARN] ModelIntegratedComponent:63 - No mode defined for component null
2026-04-29 14:08:11,429 [WARN] ModelIntegratedComponent:63 - No mode defined for component null
2026-04-29 14:08:11,429 [WARN] ModelIntegratedComponent:63 - No mode defined for component null
2026-04-29 14:08:11,429 [WARN] ModelIntegratedComponent:63 - No mode defined for component null
2026-04-29 14:08:11,429 [WARN] ModelIntegratedComponent:63 - No mode defined for component null
2026-04-29 14:08:11,429 [WARN] ModelIntegratedComponent:63 - No mode defined for component null
2026-04-29 14:08:11,429 [WARN] ModelIntegratedComponent:63 - No mode defined for component null
2026-04-29 14:08:11,429 [WARN] ModelIntegratedComponent:63 - No mode defined for component null
2026-04-29 14:08:11,429 [WARN] ModelIntegratedComponent:63 - No mode defined for component null
2026-04-29 14:08:11,429 [WARN] ModelIntegratedComponent:63 - No mode defined for component null
2026-04-29 14:08:11,429 [WARN] ModelIntegratedComponent:63 - No mode defined for component null
2026-04-29 14:08:11,429 [WARN] ModelIntegratedComponent:63 - No mode defined for component null
2026-04-29 14:08:11,429 [WARN] ModelIntegratedComponent:63 - No mode defined for component null
2026-04-29 14:08:11,429 [WARN] ModelIntegratedComponent:63 - No mode defined for component null
2026-04-29 14:08:11,429 [WARN] ModelIntegratedComponent:63 - No mode defined for component null
2026-04-29 14:08:11,429 [WARN] ModelIntegratedComponent:63 - No mode defined for component null
2026-04-29 14:08:11,429 [WARN] ModelIntegratedComponent:63 - No mode defined for component null
2026-04-29 14:08:11,429 [WARN] ModelIntegratedComponent:63 - No mode defined for component null
2026-04-29 14:08:11,429 [WARN] ModelIntegratedComponent:63 - No mode defined for component null
2026-04-29 14:08:11,429 [WARN] ModelIntegratedComponent:63 - No mode defined for component null
2026-04-29 14:08:11,429 [WARN] ModelIntegratedComponent:63 - No mode defined for component null
2026-04-29 14:08:11,430 [WARN] ModelPack:524 - Component already loaded: STMicroelectronics:HAL Drivers:0.0.0:STMicroelectronics:Device:STMicro_Driver:XSPI:HAL::0.0.1:HAL_XSPI
2026-04-29 14:08:11,458 [INFO] ThirdPartyModel:298 - Start build external matchings
2026-04-29 14:08:11,510 [INFO] ThirdPartyModel:316 - End build external matchings
2026-04-29 14:08:11,683 [INFO] UtilMem:75 - End LoadConfig() Used Memory: 264515480 Bytes (344981504)
2026-04-29 14:08:11,767 [WARN] ThirdParty:833 - waiting for thirdparty lock release [change project]
2026-04-29 14:08:11,773 [INFO] ThirdParty:835 - entering critical section [change project]
2026-04-29 14:08:11,774 [INFO] ThirdParty:1030 - CMSIS Pack Vendor :STMicroelectronics X-CUBE-AZRTOS-H7 3.5.0
2026-04-29 14:08:11,774 [INFO] ThirdParty:1030 - CMSIS Pack Vendor :STMicroelectronics X-CUBE-PM33A1 1.0.0
2026-04-29 14:08:11,774 [INFO] ThirdParty:1030 - CMSIS Pack Vendor :STMicroelectronics USBPD 4.1
2026-04-29 14:08:11,774 [INFO] ThirdParty:1030 - CMSIS Pack Vendor :STMicroelectronics X-CUBE-NFC9 1.0.0
2026-04-29 14:08:11,774 [INFO] ThirdParty:1030 - CMSIS Pack Vendor :STMicroelectronics USB_HOST 2.0.0
2026-04-29 14:08:11,774 [INFO] ThirdParty:1030 - CMSIS Pack Vendor :STMicroelectronics X-CUBE-AZRTOS-F4 1.1.0
2026-04-29 14:08:11,774 [INFO] ThirdParty:1030 - CMSIS Pack Vendor :STMicroelectronics LIBJPEG 8.0.0
2026-04-29 14:08:11,774 [INFO] ThirdParty:1030 - CMSIS Pack Vendor :STMicroelectronics FP-ATR-ASTRA1 2.0.2
2026-04-29 14:08:11,774 [INFO] ThirdParty:1030 - CMSIS Pack Vendor :STMicroelectronics X-CUBE-BLE1 7.1.0
2026-04-29 14:08:11,774 [INFO] ThirdParty:1030 - CMSIS Pack Vendor :STMicroelectronics X-CUBE-SMBUS 2.1.0
2026-04-29 14:08:11,774 [INFO] ThirdParty:1030 - CMSIS Pack Vendor :wolfSSL I-CUBE-wolfMQTT 1.19.2
2026-04-29 14:08:11,774 [INFO] ThirdParty:1030 - CMSIS Pack Vendor :STMicroelectronics USB_DEVICE 3.0.0
2026-04-29 14:08:11,774 [INFO] ThirdParty:1030 - CMSIS Pack Vendor :STMicroelectronics X-CUBE-ISPU 2.1.0
2026-04-29 14:08:11,774 [INFO] ThirdParty:1030 - CMSIS Pack Vendor :STMicroelectronics eDS-WB_DPC_TT-BIDIR 2.1.1
2026-04-29 14:08:11,775 [INFO] ThirdParty:1030 - CMSIS Pack Vendor :STMicroelectronics X-CUBE-AZRTOS-WB 2.0.0
2026-04-29 14:08:11,775 [INFO] ThirdParty:1030 - CMSIS Pack Vendor :wolfSSL I-CUBE-wolfSSL 5.8.4
2026-04-29 14:08:11,775 [INFO] ThirdParty:1030 - CMSIS Pack Vendor :Cesanta I-CUBE-Mongoose 7.20.0
2026-04-29 14:08:11,775 [INFO] ThirdParty:1030 - CMSIS Pack Vendor :STMicroelectronics X-CUBE-AZRTOS-F7 1.1.0
2026-04-29 14:08:11,775 [INFO] ThirdParty:1030 - CMSIS Pack Vendor :STMicroelectronics X-CUBE-AZRTOS-L5 2.0.0
2026-04-29 14:08:11,775 [INFO] ThirdParty:1030 - CMSIS Pack Vendor :STMicroelectronics USB_DEVICE 2.0.0
2026-04-29 14:08:11,775 [INFO] ThirdParty:1030 - CMSIS Pack Vendor :STMicroelectronics FP-SNS-STAIOTCFT 1.1.0
2026-04-29 14:08:11,775 [INFO] ThirdParty:1030 - CMSIS Pack Vendor :quantropi X-CUBE-qispace-sdk-base 2.1.0
2026-04-29 14:08:11,775 [INFO] ThirdParty:1030 - CMSIS Pack Vendor :STMicroelectronics X-CUBE-STSE01 2.0.0
2026-04-29 14:08:11,775 [INFO] ThirdParty:1030 - CMSIS Pack Vendor :STMicroelectronics FreeRTOS 0.0.1
2026-04-29 14:08:11,775 [INFO] ThirdParty:1030 - CMSIS Pack Vendor :STMicroelectronics X-CUBE-AZRTOS-G0 1.1.0
2026-04-29 14:08:11,775 [INFO] ThirdParty:1030 - CMSIS Pack Vendor :STMicroelectronics X-CUBE-NFC4 3.0.0
2026-04-29 14:08:11,775 [INFO] ThirdParty:1030 - CMSIS Pack Vendor :STMicroelectronics X-CUBE-SUBG2 5.0.0
2026-04-29 14:08:11,775 [INFO] ThirdParty:1030 - CMSIS Pack Vendor :STMicroelectronics STM32_WPAN 1.0.0
2026-04-29 14:08:11,775 [INFO] ThirdParty:1030 - CMSIS Pack Vendor :STMicroelectronics eDS-WB_DPC_VIENNA 1.2.0
2026-04-29 14:08:11,775 [INFO] ThirdParty:1030 - CMSIS Pack Vendor :EmbeddedOffice I-CUBE-FS-RTOS 1.0.1
2026-04-29 14:08:11,775 [INFO] ThirdParty:1030 - CMSIS Pack Vendor :STMicroelectronics lwIP 2.0.3
2026-04-29 14:08:11,775 [INFO] ThirdParty:1030 - CMSIS Pack Vendor :WES I-CUBE-Cesium 1.4.0
2026-04-29 14:08:11,775 [INFO] ThirdParty:1030 - CMSIS Pack Vendor :STMicroelectronics eDS-WB_DPC_3PH2L-BIDIR 1.1.1
2026-04-29 14:08:11,775 [INFO] ThirdParty:1030 - CMSIS Pack Vendor :STMicroelectronics USB_HOST 1.0.0
2026-04-29 14:08:11,775 [INFO] ThirdParty:1030 - CMSIS Pack Vendor :STMicroelectronics X-CUBE-AZRTOS-G4 2.0.0
2026-04-29 14:08:11,775 [INFO] ThirdParty:1030 - CMSIS Pack Vendor :STMicroelectronics PDM2PCM 3.1.0
2026-04-29 14:08:11,775 [INFO] ThirdParty:1030 - CMSIS Pack Vendor :STMicroelectronics PDM2PCM 3.3.0
2026-04-29 14:08:11,775 [INFO] ThirdParty:1030 - CMSIS Pack Vendor :wolfSSL I-CUBE-wolfTPM 3.8.0
2026-04-29 14:08:11,775 [INFO] ThirdParty:1030 - CMSIS Pack Vendor :STMicroelectronics X-CUBE-DISPLAY 3.0.0
2026-04-29 14:08:11,775 [INFO] ThirdParty:1030 - CMSIS Pack Vendor :wolfSSL I-CUBE-wolfSSH 1.4.20
2026-04-29 14:08:11,775 [INFO] ThirdParty:1030 - CMSIS Pack Vendor :STMicroelectronics X-CUBE-NFC7 2.0.0
2026-04-29 14:08:11,775 [INFO] ThirdParty:1030 - CMSIS Pack Vendor :STMicroelectronics X-CUBE-TCPP 4.2.0
2026-04-29 14:08:11,775 [INFO] ThirdParty:1030 - CMSIS Pack Vendor :RealThread X-CUBE-RT-Thread_Nano 4.1.1
2026-04-29 14:08:11,775 [INFO] ThirdParty:1030 - CMSIS Pack Vendor :STMicroelectronics FP-ATR-SIGFOX1 3.2.0
2026-04-29 14:08:11,775 [INFO] ThirdParty:1030 - CMSIS Pack Vendor :STMicroelectronics X-CUBE-NFC10 1.0.0
2026-04-29 14:08:11,775 [INFO] ThirdParty:1030 - CMSIS Pack Vendor :STMicroelectronics HAL Drivers 0.0.0
2026-04-29 14:08:11,775 [INFO] ThirdParty:1030 - CMSIS Pack Vendor :STMicroelectronics MBEDTLS 2.16.2
2026-04-29 14:08:11,775 [INFO] ThirdParty:1030 - CMSIS Pack Vendor :STMicroelectronics X-CUBE-ST60 1.1.0
2026-04-29 14:08:11,775 [INFO] ThirdParty:1030 - CMSIS Pack Vendor :STMicroelectronics X-CUBE-ALS 1.0.2
2026-04-29 14:08:11,775 [INFO] ThirdParty:1030 - CMSIS Pack Vendor :emotas I-CUBE-CANOPEN 1.3.0
2026-04-29 14:08:11,775 [INFO] ThirdParty:1030 - CMSIS Pack Vendor :STMicroelectronics MBEDTLS 2.14.1
2026-04-29 14:08:11,775 [INFO] ThirdParty:1030 - CMSIS Pack Vendor :ITTIA_DB I-CUBE-ITTIADB 8.9.0
2026-04-29 14:08:11,775 [INFO] ThirdParty:1030 - CMSIS Pack Vendor :STMicroelectronics X-CUBE-TOUCHGFX 4.26.1
2026-04-29 14:08:11,775 [INFO] ThirdParty:1030 - CMSIS Pack Vendor :STMicroelectronics FP-SNS-STAIOTCFT 1.0.0
2026-04-29 14:08:11,775 [INFO] ThirdParty:1030 - CMSIS Pack Vendor :STMicroelectronics ThreadX 1.0.0
2026-04-29 14:08:11,775 [INFO] ThirdParty:1030 - CMSIS Pack Vendor :STMicroelectronics FP-SNS-SMARTAG2 1.2.0
2026-04-29 14:08:11,775 [INFO] ThirdParty:1030 - CMSIS Pack Vendor :STMicroelectronics FP-SNS-FLIGHT1 5.1.0
2026-04-29 14:08:11,775 [INFO] ThirdParty:1030 - CMSIS Pack Vendor :STMicroelectronics X-CUBE-AZRTOS-WL 2.0.0
2026-04-29 14:08:11,775 [INFO] ThirdParty:1030 - CMSIS Pack Vendor :SEGGER I-CUBE-embOS 1.3.1
2026-04-29 14:08:11,775 [INFO] ThirdParty:1030 - CMSIS Pack Vendor :STMicroelectronics X-CUBE-ALGOBUILD 1.4.0
2026-04-29 14:08:11,775 [INFO] ThirdParty:1030 - CMSIS Pack Vendor :STMicroelectronics X-CUBE-DPower 1.3.0
2026-04-29 14:08:11,775 [INFO] ThirdParty:1030 - CMSIS Pack Vendor :STMicroelectronics USB_DEVICE 1.0.0
2026-04-29 14:08:11,775 [INFO] ThirdParty:1030 - CMSIS Pack Vendor :STMicroelectronics X-CUBE-AZRTOS-H7RS 1.2.0
2026-04-29 14:08:11,776 [INFO] ThirdParty:1030 - CMSIS Pack Vendor :STMicroelectronics X-CUBE-AZRTOS-L4 2.0.0
2026-04-29 14:08:11,776 [INFO] ThirdParty:1030 - CMSIS Pack Vendor :STMicroelectronics ThreadX 0.0.2
2026-04-29 14:08:11,776 [INFO] ThirdParty:1030 - CMSIS Pack Vendor :STMicroelectronics lwIP 2.1.2
2026-04-29 14:08:11,776 [INFO] ThirdParty:1030 - CMSIS Pack Vendor :STMicroelectronics X-CUBE-SFXS2LP1 4.0.0
2026-04-29 14:08:11,776 [INFO] ThirdParty:1030 - CMSIS Pack Vendor :STMicroelectronics X-CUBE-BLE2 3.3.0
2026-04-29 14:08:11,776 [INFO] ThirdParty:1030 - CMSIS Pack Vendor :Avnet-IOTCONNECT X-CUBE-iotc-st67-sdk 1.0.0
2026-04-29 14:08:11,776 [INFO] ThirdParty:1030 - CMSIS Pack Vendor :STMicroelectronics X-CUBE-TOF1 3.4.3
2026-04-29 14:08:11,776 [INFO] ThirdParty:1030 - CMSIS Pack Vendor :Infineon AIROC-Wi-Fi-Bluetooth-STM32 1.8.0
2026-04-29 14:08:11,776 [INFO] ThirdParty:1030 - CMSIS Pack Vendor :STMicroelectronics PDM2PCM 3.2.0
2026-04-29 14:08:11,776 [INFO] ThirdParty:1030 - CMSIS Pack Vendor :STMicroelectronics X-CUBE-WB05N 2.1.0
2026-04-29 14:08:11,776 [INFO] ThirdParty:1030 - CMSIS Pack Vendor :STMicroelectronics X-CUBE-ST67W61 1.2.0
2026-04-29 14:08:11,781 [INFO] ThirdParty:841 - exiting critical section [change project]
2026-04-29 14:08:12,200 [INFO] PinOutPanel:1589 - setPackage(No Configuration,No Configuration)
2026-04-29 14:08:12,205 [INFO] PinOutPanel:1589 - setPackage(STM32L432KCUx,UFQFPN32)
2026-04-29 14:08:12,837 [INFO] UtilMem:75 - Before build in PCC Used Memory: 212546672 Bytes (344981504)
2026-04-29 14:08:13,588 [INFO] UtilMem:75 - After build in PCC Used Memory: 306918512 Bytes (344981504)
2026-04-29 14:08:13,651 [INFO] IPUIPlugin:80 - create IPUIPlugin
2026-04-29 14:08:13,653 [INFO] IPUIPlugin:80 - create IPUIPlugin
2026-04-29 14:08:13,653 [INFO] IPUIPlugin:80 - create IPUIPlugin
2026-04-29 14:08:13,653 [INFO] IPUIPlugin:80 - create IPUIPlugin
2026-04-29 14:08:13,653 [INFO] IPUIPlugin:80 - create IPUIPlugin
2026-04-29 14:08:13,653 [INFO] IPUIPlugin:80 - create IPUIPlugin
2026-04-29 14:08:13,653 [INFO] IPUIPlugin:80 - create IPUIPlugin
2026-04-29 14:08:13,653 [INFO] IPUIPlugin:80 - create IPUIPlugin
2026-04-29 14:08:13,653 [INFO] IPUIPlugin:80 - create IPUIPlugin
2026-04-29 14:08:13,654 [INFO] IPUIPlugin:80 - create IPUIPlugin
2026-04-29 14:08:13,654 [INFO] IPUIPlugin:80 - create IPUIPlugin
2026-04-29 14:08:13,655 [INFO] IPUIPlugin:80 - create IPUIPlugin
2026-04-29 14:08:13,655 [INFO] IPUIPlugin:80 - create IPUIPlugin
2026-04-29 14:08:13,655 [INFO] IPUIPlugin:80 - create IPUIPlugin
2026-04-29 14:08:13,655 [INFO] IPUIPlugin:80 - create IPUIPlugin
2026-04-29 14:08:13,655 [INFO] IPUIPlugin:80 - create IPUIPlugin
2026-04-29 14:08:13,655 [INFO] IPUIPlugin:80 - create IPUIPlugin
2026-04-29 14:08:13,655 [INFO] IPUIPlugin:80 - create IPUIPlugin
2026-04-29 14:08:13,656 [INFO] IPUIPlugin:80 - create IPUIPlugin
2026-04-29 14:08:13,656 [INFO] IPUIPlugin:80 - create IPUIPlugin
2026-04-29 14:08:13,656 [INFO] IPUIPlugin:80 - create IPUIPlugin
2026-04-29 14:08:13,656 [INFO] IPUIPlugin:80 - create IPUIPlugin
2026-04-29 14:08:13,656 [INFO] IPUIPlugin:80 - create IPUIPlugin
2026-04-29 14:08:13,656 [INFO] IPUIPlugin:80 - create IPUIPlugin
2026-04-29 14:08:13,656 [INFO] IPUIPlugin:80 - create IPUIPlugin
2026-04-29 14:08:13,656 [INFO] IPUIPlugin:80 - create IPUIPlugin
2026-04-29 14:08:13,656 [INFO] IPUIPlugin:80 - create IPUIPlugin
2026-04-29 14:08:13,656 [INFO] IPUIPlugin:80 - create IPUIPlugin
2026-04-29 14:08:13,656 [INFO] IPUIPlugin:80 - create IPUIPlugin
2026-04-29 14:08:13,657 [INFO] IPUIPlugin:80 - create IPUIPlugin
2026-04-29 14:08:13,657 [INFO] IPUIPlugin:80 - create IPUIPlugin
2026-04-29 14:08:13,657 [INFO] IPUIPlugin:80 - create IPUIPlugin
2026-04-29 14:08:13,657 [INFO] IPUIPlugin:80 - create IPUIPlugin
2026-04-29 14:08:13,657 [INFO] IPUIPlugin:80 - create IPUIPlugin
2026-04-29 14:08:13,657 [INFO] IPUIPlugin:80 - create IPUIPlugin
2026-04-29 14:08:13,657 [INFO] IPUIPlugin:80 - create IPUIPlugin
2026-04-29 14:08:13,657 [INFO] IPUIPlugin:80 - create IPUIPlugin
2026-04-29 14:08:13,658 [INFO] IPUIPlugin:80 - create IPUIPlugin
2026-04-29 14:08:13,658 [INFO] IPUIPlugin:80 - create IPUIPlugin
2026-04-29 14:08:13,658 [INFO] IPUIPlugin:80 - create IPUIPlugin
2026-04-29 14:08:13,658 [INFO] IPUIPlugin:80 - create IPUIPlugin
2026-04-29 14:08:13,715 [INFO] CADModel:165 - CPN selected for project levelSTM32L432KCU3
2026-04-29 14:08:13,715 [INFO] CADModel:114 - Register for checkConnection events
2026-04-29 14:08:13,763 [INFO] OpenFileManager:386 - Restore cursor
2026-04-29 14:08:54,357 [INFO] MainUpdater:2872 - connection check result : 10
2026-04-29 14:08:54,358 [INFO] MainUpdater:2872 - connection check result : 10
2026-04-29 14:08:54,633 [INFO] MicroXplorer:468 - Change Database Path : 
2026-04-29 14:08:54,633 [INFO] MicroXplorer:498 - Change Database Version : DB.6.0.150
2026-04-29 14:08:54,654 [ERROR] ProjectManagerView:395 - 
java.lang.NullPointerException: Cannot invoke "javax.swing.JTextField.getText()" because the return value of "java.util.List.get(int)" is null
	at com.st.microxplorer.plugins.projectmanager.gui.ProjectChoiceTab$9.caretUpdate(ProjectChoiceTab.java:2706) ~[filemanager.jar:?]
	at javax.swing.text.JTextComponent.fireCaretUpdate(JTextComponent.java:408) ~[?:?]
	at javax.swing.text.JTextComponent$MutableCaretEvent.fire(JTextComponent.java:4484) ~[?:?]
	at javax.swing.text.JTextComponent$MutableCaretEvent.stateChanged(JTextComponent.java:4506) ~[?:?]
	at javax.swing.text.DefaultCaret.fireStateChanged(DefaultCaret.java:857) ~[?:?]
	at javax.swing.text.DefaultCaret.changeCaretPosition(DefaultCaret.java:1343) ~[?:?]
	at javax.swing.text.DefaultCaret.handleSetDot(DefaultCaret.java:1242) ~[?:?]
	at javax.swing.text.DefaultCaret.setDot(DefaultCaret.java:1223) ~[?:?]
	at javax.swing.text.DefaultCaret$Handler.insertUpdate(DefaultCaret.java:1819) ~[?:?]
	at javax.swing.text.AbstractDocument.fireInsertUpdate(AbstractDocument.java:227) ~[?:?]
	at javax.swing.text.AbstractDocument.handleInsertString(AbstractDocument.java:781) ~[?:?]
	at javax.swing.text.AbstractDocument.insertString(AbstractDocument.java:740) ~[?:?]
	at javax.swing.text.PlainDocument.insertString(PlainDocument.java:131) ~[?:?]
	at javax.swing.text.AbstractDocument.replace(AbstractDocument.java:699) ~[?:?]
	at javax.swing.text.JTextComponent.setText(JTextComponent.java:1725) ~[?:?]
	at com.st.microxplorer.plugins.projectmanager.gui.ProjectChoiceTab.createHeapStackFields(ProjectChoiceTab.java:993) ~[filemanager.jar:?]
	at com.st.microxplorer.plugins.projectmanager.gui.ProjectChoiceTab.buildLinkSettingsPanel(ProjectChoiceTab.java:3813) ~[filemanager.jar:?]
	at com.st.microxplorer.plugins.projectmanager.gui.ProjectChoiceTab.defineWindowsFields(ProjectChoiceTab.java:1987) ~[filemanager.jar:?]
	at com.st.microxplorer.plugins.projectmanager.gui.ProjectChoiceTab.updateSettings(ProjectChoiceTab.java:558) ~[filemanager.jar:?]
	at com.st.microxplorer.plugins.projectmanager.gui.ProjectSettingsPanel.UpdateDialog(ProjectSettingsPanel.java:247) ~[filemanager.jar:?]
	at com.st.microxplorer.plugins.projectmanager.ProjectManagerView.propertyChange(ProjectManagerView.java:392) ~[filemanager.jar:?]
	at java.beans.PropertyChangeSupport.fire(PropertyChangeSupport.java:343) ~[?:?]
	at java.beans.PropertyChangeSupport.firePropertyChange(PropertyChangeSupport.java:335) ~[?:?]
	at java.beans.PropertyChangeSupport.firePropertyChange(PropertyChangeSupport.java:268) ~[?:?]
	at com.st.microxplorer.util.MXPropertyChangeSupport.firePropertyChange(MXPropertyChangeSupport.java:54) ~[STM32CubeMX.jar:?]
	at com.st.microxplorer.mxsystem.MxSystem.closeConfig(MxSystem.java:899) ~[STM32CubeMX.jar:?]
	at com.st.microxplorer.maingui.MainPanel.closeConfig(MainPanel.java:792) ~[STM32CubeMX.jar:?]
	at com.st.microxplorer.plugins.filemanager.engine.OpenFileManager.loadConfigurationFile(OpenFileManager.java:288) ~[filemanager.jar:?]
	at com.st.microxplorer.plugins.filemanager.engine.MainFileManager.userLoadConfig(MainFileManager.java:364) ~[filemanager.jar:?]
	at com.st.microxplorer.plugins.filemanager.engine.MainFileManager.userLoadConfig(MainFileManager.java:342) ~[filemanager.jar:?]
	at com.st.microxplorer.plugins.filemanager.FileManagerView.getSpecificTask(FileManagerView.java:264) ~[filemanager.jar:?]
	at com.st.stm32cube.common.mx.editor.CubeMxEditor.getMxTabbedPaneInstance(CubeMxEditor.java:1198) ~[com.st.stm32cube.common.mx_6.15.0.202507011659/:?]
	at com.st.stm32cube.common.mx.editor.CubeMxEditor$12$1.createSwingComponent(CubeMxEditor.java:1068) ~[com.st.stm32cube.common.mx_6.15.0.202507011659/:?]
	at com.st.stm32cube.common.mx.oss.core.awtswtbridge.EmbeddedSwingComposite.doComponentCreation(EmbeddedSwingComposite.java:492) ~[com.st.stm32cube.common.mx.oss_6.15.0.202507011659/:?]
	at com.st.stm32cube.common.mx.oss.core.awtswtbridge.EmbeddedSwingComposite$4.run(EmbeddedSwingComposite.java:291) ~[com.st.stm32cube.common.mx.oss_6.15.0.202507011659/:?]
	at com.st.stm32cube.common.mx.oss.core.awtswtbridge.AwtEnvironment$2.run(AwtEnvironment.java:166) ~[com.st.stm32cube.common.mx.oss_6.15.0.202507011659/:?]
	at java.awt.event.InvocationEvent.dispatch(InvocationEvent.java:318) ~[?:?]
	at java.awt.EventQueue.dispatchEventImpl(EventQueue.java:773) ~[?:?]
	at java.awt.EventQueue$4.run(EventQueue.java:720) ~[?:?]
	at java.awt.EventQueue$4.run(EventQueue.java:714) ~[?:?]
	at java.security.AccessController.doPrivileged(AccessController.java:400) ~[?:?]
	at java.security.ProtectionDomain$JavaSecurityAccessImpl.doIntersectionPrivilege(ProtectionDomain.java:87) ~[?:?]
	at java.awt.EventQueue.dispatchEvent(EventQueue.java:742) ~[?:?]
	at java.awt.EventDispatchThread.pumpOneEventForFilters(EventDispatchThread.java:203) ~[?:?]
	at java.awt.EventDispatchThread.pumpEventsForFilter(EventDispatchThread.java:124) ~[?:?]
	at java.awt.EventDispatchThread.pumpEventsForHierarchy(EventDispatchThread.java:113) ~[?:?]
	at java.awt.EventDispatchThread.pumpEvents(EventDispatchThread.java:109) ~[?:?]
	at java.awt.EventDispatchThread.pumpEvents(EventDispatchThread.java:101) ~[?:?]
	at java.awt.EventDispatchThread.run(EventDispatchThread.java:90) ~[?:?]
2026-04-29 14:08:54,657 [WARN] ThirdParty:871 - waiting for thirdparty lock release [close project]
2026-04-29 14:08:54,657 [INFO] ThirdParty:873 - entering critical section [close project]
2026-04-29 14:08:54,657 [INFO] ThirdParty:883 - exiting critical section [close project]
2026-04-29 14:08:54,658 [INFO] PinOutPanel:1589 - setPackage(No Configuration,No Configuration)
2026-04-29 14:08:54,660 [INFO] UtilMem:75 - Begin LoadConfig() Used Memory: 236949248 Bytes (344981504)
2026-04-29 14:08:54,661 [INFO] MicroXplorer:468 - Change Database Path : 
2026-04-29 14:08:54,661 [INFO] MicroXplorer:498 - Change Database Version : DB.6.0.150
2026-04-29 14:08:54,661 [INFO] OpenFileManager:355 - Change cursor
2026-04-29 14:08:54,673 [INFO] Mcu:2029 - Initializing MCU STM32L432K(B-C)Ux STM32L432KCUx STM32L432KCU3
2026-04-29 14:08:55,896 [INFO] Context:786 - Trying to add GPIOservice into a context  which must be forbidden
2026-04-29 14:08:56,201 [INFO] ImportTextPane:234 - (OptionalMessage_ERROR) Pin6 (VP_RIF_VS_RIF1) cannot be retrieved for this MCU
2026-04-29 14:08:56,263 [INFO] RtosManager:558 - Registered RTOS mode: class=CMSIS, group=RTOS, mode=CMSIS_V1, owner=FREERTOS
2026-04-29 14:08:56,263 [INFO] RtosManager:558 - Registered RTOS mode: class=CMSIS, group=RTOS2, mode=CMSIS_V2, owner=FREERTOS
2026-04-29 14:08:56,263 [INFO] RtosManager:558 - Registered RTOS mode: class=RTOS, group=Core, mode=CMSIS_V1, owner=FREERTOS
2026-04-29 14:08:56,263 [INFO] RtosManager:558 - Registered RTOS mode: class=RTOS, group=Core, mode=CMSIS_V2, owner=FREERTOS
2026-04-29 14:08:56,264 [WARN] ModelIntegratedComponent:184 - Missing modes for component STMicroelectronics:FreeRTOS:0.0.1:STMicroelectronics:RTOS:FreeRTOS:Core:::10.2.0:
2026-04-29 14:08:56,268 [WARN] ModelIntegratedComponent:63 - No mode defined for component null
2026-04-29 14:08:56,268 [WARN] ModelIntegratedComponent:63 - No mode defined for component null
2026-04-29 14:08:56,268 [WARN] ModelIntegratedComponent:63 - No mode defined for component null
2026-04-29 14:08:56,268 [WARN] ModelIntegratedComponent:63 - No mode defined for component null
2026-04-29 14:08:56,268 [WARN] ModelIntegratedComponent:63 - No mode defined for component null
2026-04-29 14:08:56,268 [WARN] ModelIntegratedComponent:63 - No mode defined for component null
2026-04-29 14:08:56,268 [WARN] ModelIntegratedComponent:63 - No mode defined for component null
2026-04-29 14:08:56,268 [WARN] ModelIntegratedComponent:63 - No mode defined for component null
2026-04-29 14:08:56,268 [WARN] ModelIntegratedComponent:63 - No mode defined for component null
2026-04-29 14:08:56,268 [WARN] ModelIntegratedComponent:63 - No mode defined for component null
2026-04-29 14:08:56,268 [WARN] ModelIntegratedComponent:63 - No mode defined for component null
2026-04-29 14:08:56,268 [WARN] ModelIntegratedComponent:63 - No mode defined for component null
2026-04-29 14:08:56,268 [WARN] ModelIntegratedComponent:63 - No mode defined for component null
2026-04-29 14:08:56,268 [WARN] ModelIntegratedComponent:63 - No mode defined for component null
2026-04-29 14:08:56,268 [WARN] ModelIntegratedComponent:63 - No mode defined for component null
2026-04-29 14:08:56,268 [WARN] ModelIntegratedComponent:63 - No mode defined for component null
2026-04-29 14:08:56,268 [WARN] ModelIntegratedComponent:63 - No mode defined for component null
2026-04-29 14:08:56,268 [WARN] ModelIntegratedComponent:63 - No mode defined for component null
2026-04-29 14:08:56,268 [WARN] ModelIntegratedComponent:63 - No mode defined for component null
2026-04-29 14:08:56,268 [WARN] ModelIntegratedComponent:63 - No mode defined for component null
2026-04-29 14:08:56,268 [WARN] ModelIntegratedComponent:63 - No mode defined for component null
2026-04-29 14:08:56,268 [WARN] ModelIntegratedComponent:63 - No mode defined for component null
2026-04-29 14:08:56,268 [WARN] ModelIntegratedComponent:63 - No mode defined for component null
2026-04-29 14:08:56,268 [WARN] ModelIntegratedComponent:63 - No mode defined for component null
2026-04-29 14:08:56,268 [WARN] ModelIntegratedComponent:63 - No mode defined for component null
2026-04-29 14:08:56,268 [WARN] ModelIntegratedComponent:63 - No mode defined for component null
2026-04-29 14:08:56,268 [WARN] ModelIntegratedComponent:63 - No mode defined for component null
2026-04-29 14:08:56,268 [WARN] ModelIntegratedComponent:63 - No mode defined for component null
2026-04-29 14:08:56,268 [WARN] ModelIntegratedComponent:63 - No mode defined for component null
2026-04-29 14:08:56,268 [WARN] ModelIntegratedComponent:63 - No mode defined for component null
2026-04-29 14:08:56,268 [WARN] ModelIntegratedComponent:63 - No mode defined for component null
2026-04-29 14:08:56,268 [WARN] ModelIntegratedComponent:63 - No mode defined for component null
2026-04-29 14:08:56,268 [WARN] ModelIntegratedComponent:63 - No mode defined for component null
2026-04-29 14:08:56,268 [WARN] ModelIntegratedComponent:63 - No mode defined for component null
2026-04-29 14:08:56,268 [WARN] ModelIntegratedComponent:63 - No mode defined for component null
2026-04-29 14:08:56,268 [WARN] ModelPack:524 - Component already loaded: STMicroelectronics:HAL Drivers:0.0.0:STMicroelectronics:Device:STMicro_Driver:XSPI:HAL::0.0.1:HAL_XSPI
2026-04-29 14:08:56,280 [INFO] ThirdPartyModel:298 - Start build external matchings
2026-04-29 14:08:56,320 [INFO] ThirdPartyModel:316 - End build external matchings
2026-04-29 14:08:56,475 [INFO] UtilMem:75 - End LoadConfig() Used Memory: 310691832 Bytes (351272960)
2026-04-29 14:08:56,662 [WARN] ThirdParty:833 - waiting for thirdparty lock release [change project]
2026-04-29 14:08:56,672 [INFO] ThirdParty:835 - entering critical section [change project]
2026-04-29 14:08:56,674 [INFO] ThirdParty:1030 - CMSIS Pack Vendor :STMicroelectronics X-CUBE-AZRTOS-H7 3.5.0
2026-04-29 14:08:56,674 [INFO] ThirdParty:1030 - CMSIS Pack Vendor :STMicroelectronics X-CUBE-PM33A1 1.0.0
2026-04-29 14:08:56,674 [INFO] ThirdParty:1030 - CMSIS Pack Vendor :STMicroelectronics USBPD 4.1
2026-04-29 14:08:56,674 [INFO] ThirdParty:1030 - CMSIS Pack Vendor :STMicroelectronics X-CUBE-NFC9 1.0.0
2026-04-29 14:08:56,674 [INFO] ThirdParty:1030 - CMSIS Pack Vendor :STMicroelectronics USB_HOST 2.0.0
2026-04-29 14:08:56,674 [INFO] ThirdParty:1030 - CMSIS Pack Vendor :STMicroelectronics X-CUBE-AZRTOS-F4 1.1.0
2026-04-29 14:08:56,674 [INFO] ThirdParty:1030 - CMSIS Pack Vendor :STMicroelectronics LIBJPEG 8.0.0
2026-04-29 14:08:56,674 [INFO] ThirdParty:1030 - CMSIS Pack Vendor :STMicroelectronics FP-ATR-ASTRA1 2.0.2
2026-04-29 14:08:56,674 [INFO] ThirdParty:1030 - CMSIS Pack Vendor :STMicroelectronics X-CUBE-BLE1 7.1.0
2026-04-29 14:08:56,674 [INFO] ThirdParty:1030 - CMSIS Pack Vendor :STMicroelectronics X-CUBE-SMBUS 2.1.0
2026-04-29 14:08:56,674 [INFO] ThirdParty:1030 - CMSIS Pack Vendor :wolfSSL I-CUBE-wolfMQTT 1.19.2
2026-04-29 14:08:56,674 [INFO] ThirdParty:1030 - CMSIS Pack Vendor :STMicroelectronics USB_DEVICE 3.0.0
2026-04-29 14:08:56,675 [INFO] ThirdParty:1030 - CMSIS Pack Vendor :STMicroelectronics X-CUBE-ISPU 2.1.0
2026-04-29 14:08:56,675 [INFO] ThirdParty:1030 - CMSIS Pack Vendor :STMicroelectronics eDS-WB_DPC_TT-BIDIR 2.1.1
2026-04-29 14:08:56,675 [INFO] ThirdParty:1030 - CMSIS Pack Vendor :STMicroelectronics X-CUBE-AZRTOS-WB 2.0.0
2026-04-29 14:08:56,675 [INFO] ThirdParty:1030 - CMSIS Pack Vendor :wolfSSL I-CUBE-wolfSSL 5.8.4
2026-04-29 14:08:56,675 [INFO] ThirdParty:1030 - CMSIS Pack Vendor :Cesanta I-CUBE-Mongoose 7.20.0
2026-04-29 14:08:56,675 [INFO] ThirdParty:1030 - CMSIS Pack Vendor :STMicroelectronics X-CUBE-AZRTOS-F7 1.1.0
2026-04-29 14:08:56,675 [INFO] ThirdParty:1030 - CMSIS Pack Vendor :STMicroelectronics X-CUBE-AZRTOS-L5 2.0.0
2026-04-29 14:08:56,675 [INFO] ThirdParty:1030 - CMSIS Pack Vendor :STMicroelectronics USB_DEVICE 2.0.0
2026-04-29 14:08:56,675 [INFO] ThirdParty:1030 - CMSIS Pack Vendor :STMicroelectronics FP-SNS-STAIOTCFT 1.1.0
2026-04-29 14:08:56,675 [INFO] ThirdParty:1030 - CMSIS Pack Vendor :quantropi X-CUBE-qispace-sdk-base 2.1.0
2026-04-29 14:08:56,675 [INFO] ThirdParty:1030 - CMSIS Pack Vendor :STMicroelectronics X-CUBE-STSE01 2.0.0
2026-04-29 14:08:56,675 [INFO] ThirdParty:1030 - CMSIS Pack Vendor :STMicroelectronics FreeRTOS 0.0.1
2026-04-29 14:08:56,675 [INFO] ThirdParty:1030 - CMSIS Pack Vendor :STMicroelectronics X-CUBE-AZRTOS-G0 1.1.0
2026-04-29 14:08:56,675 [INFO] ThirdParty:1030 - CMSIS Pack Vendor :STMicroelectronics X-CUBE-NFC4 3.0.0
2026-04-29 14:08:56,675 [INFO] ThirdParty:1030 - CMSIS Pack Vendor :STMicroelectronics X-CUBE-SUBG2 5.0.0
2026-04-29 14:08:56,675 [INFO] ThirdParty:1030 - CMSIS Pack Vendor :STMicroelectronics STM32_WPAN 1.0.0
2026-04-29 14:08:56,675 [INFO] ThirdParty:1030 - CMSIS Pack Vendor :STMicroelectronics eDS-WB_DPC_VIENNA 1.2.0
2026-04-29 14:08:56,675 [INFO] ThirdParty:1030 - CMSIS Pack Vendor :EmbeddedOffice I-CUBE-FS-RTOS 1.0.1
2026-04-29 14:08:56,675 [INFO] ThirdParty:1030 - CMSIS Pack Vendor :STMicroelectronics lwIP 2.0.3
2026-04-29 14:08:56,675 [INFO] ThirdParty:1030 - CMSIS Pack Vendor :WES I-CUBE-Cesium 1.4.0
2026-04-29 14:08:56,675 [INFO] ThirdParty:1030 - CMSIS Pack Vendor :STMicroelectronics eDS-WB_DPC_3PH2L-BIDIR 1.1.1
2026-04-29 14:08:56,675 [INFO] ThirdParty:1030 - CMSIS Pack Vendor :STMicroelectronics USB_HOST 1.0.0
2026-04-29 14:08:56,675 [INFO] ThirdParty:1030 - CMSIS Pack Vendor :STMicroelectronics X-CUBE-AZRTOS-G4 2.0.0
2026-04-29 14:08:56,675 [INFO] ThirdParty:1030 - CMSIS Pack Vendor :STMicroelectronics PDM2PCM 3.1.0
2026-04-29 14:08:56,675 [INFO] ThirdParty:1030 - CMSIS Pack Vendor :STMicroelectronics PDM2PCM 3.3.0
2026-04-29 14:08:56,675 [INFO] ThirdParty:1030 - CMSIS Pack Vendor :wolfSSL I-CUBE-wolfTPM 3.8.0
2026-04-29 14:08:56,675 [INFO] ThirdParty:1030 - CMSIS Pack Vendor :STMicroelectronics X-CUBE-DISPLAY 3.0.0
2026-04-29 14:08:56,675 [INFO] ThirdParty:1030 - CMSIS Pack Vendor :wolfSSL I-CUBE-wolfSSH 1.4.20
2026-04-29 14:08:56,675 [INFO] ThirdParty:1030 - CMSIS Pack Vendor :STMicroelectronics X-CUBE-NFC7 2.0.0
2026-04-29 14:08:56,675 [INFO] ThirdParty:1030 - CMSIS Pack Vendor :STMicroelectronics X-CUBE-TCPP 4.2.0
2026-04-29 14:08:56,675 [INFO] ThirdParty:1030 - CMSIS Pack Vendor :RealThread X-CUBE-RT-Thread_Nano 4.1.1
2026-04-29 14:08:56,675 [INFO] ThirdParty:1030 - CMSIS Pack Vendor :STMicroelectronics FP-ATR-SIGFOX1 3.2.0
2026-04-29 14:08:56,675 [INFO] ThirdParty:1030 - CMSIS Pack Vendor :STMicroelectronics X-CUBE-NFC10 1.0.0
2026-04-29 14:08:56,675 [INFO] ThirdParty:1030 - CMSIS Pack Vendor :STMicroelectronics HAL Drivers 0.0.0
2026-04-29 14:08:56,676 [INFO] ThirdParty:1030 - CMSIS Pack Vendor :STMicroelectronics MBEDTLS 2.16.2
2026-04-29 14:08:56,681 [INFO] ThirdParty:1030 - CMSIS Pack Vendor :STMicroelectronics X-CUBE-ST60 1.1.0
2026-04-29 14:08:56,684 [INFO] ThirdParty:1030 - CMSIS Pack Vendor :STMicroelectronics X-CUBE-ALS 1.0.2
2026-04-29 14:08:56,685 [INFO] ThirdParty:1030 - CMSIS Pack Vendor :emotas I-CUBE-CANOPEN 1.3.0
2026-04-29 14:08:56,685 [INFO] ThirdParty:1030 - CMSIS Pack Vendor :STMicroelectronics MBEDTLS 2.14.1
2026-04-29 14:08:56,685 [INFO] ThirdParty:1030 - CMSIS Pack Vendor :ITTIA_DB I-CUBE-ITTIADB 8.9.0
2026-04-29 14:08:56,685 [INFO] ThirdParty:1030 - CMSIS Pack Vendor :STMicroelectronics X-CUBE-TOUCHGFX 4.26.1
2026-04-29 14:08:56,685 [INFO] ThirdParty:1030 - CMSIS Pack Vendor :STMicroelectronics FP-SNS-STAIOTCFT 1.0.0
2026-04-29 14:08:56,685 [INFO] ThirdParty:1030 - CMSIS Pack Vendor :STMicroelectronics ThreadX 1.0.0
2026-04-29 14:08:56,685 [INFO] ThirdParty:1030 - CMSIS Pack Vendor :STMicroelectronics FP-SNS-SMARTAG2 1.2.0
2026-04-29 14:08:56,685 [INFO] ThirdParty:1030 - CMSIS Pack Vendor :STMicroelectronics FP-SNS-FLIGHT1 5.1.0
2026-04-29 14:08:56,685 [INFO] ThirdParty:1030 - CMSIS Pack Vendor :STMicroelectronics X-CUBE-AZRTOS-WL 2.0.0
2026-04-29 14:08:56,685 [INFO] ThirdParty:1030 - CMSIS Pack Vendor :SEGGER I-CUBE-embOS 1.3.1
2026-04-29 14:08:56,685 [INFO] ThirdParty:1030 - CMSIS Pack Vendor :STMicroelectronics X-CUBE-ALGOBUILD 1.4.0
2026-04-29 14:08:56,685 [INFO] ThirdParty:1030 - CMSIS Pack Vendor :STMicroelectronics X-CUBE-DPower 1.3.0
2026-04-29 14:08:56,685 [INFO] ThirdParty:1030 - CMSIS Pack Vendor :STMicroelectronics USB_DEVICE 1.0.0
2026-04-29 14:08:56,685 [INFO] ThirdParty:1030 - CMSIS Pack Vendor :STMicroelectronics X-CUBE-AZRTOS-H7RS 1.2.0
2026-04-29 14:08:56,685 [INFO] ThirdParty:1030 - CMSIS Pack Vendor :STMicroelectronics X-CUBE-AZRTOS-L4 2.0.0
2026-04-29 14:08:56,685 [INFO] ThirdParty:1030 - CMSIS Pack Vendor :STMicroelectronics ThreadX 0.0.2
2026-04-29 14:08:56,685 [INFO] ThirdParty:1030 - CMSIS Pack Vendor :STMicroelectronics lwIP 2.1.2
2026-04-29 14:08:56,685 [INFO] ThirdParty:1030 - CMSIS Pack Vendor :STMicroelectronics X-CUBE-SFXS2LP1 4.0.0
2026-04-29 14:08:56,686 [INFO] ThirdParty:1030 - CMSIS Pack Vendor :STMicroelectronics X-CUBE-BLE2 3.3.0
2026-04-29 14:08:56,686 [INFO] ThirdParty:1030 - CMSIS Pack Vendor :Avnet-IOTCONNECT X-CUBE-iotc-st67-sdk 1.0.0
2026-04-29 14:08:56,686 [INFO] ThirdParty:1030 - CMSIS Pack Vendor :STMicroelectronics X-CUBE-TOF1 3.4.3
2026-04-29 14:08:56,686 [INFO] ThirdParty:1030 - CMSIS Pack Vendor :Infineon AIROC-Wi-Fi-Bluetooth-STM32 1.8.0
2026-04-29 14:08:56,686 [INFO] ThirdParty:1030 - CMSIS Pack Vendor :STMicroelectronics PDM2PCM 3.2.0
2026-04-29 14:08:56,686 [INFO] ThirdParty:1030 - CMSIS Pack Vendor :STMicroelectronics X-CUBE-WB05N 2.1.0
2026-04-29 14:08:56,686 [INFO] ThirdParty:1030 - CMSIS Pack Vendor :STMicroelectronics X-CUBE-ST67W61 1.2.0
2026-04-29 14:08:56,688 [INFO] ThirdParty:841 - exiting critical section [change project]
2026-04-29 14:08:57,364 [INFO] PinOutPanel:1589 - setPackage(No Configuration,No Configuration)
2026-04-29 14:08:57,384 [INFO] PinOutPanel:1589 - setPackage(STM32L432KCUx,UFQFPN32)
2026-04-29 14:08:57,815 [INFO] UtilMem:75 - Before build in PCC Used Memory: 296036760 Bytes (351272960)
2026-04-29 14:08:58,123 [INFO] UtilMem:75 - After build in PCC Used Memory: 280050464 Bytes (351272960)
2026-04-29 14:08:58,150 [INFO] IPUIPlugin:80 - create IPUIPlugin
2026-04-29 14:08:58,150 [INFO] IPUIPlugin:80 - create IPUIPlugin
2026-04-29 14:08:58,150 [INFO] IPUIPlugin:80 - create IPUIPlugin
2026-04-29 14:08:58,151 [INFO] IPUIPlugin:80 - create IPUIPlugin
2026-04-29 14:08:58,151 [INFO] IPUIPlugin:80 - create IPUIPlugin
2026-04-29 14:08:58,151 [INFO] IPUIPlugin:80 - create IPUIPlugin
2026-04-29 14:08:58,151 [INFO] IPUIPlugin:80 - create IPUIPlugin
2026-04-29 14:08:58,151 [INFO] IPUIPlugin:80 - create IPUIPlugin
2026-04-29 14:08:58,151 [INFO] IPUIPlugin:80 - create IPUIPlugin
2026-04-29 14:08:58,151 [INFO] IPUIPlugin:80 - create IPUIPlugin
2026-04-29 14:08:58,151 [INFO] IPUIPlugin:80 - create IPUIPlugin
2026-04-29 14:08:58,151 [INFO] IPUIPlugin:80 - create IPUIPlugin
2026-04-29 14:08:58,151 [INFO] IPUIPlugin:80 - create IPUIPlugin
2026-04-29 14:08:58,151 [INFO] IPUIPlugin:80 - create IPUIPlugin
2026-04-29 14:08:58,151 [INFO] IPUIPlugin:80 - create IPUIPlugin
2026-04-29 14:08:58,152 [INFO] IPUIPlugin:80 - create IPUIPlugin
2026-04-29 14:08:58,152 [INFO] IPUIPlugin:80 - create IPUIPlugin
2026-04-29 14:08:58,152 [INFO] IPUIPlugin:80 - create IPUIPlugin
2026-04-29 14:08:58,152 [INFO] IPUIPlugin:80 - create IPUIPlugin
2026-04-29 14:08:58,152 [INFO] IPUIPlugin:80 - create IPUIPlugin
2026-04-29 14:08:58,152 [INFO] IPUIPlugin:80 - create IPUIPlugin
2026-04-29 14:08:58,152 [INFO] IPUIPlugin:80 - create IPUIPlugin
2026-04-29 14:08:58,152 [INFO] IPUIPlugin:80 - create IPUIPlugin
2026-04-29 14:08:58,152 [INFO] IPUIPlugin:80 - create IPUIPlugin
2026-04-29 14:08:58,152 [INFO] IPUIPlugin:80 - create IPUIPlugin
2026-04-29 14:08:58,152 [INFO] IPUIPlugin:80 - create IPUIPlugin
2026-04-29 14:08:58,153 [INFO] IPUIPlugin:80 - create IPUIPlugin
2026-04-29 14:08:58,153 [INFO] IPUIPlugin:80 - create IPUIPlugin
2026-04-29 14:08:58,153 [INFO] IPUIPlugin:80 - create IPUIPlugin
2026-04-29 14:08:58,153 [INFO] IPUIPlugin:80 - create IPUIPlugin
2026-04-29 14:08:58,154 [INFO] IPUIPlugin:80 - create IPUIPlugin
2026-04-29 14:08:58,154 [INFO] IPUIPlugin:80 - create IPUIPlugin
2026-04-29 14:08:58,154 [INFO] IPUIPlugin:80 - create IPUIPlugin
2026-04-29 14:08:58,154 [INFO] IPUIPlugin:80 - create IPUIPlugin
2026-04-29 14:08:58,154 [INFO] IPUIPlugin:80 - create IPUIPlugin
2026-04-29 14:08:58,154 [INFO] IPUIPlugin:80 - create IPUIPlugin
2026-04-29 14:08:58,154 [INFO] IPUIPlugin:80 - create IPUIPlugin
2026-04-29 14:08:58,154 [INFO] IPUIPlugin:80 - create IPUIPlugin
2026-04-29 14:08:58,154 [INFO] IPUIPlugin:80 - create IPUIPlugin
2026-04-29 14:08:58,155 [INFO] IPUIPlugin:80 - create IPUIPlugin
2026-04-29 14:08:58,155 [INFO] IPUIPlugin:80 - create IPUIPlugin
2026-04-29 14:08:58,230 [INFO] CADModel:165 - CPN selected for project levelSTM32L432KCU3
2026-04-29 14:08:58,231 [INFO] CADModel:114 - Register for checkConnection events
2026-04-29 14:08:58,280 [INFO] OpenFileManager:386 - Restore cursor
2026-04-29 14:11:07,917 [INFO] I2cTimingTraitement:330 - 0x00100D14
2026-04-29 14:11:08,110 [INFO] NvicIntPanel:101 - NVIC parent = com.st.microxplorer.plugins.ip.nvic.MultiNvicIntPanel[,0,0,0x0,invalid,layout=javax.swing.BoxLayout,alignmentX=0.0,alignmentY=0.0,border=,flags=9,maximumSize=,minimumSize=,preferredSize=]
2026-04-29 14:11:10,088 [INFO] I2cTimingTraitement:330 - 0x00100D14
2026-04-29 14:11:10,182 [INFO] NvicIntPanel:101 - NVIC parent = com.st.microxplorer.plugins.ip.nvic.MultiNvicIntPanel[,0,0,0x0,invalid,layout=javax.swing.BoxLayout,alignmentX=0.0,alignmentY=0.0,border=,flags=9,maximumSize=,minimumSize=,preferredSize=]
2026-04-29 14:11:10,473 [INFO] NvicIntPanel:101 - NVIC parent = com.st.microxplorer.plugins.ip.nvic.MultiNvicIntPanel[,0,0,0x0,invalid,layout=javax.swing.BoxLayout,alignmentX=0.0,alignmentY=0.0,border=,flags=9,maximumSize=,minimumSize=,preferredSize=]
2026-04-29 14:12:54,990 [INFO] Gpio:278 - dependency for GPIO [I2C1, USART1, USART2]
2026-04-29 14:20:44,556 [INFO] UtilMem:75 - End SaveConfig() Used Memory: 206890088 Bytes (379584512)
2026-04-29 14:20:47,725 [INFO] UtilMem:75 - End SaveConfig() Used Memory: 300930672 Bytes (379584512)
2026-04-29 14:20:48,437 [INFO] BlockDiagram:2775 - set Specific Code input for plugin: NVIC
2026-04-29 14:20:48,437 [INFO] BlockDiagram:2775 - set Specific Code input for plugin: USART
2026-04-29 14:20:48,437 [INFO] BlockDiagram:2775 - set Specific Code input for plugin: USART
2026-04-29 14:20:48,437 [INFO] BlockDiagram:2775 - set Specific Code input for plugin: SYS
2026-04-29 14:20:48,437 [INFO] BlockDiagram:2775 - set Specific Code input for plugin: GPIO
2026-04-29 14:20:48,437 [INFO] BlockDiagram:2775 - set Specific Code input for plugin: RCC
2026-04-29 14:20:48,438 [INFO] BlockDiagram:2775 - set Specific Code input for plugin: I2C
2026-04-29 14:20:48,438 [INFO] CodeGenerator:892 - code generatio: config db path: /Applications/STM32CubeIDE.app/Contents/Eclipse/plugins/com.st.stm32cube.common.mx_6.15.0.202507011659//db/
2026-04-29 14:20:48,626 [INFO] CodeEngine:265 - oldGeneratedFile, /Users/cristianpetramale/Biomed_projects/STMWorkSpace/ProgettoUART/MXTmpFiles/license.tmp_save
2026-04-29 14:20:49,170 [INFO] CodeEngine:289 - Generated code: /Users/cristianpetramale/Biomed_projects/STMWorkSpace/ProgettoUART/MXTmpFiles/license.tmp
2026-04-29 14:20:49,359 [INFO] CodeEngine:265 - oldGeneratedFile, /Users/cristianpetramale/Biomed_projects/STMWorkSpace/ProgettoUART/MXTmpFiles/gpio.tmp_save
2026-04-29 14:20:49,683 [INFO] CodeEngine:289 - Generated code: /Users/cristianpetramale/Biomed_projects/STMWorkSpace/ProgettoUART/MXTmpFiles/gpio.tmp
2026-04-29 14:20:49,985 [INFO] CodeEngine:265 - oldGeneratedFile, /Users/cristianpetramale/Biomed_projects/STMWorkSpace/ProgettoUART/Core/Src/stm32l4xx_it.c_save
2026-04-29 14:20:50,223 [INFO] CodeEngine:289 - Generated code: /Users/cristianpetramale/Biomed_projects/STMWorkSpace/ProgettoUART/Core/Src/stm32l4xx_it.c
2026-04-29 14:20:50,228 [INFO] CodeEngine:265 - oldGeneratedFile, /Users/cristianpetramale/Biomed_projects/STMWorkSpace/ProgettoUART/Core/Inc/stm32l4xx_it.h_save
2026-04-29 14:20:50,323 [INFO] CodeEngine:289 - Generated code: /Users/cristianpetramale/Biomed_projects/STMWorkSpace/ProgettoUART/Core/Inc/stm32l4xx_it.h
2026-04-29 14:20:50,335 [INFO] CodeEngine:265 - oldGeneratedFile, /Users/cristianpetramale/Biomed_projects/STMWorkSpace/ProgettoUART/Core/Src/stm32l4xx_hal_msp.c_save
2026-04-29 14:20:50,645 [INFO] CodeEngine:289 - Generated code: /Users/cristianpetramale/Biomed_projects/STMWorkSpace/ProgettoUART/Core/Src/stm32l4xx_hal_msp.c
2026-04-29 14:20:50,724 [INFO] CodeEngine:265 - oldGeneratedFile, /Users/cristianpetramale/Biomed_projects/STMWorkSpace/ProgettoUART/MXTmpFiles/system.tmp_save
2026-04-29 14:20:50,917 [INFO] CodeEngine:289 - Generated code: /Users/cristianpetramale/Biomed_projects/STMWorkSpace/ProgettoUART/MXTmpFiles/system.tmp
2026-04-29 14:20:50,956 [INFO] CodeEngine:321 - oldGeneratedFile, /Users/cristianpetramale/Biomed_projects/STMWorkSpace/ProgettoUART/Core/Inc/stm32l4xx_hal_conf.h_save
2026-04-29 14:20:51,047 [INFO] CodeEngine:345 - Generated code: /Users/cristianpetramale/Biomed_projects/STMWorkSpace/ProgettoUART/Core/Inc/stm32l4xx_hal_conf.h
2026-04-29 14:20:51,221 [INFO] ApiDbMcu:532 - Load IP Config File for I2C1
2026-04-29 14:20:51,233 [INFO] ApiDbMcu:532 - Load IP Config File for USART1
2026-04-29 14:20:51,244 [INFO] ApiDbMcu:532 - Load IP Config File for USART2
2026-04-29 14:20:51,247 [INFO] ApiDbMcu:532 - Load IP Config File for RCC
2026-04-29 14:20:51,257 [INFO] CodeEngine:265 - oldGeneratedFile, /Users/cristianpetramale/Biomed_projects/STMWorkSpace/ProgettoUART/Core/Inc/main.h_save
2026-04-29 14:20:51,388 [INFO] CodeEngine:289 - Generated code: /Users/cristianpetramale/Biomed_projects/STMWorkSpace/ProgettoUART/Core/Inc/main.h
2026-04-29 14:20:51,391 [INFO] CodeEngine:265 - oldGeneratedFile, /Users/cristianpetramale/Biomed_projects/STMWorkSpace/ProgettoUART/Core/Src/main.c_save
2026-04-29 14:20:51,602 [INFO] CodeEngine:289 - Generated code: /Users/cristianpetramale/Biomed_projects/STMWorkSpace/ProgettoUART/Core/Src/main.c
2026-04-29 14:20:51,934 [INFO] ProjectBuilder:3606 - Time for Copy HAL[1] : 73mS.
2026-04-29 14:20:51,946 [INFO] ProjectBuilder:5216 - Project Generator version: 4.7.0-B52
2026-04-29 14:20:52,051 [INFO] ConfigFileManager:1595 - The Die is : DIE435
2026-04-29 14:20:52,060 [INFO] ApiDbMcu:532 - Load IP Config File for FATFS
2026-04-29 14:20:52,063 [INFO] ApiDbMcu:532 - Load IP Config File for FREERTOS
2026-04-29 14:20:52,072 [INFO] ApiDbMcu:532 - Load IP Config File for TOUCHSENSING
2026-04-29 14:20:52,090 [INFO] ApiDbMcu:532 - Load IP Config File for USB_DEVICE
2026-04-29 14:20:52,517 [INFO] LogOutputStream:77 - [STDOUT_REDIRECT] 
2026-04-29 14:20:56,424 [INFO] ProjectBuilder:5496 - Time for Generating toolchain IDE Files: 4349mS.
2026-04-29 14:20:56,442 [INFO] ProjectBuilder:3463 - Time for Copy CMSIS : 7mS.
2026-04-29 14:20:56,447 [INFO] ProjectBuilder:3463 - Time for Copy CMSIS : 1mS.
2026-04-29 15:10:08,625 [INFO] Gpio:278 - dependency for GPIO [I2C1, USART1, USART2]
2026-04-29 15:10:08,899 [INFO] I2cTimingTraitement:330 - 0x00100D14
2026-04-29 15:10:13,503 [INFO] NvicIntPanel:101 - NVIC parent = com.st.microxplorer.plugins.ip.nvic.MultiNvicIntPanel[,0,0,450x298,layout=javax.swing.BoxLayout,alignmentX=0.0,alignmentY=0.0,border=,flags=9,maximumSize=,minimumSize=,preferredSize=]
2026-04-29 15:10:15,085 [INFO] NvicIntPanel:101 - NVIC parent = com.st.microxplorer.plugins.ip.nvic.MultiNvicIntPanel[,0,0,0x0,invalid,layout=javax.swing.BoxLayout,alignmentX=0.0,alignmentY=0.0,border=,flags=9,maximumSize=,minimumSize=,preferredSize=]
2026-04-29 15:10:16,063 [INFO] NvicIntPanel:101 - NVIC parent = com.st.microxplorer.plugins.ip.nvic.MultiNvicIntPanel[,0,0,0x0,invalid,layout=javax.swing.BoxLayout,alignmentX=0.0,alignmentY=0.0,border=,flags=9,maximumSize=,minimumSize=,preferredSize=]
2026-04-29 15:10:16,342 [INFO] NvicIntPanel:101 - NVIC parent = com.st.microxplorer.plugins.ip.nvic.MultiNvicIntPanel[,0,0,0x0,invalid,layout=javax.swing.BoxLayout,alignmentX=0.0,alignmentY=0.0,border=,flags=9,maximumSize=,minimumSize=,preferredSize=]
2026-04-29 15:10:17,694 [INFO] NvicIntPanel:101 - NVIC parent = com.st.microxplorer.plugins.ip.nvic.MultiNvicIntPanel[,0,0,0x0,invalid,layout=javax.swing.BoxLayout,alignmentX=0.0,alignmentY=0.0,border=,flags=9,maximumSize=,minimumSize=,preferredSize=]
2026-04-29 15:20:43,137 [INFO] NvicIntPanel:101 - NVIC parent = com.st.microxplorer.plugins.ip.nvic.MultiNvicIntPanel[,0,0,450x298,layout=javax.swing.BoxLayout,alignmentX=0.0,alignmentY=0.0,border=,flags=9,maximumSize=,minimumSize=,preferredSize=]
2026-04-29 15:20:47,718 [INFO] NvicIntPanel:101 - NVIC parent = com.st.microxplorer.plugins.ip.nvic.MultiNvicIntPanel[,0,0,0x0,invalid,layout=javax.swing.BoxLayout,alignmentX=0.0,alignmentY=0.0,border=,flags=9,maximumSize=,minimumSize=,preferredSize=]
2026-04-29 15:23:09,130 [INFO] UtilMem:75 - End SaveConfig() Used Memory: 295848352 Bytes (455081984)
2026-04-29 15:23:13,273 [INFO] UtilMem:75 - End SaveConfig() Used Memory: 377637280 Bytes (455081984)
2026-04-29 15:23:14,596 [INFO] BlockDiagram:2775 - set Specific Code input for plugin: NVIC
2026-04-29 15:23:14,606 [INFO] BlockDiagram:2775 - set Specific Code input for plugin: USART
2026-04-29 15:23:14,608 [INFO] BlockDiagram:2775 - set Specific Code input for plugin: USART
2026-04-29 15:23:14,608 [INFO] BlockDiagram:2775 - set Specific Code input for plugin: SYS
2026-04-29 15:23:14,609 [INFO] BlockDiagram:2775 - set Specific Code input for plugin: GPIO
2026-04-29 15:23:14,610 [INFO] BlockDiagram:2775 - set Specific Code input for plugin: RCC
2026-04-29 15:23:14,610 [INFO] BlockDiagram:2775 - set Specific Code input for plugin: I2C
2026-04-29 15:23:14,610 [INFO] CodeGenerator:892 - code generatio: config db path: /Applications/STM32CubeIDE.app/Contents/Eclipse/plugins/com.st.stm32cube.common.mx_6.15.0.202507011659//db/
2026-04-29 15:23:14,765 [INFO] CodeEngine:265 - oldGeneratedFile, /Users/cristianpetramale/Biomed_projects/STMWorkSpace/ProgettoUART/MXTmpFiles/license.tmp_save
2026-04-29 15:23:15,135 [INFO] CodeEngine:289 - Generated code: /Users/cristianpetramale/Biomed_projects/STMWorkSpace/ProgettoUART/MXTmpFiles/license.tmp
2026-04-29 15:23:15,260 [INFO] CodeEngine:265 - oldGeneratedFile, /Users/cristianpetramale/Biomed_projects/STMWorkSpace/ProgettoUART/MXTmpFiles/gpio.tmp_save
2026-04-29 15:23:15,421 [INFO] CodeEngine:289 - Generated code: /Users/cristianpetramale/Biomed_projects/STMWorkSpace/ProgettoUART/MXTmpFiles/gpio.tmp
2026-04-29 15:23:16,011 [INFO] CodeEngine:265 - oldGeneratedFile, /Users/cristianpetramale/Biomed_projects/STMWorkSpace/ProgettoUART/Core/Src/stm32l4xx_it.c_save
2026-04-29 15:23:16,252 [INFO] CodeEngine:289 - Generated code: /Users/cristianpetramale/Biomed_projects/STMWorkSpace/ProgettoUART/Core/Src/stm32l4xx_it.c
2026-04-29 15:23:16,254 [INFO] CodeEngine:265 - oldGeneratedFile, /Users/cristianpetramale/Biomed_projects/STMWorkSpace/ProgettoUART/Core/Inc/stm32l4xx_it.h_save
2026-04-29 15:23:16,396 [INFO] CodeEngine:289 - Generated code: /Users/cristianpetramale/Biomed_projects/STMWorkSpace/ProgettoUART/Core/Inc/stm32l4xx_it.h
2026-04-29 15:23:16,405 [INFO] CodeEngine:265 - oldGeneratedFile, /Users/cristianpetramale/Biomed_projects/STMWorkSpace/ProgettoUART/Core/Src/stm32l4xx_hal_msp.c_save
2026-04-29 15:23:16,580 [INFO] CodeEngine:289 - Generated code: /Users/cristianpetramale/Biomed_projects/STMWorkSpace/ProgettoUART/Core/Src/stm32l4xx_hal_msp.c
2026-04-29 15:23:16,583 [INFO] CodeEngine:265 - oldGeneratedFile, /Users/cristianpetramale/Biomed_projects/STMWorkSpace/ProgettoUART/MXTmpFiles/system.tmp_save
2026-04-29 15:23:16,665 [INFO] CodeEngine:289 - Generated code: /Users/cristianpetramale/Biomed_projects/STMWorkSpace/ProgettoUART/MXTmpFiles/system.tmp
2026-04-29 15:23:16,675 [INFO] CodeEngine:321 - oldGeneratedFile, /Users/cristianpetramale/Biomed_projects/STMWorkSpace/ProgettoUART/Core/Inc/stm32l4xx_hal_conf.h_save
2026-04-29 15:23:16,747 [INFO] CodeEngine:345 - Generated code: /Users/cristianpetramale/Biomed_projects/STMWorkSpace/ProgettoUART/Core/Inc/stm32l4xx_hal_conf.h
2026-04-29 15:23:16,841 [INFO] CodeEngine:265 - oldGeneratedFile, /Users/cristianpetramale/Biomed_projects/STMWorkSpace/ProgettoUART/Core/Inc/main.h_save
2026-04-29 15:23:16,927 [INFO] CodeEngine:289 - Generated code: /Users/cristianpetramale/Biomed_projects/STMWorkSpace/ProgettoUART/Core/Inc/main.h
2026-04-29 15:23:16,929 [INFO] CodeEngine:265 - oldGeneratedFile, /Users/cristianpetramale/Biomed_projects/STMWorkSpace/ProgettoUART/Core/Src/main.c_save
2026-04-29 15:23:17,322 [INFO] CodeEngine:289 - Generated code: /Users/cristianpetramale/Biomed_projects/STMWorkSpace/ProgettoUART/Core/Src/main.c
2026-04-29 15:23:17,729 [INFO] ProjectBuilder:3606 - Time for Copy HAL[1] : 87mS.
2026-04-29 15:23:17,738 [INFO] ProjectBuilder:5216 - Project Generator version: 4.7.0-B52
2026-04-29 15:23:17,834 [INFO] ConfigFileManager:1595 - The Die is : DIE435
2026-04-29 15:23:20,674 [INFO] ProjectBuilder:5496 - Time for Generating toolchain IDE Files: 2927mS.
2026-04-29 15:23:20,680 [INFO] ProjectBuilder:3463 - Time for Copy CMSIS : 1mS.
2026-04-29 15:23:20,683 [INFO] ProjectBuilder:3463 - Time for Copy CMSIS : 0mS.
2026-04-29 15:31:53,881 [INFO] UtilMem:75 - End SaveConfig() Used Memory: 394774752 Bytes (456130560)
2026-04-29 15:31:55,071 [INFO] BlockDiagram:2775 - set Specific Code input for plugin: NVIC
2026-04-29 15:31:55,076 [INFO] BlockDiagram:2775 - set Specific Code input for plugin: USART
2026-04-29 15:31:55,077 [INFO] BlockDiagram:2775 - set Specific Code input for plugin: USART
2026-04-29 15:31:55,077 [INFO] BlockDiagram:2775 - set Specific Code input for plugin: SYS
2026-04-29 15:31:55,079 [INFO] BlockDiagram:2775 - set Specific Code input for plugin: GPIO
2026-04-29 15:31:55,079 [INFO] BlockDiagram:2775 - set Specific Code input for plugin: RCC
2026-04-29 15:31:55,079 [INFO] BlockDiagram:2775 - set Specific Code input for plugin: I2C
2026-04-29 15:31:55,079 [INFO] CodeGenerator:892 - code generatio: config db path: /Applications/STM32CubeIDE.app/Contents/Eclipse/plugins/com.st.stm32cube.common.mx_6.15.0.202507011659//db/
2026-04-29 15:31:55,212 [INFO] CodeEngine:265 - oldGeneratedFile, /Users/cristianpetramale/Biomed_projects/STMWorkSpace/ProgettoUART/MXTmpFiles/license.tmp_save
2026-04-29 15:31:55,512 [INFO] CodeEngine:289 - Generated code: /Users/cristianpetramale/Biomed_projects/STMWorkSpace/ProgettoUART/MXTmpFiles/license.tmp
2026-04-29 15:31:55,648 [INFO] CodeEngine:265 - oldGeneratedFile, /Users/cristianpetramale/Biomed_projects/STMWorkSpace/ProgettoUART/MXTmpFiles/gpio.tmp_save
2026-04-29 15:31:55,774 [INFO] CodeEngine:289 - Generated code: /Users/cristianpetramale/Biomed_projects/STMWorkSpace/ProgettoUART/MXTmpFiles/gpio.tmp
2026-04-29 15:31:56,540 [INFO] CodeEngine:265 - oldGeneratedFile, /Users/cristianpetramale/Biomed_projects/STMWorkSpace/ProgettoUART/Core/Src/stm32l4xx_it.c_save
2026-04-29 15:31:56,679 [INFO] CodeEngine:289 - Generated code: /Users/cristianpetramale/Biomed_projects/STMWorkSpace/ProgettoUART/Core/Src/stm32l4xx_it.c
2026-04-29 15:31:56,682 [INFO] CodeEngine:265 - oldGeneratedFile, /Users/cristianpetramale/Biomed_projects/STMWorkSpace/ProgettoUART/Core/Inc/stm32l4xx_it.h_save
2026-04-29 15:31:56,773 [INFO] CodeEngine:289 - Generated code: /Users/cristianpetramale/Biomed_projects/STMWorkSpace/ProgettoUART/Core/Inc/stm32l4xx_it.h
2026-04-29 15:31:56,779 [INFO] CodeEngine:265 - oldGeneratedFile, /Users/cristianpetramale/Biomed_projects/STMWorkSpace/ProgettoUART/Core/Src/stm32l4xx_hal_msp.c_save
2026-04-29 15:31:56,947 [INFO] CodeEngine:289 - Generated code: /Users/cristianpetramale/Biomed_projects/STMWorkSpace/ProgettoUART/Core/Src/stm32l4xx_hal_msp.c
2026-04-29 15:31:56,949 [INFO] CodeEngine:265 - oldGeneratedFile, /Users/cristianpetramale/Biomed_projects/STMWorkSpace/ProgettoUART/MXTmpFiles/system.tmp_save
2026-04-29 15:31:57,030 [INFO] CodeEngine:289 - Generated code: /Users/cristianpetramale/Biomed_projects/STMWorkSpace/ProgettoUART/MXTmpFiles/system.tmp
2026-04-29 15:31:57,036 [INFO] CodeEngine:321 - oldGeneratedFile, /Users/cristianpetramale/Biomed_projects/STMWorkSpace/ProgettoUART/Core/Inc/stm32l4xx_hal_conf.h_save
2026-04-29 15:31:57,102 [INFO] CodeEngine:345 - Generated code: /Users/cristianpetramale/Biomed_projects/STMWorkSpace/ProgettoUART/Core/Inc/stm32l4xx_hal_conf.h
2026-04-29 15:31:57,167 [INFO] CodeEngine:265 - oldGeneratedFile, /Users/cristianpetramale/Biomed_projects/STMWorkSpace/ProgettoUART/Core/Inc/main.h_save
2026-04-29 15:31:57,236 [INFO] CodeEngine:289 - Generated code: /Users/cristianpetramale/Biomed_projects/STMWorkSpace/ProgettoUART/Core/Inc/main.h
2026-04-29 15:31:57,239 [INFO] CodeEngine:265 - oldGeneratedFile, /Users/cristianpetramale/Biomed_projects/STMWorkSpace/ProgettoUART/Core/Src/main.c_save
2026-04-29 15:31:57,345 [INFO] CodeEngine:289 - Generated code: /Users/cristianpetramale/Biomed_projects/STMWorkSpace/ProgettoUART/Core/Src/main.c
2026-04-29 15:31:57,880 [INFO] ProjectBuilder:3606 - Time for Copy HAL[1] : 81mS.
2026-04-29 15:31:57,899 [INFO] ProjectBuilder:5216 - Project Generator version: 4.7.0-B52
2026-04-29 15:31:58,029 [INFO] ConfigFileManager:1595 - The Die is : DIE435
2026-04-29 15:32:00,783 [INFO] ProjectBuilder:5496 - Time for Generating toolchain IDE Files: 2876mS.
2026-04-29 15:32:00,795 [INFO] ProjectBuilder:3463 - Time for Copy CMSIS : 1mS.
2026-04-29 15:32:00,799 [INFO] ProjectBuilder:3463 - Time for Copy CMSIS : 0mS.
2026-04-29 15:40:12,168 [INFO] UtilMem:75 - End SaveConfig() Used Memory: 433817824 Bytes (465567744)
2026-04-29 15:40:12,813 [INFO] BlockDiagram:2775 - set Specific Code input for plugin: NVIC
2026-04-29 15:40:12,814 [INFO] BlockDiagram:2775 - set Specific Code input for plugin: USART
2026-04-29 15:40:12,814 [INFO] BlockDiagram:2775 - set Specific Code input for plugin: USART
2026-04-29 15:40:12,815 [INFO] BlockDiagram:2775 - set Specific Code input for plugin: SYS
2026-04-29 15:40:12,818 [INFO] BlockDiagram:2775 - set Specific Code input for plugin: GPIO
2026-04-29 15:40:12,819 [INFO] BlockDiagram:2775 - set Specific Code input for plugin: RCC
2026-04-29 15:40:12,819 [INFO] BlockDiagram:2775 - set Specific Code input for plugin: I2C
2026-04-29 15:40:12,819 [INFO] CodeGenerator:892 - code generatio: config db path: /Applications/STM32CubeIDE.app/Contents/Eclipse/plugins/com.st.stm32cube.common.mx_6.15.0.202507011659//db/
2026-04-29 15:40:12,999 [INFO] CodeEngine:265 - oldGeneratedFile, /Users/cristianpetramale/Biomed_projects/STMWorkSpace/ProgettoUART/MXTmpFiles/license.tmp_save
2026-04-29 15:40:13,278 [INFO] CodeEngine:289 - Generated code: /Users/cristianpetramale/Biomed_projects/STMWorkSpace/ProgettoUART/MXTmpFiles/license.tmp
2026-04-29 15:40:13,421 [INFO] CodeEngine:265 - oldGeneratedFile, /Users/cristianpetramale/Biomed_projects/STMWorkSpace/ProgettoUART/MXTmpFiles/gpio.tmp_save
2026-04-29 15:40:13,549 [INFO] CodeEngine:289 - Generated code: /Users/cristianpetramale/Biomed_projects/STMWorkSpace/ProgettoUART/MXTmpFiles/gpio.tmp
2026-04-29 15:40:14,117 [INFO] CodeEngine:265 - oldGeneratedFile, /Users/cristianpetramale/Biomed_projects/STMWorkSpace/ProgettoUART/Core/Src/stm32l4xx_it.c_save
2026-04-29 15:40:14,276 [INFO] CodeEngine:289 - Generated code: /Users/cristianpetramale/Biomed_projects/STMWorkSpace/ProgettoUART/Core/Src/stm32l4xx_it.c
2026-04-29 15:40:14,277 [INFO] CodeEngine:265 - oldGeneratedFile, /Users/cristianpetramale/Biomed_projects/STMWorkSpace/ProgettoUART/Core/Inc/stm32l4xx_it.h_save
2026-04-29 15:40:14,362 [INFO] CodeEngine:289 - Generated code: /Users/cristianpetramale/Biomed_projects/STMWorkSpace/ProgettoUART/Core/Inc/stm32l4xx_it.h
2026-04-29 15:40:14,374 [INFO] CodeEngine:265 - oldGeneratedFile, /Users/cristianpetramale/Biomed_projects/STMWorkSpace/ProgettoUART/Core/Src/stm32l4xx_hal_msp.c_save
2026-04-29 15:40:14,541 [INFO] CodeEngine:289 - Generated code: /Users/cristianpetramale/Biomed_projects/STMWorkSpace/ProgettoUART/Core/Src/stm32l4xx_hal_msp.c
2026-04-29 15:40:14,542 [INFO] CodeEngine:265 - oldGeneratedFile, /Users/cristianpetramale/Biomed_projects/STMWorkSpace/ProgettoUART/MXTmpFiles/system.tmp_save
2026-04-29 15:40:14,631 [INFO] CodeEngine:289 - Generated code: /Users/cristianpetramale/Biomed_projects/STMWorkSpace/ProgettoUART/MXTmpFiles/system.tmp
2026-04-29 15:40:14,644 [INFO] CodeEngine:321 - oldGeneratedFile, /Users/cristianpetramale/Biomed_projects/STMWorkSpace/ProgettoUART/Core/Inc/stm32l4xx_hal_conf.h_save
2026-04-29 15:40:14,718 [INFO] CodeEngine:345 - Generated code: /Users/cristianpetramale/Biomed_projects/STMWorkSpace/ProgettoUART/Core/Inc/stm32l4xx_hal_conf.h
2026-04-29 15:40:14,810 [INFO] CodeEngine:265 - oldGeneratedFile, /Users/cristianpetramale/Biomed_projects/STMWorkSpace/ProgettoUART/Core/Inc/main.h_save
2026-04-29 15:40:14,894 [INFO] CodeEngine:289 - Generated code: /Users/cristianpetramale/Biomed_projects/STMWorkSpace/ProgettoUART/Core/Inc/main.h
2026-04-29 15:40:14,898 [INFO] CodeEngine:265 - oldGeneratedFile, /Users/cristianpetramale/Biomed_projects/STMWorkSpace/ProgettoUART/Core/Src/main.c_save
2026-04-29 15:40:15,047 [INFO] CodeEngine:289 - Generated code: /Users/cristianpetramale/Biomed_projects/STMWorkSpace/ProgettoUART/Core/Src/main.c
2026-04-29 15:40:15,572 [INFO] ProjectBuilder:3606 - Time for Copy HAL[1] : 67mS.
2026-04-29 15:40:15,588 [INFO] ProjectBuilder:5216 - Project Generator version: 4.7.0-B52
2026-04-29 15:40:15,795 [INFO] ConfigFileManager:1595 - The Die is : DIE435
2026-04-29 15:40:19,072 [INFO] ProjectBuilder:5496 - Time for Generating toolchain IDE Files: 3478mS.
2026-04-29 15:40:19,080 [INFO] ProjectBuilder:3463 - Time for Copy CMSIS : 2mS.
2026-04-29 15:40:19,083 [INFO] ProjectBuilder:3463 - Time for Copy CMSIS : 0mS.
2026-04-29 16:52:56,571 [INFO] MainUpdater:2872 - connection check result : 10
2026-04-29 16:52:56,584 [INFO] McuFinderGlobals:76 - Set McuFinderConnectedMode to true
2026-04-29 16:52:57,439 [INFO] ServerAccessManage:452 - Complete download http(s) 200
2026-04-29 16:52:57,450 [INFO] ServerAccessManage:509 - Download File mcusAds.json._tmp_
2026-04-29 16:52:57,571 [INFO] LoadUrlFilesThread:156 - End of LoadUrlFiles Thread
2026-04-29 16:52:58,264 [INFO] ServerAccessManage:452 - Complete download http(s) 200
2026-04-29 16:52:58,270 [INFO] ServerAccessManage:509 - Download File cube-finder-db.zip
2026-04-29 16:53:02,956 [INFO] FileExtend:248 - Unzip File : cube-finder-db.zip
2026-04-29 16:53:02,957 [INFO] FileExtend:263 - Standard Zip Deflate
2026-04-29 16:53:03,491 [INFO] LoadUrlFilesThread:156 - End of LoadUrlFiles Thread
2026-04-29 16:53:04,254 [INFO] ServerAccessManage:452 - Complete download http(s) 200
2026-04-29 16:53:04,259 [INFO] ServerAccessManage:509 - Download File crdb.zip
2026-04-29 16:53:04,478 [INFO] FileExtend:248 - Unzip File : crdb.zip
2026-04-29 16:53:04,480 [INFO] FileExtend:263 - Standard Zip Deflate
2026-04-29 16:53:04,674 [INFO] LoadUrlFilesThread:156 - End of LoadUrlFiles Thread
2026-04-29 16:53:04,986 [INFO] ServerAccessManage:452 - Complete download http(s) 200
2026-04-29 16:53:04,998 [INFO] ServerAccessManage:509 - Download File tutoVideoDB.zip
2026-04-29 16:53:05,014 [INFO] FileExtend:248 - Unzip File : tutoVideoDB.zip
2026-04-29 16:53:05,015 [INFO] FileExtend:263 - Standard Zip Deflate
2026-04-29 16:53:05,135 [INFO] LoadUrlFilesThread:156 - End of LoadUrlFiles Thread
2026-04-29 16:53:05,158 [WARN] DbFile:41 - Overriding database path with different value: /Users/cristianpetramale/.stmcufinder/plugins/mcufinder/ => /Users/cristianpetramale/.stmcufinder/plugins/mcufinder
2026-04-29 16:53:05,353 [INFO] ServerAccessManage:452 - Complete download http(s) 200
2026-04-29 16:53:05,356 [INFO] ServerAccessManage:509 - Download File api_config.json
2026-04-29 16:53:05,465 [INFO] LoadUrlFilesThread:156 - End of LoadUrlFiles Thread
2026-04-29 16:53:05,477 [INFO] DbMcusAds:53 - JSON generation date=Mon Apr 27 10:14:29 CEST 2026 (1777277669683)
2026-04-29 16:53:05,511 [INFO] ApiDb:448 - Save user favorites file /Users/cristianpetramale/.stm32cubeide/favorites.mcus.txt: 0 item(s)
2026-04-29 16:53:05,512 [INFO] ApiDb:452 - User favorites MCUs=[]
2026-04-29 16:53:05,520 [INFO] ApiDb:581 - Connected to CubeFinder SQLite database (/Users/cristianpetramale/.stmcufinder/plugins/mcufinder/mcu/cube-finder-db.db)
2026-04-29 16:53:05,552 [INFO] ApiDb:668 - CubeFinder database Data Model version=2.1
2026-04-29 16:53:05,552 [INFO] ApiDb:669 - CubeFinder database Configuration version=3.0.42
2026-04-29 16:53:05,553 [INFO] ApiDb:670 - CubeFinder database generation date=2026-03-11 (1773229989)
2026-04-29 16:53:05,553 [INFO] ApiDb:671 - CubeFinder database FW Pack versions=[FP-ATR-ASTRA1_V2.0.0, FP-SNS-FLIGHT1_V5.1.0, FP-SNS-MOTENV1_V5.1.0, FP-SNS-MOTENVWB1_V1.5.0, FP-SNS-SMARTAG2_V1.2.0, FP-SNS-STBOX1_V2.1.0, STM32Cube_FW_C0_V1.4.0, STM32Cube_FW_F4_V1.28.3, STM32Cube_FW_F7_V1.17.4, STM32Cube_FW_G0_V1.6.3, STM32Cube_FW_G4_V1.6.2, STM32Cube_FW_H5_V1.6.0, STM32Cube_FW_H7RS_V1.3.0, STM32Cube_FW_H7_V1.13.0, STM32Cube_FW_L0_V1.12.2, STM32Cube_FW_L4_V1.18.2, STM32Cube_FW_L5_V1.6.0, STM32Cube_FW_N6_V1.3.0, STM32Cube_FW_U0_V1.3.0, STM32Cube_FW_U3_V1.3.0, STM32Cube_FW_U5_V1.8.0, STM32Cube_FW_WB0_V1.4.0, STM32Cube_FW_WBA_V1.9.0, STM32Cube_FW_WB_V1.24.0, STM32Cube_FW_WL3_V1.4.0, STM32Cube_FW_WL_V1.5.0, X-CUBE-ALGOBUILD_V1.4.0, X-CUBE-ALS_V1.0.2, X-CUBE-AZRTOS-F4_V1.1.0, X-CUBE-AZRTOS-F7_V1.1.0, X-CUBE-AZRTOS-G0_V1.1.0, X-CUBE-AZRTOS-G4_V2.0.0, X-CUBE-AZRTOS-H7RS_V1.1.0, X-CUBE-AZRTOS-H7_V3.4.0, X-CUBE-AZRTOS-L4_V2.0.0, X-CUBE-AZRTOS-L5_V2.0.0, X-CUBE-AZRTOS-WB_V2.0.0, X-CUBE-AZRTOS-WL_V2.0.0, X-CUBE-BLE1_V7.1.0, X-CUBE-BLE2_V3.3.0, X-CUBE-BLEMGR_V4.1.0, X-CUBE-EEPRMA1_V5.2.0, X-CUBE-FREERTOS_V1.5.0, X-CUBE-GNSS1_V6.0.0, X-CUBE-MEMS1_V12.0.0, X-CUBE-NFC4_V3.0.0, X-CUBE-NFC7_V2.0.0, X-CUBE-SFXS2LP1_V4.0.0, X-CUBE-ST67W61_V1.2.0, X-CUBE-SUBG2_V5.0.0, X-CUBE-TOF1_V3.4.3]
2026-04-29 16:53:07,511 [INFO] ApiDb:240 - Found 880 in-development CPN: [B-G473E-ZEST1S, B-WB1M-WPAN1, B-WBA5M-WPAN, B-WL5M-SUBG1, NUCLEO-C031C6, NUCLEO-C051C8, NUCLEO-C071RB, NUCLEO-C092RC, NUCLEO-H503RB, NUCLEO-H533RE, NUCLEO-H563ZI, NUCLEO-H7S3L8, NUCLEO-N657X0-Q, NUCLEO-U031R8, NUCLEO-U083RC, NUCLEO-U385RG-Q, NUCLEO-U545RE-Q, NUCLEO-U5A5ZJ-Q, NUCLEO-WB05KZ, NUCLEO-WB07CC, NUCLEO-WB09KE, NUCLEO-WBA52CG, NUCLEO-WBA55CG, NUCLEO-WL33CC1, NUCLEO-WL33CC2, STEVAL-PROTEUS1, STEVAL-SMARTAG2, STEVAL-STWINBX1, STM320518-EVAL, STM32C0116-DK, STM32C011D6Y3TR, STM32C011D6Y6TR, STM32C011F4P3, STM32C011F4P6, STM32C011F4U3, STM32C011F4U6TR, STM32C011F6P3, STM32C011F6P6, STM32C011F6U3, STM32C011F6U6TR, STM32C011J4M3, STM32C011J4M6, STM32C011J6M3, STM32C011J6M6, STM32C0316-DK, STM32C031C4T3, STM32C031C4T6, STM32C031C4U3, STM32C031C4U6, STM32C031C6T3, STM32C031C6T6, STM32C031C6U3, STM32C031C6U6, STM32C031F4P3, STM32C031F4P6, STM32C031F6P3, STM32C031F6P6, STM32C031G4U3, STM32C031G4U6, STM32C031G6U3, STM32C031G6U6, STM32C031K4T3, STM32C031K4T6, STM32C031K4U3, STM32C031K4U6, STM32C031K6T3, STM32C031K6T6, STM32C031K6U3, STM32C031K6U6, STM32C051C6T6, STM32C051C6U6, STM32C051C8T6, STM32C051C8U6, STM32C051D8Y6TR, STM32C051F6P6, STM32C051F8P6, STM32C051G6U6, STM32C051G8U6, STM32C051K6T6, STM32C051K6U6, STM32C051K8T6, STM32C071C8T6, STM32C071C8T6N, STM32C071C8U6, STM32C071C8U6N, STM32C071CBT6, STM32C071CBT6N, STM32C071CBU6, STM32C071CBU6N, STM32C071F8P6, STM32C071F8P6N, STM32C071FBP6, STM32C071FBP6N, STM32C071FBY6TR, STM32C071G8U6, STM32C071G8U6N, STM32C071GBU6, STM32C071GBU6N, STM32C071K8T6, STM32C071K8T6N, STM32C071K8U6, STM32C071K8U6N, STM32C071KBT6, STM32C071KBT6N, STM32C071KBU6, STM32C071KBU6N, STM32C071R8T6, STM32C071R8T6N, STM32C071RBI6N, STM32C071RBT6, STM32C071RBT6N, STM32C091CBT6, STM32C091CBU6, STM32C091CCT6, STM32C091CCU6, STM32C091ECY6TR, STM32C091FBP6, STM32C091FCP6, STM32C091GBU6, STM32C091GCU6, STM32C091KBT6, STM32C091KBU6, STM32C091KCT6, STM32C091KCU6, STM32C091RBT6, STM32C091RCI6, STM32C091RCT6, STM32C092CBT6, STM32C092CBU6, STM32C092CCT6, STM32C092CCU6, STM32C092ECY6TR, STM32C092FBP6, STM32C092FCP6, STM32C092GBU6, STM32C092GCU6, STM32C092KBT6, STM32C092KBU6, STM32C092KCT6, STM32C092KCU6, STM32C092RBT6, STM32C092RCI6, STM32C092RCT6, STM32G071K8TXN, STM32G071K8UXN, STM32G081GBU6N, STM32G081KBT6N, STM32G081KBUXN, STM32G0B1CCT6N, STM32G0B1KCT6, STM32G0B1NEY6TR, STM32G0B1RCT6N, STM32G0C1CCT6, STM32G0C1CCT6N, STM32G0C1CCU6N, STM32G0C1CET6N, STM32G0C1CEU6N, STM32G0C1KCT6, STM32G0C1NEY6TR, STM32G0C1RCI6N, STM32G0C1RCT6N, STM32G0C1REI6N, STM32G0C1RET6N, STM32G0C1VCI6, STM32G0C1VEI6, STM32G411C6T3, STM32G411C6T6, STM32G411C6U3, STM32G411C6U6, STM32G411C8T3, STM32G411C8T6, STM32G411C8U3, STM32G411C8U6, STM32G411CBT3, STM32G411CBT6, STM32G411CBU3, STM32G411CBU6, STM32G411K6T3, STM32G411K6T6, STM32G411K6U3, STM32G411K6U6, STM32G411K8T3, STM32G411K8T6, STM32G411K8U3, STM32G411K8U6, STM32G411KBT3, STM32G411KBT6, STM32G411KBU3, STM32G411KBU6, STM32G411M6T3, STM32G411M6T6, STM32G411M8T3, STM32G411M8T6, STM32G411MBT3, STM32G411MBT6, STM32G411R6T3, STM32G411R6T6, STM32G411R8T3, STM32G411R8T6, STM32G411RBT3, STM32G411RBT6, STM32G414CBT3, STM32G414CBT6, STM32G414CBU3, STM32G414CBU6, STM32G414CCT3, STM32G414CCT6, STM32G414CCU3, STM32G414CCU6, STM32G414MBT3, STM32G414MBT6, STM32G414MCT3, STM32G414MCT6, STM32G414RBT3, STM32G414RBT6, STM32G414RCT3, STM32G414RCT6, STM32G414VBT3, STM32G414VBT6, STM32G414VCT3, STM32G414VCT6, STM32G431CBT3Z, STM32G431RBT3Z, STM32G471CCT6, STM32G471CCU6, STM32G471CET3, STM32G471CET6, STM32G471CEU3, STM32G471CEU6, STM32G471MCT6, STM32G471MET3, STM32G471MET6, STM32G471MEY6TR, STM32G471QCT6, STM32G471QET3, STM32G471RCT6, STM32G471RET3, STM32G471RET6, STM32G471VCH6, STM32G471VCI6, STM32G471VCT6, STM32G471VEH3, STM32G471VEH6, STM32G471VEI3, STM32G471VEI6, STM32G471VET3, STM32G471VET6, STM32G473QET3Z, STM32G473RET3Z, STM32G474CCT6, STM32G491RET3Z, STM32H503CBT6, STM32H503CBU6, STM32H503EBY6TR, STM32H503KBU6, STM32H503RBT6, STM32H523CCT6, STM32H523CCU6, STM32H523CET6, STM32H523CEU6, STM32H523HEY6TR, STM32H523RCT6, STM32H523RET6, STM32H523VCI6, STM32H523VCT6, STM32H523VEI6, STM32H523VET6, STM32H523ZCJ6, STM32H523ZCT6, STM32H523ZEJ6, STM32H523ZET6, STM32H533CET6, STM32H533CEU6, STM32H533HEY6TR, STM32H533RET6, STM32H533VEI6, STM32H533VET6, STM32H533ZEJ6, STM32H533ZET6, STM32H562AGI6, STM32H562AII6, STM32H562IGK6, STM32H562IGT6, STM32H562IIK6, STM32H562IIT6, STM32H562RGT6, STM32H562RGV6, STM32H562RIT6, STM32H562RIV6, STM32H562VGT6, STM32H562VIT6, STM32H562ZGT6, STM32H562ZIT6, STM32H563AGI6, STM32H563AII3Q, STM32H563AII6, STM32H563IGK6, STM32H563IGT6, STM32H563IIK3Q, STM32H563IIK6, STM32H563IIT3Q, STM32H563IIT6, STM32H563MIY3QTR, STM32H563RGT6, STM32H563RGV6, STM32H563RIT6, STM32H563RIV6, STM32H563VGT6, STM32H563VIT3Q, STM32H563VIT6, STM32H563ZGT6, STM32H563ZIT3Q, STM32H563ZIT6, STM32H573AII3Q, STM32H573AII6, STM32H573I-DK, STM32H573IIK3Q, STM32H573IIK6, STM32H573IIT3Q, STM32H573IIT6, STM32H573MIY3QTR, STM32H573RIT6, STM32H573RIV6, STM32H573VIT3Q, STM32H573VIT6, STM32H573ZIT3Q, STM32H573ZIT6, STM32H7R3A8I6, STM32H7R3I8K6, STM32H7R3I8T6, STM32H7R3L8H6, STM32H7R3L8H6H, STM32H7R3R8V6, STM32H7R3V8H6, STM32H7R3V8T6, STM32H7R3V8Y6TR, STM32H7R3Z8J6, STM32H7R3Z8T6, STM32H7R7A8I6, STM32H7R7I8K6, STM32H7R7I8T6, STM32H7R7L8H6, STM32H7R7L8H6H, STM32H7R7Z8J6, STM32H7S3A8I6, STM32H7S3I8K6, STM32H7S3I8T6, STM32H7S3L8H6, STM32H7S3L8H6H, STM32H7S3R8V6, STM32H7S3V8H6, STM32H7S3V8T6, STM32H7S3V8Y6TR, STM32H7S3Z8J6, STM32H7S3Z8T6, STM32H7S78-DK, STM32H7S7A8I6, STM32H7S7I8K6, STM32H7S7I8T6, STM32H7S7L8H6, STM32H7S7L8H6H, STM32H7S7Z8J6, STM32L4R5QGI6STR, STM32MP131AAE3, STM32MP131AAF3, STM32MP131AAG3, STM32MP131CAE3, STM32MP131CAF3, STM32MP131CAG3, STM32MP131DAE7, STM32MP131DAF7, STM32MP131DAG7, STM32MP131FAE7, STM32MP131FAF7, STM32MP131FAG7, STM32MP133AAE3, STM32MP133AAF3, STM32MP133AAG3, STM32MP133CAE3, STM32MP133CAF3, STM32MP133CAG3, STM32MP133DAE7, STM32MP133DAF7, STM32MP133DAG7, STM32MP133FAE7, STM32MP133FAF7, STM32MP133FAG7, STM32MP135AAE3, STM32MP135AAF3, STM32MP135AAG3, STM32MP135CAE3, STM32MP135CAF3, STM32MP135CAG3, STM32MP135DAE7, STM32MP135DAF7, STM32MP135DAG7, STM32MP135F-DK, STM32MP135FAE7, STM32MP135FAF7, STM32MP135FAF7T, STM32MP135FAF7U, STM32MP135FAG7, STM32MP211AAL3, STM32MP211AAM3, STM32MP211AAN3, STM32MP211AAO3, STM32MP211CAL3, STM32MP211CAM3, STM32MP211CAN3, STM32MP211CAO3, STM32MP211DAL3, STM32MP211DAM3, STM32MP211DAN3, STM32MP211DAO3, STM32MP211FAL3, STM32MP211FAM3, STM32MP211FAN3, STM32MP211FAO3, STM32MP213AAL3, STM32MP213AAM3, STM32MP213AAN3, STM32MP213AAO3, STM32MP213CAL3, STM32MP213CAM3, STM32MP213CAN3, STM32MP213CAO3, STM32MP213DAL3, STM32MP213DAM3, STM32MP213DAN3, STM32MP213DAO3, STM32MP213FAL3, STM32MP213FAM3, STM32MP213FAN3, STM32MP213FAO3, STM32MP215AAL3, STM32MP215AAM3, STM32MP215AAN3, STM32MP215AAO3, STM32MP215CAL3, STM32MP215CAM3, STM32MP215CAN3, STM32MP215CAO3, STM32MP215DAL3, STM32MP215DAM3, STM32MP215DAN3, STM32MP215DAO3, STM32MP215F-DK, STM32MP215FAL3, STM32MP215FAM3, STM32MP215FAN3, STM32MP215FAO3, STM32MP231AAJ3, STM32MP231AAK3, STM32MP231AAL3, STM32MP231CAJ3, STM32MP231CAK3, STM32MP231CAL3, STM32MP231DAJ3, STM32MP231DAK3, STM32MP231DAL3, STM32MP231FAJ3, STM32MP231FAK3, STM32MP231FAL3, STM32MP233AAJ3, STM32MP233AAK3, STM32MP233AAL3, STM32MP233CAJ3, STM32MP233CAK3, STM32MP233CAL3, STM32MP233DAJ3, STM32MP233DAK3, STM32MP233DAL3, STM32MP233FAJ3, STM32MP233FAK3, STM32MP233FAL3, STM32MP235AAJ3, STM32MP235AAK3, STM32MP235AAL3, STM32MP235CAJ3, STM32MP235CAK3, STM32MP235CAL3, STM32MP235DAJ3, STM32MP235DAK3, STM32MP235DAL3, STM32MP235FAJ3, STM32MP235FAK3, STM32MP235FAL3, STM32MP251AAI3, STM32MP251AAK3, STM32MP251AAL3, STM32MP251CAI3, STM32MP251CAK3, STM32MP251CAL3, STM32MP251DAI3, STM32MP251DAK3, STM32MP251DAL3, STM32MP251FAI3, STM32MP251FAK3, STM32MP251FAL3, STM32MP253AAI3, STM32MP253AAK3, STM32MP253AAL3, STM32MP253CAI3, STM32MP253CAK3, STM32MP253CAL3, STM32MP253DAI3, STM32MP253DAK3, STM32MP253DAL3, STM32MP253FAI3, STM32MP253FAK3, STM32MP253FAL3, STM32MP255AAI3, STM32MP255AAK3, STM32MP255AAL3, STM32MP255CAI3, STM32MP255CAK3, STM32MP255CAL3, STM32MP255DAI3, STM32MP255DAK3, STM32MP255DAL3, STM32MP255FAI3, STM32MP255FAK3, STM32MP255FAL3, STM32MP257AAI3, STM32MP257AAK3, STM32MP257AAL3, STM32MP257CAI3, STM32MP257CAK3, STM32MP257CAL3, STM32MP257DAI3, STM32MP257DAK3, STM32MP257DAL3, STM32MP257F-DK, STM32MP257F-EV1, STM32MP257FAI3, STM32MP257FAK3, STM32MP257FAL3, STM32N645A0H3Q, STM32N645B0H3Q, STM32N645I0H3Q, STM32N645L0H3Q, STM32N645X0H3Q, STM32N645Z0H3Q, STM32N647A0H3Q, STM32N647B0H3Q, STM32N647I0H3Q, STM32N647L0H3Q, STM32N647X0H3Q, STM32N647Z0H3Q, STM32N655A0H3Q, STM32N655B0H3Q, STM32N655I0H3Q, STM32N655L0H3Q, STM32N655X0H3Q, STM32N655Z0H3Q, STM32N6570-DK, STM32N657A0H3Q, STM32N657B0H3Q, STM32N657I0H3Q, STM32N657L0H3Q, STM32N657X0H3Q, STM32N657Z0H3Q, STM32U031C6T6, STM32U031C6U6, STM32U031C8T6, STM32U031C8U6, STM32U031F4P6, STM32U031F6P6, STM32U031F8P6, STM32U031G6Y6TR, STM32U031G8Y6TR, STM32U031K4U6, STM32U031K6U6, STM32U031K8U6, STM32U031R6I6, STM32U031R6T6, STM32U031R8I6, STM32U031R8T6, STM32U073C8T6, STM32U073C8U6, STM32U073CBT6, STM32U073CBU6, STM32U073CCT6, STM32U073CCU6, STM32U073H8Y6TR, STM32U073HBY6TR, STM32U073HCY6TR, STM32U073K8U6, STM32U073KBU6, STM32U073KCU6, STM32U073M8I6, STM32U073M8T6, STM32U073MBI6, STM32U073MBT6, STM32U073MCI6, STM32U073MCT6, STM32U073R8I6, STM32U073R8T6, STM32U073RBI6, STM32U073RBT6, STM32U073RCI6, STM32U073RCT6, STM32U083C-DK, STM32U083CCT6, STM32U083CCU6, STM32U083HCY6TR, STM32U083KCU6, STM32U083MCI6, STM32U083MCT6, STM32U083RCI6, STM32U083RCT6, STM32U375CET6, STM32U375CET6Q, STM32U375CEU6, STM32U375CEU6Q, STM32U375CEY6QTR, STM32U375CGT6, STM32U375CGT6Q, STM32U375CGU6, STM32U375CGU6Q, STM32U375CGY6QTR, STM32U375KEU6, STM32U375KGU6, STM32U375REI6, STM32U375REI6Q, STM32U375RET6, STM32U375RET6Q, STM32U375REY6GTR, STM32U375REY6QTR, STM32U375RGI6, STM32U375RGI6Q, STM32U375RGT6, STM32U375RGT6Q, STM32U375RGY6GTR, STM32U375RGY6QTR, STM32U375VEI6, STM32U375VEI6Q, STM32U375VET6, STM32U375VET6Q, STM32U375VGI6, STM32U375VGI6Q, STM32U375VGT6, STM32U375VGT6Q, STM32U385CGT6, STM32U385CGT6Q, STM32U385CGU6, STM32U385CGU6Q, STM32U385CGY6QTR, STM32U385KGU6, STM32U385RGI6, STM32U385RGI6Q, STM32U385RGT6, STM32U385RGT6Q, STM32U385RGY6GTR, STM32U385RGY6QTR, STM32U385VGI6, STM32U385VGI6Q, STM32U385VGT6, STM32U385VGT6Q, STM32U535CBT6, STM32U535CBT6Q, STM32U535CBU6, STM32U535CBU6Q, STM32U535CCT6, STM32U535CCT6Q, STM32U535CCU6, STM32U535CCU6Q, STM32U535CET6, STM32U535CET6Q, STM32U535CEU6, STM32U535CEU6Q, STM32U535JEY6QTR, STM32U535NCY6QTR, STM32U535NEY6QTR, STM32U535RBI6, STM32U535RBI6Q, STM32U535RBT6, STM32U535RBT6Q, STM32U535RCI6, STM32U535RCI6Q, STM32U535RCT6, STM32U535RCT6Q, STM32U535REI6, STM32U535REI6Q, STM32U535RET6, STM32U535RET6Q, STM32U535VCI6, STM32U535VCI6Q, STM32U535VCT6, STM32U535VCT6Q, STM32U535VEI6, STM32U535VEI6Q, STM32U535VET6, STM32U535VET6Q, STM32U545CET6, STM32U545CET6Q, STM32U545CEU6, STM32U545CEU6Q, STM32U545JEY6QTR, STM32U545NEY6QTR, STM32U545REI6, STM32U545REI6Q, STM32U545RET6, STM32U545RET6Q, STM32U545VEI6, STM32U545VEI6Q, STM32U545VET6, STM32U545VET6Q, STM32U595AIH6, STM32U595AIH6Q, STM32U595AJH6, STM32U595AJH6Q, STM32U595QII6, STM32U595QII6Q, STM32U595QJI6, STM32U595QJI6Q, STM32U595RIT6, STM32U595RIT6Q, STM32U595RJT6, STM32U595RJT6Q, STM32U595VIT6, STM32U595VIT6Q, STM32U595VJT6, STM32U595VJT6Q, STM32U595ZIT6, STM32U595ZIT6Q, STM32U595ZIY6QTR, STM32U595ZJT6, STM32U595ZJT6Q, STM32U595ZJY6QTR, STM32U599BJY6QTR, STM32U599NIH6Q, STM32U599NJH6Q, STM32U599VIT6Q, STM32U599VJT6, STM32U599VJT6Q, STM32U599ZIT6Q, STM32U599ZIY6QTR, STM32U599ZJT6Q, STM32U599ZJY6QTR, STM32U5A5AJH6, STM32U5A5AJH6Q, STM32U5A5QII3Q , STM32U5A5QJI6, STM32U5A5QJI6Q, STM32U5A5RJT6, STM32U5A5RJT6Q, STM32U5A5VJT6, STM32U5A5VJT6Q, STM32U5A5ZJT6, STM32U5A5ZJT6Q, STM32U5A5ZJY6QTR, STM32U5A9BJY6QTR, STM32U5A9J-DK, STM32U5A9NJH6Q, STM32U5A9VJT6Q, STM32U5A9ZJT6Q, STM32U5A9ZJY6QTR, STM32U5F7VIT6, STM32U5F7VIT6Q, STM32U5F7VJT6, STM32U5F7VJT6Q, STM32U5F9BJY6QTR, STM32U5F9NJH6Q, STM32U5F9VIT6Q, STM32U5F9VJT6Q, STM32U5F9ZIJ6QTR, STM32U5F9ZIT6Q, STM32U5F9ZJJ6QTR, STM32U5F9ZJT6Q, STM32U5G7VJT6, STM32U5G7VJT6Q, STM32U5G9BJY6QTR, STM32U5G9J-DK1, STM32U5G9J-DK2, STM32U5G9NJH6Q, STM32U5G9VJT6Q, STM32U5G9ZJJ6QTR, STM32U5G9ZJT6Q, STM32WB05KZV6TR, STM32WB05KZV7TR, STM32WB05TZF6TR, STM32WB05TZF7TR, STM32WB06CCF6TR, STM32WB06CCF7TR, STM32WB06CCV6TR, STM32WB06CCV7TR, STM32WB06KCV6TR, STM32WB06KCV7TR, STM32WB07CCF6TR, STM32WB07CCF7TR, STM32WB07CCV6TR, STM32WB07CCV7TR, STM32WB07KCV6TR, STM32WB07KCV7TR, STM32WB09KEV6TR, STM32WB09KEV7TR, STM32WB09TEF6TR, STM32WB09TEF7TR, STM32WB1MMCH6, STM32WBA50KGU6, STM32WBA50KGU6TR, STM32WBA52CEU6, STM32WBA52CEU6TR, STM32WBA52CEU7, STM32WBA52CEU7TR, STM32WBA52CGU6, STM32WBA52CGU6TR, STM32WBA52CGU6U, STM32WBA52CGU7, STM32WBA52CGU7TR, STM32WBA52KEU6, STM32WBA52KEU6TR, STM32WBA52KGU6, STM32WBA52KGU6TR, STM32WBA54CEU6, STM32WBA54CEU6TR, STM32WBA54CEU7, STM32WBA54CEU7TR, STM32WBA54CGU6, STM32WBA54CGU6TR, STM32WBA54CGU7, STM32WBA54CGU7TR, STM32WBA54KEU6, STM32WBA54KEU6TR, STM32WBA54KEU7, STM32WBA54KEU7TR, STM32WBA54KGU6, STM32WBA54KGU6TR, STM32WBA54KGU7, STM32WBA54KGU7TR, STM32WBA55CEU6, STM32WBA55CEU6TR, STM32WBA55CEU7, STM32WBA55CEU7TR, STM32WBA55CGU6, STM32WBA55CGU6TR, STM32WBA55CGU6U, STM32WBA55CGU7, STM32WBA55CGU7TR, STM32WBA55G-DK1, STM32WBA55HEF6, STM32WBA55HEF7, STM32WBA55HGF6, STM32WBA55HGF7, STM32WBA55UEI6, STM32WBA55UEI6TR, STM32WBA55UEI7, STM32WBA55UEI7TR, STM32WBA55UGI6, STM32WBA55UGI6TR, STM32WBA55UGI7, STM32WBA55UGI7TR, STM32WBA5MMGH6TR, STM32WBA62MGF6, STM32WBA62MIF6, STM32WBA65MGF7, STM32WBA65MIF6, STM32WBA65MIF7, STM32WL30K8V6, STM32WL30KBV6, STM32WL31C8V6, STM32WL31CBV6, STM32WL31K8V6, STM32WL31KBV6, STM32WL33C8V6, STM32WL33C8V6X, STM32WL33CBV6, STM32WL33CBV6X, STM32WL33CCV6, STM32WL33CCV6A, STM32WL33CCV6X, STM32WL33K8V7, STM32WL33K8V7X, STM32WL33KBV7 , STM32WL33KBV7X, STM32WL33KCV7, STM32WL33KCV7X, STM32WL5MOCH6, STM32WL5MOCH6TR]
2026-04-29 16:53:07,519 [INFO] DbMcus:218 - Found 5055 MCUs, 4968 are supported
2026-04-29 16:53:07,520 [INFO] ApiDb:423 - Load user favorites file /Users/cristianpetramale/.stm32cubeide/favorites.mcus.txt: 0 item(s)
2026-04-29 16:53:07,520 [INFO] ApiDb:427 - User favorites MCUs=[]
2026-04-29 16:53:07,520 [INFO] DbMcus:224 - Set 0 / 0 favorites MCUs
2026-04-29 16:53:08,004 [INFO] ApiDb:448 - Save user favorites file /Users/cristianpetramale/.stm32cubeide/favorites.boards.txt: 0 item(s)
2026-04-29 16:53:08,005 [INFO] ApiDb:452 - User favorites Boards=[]
2026-04-29 16:53:08,006 [INFO] ApiDb:581 - Connected to CubeFinder SQLite database (/Users/cristianpetramale/.stmcufinder/plugins/mcufinder/mcu/cube-finder-db.db)
2026-04-29 16:53:08,040 [INFO] ApiDb:668 - CubeFinder database Data Model version=2.1
2026-04-29 16:53:08,040 [INFO] ApiDb:669 - CubeFinder database Configuration version=3.0.42
2026-04-29 16:53:08,040 [INFO] ApiDb:670 - CubeFinder database generation date=2026-03-11 (1773229989)
2026-04-29 16:53:08,041 [INFO] ApiDb:671 - CubeFinder database FW Pack versions=[FP-ATR-ASTRA1_V2.0.0, FP-SNS-FLIGHT1_V5.1.0, FP-SNS-MOTENV1_V5.1.0, FP-SNS-MOTENVWB1_V1.5.0, FP-SNS-SMARTAG2_V1.2.0, FP-SNS-STBOX1_V2.1.0, STM32Cube_FW_C0_V1.4.0, STM32Cube_FW_F4_V1.28.3, STM32Cube_FW_F7_V1.17.4, STM32Cube_FW_G0_V1.6.3, STM32Cube_FW_G4_V1.6.2, STM32Cube_FW_H5_V1.6.0, STM32Cube_FW_H7RS_V1.3.0, STM32Cube_FW_H7_V1.13.0, STM32Cube_FW_L0_V1.12.2, STM32Cube_FW_L4_V1.18.2, STM32Cube_FW_L5_V1.6.0, STM32Cube_FW_N6_V1.3.0, STM32Cube_FW_U0_V1.3.0, STM32Cube_FW_U3_V1.3.0, STM32Cube_FW_U5_V1.8.0, STM32Cube_FW_WB0_V1.4.0, STM32Cube_FW_WBA_V1.9.0, STM32Cube_FW_WB_V1.24.0, STM32Cube_FW_WL3_V1.4.0, STM32Cube_FW_WL_V1.5.0, X-CUBE-ALGOBUILD_V1.4.0, X-CUBE-ALS_V1.0.2, X-CUBE-AZRTOS-F4_V1.1.0, X-CUBE-AZRTOS-F7_V1.1.0, X-CUBE-AZRTOS-G0_V1.1.0, X-CUBE-AZRTOS-G4_V2.0.0, X-CUBE-AZRTOS-H7RS_V1.1.0, X-CUBE-AZRTOS-H7_V3.4.0, X-CUBE-AZRTOS-L4_V2.0.0, X-CUBE-AZRTOS-L5_V2.0.0, X-CUBE-AZRTOS-WB_V2.0.0, X-CUBE-AZRTOS-WL_V2.0.0, X-CUBE-BLE1_V7.1.0, X-CUBE-BLE2_V3.3.0, X-CUBE-BLEMGR_V4.1.0, X-CUBE-EEPRMA1_V5.2.0, X-CUBE-FREERTOS_V1.5.0, X-CUBE-GNSS1_V6.0.0, X-CUBE-MEMS1_V12.0.0, X-CUBE-NFC4_V3.0.0, X-CUBE-NFC7_V2.0.0, X-CUBE-SFXS2LP1_V4.0.0, X-CUBE-ST67W61_V1.2.0, X-CUBE-SUBG2_V5.0.0, X-CUBE-TOF1_V3.4.3]
2026-04-29 16:53:08,077 [INFO] DbBoardsSqlite:226 - include board P-NUCLEO-WB55-NUCLEO as a kit item of type 'Nucleo-64'
2026-04-29 16:53:08,078 [INFO] DbBoardsSqlite:226 - include board P-NUCLEO-WB55-USBDONGLE as a kit item of type 'Nucleo USB Dongle'
2026-04-29 16:53:08,078 [INFO] DbBoardsSqlite:226 - include board STEVAL-IDP005V1 as a kit item of type 'Evaluation Board'
2026-04-29 16:53:08,078 [INFO] DbBoardsSqlite:226 - include board STEVAL-IDP005V2 as a kit item of type 'Evaluation Board'
2026-04-29 16:53:08,110 [INFO] ApiDb:240 - Found 880 in-development CPN: [B-G473E-ZEST1S, B-WB1M-WPAN1, B-WBA5M-WPAN, B-WL5M-SUBG1, NUCLEO-C031C6, NUCLEO-C051C8, NUCLEO-C071RB, NUCLEO-C092RC, NUCLEO-H503RB, NUCLEO-H533RE, NUCLEO-H563ZI, NUCLEO-H7S3L8, NUCLEO-N657X0-Q, NUCLEO-U031R8, NUCLEO-U083RC, NUCLEO-U385RG-Q, NUCLEO-U545RE-Q, NUCLEO-U5A5ZJ-Q, NUCLEO-WB05KZ, NUCLEO-WB07CC, NUCLEO-WB09KE, NUCLEO-WBA52CG, NUCLEO-WBA55CG, NUCLEO-WL33CC1, NUCLEO-WL33CC2, STEVAL-PROTEUS1, STEVAL-SMARTAG2, STEVAL-STWINBX1, STM320518-EVAL, STM32C0116-DK, STM32C011D6Y3TR, STM32C011D6Y6TR, STM32C011F4P3, STM32C011F4P6, STM32C011F4U3, STM32C011F4U6TR, STM32C011F6P3, STM32C011F6P6, STM32C011F6U3, STM32C011F6U6TR, STM32C011J4M3, STM32C011J4M6, STM32C011J6M3, STM32C011J6M6, STM32C0316-DK, STM32C031C4T3, STM32C031C4T6, STM32C031C4U3, STM32C031C4U6, STM32C031C6T3, STM32C031C6T6, STM32C031C6U3, STM32C031C6U6, STM32C031F4P3, STM32C031F4P6, STM32C031F6P3, STM32C031F6P6, STM32C031G4U3, STM32C031G4U6, STM32C031G6U3, STM32C031G6U6, STM32C031K4T3, STM32C031K4T6, STM32C031K4U3, STM32C031K4U6, STM32C031K6T3, STM32C031K6T6, STM32C031K6U3, STM32C031K6U6, STM32C051C6T6, STM32C051C6U6, STM32C051C8T6, STM32C051C8U6, STM32C051D8Y6TR, STM32C051F6P6, STM32C051F8P6, STM32C051G6U6, STM32C051G8U6, STM32C051K6T6, STM32C051K6U6, STM32C051K8T6, STM32C071C8T6, STM32C071C8T6N, STM32C071C8U6, STM32C071C8U6N, STM32C071CBT6, STM32C071CBT6N, STM32C071CBU6, STM32C071CBU6N, STM32C071F8P6, STM32C071F8P6N, STM32C071FBP6, STM32C071FBP6N, STM32C071FBY6TR, STM32C071G8U6, STM32C071G8U6N, STM32C071GBU6, STM32C071GBU6N, STM32C071K8T6, STM32C071K8T6N, STM32C071K8U6, STM32C071K8U6N, STM32C071KBT6, STM32C071KBT6N, STM32C071KBU6, STM32C071KBU6N, STM32C071R8T6, STM32C071R8T6N, STM32C071RBI6N, STM32C071RBT6, STM32C071RBT6N, STM32C091CBT6, STM32C091CBU6, STM32C091CCT6, STM32C091CCU6, STM32C091ECY6TR, STM32C091FBP6, STM32C091FCP6, STM32C091GBU6, STM32C091GCU6, STM32C091KBT6, STM32C091KBU6, STM32C091KCT6, STM32C091KCU6, STM32C091RBT6, STM32C091RCI6, STM32C091RCT6, STM32C092CBT6, STM32C092CBU6, STM32C092CCT6, STM32C092CCU6, STM32C092ECY6TR, STM32C092FBP6, STM32C092FCP6, STM32C092GBU6, STM32C092GCU6, STM32C092KBT6, STM32C092KBU6, STM32C092KCT6, STM32C092KCU6, STM32C092RBT6, STM32C092RCI6, STM32C092RCT6, STM32G071K8TXN, STM32G071K8UXN, STM32G081GBU6N, STM32G081KBT6N, STM32G081KBUXN, STM32G0B1CCT6N, STM32G0B1KCT6, STM32G0B1NEY6TR, STM32G0B1RCT6N, STM32G0C1CCT6, STM32G0C1CCT6N, STM32G0C1CCU6N, STM32G0C1CET6N, STM32G0C1CEU6N, STM32G0C1KCT6, STM32G0C1NEY6TR, STM32G0C1RCI6N, STM32G0C1RCT6N, STM32G0C1REI6N, STM32G0C1RET6N, STM32G0C1VCI6, STM32G0C1VEI6, STM32G411C6T3, STM32G411C6T6, STM32G411C6U3, STM32G411C6U6, STM32G411C8T3, STM32G411C8T6, STM32G411C8U3, STM32G411C8U6, STM32G411CBT3, STM32G411CBT6, STM32G411CBU3, STM32G411CBU6, STM32G411K6T3, STM32G411K6T6, STM32G411K6U3, STM32G411K6U6, STM32G411K8T3, STM32G411K8T6, STM32G411K8U3, STM32G411K8U6, STM32G411KBT3, STM32G411KBT6, STM32G411KBU3, STM32G411KBU6, STM32G411M6T3, STM32G411M6T6, STM32G411M8T3, STM32G411M8T6, STM32G411MBT3, STM32G411MBT6, STM32G411R6T3, STM32G411R6T6, STM32G411R8T3, STM32G411R8T6, STM32G411RBT3, STM32G411RBT6, STM32G414CBT3, STM32G414CBT6, STM32G414CBU3, STM32G414CBU6, STM32G414CCT3, STM32G414CCT6, STM32G414CCU3, STM32G414CCU6, STM32G414MBT3, STM32G414MBT6, STM32G414MCT3, STM32G414MCT6, STM32G414RBT3, STM32G414RBT6, STM32G414RCT3, STM32G414RCT6, STM32G414VBT3, STM32G414VBT6, STM32G414VCT3, STM32G414VCT6, STM32G431CBT3Z, STM32G431RBT3Z, STM32G471CCT6, STM32G471CCU6, STM32G471CET3, STM32G471CET6, STM32G471CEU3, STM32G471CEU6, STM32G471MCT6, STM32G471MET3, STM32G471MET6, STM32G471MEY6TR, STM32G471QCT6, STM32G471QET3, STM32G471RCT6, STM32G471RET3, STM32G471RET6, STM32G471VCH6, STM32G471VCI6, STM32G471VCT6, STM32G471VEH3, STM32G471VEH6, STM32G471VEI3, STM32G471VEI6, STM32G471VET3, STM32G471VET6, STM32G473QET3Z, STM32G473RET3Z, STM32G474CCT6, STM32G491RET3Z, STM32H503CBT6, STM32H503CBU6, STM32H503EBY6TR, STM32H503KBU6, STM32H503RBT6, STM32H523CCT6, STM32H523CCU6, STM32H523CET6, STM32H523CEU6, STM32H523HEY6TR, STM32H523RCT6, STM32H523RET6, STM32H523VCI6, STM32H523VCT6, STM32H523VEI6, STM32H523VET6, STM32H523ZCJ6, STM32H523ZCT6, STM32H523ZEJ6, STM32H523ZET6, STM32H533CET6, STM32H533CEU6, STM32H533HEY6TR, STM32H533RET6, STM32H533VEI6, STM32H533VET6, STM32H533ZEJ6, STM32H533ZET6, STM32H562AGI6, STM32H562AII6, STM32H562IGK6, STM32H562IGT6, STM32H562IIK6, STM32H562IIT6, STM32H562RGT6, STM32H562RGV6, STM32H562RIT6, STM32H562RIV6, STM32H562VGT6, STM32H562VIT6, STM32H562ZGT6, STM32H562ZIT6, STM32H563AGI6, STM32H563AII3Q, STM32H563AII6, STM32H563IGK6, STM32H563IGT6, STM32H563IIK3Q, STM32H563IIK6, STM32H563IIT3Q, STM32H563IIT6, STM32H563MIY3QTR, STM32H563RGT6, STM32H563RGV6, STM32H563RIT6, STM32H563RIV6, STM32H563VGT6, STM32H563VIT3Q, STM32H563VIT6, STM32H563ZGT6, STM32H563ZIT3Q, STM32H563ZIT6, STM32H573AII3Q, STM32H573AII6, STM32H573I-DK, STM32H573IIK3Q, STM32H573IIK6, STM32H573IIT3Q, STM32H573IIT6, STM32H573MIY3QTR, STM32H573RIT6, STM32H573RIV6, STM32H573VIT3Q, STM32H573VIT6, STM32H573ZIT3Q, STM32H573ZIT6, STM32H7R3A8I6, STM32H7R3I8K6, STM32H7R3I8T6, STM32H7R3L8H6, STM32H7R3L8H6H, STM32H7R3R8V6, STM32H7R3V8H6, STM32H7R3V8T6, STM32H7R3V8Y6TR, STM32H7R3Z8J6, STM32H7R3Z8T6, STM32H7R7A8I6, STM32H7R7I8K6, STM32H7R7I8T6, STM32H7R7L8H6, STM32H7R7L8H6H, STM32H7R7Z8J6, STM32H7S3A8I6, STM32H7S3I8K6, STM32H7S3I8T6, STM32H7S3L8H6, STM32H7S3L8H6H, STM32H7S3R8V6, STM32H7S3V8H6, STM32H7S3V8T6, STM32H7S3V8Y6TR, STM32H7S3Z8J6, STM32H7S3Z8T6, STM32H7S78-DK, STM32H7S7A8I6, STM32H7S7I8K6, STM32H7S7I8T6, STM32H7S7L8H6, STM32H7S7L8H6H, STM32H7S7Z8J6, STM32L4R5QGI6STR, STM32MP131AAE3, STM32MP131AAF3, STM32MP131AAG3, STM32MP131CAE3, STM32MP131CAF3, STM32MP131CAG3, STM32MP131DAE7, STM32MP131DAF7, STM32MP131DAG7, STM32MP131FAE7, STM32MP131FAF7, STM32MP131FAG7, STM32MP133AAE3, STM32MP133AAF3, STM32MP133AAG3, STM32MP133CAE3, STM32MP133CAF3, STM32MP133CAG3, STM32MP133DAE7, STM32MP133DAF7, STM32MP133DAG7, STM32MP133FAE7, STM32MP133FAF7, STM32MP133FAG7, STM32MP135AAE3, STM32MP135AAF3, STM32MP135AAG3, STM32MP135CAE3, STM32MP135CAF3, STM32MP135CAG3, STM32MP135DAE7, STM32MP135DAF7, STM32MP135DAG7, STM32MP135F-DK, STM32MP135FAE7, STM32MP135FAF7, STM32MP135FAF7T, STM32MP135FAF7U, STM32MP135FAG7, STM32MP211AAL3, STM32MP211AAM3, STM32MP211AAN3, STM32MP211AAO3, STM32MP211CAL3, STM32MP211CAM3, STM32MP211CAN3, STM32MP211CAO3, STM32MP211DAL3, STM32MP211DAM3, STM32MP211DAN3, STM32MP211DAO3, STM32MP211FAL3, STM32MP211FAM3, STM32MP211FAN3, STM32MP211FAO3, STM32MP213AAL3, STM32MP213AAM3, STM32MP213AAN3, STM32MP213AAO3, STM32MP213CAL3, STM32MP213CAM3, STM32MP213CAN3, STM32MP213CAO3, STM32MP213DAL3, STM32MP213DAM3, STM32MP213DAN3, STM32MP213DAO3, STM32MP213FAL3, STM32MP213FAM3, STM32MP213FAN3, STM32MP213FAO3, STM32MP215AAL3, STM32MP215AAM3, STM32MP215AAN3, STM32MP215AAO3, STM32MP215CAL3, STM32MP215CAM3, STM32MP215CAN3, STM32MP215CAO3, STM32MP215DAL3, STM32MP215DAM3, STM32MP215DAN3, STM32MP215DAO3, STM32MP215F-DK, STM32MP215FAL3, STM32MP215FAM3, STM32MP215FAN3, STM32MP215FAO3, STM32MP231AAJ3, STM32MP231AAK3, STM32MP231AAL3, STM32MP231CAJ3, STM32MP231CAK3, STM32MP231CAL3, STM32MP231DAJ3, STM32MP231DAK3, STM32MP231DAL3, STM32MP231FAJ3, STM32MP231FAK3, STM32MP231FAL3, STM32MP233AAJ3, STM32MP233AAK3, STM32MP233AAL3, STM32MP233CAJ3, STM32MP233CAK3, STM32MP233CAL3, STM32MP233DAJ3, STM32MP233DAK3, STM32MP233DAL3, STM32MP233FAJ3, STM32MP233FAK3, STM32MP233FAL3, STM32MP235AAJ3, STM32MP235AAK3, STM32MP235AAL3, STM32MP235CAJ3, STM32MP235CAK3, STM32MP235CAL3, STM32MP235DAJ3, STM32MP235DAK3, STM32MP235DAL3, STM32MP235FAJ3, STM32MP235FAK3, STM32MP235FAL3, STM32MP251AAI3, STM32MP251AAK3, STM32MP251AAL3, STM32MP251CAI3, STM32MP251CAK3, STM32MP251CAL3, STM32MP251DAI3, STM32MP251DAK3, STM32MP251DAL3, STM32MP251FAI3, STM32MP251FAK3, STM32MP251FAL3, STM32MP253AAI3, STM32MP253AAK3, STM32MP253AAL3, STM32MP253CAI3, STM32MP253CAK3, STM32MP253CAL3, STM32MP253DAI3, STM32MP253DAK3, STM32MP253DAL3, STM32MP253FAI3, STM32MP253FAK3, STM32MP253FAL3, STM32MP255AAI3, STM32MP255AAK3, STM32MP255AAL3, STM32MP255CAI3, STM32MP255CAK3, STM32MP255CAL3, STM32MP255DAI3, STM32MP255DAK3, STM32MP255DAL3, STM32MP255FAI3, STM32MP255FAK3, STM32MP255FAL3, STM32MP257AAI3, STM32MP257AAK3, STM32MP257AAL3, STM32MP257CAI3, STM32MP257CAK3, STM32MP257CAL3, STM32MP257DAI3, STM32MP257DAK3, STM32MP257DAL3, STM32MP257F-DK, STM32MP257F-EV1, STM32MP257FAI3, STM32MP257FAK3, STM32MP257FAL3, STM32N645A0H3Q, STM32N645B0H3Q, STM32N645I0H3Q, STM32N645L0H3Q, STM32N645X0H3Q, STM32N645Z0H3Q, STM32N647A0H3Q, STM32N647B0H3Q, STM32N647I0H3Q, STM32N647L0H3Q, STM32N647X0H3Q, STM32N647Z0H3Q, STM32N655A0H3Q, STM32N655B0H3Q, STM32N655I0H3Q, STM32N655L0H3Q, STM32N655X0H3Q, STM32N655Z0H3Q, STM32N6570-DK, STM32N657A0H3Q, STM32N657B0H3Q, STM32N657I0H3Q, STM32N657L0H3Q, STM32N657X0H3Q, STM32N657Z0H3Q, STM32U031C6T6, STM32U031C6U6, STM32U031C8T6, STM32U031C8U6, STM32U031F4P6, STM32U031F6P6, STM32U031F8P6, STM32U031G6Y6TR, STM32U031G8Y6TR, STM32U031K4U6, STM32U031K6U6, STM32U031K8U6, STM32U031R6I6, STM32U031R6T6, STM32U031R8I6, STM32U031R8T6, STM32U073C8T6, STM32U073C8U6, STM32U073CBT6, STM32U073CBU6, STM32U073CCT6, STM32U073CCU6, STM32U073H8Y6TR, STM32U073HBY6TR, STM32U073HCY6TR, STM32U073K8U6, STM32U073KBU6, STM32U073KCU6, STM32U073M8I6, STM32U073M8T6, STM32U073MBI6, STM32U073MBT6, STM32U073MCI6, STM32U073MCT6, STM32U073R8I6, STM32U073R8T6, STM32U073RBI6, STM32U073RBT6, STM32U073RCI6, STM32U073RCT6, STM32U083C-DK, STM32U083CCT6, STM32U083CCU6, STM32U083HCY6TR, STM32U083KCU6, STM32U083MCI6, STM32U083MCT6, STM32U083RCI6, STM32U083RCT6, STM32U375CET6, STM32U375CET6Q, STM32U375CEU6, STM32U375CEU6Q, STM32U375CEY6QTR, STM32U375CGT6, STM32U375CGT6Q, STM32U375CGU6, STM32U375CGU6Q, STM32U375CGY6QTR, STM32U375KEU6, STM32U375KGU6, STM32U375REI6, STM32U375REI6Q, STM32U375RET6, STM32U375RET6Q, STM32U375REY6GTR, STM32U375REY6QTR, STM32U375RGI6, STM32U375RGI6Q, STM32U375RGT6, STM32U375RGT6Q, STM32U375RGY6GTR, STM32U375RGY6QTR, STM32U375VEI6, STM32U375VEI6Q, STM32U375VET6, STM32U375VET6Q, STM32U375VGI6, STM32U375VGI6Q, STM32U375VGT6, STM32U375VGT6Q, STM32U385CGT6, STM32U385CGT6Q, STM32U385CGU6, STM32U385CGU6Q, STM32U385CGY6QTR, STM32U385KGU6, STM32U385RGI6, STM32U385RGI6Q, STM32U385RGT6, STM32U385RGT6Q, STM32U385RGY6GTR, STM32U385RGY6QTR, STM32U385VGI6, STM32U385VGI6Q, STM32U385VGT6, STM32U385VGT6Q, STM32U535CBT6, STM32U535CBT6Q, STM32U535CBU6, STM32U535CBU6Q, STM32U535CCT6, STM32U535CCT6Q, STM32U535CCU6, STM32U535CCU6Q, STM32U535CET6, STM32U535CET6Q, STM32U535CEU6, STM32U535CEU6Q, STM32U535JEY6QTR, STM32U535NCY6QTR, STM32U535NEY6QTR, STM32U535RBI6, STM32U535RBI6Q, STM32U535RBT6, STM32U535RBT6Q, STM32U535RCI6, STM32U535RCI6Q, STM32U535RCT6, STM32U535RCT6Q, STM32U535REI6, STM32U535REI6Q, STM32U535RET6, STM32U535RET6Q, STM32U535VCI6, STM32U535VCI6Q, STM32U535VCT6, STM32U535VCT6Q, STM32U535VEI6, STM32U535VEI6Q, STM32U535VET6, STM32U535VET6Q, STM32U545CET6, STM32U545CET6Q, STM32U545CEU6, STM32U545CEU6Q, STM32U545JEY6QTR, STM32U545NEY6QTR, STM32U545REI6, STM32U545REI6Q, STM32U545RET6, STM32U545RET6Q, STM32U545VEI6, STM32U545VEI6Q, STM32U545VET6, STM32U545VET6Q, STM32U595AIH6, STM32U595AIH6Q, STM32U595AJH6, STM32U595AJH6Q, STM32U595QII6, STM32U595QII6Q, STM32U595QJI6, STM32U595QJI6Q, STM32U595RIT6, STM32U595RIT6Q, STM32U595RJT6, STM32U595RJT6Q, STM32U595VIT6, STM32U595VIT6Q, STM32U595VJT6, STM32U595VJT6Q, STM32U595ZIT6, STM32U595ZIT6Q, STM32U595ZIY6QTR, STM32U595ZJT6, STM32U595ZJT6Q, STM32U595ZJY6QTR, STM32U599BJY6QTR, STM32U599NIH6Q, STM32U599NJH6Q, STM32U599VIT6Q, STM32U599VJT6, STM32U599VJT6Q, STM32U599ZIT6Q, STM32U599ZIY6QTR, STM32U599ZJT6Q, STM32U599ZJY6QTR, STM32U5A5AJH6, STM32U5A5AJH6Q, STM32U5A5QII3Q , STM32U5A5QJI6, STM32U5A5QJI6Q, STM32U5A5RJT6, STM32U5A5RJT6Q, STM32U5A5VJT6, STM32U5A5VJT6Q, STM32U5A5ZJT6, STM32U5A5ZJT6Q, STM32U5A5ZJY6QTR, STM32U5A9BJY6QTR, STM32U5A9J-DK, STM32U5A9NJH6Q, STM32U5A9VJT6Q, STM32U5A9ZJT6Q, STM32U5A9ZJY6QTR, STM32U5F7VIT6, STM32U5F7VIT6Q, STM32U5F7VJT6, STM32U5F7VJT6Q, STM32U5F9BJY6QTR, STM32U5F9NJH6Q, STM32U5F9VIT6Q, STM32U5F9VJT6Q, STM32U5F9ZIJ6QTR, STM32U5F9ZIT6Q, STM32U5F9ZJJ6QTR, STM32U5F9ZJT6Q, STM32U5G7VJT6, STM32U5G7VJT6Q, STM32U5G9BJY6QTR, STM32U5G9J-DK1, STM32U5G9J-DK2, STM32U5G9NJH6Q, STM32U5G9VJT6Q, STM32U5G9ZJJ6QTR, STM32U5G9ZJT6Q, STM32WB05KZV6TR, STM32WB05KZV7TR, STM32WB05TZF6TR, STM32WB05TZF7TR, STM32WB06CCF6TR, STM32WB06CCF7TR, STM32WB06CCV6TR, STM32WB06CCV7TR, STM32WB06KCV6TR, STM32WB06KCV7TR, STM32WB07CCF6TR, STM32WB07CCF7TR, STM32WB07CCV6TR, STM32WB07CCV7TR, STM32WB07KCV6TR, STM32WB07KCV7TR, STM32WB09KEV6TR, STM32WB09KEV7TR, STM32WB09TEF6TR, STM32WB09TEF7TR, STM32WB1MMCH6, STM32WBA50KGU6, STM32WBA50KGU6TR, STM32WBA52CEU6, STM32WBA52CEU6TR, STM32WBA52CEU7, STM32WBA52CEU7TR, STM32WBA52CGU6, STM32WBA52CGU6TR, STM32WBA52CGU6U, STM32WBA52CGU7, STM32WBA52CGU7TR, STM32WBA52KEU6, STM32WBA52KEU6TR, STM32WBA52KGU6, STM32WBA52KGU6TR, STM32WBA54CEU6, STM32WBA54CEU6TR, STM32WBA54CEU7, STM32WBA54CEU7TR, STM32WBA54CGU6, STM32WBA54CGU6TR, STM32WBA54CGU7, STM32WBA54CGU7TR, STM32WBA54KEU6, STM32WBA54KEU6TR, STM32WBA54KEU7, STM32WBA54KEU7TR, STM32WBA54KGU6, STM32WBA54KGU6TR, STM32WBA54KGU7, STM32WBA54KGU7TR, STM32WBA55CEU6, STM32WBA55CEU6TR, STM32WBA55CEU7, STM32WBA55CEU7TR, STM32WBA55CGU6, STM32WBA55CGU6TR, STM32WBA55CGU6U, STM32WBA55CGU7, STM32WBA55CGU7TR, STM32WBA55G-DK1, STM32WBA55HEF6, STM32WBA55HEF7, STM32WBA55HGF6, STM32WBA55HGF7, STM32WBA55UEI6, STM32WBA55UEI6TR, STM32WBA55UEI7, STM32WBA55UEI7TR, STM32WBA55UGI6, STM32WBA55UGI6TR, STM32WBA55UGI7, STM32WBA55UGI7TR, STM32WBA5MMGH6TR, STM32WBA62MGF6, STM32WBA62MIF6, STM32WBA65MGF7, STM32WBA65MIF6, STM32WBA65MIF7, STM32WL30K8V6, STM32WL30KBV6, STM32WL31C8V6, STM32WL31CBV6, STM32WL31K8V6, STM32WL31KBV6, STM32WL33C8V6, STM32WL33C8V6X, STM32WL33CBV6, STM32WL33CBV6X, STM32WL33CCV6, STM32WL33CCV6A, STM32WL33CCV6X, STM32WL33K8V7, STM32WL33K8V7X, STM32WL33KBV7 , STM32WL33KBV7X, STM32WL33KCV7, STM32WL33KCV7X, STM32WL5MOCH6, STM32WL5MOCH6TR]
2026-04-29 16:53:08,180 [INFO] BoardInfo:889 - No configuration file found for board NUCLEO-H5E5ZJ
2026-04-29 16:53:08,181 [INFO] DbBoards:161 - Board is not supported: NUCLEO-H5E5ZJ
2026-04-29 16:53:08,208 [INFO] BoardInfo:889 - No configuration file found for board NUCLEO-U3C5ZI-Q
2026-04-29 16:53:08,208 [INFO] DbBoards:161 - Board is not supported: NUCLEO-U3C5ZI-Q
2026-04-29 16:53:08,215 [INFO] BoardInfo:889 - No configuration file found for board NUCLEO-WBA25CE1
2026-04-29 16:53:08,215 [INFO] DbBoards:161 - Board is not supported: NUCLEO-WBA25CE1
2026-04-29 16:53:08,220 [INFO] BoardInfo:889 - No configuration file found for board NUCLEO-WL3RKB1
2026-04-29 16:53:08,220 [INFO] DbBoards:161 - Board is not supported: NUCLEO-WL3RKB1
2026-04-29 16:53:08,221 [INFO] BoardInfo:889 - No configuration file found for board NUCLEO-WL3RKB2
2026-04-29 16:53:08,221 [INFO] DbBoards:161 - Board is not supported: NUCLEO-WL3RKB2
2026-04-29 16:53:08,225 [INFO] BoardInfo:889 - No configuration file found for board P-NUCLEO-WB55
2026-04-29 16:53:08,225 [INFO] DbBoards:161 - Kit is not supported: P-NUCLEO-WB55
2026-04-29 16:53:08,230 [INFO] BoardInfo:889 - No configuration file found for board STEVAL-BFA001V1B
2026-04-29 16:53:08,230 [INFO] DbBoards:161 - Kit is not supported: STEVAL-BFA001V1B
2026-04-29 16:53:08,231 [INFO] BoardInfo:889 - No configuration file found for board STEVAL-BFA001V2B
2026-04-29 16:53:08,232 [INFO] DbBoards:161 - Kit is not supported: STEVAL-BFA001V2B
2026-04-29 16:53:08,279 [INFO] BoardInfo:889 - No configuration file found for board STM32H5F5J-DK
2026-04-29 16:53:08,280 [INFO] DbBoards:161 - Board is not supported: STM32H5F5J-DK
2026-04-29 16:53:08,317 [INFO] DbBoards:168 - Found 218 boards, 209 are supported
2026-04-29 16:53:08,317 [INFO] DbBoards:169 - Found 218 boards, 43 of them is supported for  Bsp
2026-04-29 16:53:08,320 [INFO] ApiDb:423 - Load user favorites file /Users/cristianpetramale/.stm32cubeide/favorites.boards.txt: 0 item(s)
2026-04-29 16:53:08,320 [INFO] ApiDb:427 - User favorites Boards=[]
2026-04-29 16:53:08,320 [INFO] DbBoards:198 - Set 0 / 0 favorites Boards
2026-04-29 16:53:08,751 [INFO] ServerAccessManage:452 - Complete download http(s) 200
2026-04-29 16:53:08,752 [INFO] ServerAccessManage:509 - Download File 
2026-04-29 16:53:08,806 [INFO] LoadUrlFilesThread:185 - End of LoadServerUrlFiles without Thread
2026-04-29 16:53:08,810 [INFO] TargetSelectorAdapter:259 - Refresh data is successful
2026-04-29 16:53:08,815 [INFO] ApiDb:668 - CubeFinder database Data Model version=2.1
2026-04-29 16:53:08,815 [INFO] ApiDb:669 - CubeFinder database Configuration version=3.0.42
2026-04-29 16:53:08,815 [INFO] ApiDb:670 - CubeFinder database generation date=2026-03-11 (1773229989)
2026-04-29 16:53:08,815 [INFO] ApiDb:671 - CubeFinder database FW Pack versions=[FP-ATR-ASTRA1_V2.0.0, FP-SNS-FLIGHT1_V5.1.0, FP-SNS-MOTENV1_V5.1.0, FP-SNS-MOTENVWB1_V1.5.0, FP-SNS-SMARTAG2_V1.2.0, FP-SNS-STBOX1_V2.1.0, STM32Cube_FW_C0_V1.4.0, STM32Cube_FW_F4_V1.28.3, STM32Cube_FW_F7_V1.17.4, STM32Cube_FW_G0_V1.6.3, STM32Cube_FW_G4_V1.6.2, STM32Cube_FW_H5_V1.6.0, STM32Cube_FW_H7RS_V1.3.0, STM32Cube_FW_H7_V1.13.0, STM32Cube_FW_L0_V1.12.2, STM32Cube_FW_L4_V1.18.2, STM32Cube_FW_L5_V1.6.0, STM32Cube_FW_N6_V1.3.0, STM32Cube_FW_U0_V1.3.0, STM32Cube_FW_U3_V1.3.0, STM32Cube_FW_U5_V1.8.0, STM32Cube_FW_WB0_V1.4.0, STM32Cube_FW_WBA_V1.9.0, STM32Cube_FW_WB_V1.24.0, STM32Cube_FW_WL3_V1.4.0, STM32Cube_FW_WL_V1.5.0, X-CUBE-ALGOBUILD_V1.4.0, X-CUBE-ALS_V1.0.2, X-CUBE-AZRTOS-F4_V1.1.0, X-CUBE-AZRTOS-F7_V1.1.0, X-CUBE-AZRTOS-G0_V1.1.0, X-CUBE-AZRTOS-G4_V2.0.0, X-CUBE-AZRTOS-H7RS_V1.1.0, X-CUBE-AZRTOS-H7_V3.4.0, X-CUBE-AZRTOS-L4_V2.0.0, X-CUBE-AZRTOS-L5_V2.0.0, X-CUBE-AZRTOS-WB_V2.0.0, X-CUBE-AZRTOS-WL_V2.0.0, X-CUBE-BLE1_V7.1.0, X-CUBE-BLE2_V3.3.0, X-CUBE-BLEMGR_V4.1.0, X-CUBE-EEPRMA1_V5.2.0, X-CUBE-FREERTOS_V1.5.0, X-CUBE-GNSS1_V6.0.0, X-CUBE-MEMS1_V12.0.0, X-CUBE-NFC4_V3.0.0, X-CUBE-NFC7_V2.0.0, X-CUBE-SFXS2LP1_V4.0.0, X-CUBE-ST67W61_V1.2.0, X-CUBE-SUBG2_V5.0.0, X-CUBE-TOF1_V3.4.3]
2026-04-29 16:53:09,404 [ERROR] DbExamplesSqlite:437 - Missing JSON key: board_cpn
2026-04-29 16:53:09,405 [ERROR] DbExamplesSqlite:437 - Missing JSON key: board_cpn
2026-04-29 16:53:09,405 [ERROR] DbExamplesSqlite:437 - Missing JSON key: board_cpn
2026-04-29 16:53:09,405 [ERROR] DbExamplesSqlite:437 - Missing JSON key: board_cpn
2026-04-29 16:53:09,666 [ERROR] DbExamplesSqlite:437 - Missing JSON key: board_cpn
2026-04-29 16:53:09,667 [ERROR] DbExamplesSqlite:437 - Missing JSON key: board_cpn
2026-04-29 16:53:09,711 [INFO] DbExamplesSqlite:395 - Ignored 39 examples not supported by CubeIDE
2026-04-29 16:53:09,711 [INFO] DbExamplesSqlite:396 - Found 11210 examples active
2026-04-29 16:53:09,711 [INFO] DbExamplesSqlite:397 - Found 0 examples obsolete
2026-04-29 16:53:09,712 [INFO] DbExamplesSqlite:398 - Found 0 examples under development
2026-04-29 16:53:09,712 [INFO] DbExamplesSqlite:399 - Found 76 examples not building
2026-04-29 16:53:09,716 [INFO] DbExamples:125 - Found 11247 examples
2026-04-29 16:53:09,759 [ERROR] DbExamples:208 - Found 377 examples with invalid data (board or MCU)
2026-04-29 16:53:09,759 [INFO] DbExamples:222 - Found 140 boards with related examples
2026-04-29 16:53:09,760 [INFO] DbExamples:235 - Found 114 MCUs with related examples
2026-04-29 16:53:09,783 [INFO] ApiDb:414 - User favorites file not found: /Users/cristianpetramale/.stm32cubeide/favorites.examples.txt
2026-04-29 16:53:09,786 [INFO] DbExamples:250 - Set 0 / 0 favorites Examples
2026-04-29 16:53:10,311 [INFO] McuFinderGlobals:76 - Set McuFinderConnectedMode to true
2026-04-29 16:53:10,322 [INFO] MultiScanPanel:200 - Auto-refresh data requested => check proxy status ongoing
2026-04-29 16:53:10,325 [INFO] FinderPluginLoader:96 - Searching for filters in installed packs
2026-04-29 16:53:11,599 [INFO] LoadUrlFilesThread:185 - End of LoadServerUrlFiles without Thread
2026-04-29 16:53:11,648 [INFO] DetailPanel:341 - Set advertising image to /Users/cristianpetramale/STM32Cube/Repository//en.prom-stm32wba2-stm32-nucleo-board-0426.png
2026-04-29 16:57:05,210 [INFO] MainUpdater:2872 - connection check result : 10
2026-04-29 16:57:05,214 [INFO] MainUpdater:2872 - connection check result : 10
2026-04-29 16:57:05,500 [INFO] I2cTimingTraitement:330 - 0x00100D14
2026-04-29 16:57:05,520 [INFO] MicroXplorer:468 - Change Database Path : 
2026-04-29 16:57:05,523 [INFO] MicroXplorer:498 - Change Database Version : DB.6.0.150
2026-04-29 16:57:05,642 [ERROR] ProjectManagerView:395 - 
java.lang.NullPointerException: Cannot invoke "javax.swing.JTextField.getText()" because the return value of "java.util.List.get(int)" is null
	at com.st.microxplorer.plugins.projectmanager.gui.ProjectChoiceTab$9.caretUpdate(ProjectChoiceTab.java:2706) ~[filemanager.jar:?]
	at javax.swing.text.JTextComponent.fireCaretUpdate(JTextComponent.java:408) ~[?:?]
	at javax.swing.text.JTextComponent$MutableCaretEvent.fire(JTextComponent.java:4484) ~[?:?]
	at javax.swing.text.JTextComponent$MutableCaretEvent.stateChanged(JTextComponent.java:4506) ~[?:?]
	at javax.swing.text.DefaultCaret.fireStateChanged(DefaultCaret.java:857) ~[?:?]
	at javax.swing.text.DefaultCaret.changeCaretPosition(DefaultCaret.java:1343) ~[?:?]
	at javax.swing.text.DefaultCaret.handleSetDot(DefaultCaret.java:1242) ~[?:?]
	at javax.swing.text.DefaultCaret.setDot(DefaultCaret.java:1223) ~[?:?]
	at javax.swing.text.DefaultCaret$Handler.insertUpdate(DefaultCaret.java:1819) ~[?:?]
	at javax.swing.text.AbstractDocument.fireInsertUpdate(AbstractDocument.java:227) ~[?:?]
	at javax.swing.text.AbstractDocument.handleInsertString(AbstractDocument.java:781) ~[?:?]
	at javax.swing.text.AbstractDocument.insertString(AbstractDocument.java:740) ~[?:?]
	at javax.swing.text.PlainDocument.insertString(PlainDocument.java:131) ~[?:?]
	at javax.swing.text.AbstractDocument.replace(AbstractDocument.java:699) ~[?:?]
	at javax.swing.text.JTextComponent.setText(JTextComponent.java:1725) ~[?:?]
	at com.st.microxplorer.plugins.projectmanager.gui.ProjectChoiceTab.createHeapStackFields(ProjectChoiceTab.java:993) ~[filemanager.jar:?]
	at com.st.microxplorer.plugins.projectmanager.gui.ProjectChoiceTab.buildLinkSettingsPanel(ProjectChoiceTab.java:3813) ~[filemanager.jar:?]
	at com.st.microxplorer.plugins.projectmanager.gui.ProjectChoiceTab.defineWindowsFields(ProjectChoiceTab.java:1987) ~[filemanager.jar:?]
	at com.st.microxplorer.plugins.projectmanager.gui.ProjectChoiceTab.updateSettings(ProjectChoiceTab.java:558) ~[filemanager.jar:?]
	at com.st.microxplorer.plugins.projectmanager.gui.ProjectSettingsPanel.UpdateDialog(ProjectSettingsPanel.java:247) ~[filemanager.jar:?]
	at com.st.microxplorer.plugins.projectmanager.ProjectManagerView.propertyChange(ProjectManagerView.java:392) ~[filemanager.jar:?]
	at java.beans.PropertyChangeSupport.fire(PropertyChangeSupport.java:343) ~[?:?]
	at java.beans.PropertyChangeSupport.firePropertyChange(PropertyChangeSupport.java:335) ~[?:?]
	at java.beans.PropertyChangeSupport.firePropertyChange(PropertyChangeSupport.java:268) ~[?:?]
	at com.st.microxplorer.util.MXPropertyChangeSupport.firePropertyChange(MXPropertyChangeSupport.java:54) ~[STM32CubeMX.jar:?]
	at com.st.microxplorer.mxsystem.MxSystem.closeConfig(MxSystem.java:899) ~[STM32CubeMX.jar:?]
	at com.st.microxplorer.maingui.MainPanel.closeConfig(MainPanel.java:792) ~[STM32CubeMX.jar:?]
	at com.st.microxplorer.plugins.filemanager.engine.OpenFileManager.loadConfigurationFile(OpenFileManager.java:288) ~[filemanager.jar:?]
	at com.st.microxplorer.plugins.filemanager.engine.MainFileManager.userLoadConfig(MainFileManager.java:364) ~[filemanager.jar:?]
	at com.st.microxplorer.plugins.filemanager.engine.MainFileManager.userLoadConfig(MainFileManager.java:342) ~[filemanager.jar:?]
	at com.st.microxplorer.plugins.filemanager.FileManagerView.getSpecificTask(FileManagerView.java:264) ~[filemanager.jar:?]
	at com.st.stm32cube.common.mx.editor.CubeMxEditor.getMxTabbedPaneInstance(CubeMxEditor.java:1198) ~[com.st.stm32cube.common.mx_6.15.0.202507011659/:?]
	at com.st.stm32cube.common.mx.editor.CubeMxEditor$12$1.createSwingComponent(CubeMxEditor.java:1068) ~[com.st.stm32cube.common.mx_6.15.0.202507011659/:?]
	at com.st.stm32cube.common.mx.oss.core.awtswtbridge.EmbeddedSwingComposite.doComponentCreation(EmbeddedSwingComposite.java:492) ~[com.st.stm32cube.common.mx.oss_6.15.0.202507011659/:?]
	at com.st.stm32cube.common.mx.oss.core.awtswtbridge.EmbeddedSwingComposite$4.run(EmbeddedSwingComposite.java:291) ~[com.st.stm32cube.common.mx.oss_6.15.0.202507011659/:?]
	at com.st.stm32cube.common.mx.oss.core.awtswtbridge.AwtEnvironment$2.run(AwtEnvironment.java:166) ~[com.st.stm32cube.common.mx.oss_6.15.0.202507011659/:?]
	at java.awt.event.InvocationEvent.dispatch(InvocationEvent.java:318) ~[?:?]
	at java.awt.EventQueue.dispatchEventImpl(EventQueue.java:773) ~[?:?]
	at java.awt.EventQueue$4.run(EventQueue.java:720) ~[?:?]
	at java.awt.EventQueue$4.run(EventQueue.java:714) ~[?:?]
	at java.security.AccessController.doPrivileged(AccessController.java:400) ~[?:?]
	at java.security.ProtectionDomain$JavaSecurityAccessImpl.doIntersectionPrivilege(ProtectionDomain.java:87) ~[?:?]
	at java.awt.EventQueue.dispatchEvent(EventQueue.java:742) ~[?:?]
	at java.awt.EventDispatchThread.pumpOneEventForFilters(EventDispatchThread.java:203) ~[?:?]
	at java.awt.EventDispatchThread.pumpEventsForFilter(EventDispatchThread.java:124) ~[?:?]
	at java.awt.EventDispatchThread.pumpEventsForHierarchy(EventDispatchThread.java:113) ~[?:?]
	at java.awt.EventDispatchThread.pumpEvents(EventDispatchThread.java:109) ~[?:?]
	at java.awt.EventDispatchThread.pumpEvents(EventDispatchThread.java:101) ~[?:?]
	at java.awt.EventDispatchThread.run(EventDispatchThread.java:90) ~[?:?]
2026-04-29 16:57:05,644 [WARN] ThirdParty:871 - waiting for thirdparty lock release [close project]
2026-04-29 16:57:05,644 [INFO] ThirdParty:873 - entering critical section [close project]
2026-04-29 16:57:05,645 [INFO] ThirdParty:883 - exiting critical section [close project]
2026-04-29 16:57:05,648 [INFO] PinOutPanel:1589 - setPackage(No Configuration,No Configuration)
2026-04-29 16:57:05,653 [INFO] UtilMem:75 - Begin LoadConfig() Used Memory: 495245608 Bytes (673185792)
2026-04-29 16:57:05,656 [INFO] MicroXplorer:468 - Change Database Path : 
2026-04-29 16:57:05,657 [INFO] MicroXplorer:498 - Change Database Version : DB.6.0.150
2026-04-29 16:57:05,658 [INFO] OpenFileManager:355 - Change cursor
2026-04-29 16:57:05,800 [INFO] RulesReader:64 - Compatibility file has been processed (317 Rules)
2026-04-29 16:57:05,841 [INFO] Mcu:2029 - Initializing MCU STM32L432KCUx STM32L432KCUx STM32L432KCU3
2026-04-29 16:57:07,009 [INFO] Context:786 - Trying to add GPIOservice into a context  which must be forbidden
2026-04-29 16:57:07,548 [INFO] ImportTextPane:234 - (OptionalMessage_ERROR) Unable to find key (Mcu.ThirdPartyNb) in loaded IOC file
2026-04-29 16:57:07,551 [INFO] ImportTextPane:234 - (OptionalMessage_ERROR) Unable to find key (Mcu.PinsNb) in loaded IOC file
2026-04-29 16:57:07,552 [INFO] ImportTextPane:234 - (OptionalMessage_ERROR) Pin0 (VP_RIF_VS_RIF1) cannot be retrieved for this MCU
2026-04-29 16:57:07,552 [INFO] ImportTextPane:234 - (OptionalMessage_ERROR) Unable to find key (Mcu.IPNb) in loaded IOC file
2026-04-29 16:57:07,624 [INFO] RtosManager:558 - Registered RTOS mode: class=CMSIS, group=RTOS, mode=CMSIS_V1, owner=FREERTOS
2026-04-29 16:57:07,625 [INFO] RtosManager:558 - Registered RTOS mode: class=CMSIS, group=RTOS2, mode=CMSIS_V2, owner=FREERTOS
2026-04-29 16:57:07,625 [INFO] RtosManager:558 - Registered RTOS mode: class=RTOS, group=Core, mode=CMSIS_V1, owner=FREERTOS
2026-04-29 16:57:07,625 [INFO] RtosManager:558 - Registered RTOS mode: class=RTOS, group=Core, mode=CMSIS_V2, owner=FREERTOS
2026-04-29 16:57:07,625 [WARN] ModelIntegratedComponent:184 - Missing modes for component STMicroelectronics:FreeRTOS:0.0.1:STMicroelectronics:RTOS:FreeRTOS:Core:::10.2.0:
2026-04-29 16:57:07,643 [WARN] ModelIntegratedComponent:63 - No mode defined for component null
2026-04-29 16:57:07,644 [WARN] ModelIntegratedComponent:63 - No mode defined for component null
2026-04-29 16:57:07,645 [WARN] ModelIntegratedComponent:63 - No mode defined for component null
2026-04-29 16:57:07,645 [WARN] ModelIntegratedComponent:63 - No mode defined for component null
2026-04-29 16:57:07,645 [WARN] ModelIntegratedComponent:63 - No mode defined for component null
2026-04-29 16:57:07,645 [WARN] ModelIntegratedComponent:63 - No mode defined for component null
2026-04-29 16:57:07,645 [WARN] ModelIntegratedComponent:63 - No mode defined for component null
2026-04-29 16:57:07,645 [WARN] ModelIntegratedComponent:63 - No mode defined for component null
2026-04-29 16:57:07,645 [WARN] ModelIntegratedComponent:63 - No mode defined for component null
2026-04-29 16:57:07,645 [WARN] ModelIntegratedComponent:63 - No mode defined for component null
2026-04-29 16:57:07,645 [WARN] ModelIntegratedComponent:63 - No mode defined for component null
2026-04-29 16:57:07,645 [WARN] ModelIntegratedComponent:63 - No mode defined for component null
2026-04-29 16:57:07,645 [WARN] ModelIntegratedComponent:63 - No mode defined for component null
2026-04-29 16:57:07,645 [WARN] ModelIntegratedComponent:63 - No mode defined for component null
2026-04-29 16:57:07,645 [WARN] ModelIntegratedComponent:63 - No mode defined for component null
2026-04-29 16:57:07,645 [WARN] ModelIntegratedComponent:63 - No mode defined for component null
2026-04-29 16:57:07,646 [WARN] ModelIntegratedComponent:63 - No mode defined for component null
2026-04-29 16:57:07,646 [WARN] ModelIntegratedComponent:63 - No mode defined for component null
2026-04-29 16:57:07,646 [WARN] ModelIntegratedComponent:63 - No mode defined for component null
2026-04-29 16:57:07,646 [WARN] ModelIntegratedComponent:63 - No mode defined for component null
2026-04-29 16:57:07,646 [WARN] ModelIntegratedComponent:63 - No mode defined for component null
2026-04-29 16:57:07,646 [WARN] ModelIntegratedComponent:63 - No mode defined for component null
2026-04-29 16:57:07,646 [WARN] ModelIntegratedComponent:63 - No mode defined for component null
2026-04-29 16:57:07,646 [WARN] ModelIntegratedComponent:63 - No mode defined for component null
2026-04-29 16:57:07,646 [WARN] ModelIntegratedComponent:63 - No mode defined for component null
2026-04-29 16:57:07,646 [WARN] ModelIntegratedComponent:63 - No mode defined for component null
2026-04-29 16:57:07,646 [WARN] ModelIntegratedComponent:63 - No mode defined for component null
2026-04-29 16:57:07,646 [WARN] ModelIntegratedComponent:63 - No mode defined for component null
2026-04-29 16:57:07,646 [WARN] ModelIntegratedComponent:63 - No mode defined for component null
2026-04-29 16:57:07,646 [WARN] ModelIntegratedComponent:63 - No mode defined for component null
2026-04-29 16:57:07,646 [WARN] ModelIntegratedComponent:63 - No mode defined for component null
2026-04-29 16:57:07,646 [WARN] ModelIntegratedComponent:63 - No mode defined for component null
2026-04-29 16:57:07,646 [WARN] ModelIntegratedComponent:63 - No mode defined for component null
2026-04-29 16:57:07,646 [WARN] ModelIntegratedComponent:63 - No mode defined for component null
2026-04-29 16:57:07,646 [WARN] ModelIntegratedComponent:63 - No mode defined for component null
2026-04-29 16:57:07,647 [WARN] ModelPack:524 - Component already loaded: STMicroelectronics:HAL Drivers:0.0.0:STMicroelectronics:Device:STMicro_Driver:XSPI:HAL::0.0.1:HAL_XSPI
2026-04-29 16:57:07,677 [INFO] ThirdPartyModel:298 - Start build external matchings
2026-04-29 16:57:07,956 [INFO] ThirdPartyModel:316 - End build external matchings
2026-04-29 16:57:08,194 [INFO] UtilMem:75 - End LoadConfig() Used Memory: 561021304 Bytes (673185792)
2026-04-29 16:57:08,295 [WARN] ThirdParty:833 - waiting for thirdparty lock release [change project]
2026-04-29 16:57:08,304 [INFO] ThirdParty:835 - entering critical section [change project]
2026-04-29 16:57:08,304 [INFO] ThirdParty:1030 - CMSIS Pack Vendor :STMicroelectronics X-CUBE-AZRTOS-H7 3.5.0
2026-04-29 16:57:08,305 [INFO] ThirdParty:1030 - CMSIS Pack Vendor :STMicroelectronics X-CUBE-PM33A1 1.0.0
2026-04-29 16:57:08,305 [INFO] ThirdParty:1030 - CMSIS Pack Vendor :STMicroelectronics USBPD 4.1
2026-04-29 16:57:08,305 [INFO] ThirdParty:1030 - CMSIS Pack Vendor :STMicroelectronics X-CUBE-NFC9 1.0.0
2026-04-29 16:57:08,305 [INFO] ThirdParty:1030 - CMSIS Pack Vendor :STMicroelectronics USB_HOST 2.0.0
2026-04-29 16:57:08,305 [INFO] ThirdParty:1030 - CMSIS Pack Vendor :STMicroelectronics X-CUBE-AZRTOS-F4 1.1.0
2026-04-29 16:57:08,305 [INFO] ThirdParty:1030 - CMSIS Pack Vendor :STMicroelectronics LIBJPEG 8.0.0
2026-04-29 16:57:08,305 [INFO] ThirdParty:1030 - CMSIS Pack Vendor :STMicroelectronics FP-ATR-ASTRA1 2.0.2
2026-04-29 16:57:08,305 [INFO] ThirdParty:1030 - CMSIS Pack Vendor :STMicroelectronics X-CUBE-BLE1 7.1.0
2026-04-29 16:57:08,305 [INFO] ThirdParty:1030 - CMSIS Pack Vendor :STMicroelectronics X-CUBE-SMBUS 2.1.0
2026-04-29 16:57:08,305 [INFO] ThirdParty:1030 - CMSIS Pack Vendor :wolfSSL I-CUBE-wolfMQTT 1.19.2
2026-04-29 16:57:08,305 [INFO] ThirdParty:1030 - CMSIS Pack Vendor :STMicroelectronics USB_DEVICE 3.0.0
2026-04-29 16:57:08,305 [INFO] ThirdParty:1030 - CMSIS Pack Vendor :STMicroelectronics X-CUBE-ISPU 2.1.0
2026-04-29 16:57:08,305 [INFO] ThirdParty:1030 - CMSIS Pack Vendor :STMicroelectronics eDS-WB_DPC_TT-BIDIR 2.1.1
2026-04-29 16:57:08,305 [INFO] ThirdParty:1030 - CMSIS Pack Vendor :STMicroelectronics X-CUBE-AZRTOS-WB 2.0.0
2026-04-29 16:57:08,305 [INFO] ThirdParty:1030 - CMSIS Pack Vendor :wolfSSL I-CUBE-wolfSSL 5.8.4
2026-04-29 16:57:08,305 [INFO] ThirdParty:1030 - CMSIS Pack Vendor :Cesanta I-CUBE-Mongoose 7.20.0
2026-04-29 16:57:08,305 [INFO] ThirdParty:1030 - CMSIS Pack Vendor :STMicroelectronics X-CUBE-AZRTOS-F7 1.1.0
2026-04-29 16:57:08,305 [INFO] ThirdParty:1030 - CMSIS Pack Vendor :STMicroelectronics X-CUBE-AZRTOS-L5 2.0.0
2026-04-29 16:57:08,305 [INFO] ThirdParty:1030 - CMSIS Pack Vendor :STMicroelectronics USB_DEVICE 2.0.0
2026-04-29 16:57:08,306 [INFO] ThirdParty:1030 - CMSIS Pack Vendor :STMicroelectronics FP-SNS-STAIOTCFT 1.1.0
2026-04-29 16:57:08,306 [INFO] ThirdParty:1030 - CMSIS Pack Vendor :quantropi X-CUBE-qispace-sdk-base 2.1.0
2026-04-29 16:57:08,306 [INFO] ThirdParty:1030 - CMSIS Pack Vendor :STMicroelectronics X-CUBE-STSE01 2.0.0
2026-04-29 16:57:08,306 [INFO] ThirdParty:1030 - CMSIS Pack Vendor :STMicroelectronics FreeRTOS 0.0.1
2026-04-29 16:57:08,306 [INFO] ThirdParty:1030 - CMSIS Pack Vendor :STMicroelectronics X-CUBE-AZRTOS-G0 1.1.0
2026-04-29 16:57:08,306 [INFO] ThirdParty:1030 - CMSIS Pack Vendor :STMicroelectronics X-CUBE-NFC4 3.0.0
2026-04-29 16:57:08,306 [INFO] ThirdParty:1030 - CMSIS Pack Vendor :STMicroelectronics X-CUBE-SUBG2 5.0.0
2026-04-29 16:57:08,306 [INFO] ThirdParty:1030 - CMSIS Pack Vendor :STMicroelectronics STM32_WPAN 1.0.0
2026-04-29 16:57:08,306 [INFO] ThirdParty:1030 - CMSIS Pack Vendor :STMicroelectronics eDS-WB_DPC_VIENNA 1.2.0
2026-04-29 16:57:08,306 [INFO] ThirdParty:1030 - CMSIS Pack Vendor :EmbeddedOffice I-CUBE-FS-RTOS 1.0.1
2026-04-29 16:57:08,306 [INFO] ThirdParty:1030 - CMSIS Pack Vendor :STMicroelectronics lwIP 2.0.3
2026-04-29 16:57:08,306 [INFO] ThirdParty:1030 - CMSIS Pack Vendor :WES I-CUBE-Cesium 1.4.0
2026-04-29 16:57:08,306 [INFO] ThirdParty:1030 - CMSIS Pack Vendor :STMicroelectronics eDS-WB_DPC_3PH2L-BIDIR 1.1.1
2026-04-29 16:57:08,306 [INFO] ThirdParty:1030 - CMSIS Pack Vendor :STMicroelectronics USB_HOST 1.0.0
2026-04-29 16:57:08,306 [INFO] ThirdParty:1030 - CMSIS Pack Vendor :STMicroelectronics X-CUBE-AZRTOS-G4 2.0.0
2026-04-29 16:57:08,306 [INFO] ThirdParty:1030 - CMSIS Pack Vendor :STMicroelectronics PDM2PCM 3.1.0
2026-04-29 16:57:08,306 [INFO] ThirdParty:1030 - CMSIS Pack Vendor :STMicroelectronics PDM2PCM 3.3.0
2026-04-29 16:57:08,306 [INFO] ThirdParty:1030 - CMSIS Pack Vendor :wolfSSL I-CUBE-wolfTPM 3.8.0
2026-04-29 16:57:08,306 [INFO] ThirdParty:1030 - CMSIS Pack Vendor :STMicroelectronics X-CUBE-DISPLAY 3.0.0
2026-04-29 16:57:08,306 [INFO] ThirdParty:1030 - CMSIS Pack Vendor :wolfSSL I-CUBE-wolfSSH 1.4.20
2026-04-29 16:57:08,306 [INFO] ThirdParty:1030 - CMSIS Pack Vendor :STMicroelectronics X-CUBE-NFC7 2.0.0
2026-04-29 16:57:08,306 [INFO] ThirdParty:1030 - CMSIS Pack Vendor :STMicroelectronics X-CUBE-TCPP 4.2.0
2026-04-29 16:57:08,306 [INFO] ThirdParty:1030 - CMSIS Pack Vendor :RealThread X-CUBE-RT-Thread_Nano 4.1.1
2026-04-29 16:57:08,306 [INFO] ThirdParty:1030 - CMSIS Pack Vendor :STMicroelectronics FP-ATR-SIGFOX1 3.2.0
2026-04-29 16:57:08,306 [INFO] ThirdParty:1030 - CMSIS Pack Vendor :STMicroelectronics X-CUBE-NFC10 1.0.0
2026-04-29 16:57:08,306 [INFO] ThirdParty:1030 - CMSIS Pack Vendor :STMicroelectronics HAL Drivers 0.0.0
2026-04-29 16:57:08,306 [INFO] ThirdParty:1030 - CMSIS Pack Vendor :STMicroelectronics MBEDTLS 2.16.2
2026-04-29 16:57:08,306 [INFO] ThirdParty:1030 - CMSIS Pack Vendor :STMicroelectronics X-CUBE-ST60 1.1.0
2026-04-29 16:57:08,306 [INFO] ThirdParty:1030 - CMSIS Pack Vendor :STMicroelectronics X-CUBE-ALS 1.0.2
2026-04-29 16:57:08,307 [INFO] ThirdParty:1030 - CMSIS Pack Vendor :emotas I-CUBE-CANOPEN 1.3.0
2026-04-29 16:57:08,307 [INFO] ThirdParty:1030 - CMSIS Pack Vendor :STMicroelectronics MBEDTLS 2.14.1
2026-04-29 16:57:08,307 [INFO] ThirdParty:1030 - CMSIS Pack Vendor :ITTIA_DB I-CUBE-ITTIADB 8.9.0
2026-04-29 16:57:08,307 [INFO] ThirdParty:1030 - CMSIS Pack Vendor :STMicroelectronics X-CUBE-TOUCHGFX 4.26.1
2026-04-29 16:57:08,307 [INFO] ThirdParty:1030 - CMSIS Pack Vendor :STMicroelectronics FP-SNS-STAIOTCFT 1.0.0
2026-04-29 16:57:08,307 [INFO] ThirdParty:1030 - CMSIS Pack Vendor :STMicroelectronics ThreadX 1.0.0
2026-04-29 16:57:08,307 [INFO] ThirdParty:1030 - CMSIS Pack Vendor :STMicroelectronics FP-SNS-SMARTAG2 1.2.0
2026-04-29 16:57:08,307 [INFO] ThirdParty:1030 - CMSIS Pack Vendor :STMicroelectronics FP-SNS-FLIGHT1 5.1.0
2026-04-29 16:57:08,307 [INFO] ThirdParty:1030 - CMSIS Pack Vendor :STMicroelectronics X-CUBE-AZRTOS-WL 2.0.0
2026-04-29 16:57:08,307 [INFO] ThirdParty:1030 - CMSIS Pack Vendor :SEGGER I-CUBE-embOS 1.3.1
2026-04-29 16:57:08,308 [INFO] ThirdParty:1030 - CMSIS Pack Vendor :STMicroelectronics X-CUBE-ALGOBUILD 1.4.0
2026-04-29 16:57:08,308 [INFO] ThirdParty:1030 - CMSIS Pack Vendor :STMicroelectronics X-CUBE-DPower 1.3.0
2026-04-29 16:57:08,308 [INFO] ThirdParty:1030 - CMSIS Pack Vendor :STMicroelectronics USB_DEVICE 1.0.0
2026-04-29 16:57:08,308 [INFO] ThirdParty:1030 - CMSIS Pack Vendor :STMicroelectronics X-CUBE-AZRTOS-H7RS 1.2.0
2026-04-29 16:57:08,308 [INFO] ThirdParty:1030 - CMSIS Pack Vendor :STMicroelectronics X-CUBE-AZRTOS-L4 2.0.0
2026-04-29 16:57:08,308 [INFO] ThirdParty:1030 - CMSIS Pack Vendor :STMicroelectronics ThreadX 0.0.2
2026-04-29 16:57:08,308 [INFO] ThirdParty:1030 - CMSIS Pack Vendor :STMicroelectronics lwIP 2.1.2
2026-04-29 16:57:08,308 [INFO] ThirdParty:1030 - CMSIS Pack Vendor :STMicroelectronics X-CUBE-SFXS2LP1 4.0.0
2026-04-29 16:57:08,308 [INFO] ThirdParty:1030 - CMSIS Pack Vendor :STMicroelectronics X-CUBE-BLE2 3.3.0
2026-04-29 16:57:08,308 [INFO] ThirdParty:1030 - CMSIS Pack Vendor :Avnet-IOTCONNECT X-CUBE-iotc-st67-sdk 1.0.0
2026-04-29 16:57:08,308 [INFO] ThirdParty:1030 - CMSIS Pack Vendor :STMicroelectronics X-CUBE-TOF1 3.4.3
2026-04-29 16:57:08,308 [INFO] ThirdParty:1030 - CMSIS Pack Vendor :Infineon AIROC-Wi-Fi-Bluetooth-STM32 1.8.0
2026-04-29 16:57:08,308 [INFO] ThirdParty:1030 - CMSIS Pack Vendor :STMicroelectronics PDM2PCM 3.2.0
2026-04-29 16:57:08,308 [INFO] ThirdParty:1030 - CMSIS Pack Vendor :STMicroelectronics X-CUBE-WB05N 2.1.0
2026-04-29 16:57:08,308 [INFO] ThirdParty:1030 - CMSIS Pack Vendor :STMicroelectronics X-CUBE-ST67W61 1.2.0
2026-04-29 16:57:08,312 [INFO] ThirdParty:841 - exiting critical section [change project]
2026-04-29 16:57:08,849 [INFO] PinOutPanel:1589 - setPackage(No Configuration,No Configuration)
2026-04-29 16:57:08,856 [INFO] PinOutPanel:1589 - setPackage(STM32L432KCUx,UFQFPN32)
2026-04-29 16:57:09,299 [INFO] UtilMem:75 - Before build in PCC Used Memory: 392170624 Bytes (673185792)
2026-04-29 16:57:09,809 [INFO] UtilMem:75 - After build in PCC Used Memory: 489161856 Bytes (673185792)
2026-04-29 16:57:09,850 [INFO] IPUIPlugin:80 - create IPUIPlugin
2026-04-29 16:57:09,852 [INFO] IPUIPlugin:80 - create IPUIPlugin
2026-04-29 16:57:09,853 [INFO] IPUIPlugin:80 - create IPUIPlugin
2026-04-29 16:57:09,854 [INFO] IPUIPlugin:80 - create IPUIPlugin
2026-04-29 16:57:09,854 [INFO] IPUIPlugin:80 - create IPUIPlugin
2026-04-29 16:57:09,854 [INFO] IPUIPlugin:80 - create IPUIPlugin
2026-04-29 16:57:09,854 [INFO] IPUIPlugin:80 - create IPUIPlugin
2026-04-29 16:57:09,854 [INFO] IPUIPlugin:80 - create IPUIPlugin
2026-04-29 16:57:09,854 [INFO] IPUIPlugin:80 - create IPUIPlugin
2026-04-29 16:57:09,854 [INFO] IPUIPlugin:80 - create IPUIPlugin
2026-04-29 16:57:09,855 [INFO] IPUIPlugin:80 - create IPUIPlugin
2026-04-29 16:57:09,855 [INFO] IPUIPlugin:80 - create IPUIPlugin
2026-04-29 16:57:09,856 [INFO] IPUIPlugin:80 - create IPUIPlugin
2026-04-29 16:57:09,857 [INFO] IPUIPlugin:80 - create IPUIPlugin
2026-04-29 16:57:09,858 [INFO] IPUIPlugin:80 - create IPUIPlugin
2026-04-29 16:57:09,858 [INFO] IPUIPlugin:80 - create IPUIPlugin
2026-04-29 16:57:09,859 [INFO] IPUIPlugin:80 - create IPUIPlugin
2026-04-29 16:57:09,859 [INFO] IPUIPlugin:80 - create IPUIPlugin
2026-04-29 16:57:09,859 [INFO] IPUIPlugin:80 - create IPUIPlugin
2026-04-29 16:57:09,859 [INFO] IPUIPlugin:80 - create IPUIPlugin
2026-04-29 16:57:09,859 [INFO] IPUIPlugin:80 - create IPUIPlugin
2026-04-29 16:57:09,859 [INFO] IPUIPlugin:80 - create IPUIPlugin
2026-04-29 16:57:09,860 [INFO] IPUIPlugin:80 - create IPUIPlugin
2026-04-29 16:57:09,860 [INFO] IPUIPlugin:80 - create IPUIPlugin
2026-04-29 16:57:09,861 [INFO] IPUIPlugin:80 - create IPUIPlugin
2026-04-29 16:57:09,861 [INFO] IPUIPlugin:80 - create IPUIPlugin
2026-04-29 16:57:09,861 [INFO] IPUIPlugin:80 - create IPUIPlugin
2026-04-29 16:57:09,861 [INFO] IPUIPlugin:80 - create IPUIPlugin
2026-04-29 16:57:09,861 [INFO] IPUIPlugin:80 - create IPUIPlugin
2026-04-29 16:57:09,862 [INFO] IPUIPlugin:80 - create IPUIPlugin
2026-04-29 16:57:09,862 [INFO] IPUIPlugin:80 - create IPUIPlugin
2026-04-29 16:57:09,862 [INFO] IPUIPlugin:80 - create IPUIPlugin
2026-04-29 16:57:09,862 [INFO] IPUIPlugin:80 - create IPUIPlugin
2026-04-29 16:57:09,862 [INFO] IPUIPlugin:80 - create IPUIPlugin
2026-04-29 16:57:09,862 [INFO] IPUIPlugin:80 - create IPUIPlugin
2026-04-29 16:57:09,863 [INFO] IPUIPlugin:80 - create IPUIPlugin
2026-04-29 16:57:09,863 [INFO] IPUIPlugin:80 - create IPUIPlugin
2026-04-29 16:57:09,863 [INFO] IPUIPlugin:80 - create IPUIPlugin
2026-04-29 16:57:09,863 [INFO] IPUIPlugin:80 - create IPUIPlugin
2026-04-29 16:57:09,863 [INFO] IPUIPlugin:80 - create IPUIPlugin
2026-04-29 16:57:09,863 [INFO] IPUIPlugin:80 - create IPUIPlugin
2026-04-29 16:57:09,926 [INFO] CADModel:165 - CPN selected for project levelSTM32L432KCU3
2026-04-29 16:57:09,926 [INFO] CADModel:114 - Register for checkConnection events
2026-04-29 16:57:09,968 [INFO] OpenFileManager:386 - Restore cursor
2026-04-29 16:57:10,779 [INFO] UtilMem:75 - End SaveConfig() Used Memory: 557845632 Bytes (673185792)
2026-04-29 16:57:10,831 [INFO] UtilMem:75 - End SaveConfig() Used Memory: 570545064 Bytes (673185792)
2026-04-29 16:57:11,049 [INFO] BlockDiagram:2775 - set Specific Code input for plugin: NVIC
2026-04-29 16:57:11,049 [INFO] BlockDiagram:2775 - set Specific Code input for plugin: RCC
2026-04-29 16:57:11,050 [INFO] CodeGenerator:892 - code generatio: config db path: /Applications/STM32CubeIDE.app/Contents/Eclipse/plugins/com.st.stm32cube.common.mx_6.15.0.202507011659//db/
2026-04-29 16:57:11,126 [INFO] CodeEngine:265 - oldGeneratedFile, /Users/cristianpetramale/Biomed_projects/STMWorkSpace/Lettore di Pressione/MXTmpFiles/license.tmp_save
2026-04-29 16:57:11,494 [INFO] CodeEngine:289 - Generated code: /Users/cristianpetramale/Biomed_projects/STMWorkSpace/Lettore di Pressione/MXTmpFiles/license.tmp
2026-04-29 16:57:11,506 [INFO] CodeEngine:265 - oldGeneratedFile, /Users/cristianpetramale/Biomed_projects/STMWorkSpace/Lettore di Pressione/Core/Src/stm32l4xx_it.c_save
2026-04-29 16:57:11,721 [INFO] CodeEngine:289 - Generated code: /Users/cristianpetramale/Biomed_projects/STMWorkSpace/Lettore di Pressione/Core/Src/stm32l4xx_it.c
2026-04-29 16:57:11,723 [INFO] CodeEngine:265 - oldGeneratedFile, /Users/cristianpetramale/Biomed_projects/STMWorkSpace/Lettore di Pressione/Core/Inc/stm32l4xx_it.h_save
2026-04-29 16:57:11,800 [INFO] CodeEngine:289 - Generated code: /Users/cristianpetramale/Biomed_projects/STMWorkSpace/Lettore di Pressione/Core/Inc/stm32l4xx_it.h
2026-04-29 16:57:11,862 [INFO] CodeEngine:265 - oldGeneratedFile, /Users/cristianpetramale/Biomed_projects/STMWorkSpace/Lettore di Pressione/Core/Src/stm32l4xx_hal_msp.c_save
2026-04-29 16:57:12,001 [INFO] CodeEngine:289 - Generated code: /Users/cristianpetramale/Biomed_projects/STMWorkSpace/Lettore di Pressione/Core/Src/stm32l4xx_hal_msp.c
2026-04-29 16:57:12,003 [INFO] CodeEngine:265 - oldGeneratedFile, /Users/cristianpetramale/Biomed_projects/STMWorkSpace/Lettore di Pressione/MXTmpFiles/system.tmp_save
2026-04-29 16:57:12,076 [INFO] CodeEngine:289 - Generated code: /Users/cristianpetramale/Biomed_projects/STMWorkSpace/Lettore di Pressione/MXTmpFiles/system.tmp
2026-04-29 16:57:12,079 [INFO] CodeEngine:321 - oldGeneratedFile, /Users/cristianpetramale/Biomed_projects/STMWorkSpace/Lettore di Pressione/Core/Inc/stm32l4xx_hal_conf.h_save
2026-04-29 16:57:12,156 [INFO] CodeEngine:345 - Generated code: /Users/cristianpetramale/Biomed_projects/STMWorkSpace/Lettore di Pressione/Core/Inc/stm32l4xx_hal_conf.h
2026-04-29 16:57:12,202 [INFO] ApiDbMcu:532 - Load IP Config File for RCC
2026-04-29 16:57:12,205 [INFO] CodeEngine:265 - oldGeneratedFile, /Users/cristianpetramale/Biomed_projects/STMWorkSpace/Lettore di Pressione/Core/Inc/main.h_save
2026-04-29 16:57:12,321 [INFO] CodeEngine:289 - Generated code: /Users/cristianpetramale/Biomed_projects/STMWorkSpace/Lettore di Pressione/Core/Inc/main.h
2026-04-29 16:57:12,324 [INFO] CodeEngine:265 - oldGeneratedFile, /Users/cristianpetramale/Biomed_projects/STMWorkSpace/Lettore di Pressione/Core/Src/main.c_save
2026-04-29 16:57:12,691 [INFO] CodeEngine:289 - Generated code: /Users/cristianpetramale/Biomed_projects/STMWorkSpace/Lettore di Pressione/Core/Src/main.c
2026-04-29 16:57:13,098 [INFO] ProjectBuilder:3606 - Time for Copy HAL[1] : 62mS.
2026-04-29 16:57:13,106 [INFO] ProjectBuilder:5216 - Project Generator version: 4.7.0-B52
2026-04-29 16:57:13,296 [INFO] ConfigFileManager:1595 - The Die is : DIE435
2026-04-29 16:57:13,321 [INFO] ApiDbMcu:532 - Load IP Config File for FATFS
2026-04-29 16:57:13,330 [INFO] ApiDbMcu:532 - Load IP Config File for FREERTOS
2026-04-29 16:57:13,340 [INFO] ApiDbMcu:532 - Load IP Config File for TOUCHSENSING
2026-04-29 16:57:13,351 [INFO] ApiDbMcu:532 - Load IP Config File for USB_DEVICE
2026-04-29 16:57:16,733 [INFO] ProjectBuilder:5496 - Time for Generating toolchain IDE Files: 3625mS.
2026-04-29 16:57:16,734 [INFO] ProjectBuilder:3463 - Time for Copy CMSIS : 0mS.
2026-04-29 16:57:16,735 [INFO] ProjectBuilder:3463 - Time for Copy CMSIS : 0mS.
2026-04-29 16:57:18,133 [INFO] McuFinderGlobals:76 - Set McuFinderConnectedMode to true
2026-04-29 16:57:18,145 [INFO] ApiDb:448 - Save user favorites file /Users/cristianpetramale/.stm32cubeide/favorites.mcus.txt: 0 item(s)
2026-04-29 16:57:18,145 [INFO] ApiDb:452 - User favorites MCUs=[]
2026-04-29 16:59:54,188 [INFO] MainUpdater:2872 - connection check result : 10
2026-04-29 16:59:54,194 [INFO] MainUpdater:2872 - connection check result : 10
2026-04-29 16:59:55,122 [INFO] MicroXplorer:468 - Change Database Path : 
2026-04-29 16:59:55,130 [INFO] MicroXplorer:498 - Change Database Version : DB.6.0.150
2026-04-29 16:59:55,310 [ERROR] ProjectManagerView:395 - 
java.lang.NullPointerException: Cannot invoke "javax.swing.JTextField.getText()" because the return value of "java.util.List.get(int)" is null
	at com.st.microxplorer.plugins.projectmanager.gui.ProjectChoiceTab$9.caretUpdate(ProjectChoiceTab.java:2706) ~[filemanager.jar:?]
	at javax.swing.text.JTextComponent.fireCaretUpdate(JTextComponent.java:408) ~[?:?]
	at javax.swing.text.JTextComponent$MutableCaretEvent.fire(JTextComponent.java:4484) ~[?:?]
	at javax.swing.text.JTextComponent$MutableCaretEvent.stateChanged(JTextComponent.java:4506) ~[?:?]
	at javax.swing.text.DefaultCaret.fireStateChanged(DefaultCaret.java:857) ~[?:?]
	at javax.swing.text.DefaultCaret.changeCaretPosition(DefaultCaret.java:1343) ~[?:?]
	at javax.swing.text.DefaultCaret.handleSetDot(DefaultCaret.java:1242) ~[?:?]
	at javax.swing.text.DefaultCaret.setDot(DefaultCaret.java:1223) ~[?:?]
	at javax.swing.text.DefaultCaret$Handler.insertUpdate(DefaultCaret.java:1819) ~[?:?]
	at javax.swing.text.AbstractDocument.fireInsertUpdate(AbstractDocument.java:227) ~[?:?]
	at javax.swing.text.AbstractDocument.handleInsertString(AbstractDocument.java:781) ~[?:?]
	at javax.swing.text.AbstractDocument.insertString(AbstractDocument.java:740) ~[?:?]
	at javax.swing.text.PlainDocument.insertString(PlainDocument.java:131) ~[?:?]
	at javax.swing.text.AbstractDocument.replace(AbstractDocument.java:699) ~[?:?]
	at javax.swing.text.JTextComponent.setText(JTextComponent.java:1725) ~[?:?]
	at com.st.microxplorer.plugins.projectmanager.gui.ProjectChoiceTab.createHeapStackFields(ProjectChoiceTab.java:993) ~[filemanager.jar:?]
	at com.st.microxplorer.plugins.projectmanager.gui.ProjectChoiceTab.buildLinkSettingsPanel(ProjectChoiceTab.java:3813) ~[filemanager.jar:?]
	at com.st.microxplorer.plugins.projectmanager.gui.ProjectChoiceTab.defineWindowsFields(ProjectChoiceTab.java:1987) ~[filemanager.jar:?]
	at com.st.microxplorer.plugins.projectmanager.gui.ProjectChoiceTab.updateSettings(ProjectChoiceTab.java:558) ~[filemanager.jar:?]
	at com.st.microxplorer.plugins.projectmanager.gui.ProjectSettingsPanel.UpdateDialog(ProjectSettingsPanel.java:247) ~[filemanager.jar:?]
	at com.st.microxplorer.plugins.projectmanager.ProjectManagerView.propertyChange(ProjectManagerView.java:392) ~[filemanager.jar:?]
	at java.beans.PropertyChangeSupport.fire(PropertyChangeSupport.java:343) ~[?:?]
	at java.beans.PropertyChangeSupport.firePropertyChange(PropertyChangeSupport.java:335) ~[?:?]
	at java.beans.PropertyChangeSupport.firePropertyChange(PropertyChangeSupport.java:268) ~[?:?]
	at com.st.microxplorer.util.MXPropertyChangeSupport.firePropertyChange(MXPropertyChangeSupport.java:54) ~[STM32CubeMX.jar:?]
	at com.st.microxplorer.mxsystem.MxSystem.closeConfig(MxSystem.java:899) ~[STM32CubeMX.jar:?]
	at com.st.microxplorer.maingui.MainPanel.closeConfig(MainPanel.java:792) ~[STM32CubeMX.jar:?]
	at com.st.microxplorer.plugins.filemanager.engine.OpenFileManager.loadConfigurationFile(OpenFileManager.java:288) ~[filemanager.jar:?]
	at com.st.microxplorer.plugins.filemanager.engine.MainFileManager.userLoadConfig(MainFileManager.java:364) ~[filemanager.jar:?]
	at com.st.microxplorer.plugins.filemanager.engine.MainFileManager.userLoadConfig(MainFileManager.java:342) ~[filemanager.jar:?]
	at com.st.microxplorer.plugins.filemanager.FileManagerView.getSpecificTask(FileManagerView.java:264) ~[filemanager.jar:?]
	at com.st.stm32cube.common.mx.editor.CubeMxEditor.getMxTabbedPaneInstance(CubeMxEditor.java:1198) ~[com.st.stm32cube.common.mx_6.15.0.202507011659/:?]
	at com.st.stm32cube.common.mx.editor.CubeMxEditor$12$1.createSwingComponent(CubeMxEditor.java:1068) ~[com.st.stm32cube.common.mx_6.15.0.202507011659/:?]
	at com.st.stm32cube.common.mx.oss.core.awtswtbridge.EmbeddedSwingComposite.doComponentCreation(EmbeddedSwingComposite.java:492) ~[com.st.stm32cube.common.mx.oss_6.15.0.202507011659/:?]
	at com.st.stm32cube.common.mx.oss.core.awtswtbridge.EmbeddedSwingComposite$4.run(EmbeddedSwingComposite.java:291) ~[com.st.stm32cube.common.mx.oss_6.15.0.202507011659/:?]
	at com.st.stm32cube.common.mx.oss.core.awtswtbridge.AwtEnvironment$2.run(AwtEnvironment.java:166) ~[com.st.stm32cube.common.mx.oss_6.15.0.202507011659/:?]
	at java.awt.event.InvocationEvent.dispatch(InvocationEvent.java:318) ~[?:?]
	at java.awt.EventQueue.dispatchEventImpl(EventQueue.java:773) ~[?:?]
	at java.awt.EventQueue$4.run(EventQueue.java:720) ~[?:?]
	at java.awt.EventQueue$4.run(EventQueue.java:714) ~[?:?]
	at java.security.AccessController.doPrivileged(AccessController.java:400) ~[?:?]
	at java.security.ProtectionDomain$JavaSecurityAccessImpl.doIntersectionPrivilege(ProtectionDomain.java:87) ~[?:?]
	at java.awt.EventQueue.dispatchEvent(EventQueue.java:742) ~[?:?]
	at java.awt.EventDispatchThread.pumpOneEventForFilters(EventDispatchThread.java:203) ~[?:?]
	at java.awt.EventDispatchThread.pumpEventsForFilter(EventDispatchThread.java:124) ~[?:?]
	at java.awt.EventDispatchThread.pumpEventsForHierarchy(EventDispatchThread.java:113) ~[?:?]
	at java.awt.EventDispatchThread.pumpEvents(EventDispatchThread.java:109) ~[?:?]
	at java.awt.EventDispatchThread.pumpEvents(EventDispatchThread.java:101) ~[?:?]
	at java.awt.EventDispatchThread.run(EventDispatchThread.java:90) ~[?:?]
2026-04-29 16:59:55,316 [WARN] ThirdParty:871 - waiting for thirdparty lock release [close project]
2026-04-29 16:59:55,316 [INFO] ThirdParty:873 - entering critical section [close project]
2026-04-29 16:59:55,317 [INFO] ThirdParty:883 - exiting critical section [close project]
2026-04-29 16:59:55,324 [INFO] PinOutPanel:1589 - setPackage(No Configuration,No Configuration)
2026-04-29 16:59:55,338 [INFO] UtilMem:75 - Begin LoadConfig() Used Memory: 306542712 Bytes (673185792)
2026-04-29 16:59:55,345 [INFO] MicroXplorer:468 - Change Database Path : 
2026-04-29 16:59:55,345 [INFO] MicroXplorer:498 - Change Database Version : DB.6.0.150
2026-04-29 16:59:55,345 [INFO] OpenFileManager:355 - Change cursor
2026-04-29 16:59:55,417 [INFO] RulesReader:64 - Compatibility file has been processed (317 Rules)
2026-04-29 16:59:55,447 [INFO] Mcu:2029 - Initializing MCU STM32L432K(B-C)Ux STM32L432KCUx STM32L432KCU3
2026-04-29 16:59:56,229 [INFO] Context:786 - Trying to add GPIOservice into a context  which must be forbidden
2026-04-29 16:59:56,566 [INFO] ImportTextPane:234 - (OptionalMessage_ERROR) Pin8 (VP_RIF_VS_RIF1) cannot be retrieved for this MCU
2026-04-29 16:59:56,631 [INFO] RtosManager:558 - Registered RTOS mode: class=CMSIS, group=RTOS, mode=CMSIS_V1, owner=FREERTOS
2026-04-29 16:59:56,631 [INFO] RtosManager:558 - Registered RTOS mode: class=CMSIS, group=RTOS2, mode=CMSIS_V2, owner=FREERTOS
2026-04-29 16:59:56,631 [INFO] RtosManager:558 - Registered RTOS mode: class=RTOS, group=Core, mode=CMSIS_V1, owner=FREERTOS
2026-04-29 16:59:56,631 [INFO] RtosManager:558 - Registered RTOS mode: class=RTOS, group=Core, mode=CMSIS_V2, owner=FREERTOS
2026-04-29 16:59:56,631 [WARN] ModelIntegratedComponent:184 - Missing modes for component STMicroelectronics:FreeRTOS:0.0.1:STMicroelectronics:RTOS:FreeRTOS:Core:::10.2.0:
2026-04-29 16:59:56,652 [WARN] ModelIntegratedComponent:63 - No mode defined for component null
2026-04-29 16:59:56,652 [WARN] ModelIntegratedComponent:63 - No mode defined for component null
2026-04-29 16:59:56,652 [WARN] ModelIntegratedComponent:63 - No mode defined for component null
2026-04-29 16:59:56,652 [WARN] ModelIntegratedComponent:63 - No mode defined for component null
2026-04-29 16:59:56,652 [WARN] ModelIntegratedComponent:63 - No mode defined for component null
2026-04-29 16:59:56,652 [WARN] ModelIntegratedComponent:63 - No mode defined for component null
2026-04-29 16:59:56,652 [WARN] ModelIntegratedComponent:63 - No mode defined for component null
2026-04-29 16:59:56,652 [WARN] ModelIntegratedComponent:63 - No mode defined for component null
2026-04-29 16:59:56,652 [WARN] ModelIntegratedComponent:63 - No mode defined for component null
2026-04-29 16:59:56,652 [WARN] ModelIntegratedComponent:63 - No mode defined for component null
2026-04-29 16:59:56,652 [WARN] ModelIntegratedComponent:63 - No mode defined for component null
2026-04-29 16:59:56,652 [WARN] ModelIntegratedComponent:63 - No mode defined for component null
2026-04-29 16:59:56,652 [WARN] ModelIntegratedComponent:63 - No mode defined for component null
2026-04-29 16:59:56,652 [WARN] ModelIntegratedComponent:63 - No mode defined for component null
2026-04-29 16:59:56,652 [WARN] ModelIntegratedComponent:63 - No mode defined for component null
2026-04-29 16:59:56,652 [WARN] ModelIntegratedComponent:63 - No mode defined for component null
2026-04-29 16:59:56,652 [WARN] ModelIntegratedComponent:63 - No mode defined for component null
2026-04-29 16:59:56,652 [WARN] ModelIntegratedComponent:63 - No mode defined for component null
2026-04-29 16:59:56,652 [WARN] ModelIntegratedComponent:63 - No mode defined for component null
2026-04-29 16:59:56,652 [WARN] ModelIntegratedComponent:63 - No mode defined for component null
2026-04-29 16:59:56,652 [WARN] ModelIntegratedComponent:63 - No mode defined for component null
2026-04-29 16:59:56,652 [WARN] ModelIntegratedComponent:63 - No mode defined for component null
2026-04-29 16:59:56,652 [WARN] ModelIntegratedComponent:63 - No mode defined for component null
2026-04-29 16:59:56,652 [WARN] ModelIntegratedComponent:63 - No mode defined for component null
2026-04-29 16:59:56,652 [WARN] ModelIntegratedComponent:63 - No mode defined for component null
2026-04-29 16:59:56,653 [WARN] ModelIntegratedComponent:63 - No mode defined for component null
2026-04-29 16:59:56,653 [WARN] ModelIntegratedComponent:63 - No mode defined for component null
2026-04-29 16:59:56,653 [WARN] ModelIntegratedComponent:63 - No mode defined for component null
2026-04-29 16:59:56,653 [WARN] ModelIntegratedComponent:63 - No mode defined for component null
2026-04-29 16:59:56,653 [WARN] ModelIntegratedComponent:63 - No mode defined for component null
2026-04-29 16:59:56,653 [WARN] ModelIntegratedComponent:63 - No mode defined for component null
2026-04-29 16:59:56,653 [WARN] ModelIntegratedComponent:63 - No mode defined for component null
2026-04-29 16:59:56,653 [WARN] ModelIntegratedComponent:63 - No mode defined for component null
2026-04-29 16:59:56,653 [WARN] ModelIntegratedComponent:63 - No mode defined for component null
2026-04-29 16:59:56,653 [WARN] ModelIntegratedComponent:63 - No mode defined for component null
2026-04-29 16:59:56,654 [WARN] ModelPack:524 - Component already loaded: STMicroelectronics:HAL Drivers:0.0.0:STMicroelectronics:Device:STMicro_Driver:XSPI:HAL::0.0.1:HAL_XSPI
2026-04-29 16:59:56,673 [INFO] ThirdPartyModel:298 - Start build external matchings
2026-04-29 16:59:56,753 [INFO] ThirdPartyModel:316 - End build external matchings
2026-04-29 16:59:57,115 [INFO] UtilMem:75 - End LoadConfig() Used Memory: 441515648 Bytes (673185792)
2026-04-29 16:59:57,191 [WARN] ThirdParty:833 - waiting for thirdparty lock release [change project]
2026-04-29 16:59:57,201 [INFO] ThirdParty:835 - entering critical section [change project]
2026-04-29 16:59:57,202 [INFO] ThirdParty:1030 - CMSIS Pack Vendor :STMicroelectronics X-CUBE-AZRTOS-H7 3.5.0
2026-04-29 16:59:57,202 [INFO] ThirdParty:1030 - CMSIS Pack Vendor :STMicroelectronics X-CUBE-PM33A1 1.0.0
2026-04-29 16:59:57,202 [INFO] ThirdParty:1030 - CMSIS Pack Vendor :STMicroelectronics USBPD 4.1
2026-04-29 16:59:57,202 [INFO] ThirdParty:1030 - CMSIS Pack Vendor :STMicroelectronics X-CUBE-NFC9 1.0.0
2026-04-29 16:59:57,202 [INFO] ThirdParty:1030 - CMSIS Pack Vendor :STMicroelectronics USB_HOST 2.0.0
2026-04-29 16:59:57,202 [INFO] ThirdParty:1030 - CMSIS Pack Vendor :STMicroelectronics X-CUBE-AZRTOS-F4 1.1.0
2026-04-29 16:59:57,202 [INFO] ThirdParty:1030 - CMSIS Pack Vendor :STMicroelectronics LIBJPEG 8.0.0
2026-04-29 16:59:57,202 [INFO] ThirdParty:1030 - CMSIS Pack Vendor :STMicroelectronics FP-ATR-ASTRA1 2.0.2
2026-04-29 16:59:57,202 [INFO] ThirdParty:1030 - CMSIS Pack Vendor :STMicroelectronics X-CUBE-BLE1 7.1.0
2026-04-29 16:59:57,202 [INFO] ThirdParty:1030 - CMSIS Pack Vendor :STMicroelectronics X-CUBE-SMBUS 2.1.0
2026-04-29 16:59:57,202 [INFO] ThirdParty:1030 - CMSIS Pack Vendor :wolfSSL I-CUBE-wolfMQTT 1.19.2
2026-04-29 16:59:57,202 [INFO] ThirdParty:1030 - CMSIS Pack Vendor :STMicroelectronics USB_DEVICE 3.0.0
2026-04-29 16:59:57,202 [INFO] ThirdParty:1030 - CMSIS Pack Vendor :STMicroelectronics X-CUBE-ISPU 2.1.0
2026-04-29 16:59:57,202 [INFO] ThirdParty:1030 - CMSIS Pack Vendor :STMicroelectronics eDS-WB_DPC_TT-BIDIR 2.1.1
2026-04-29 16:59:57,202 [INFO] ThirdParty:1030 - CMSIS Pack Vendor :STMicroelectronics X-CUBE-AZRTOS-WB 2.0.0
2026-04-29 16:59:57,202 [INFO] ThirdParty:1030 - CMSIS Pack Vendor :wolfSSL I-CUBE-wolfSSL 5.8.4
2026-04-29 16:59:57,202 [INFO] ThirdParty:1030 - CMSIS Pack Vendor :Cesanta I-CUBE-Mongoose 7.20.0
2026-04-29 16:59:57,202 [INFO] ThirdParty:1030 - CMSIS Pack Vendor :STMicroelectronics X-CUBE-AZRTOS-F7 1.1.0
2026-04-29 16:59:57,202 [INFO] ThirdParty:1030 - CMSIS Pack Vendor :STMicroelectronics X-CUBE-AZRTOS-L5 2.0.0
2026-04-29 16:59:57,202 [INFO] ThirdParty:1030 - CMSIS Pack Vendor :STMicroelectronics USB_DEVICE 2.0.0
2026-04-29 16:59:57,202 [INFO] ThirdParty:1030 - CMSIS Pack Vendor :STMicroelectronics FP-SNS-STAIOTCFT 1.1.0
2026-04-29 16:59:57,202 [INFO] ThirdParty:1030 - CMSIS Pack Vendor :quantropi X-CUBE-qispace-sdk-base 2.1.0
2026-04-29 16:59:57,202 [INFO] ThirdParty:1030 - CMSIS Pack Vendor :STMicroelectronics X-CUBE-STSE01 2.0.0
2026-04-29 16:59:57,202 [INFO] ThirdParty:1030 - CMSIS Pack Vendor :STMicroelectronics FreeRTOS 0.0.1
2026-04-29 16:59:57,202 [INFO] ThirdParty:1030 - CMSIS Pack Vendor :STMicroelectronics X-CUBE-AZRTOS-G0 1.1.0
2026-04-29 16:59:57,202 [INFO] ThirdParty:1030 - CMSIS Pack Vendor :STMicroelectronics X-CUBE-NFC4 3.0.0
2026-04-29 16:59:57,202 [INFO] ThirdParty:1030 - CMSIS Pack Vendor :STMicroelectronics X-CUBE-SUBG2 5.0.0
2026-04-29 16:59:57,202 [INFO] ThirdParty:1030 - CMSIS Pack Vendor :STMicroelectronics STM32_WPAN 1.0.0
2026-04-29 16:59:57,202 [INFO] ThirdParty:1030 - CMSIS Pack Vendor :STMicroelectronics eDS-WB_DPC_VIENNA 1.2.0
2026-04-29 16:59:57,202 [INFO] ThirdParty:1030 - CMSIS Pack Vendor :EmbeddedOffice I-CUBE-FS-RTOS 1.0.1
2026-04-29 16:59:57,202 [INFO] ThirdParty:1030 - CMSIS Pack Vendor :STMicroelectronics lwIP 2.0.3
2026-04-29 16:59:57,202 [INFO] ThirdParty:1030 - CMSIS Pack Vendor :WES I-CUBE-Cesium 1.4.0
2026-04-29 16:59:57,202 [INFO] ThirdParty:1030 - CMSIS Pack Vendor :STMicroelectronics eDS-WB_DPC_3PH2L-BIDIR 1.1.1
2026-04-29 16:59:57,202 [INFO] ThirdParty:1030 - CMSIS Pack Vendor :STMicroelectronics USB_HOST 1.0.0
2026-04-29 16:59:57,202 [INFO] ThirdParty:1030 - CMSIS Pack Vendor :STMicroelectronics X-CUBE-AZRTOS-G4 2.0.0
2026-04-29 16:59:57,202 [INFO] ThirdParty:1030 - CMSIS Pack Vendor :STMicroelectronics PDM2PCM 3.1.0
2026-04-29 16:59:57,202 [INFO] ThirdParty:1030 - CMSIS Pack Vendor :STMicroelectronics PDM2PCM 3.3.0
2026-04-29 16:59:57,202 [INFO] ThirdParty:1030 - CMSIS Pack Vendor :wolfSSL I-CUBE-wolfTPM 3.8.0
2026-04-29 16:59:57,202 [INFO] ThirdParty:1030 - CMSIS Pack Vendor :STMicroelectronics X-CUBE-DISPLAY 3.0.0
2026-04-29 16:59:57,202 [INFO] ThirdParty:1030 - CMSIS Pack Vendor :wolfSSL I-CUBE-wolfSSH 1.4.20
2026-04-29 16:59:57,202 [INFO] ThirdParty:1030 - CMSIS Pack Vendor :STMicroelectronics X-CUBE-NFC7 2.0.0
2026-04-29 16:59:57,202 [INFO] ThirdParty:1030 - CMSIS Pack Vendor :STMicroelectronics X-CUBE-TCPP 4.2.0
2026-04-29 16:59:57,202 [INFO] ThirdParty:1030 - CMSIS Pack Vendor :RealThread X-CUBE-RT-Thread_Nano 4.1.1
2026-04-29 16:59:57,202 [INFO] ThirdParty:1030 - CMSIS Pack Vendor :STMicroelectronics FP-ATR-SIGFOX1 3.2.0
2026-04-29 16:59:57,202 [INFO] ThirdParty:1030 - CMSIS Pack Vendor :STMicroelectronics X-CUBE-NFC10 1.0.0
2026-04-29 16:59:57,202 [INFO] ThirdParty:1030 - CMSIS Pack Vendor :STMicroelectronics HAL Drivers 0.0.0
2026-04-29 16:59:57,202 [INFO] ThirdParty:1030 - CMSIS Pack Vendor :STMicroelectronics MBEDTLS 2.16.2
2026-04-29 16:59:57,202 [INFO] ThirdParty:1030 - CMSIS Pack Vendor :STMicroelectronics X-CUBE-ST60 1.1.0
2026-04-29 16:59:57,202 [INFO] ThirdParty:1030 - CMSIS Pack Vendor :STMicroelectronics X-CUBE-ALS 1.0.2
2026-04-29 16:59:57,202 [INFO] ThirdParty:1030 - CMSIS Pack Vendor :emotas I-CUBE-CANOPEN 1.3.0
2026-04-29 16:59:57,202 [INFO] ThirdParty:1030 - CMSIS Pack Vendor :STMicroelectronics MBEDTLS 2.14.1
2026-04-29 16:59:57,202 [INFO] ThirdParty:1030 - CMSIS Pack Vendor :ITTIA_DB I-CUBE-ITTIADB 8.9.0
2026-04-29 16:59:57,202 [INFO] ThirdParty:1030 - CMSIS Pack Vendor :STMicroelectronics X-CUBE-TOUCHGFX 4.26.1
2026-04-29 16:59:57,202 [INFO] ThirdParty:1030 - CMSIS Pack Vendor :STMicroelectronics FP-SNS-STAIOTCFT 1.0.0
2026-04-29 16:59:57,202 [INFO] ThirdParty:1030 - CMSIS Pack Vendor :STMicroelectronics ThreadX 1.0.0
2026-04-29 16:59:57,202 [INFO] ThirdParty:1030 - CMSIS Pack Vendor :STMicroelectronics FP-SNS-SMARTAG2 1.2.0
2026-04-29 16:59:57,202 [INFO] ThirdParty:1030 - CMSIS Pack Vendor :STMicroelectronics FP-SNS-FLIGHT1 5.1.0
2026-04-29 16:59:57,202 [INFO] ThirdParty:1030 - CMSIS Pack Vendor :STMicroelectronics X-CUBE-AZRTOS-WL 2.0.0
2026-04-29 16:59:57,202 [INFO] ThirdParty:1030 - CMSIS Pack Vendor :SEGGER I-CUBE-embOS 1.3.1
2026-04-29 16:59:57,202 [INFO] ThirdParty:1030 - CMSIS Pack Vendor :STMicroelectronics X-CUBE-ALGOBUILD 1.4.0
2026-04-29 16:59:57,202 [INFO] ThirdParty:1030 - CMSIS Pack Vendor :STMicroelectronics X-CUBE-DPower 1.3.0
2026-04-29 16:59:57,202 [INFO] ThirdParty:1030 - CMSIS Pack Vendor :STMicroelectronics USB_DEVICE 1.0.0
2026-04-29 16:59:57,202 [INFO] ThirdParty:1030 - CMSIS Pack Vendor :STMicroelectronics X-CUBE-AZRTOS-H7RS 1.2.0
2026-04-29 16:59:57,202 [INFO] ThirdParty:1030 - CMSIS Pack Vendor :STMicroelectronics X-CUBE-AZRTOS-L4 2.0.0
2026-04-29 16:59:57,202 [INFO] ThirdParty:1030 - CMSIS Pack Vendor :STMicroelectronics ThreadX 0.0.2
2026-04-29 16:59:57,202 [INFO] ThirdParty:1030 - CMSIS Pack Vendor :STMicroelectronics lwIP 2.1.2
2026-04-29 16:59:57,202 [INFO] ThirdParty:1030 - CMSIS Pack Vendor :STMicroelectronics X-CUBE-SFXS2LP1 4.0.0
2026-04-29 16:59:57,202 [INFO] ThirdParty:1030 - CMSIS Pack Vendor :STMicroelectronics X-CUBE-BLE2 3.3.0
2026-04-29 16:59:57,202 [INFO] ThirdParty:1030 - CMSIS Pack Vendor :Avnet-IOTCONNECT X-CUBE-iotc-st67-sdk 1.0.0
2026-04-29 16:59:57,202 [INFO] ThirdParty:1030 - CMSIS Pack Vendor :STMicroelectronics X-CUBE-TOF1 3.4.3
2026-04-29 16:59:57,202 [INFO] ThirdParty:1030 - CMSIS Pack Vendor :Infineon AIROC-Wi-Fi-Bluetooth-STM32 1.8.0
2026-04-29 16:59:57,202 [INFO] ThirdParty:1030 - CMSIS Pack Vendor :STMicroelectronics PDM2PCM 3.2.0
2026-04-29 16:59:57,202 [INFO] ThirdParty:1030 - CMSIS Pack Vendor :STMicroelectronics X-CUBE-WB05N 2.1.0
2026-04-29 16:59:57,202 [INFO] ThirdParty:1030 - CMSIS Pack Vendor :STMicroelectronics X-CUBE-ST67W61 1.2.0
2026-04-29 16:59:57,205 [INFO] ThirdParty:841 - exiting critical section [change project]
2026-04-29 16:59:57,687 [INFO] PinOutPanel:1589 - setPackage(No Configuration,No Configuration)
2026-04-29 16:59:57,693 [INFO] PinOutPanel:1589 - setPackage(STM32L432KCUx,UFQFPN32)
2026-04-29 16:59:58,073 [INFO] UtilMem:75 - Before build in PCC Used Memory: 544797728 Bytes (673185792)
2026-04-29 16:59:58,560 [INFO] UtilMem:75 - After build in PCC Used Memory: 336131104 Bytes (673185792)
2026-04-29 16:59:58,589 [INFO] IPUIPlugin:80 - create IPUIPlugin
2026-04-29 16:59:58,589 [INFO] IPUIPlugin:80 - create IPUIPlugin
2026-04-29 16:59:58,589 [INFO] IPUIPlugin:80 - create IPUIPlugin
2026-04-29 16:59:58,589 [INFO] IPUIPlugin:80 - create IPUIPlugin
2026-04-29 16:59:58,589 [INFO] IPUIPlugin:80 - create IPUIPlugin
2026-04-29 16:59:58,589 [INFO] IPUIPlugin:80 - create IPUIPlugin
2026-04-29 16:59:58,590 [INFO] IPUIPlugin:80 - create IPUIPlugin
2026-04-29 16:59:58,590 [INFO] IPUIPlugin:80 - create IPUIPlugin
2026-04-29 16:59:58,590 [INFO] IPUIPlugin:80 - create IPUIPlugin
2026-04-29 16:59:58,590 [INFO] IPUIPlugin:80 - create IPUIPlugin
2026-04-29 16:59:58,592 [INFO] IPUIPlugin:80 - create IPUIPlugin
2026-04-29 16:59:58,592 [INFO] IPUIPlugin:80 - create IPUIPlugin
2026-04-29 16:59:58,592 [INFO] IPUIPlugin:80 - create IPUIPlugin
2026-04-29 16:59:58,592 [INFO] IPUIPlugin:80 - create IPUIPlugin
2026-04-29 16:59:58,592 [INFO] IPUIPlugin:80 - create IPUIPlugin
2026-04-29 16:59:58,592 [INFO] IPUIPlugin:80 - create IPUIPlugin
2026-04-29 16:59:58,593 [INFO] IPUIPlugin:80 - create IPUIPlugin
2026-04-29 16:59:58,593 [INFO] IPUIPlugin:80 - create IPUIPlugin
2026-04-29 16:59:58,593 [INFO] IPUIPlugin:80 - create IPUIPlugin
2026-04-29 16:59:58,593 [INFO] IPUIPlugin:80 - create IPUIPlugin
2026-04-29 16:59:58,593 [INFO] IPUIPlugin:80 - create IPUIPlugin
2026-04-29 16:59:58,593 [INFO] IPUIPlugin:80 - create IPUIPlugin
2026-04-29 16:59:58,593 [INFO] IPUIPlugin:80 - create IPUIPlugin
2026-04-29 16:59:58,593 [INFO] IPUIPlugin:80 - create IPUIPlugin
2026-04-29 16:59:58,593 [INFO] IPUIPlugin:80 - create IPUIPlugin
2026-04-29 16:59:58,593 [INFO] IPUIPlugin:80 - create IPUIPlugin
2026-04-29 16:59:58,593 [INFO] IPUIPlugin:80 - create IPUIPlugin
2026-04-29 16:59:58,594 [INFO] IPUIPlugin:80 - create IPUIPlugin
2026-04-29 16:59:58,594 [INFO] IPUIPlugin:80 - create IPUIPlugin
2026-04-29 16:59:58,594 [INFO] IPUIPlugin:80 - create IPUIPlugin
2026-04-29 16:59:58,594 [INFO] IPUIPlugin:80 - create IPUIPlugin
2026-04-29 16:59:58,594 [INFO] IPUIPlugin:80 - create IPUIPlugin
2026-04-29 16:59:58,594 [INFO] IPUIPlugin:80 - create IPUIPlugin
2026-04-29 16:59:58,594 [INFO] IPUIPlugin:80 - create IPUIPlugin
2026-04-29 16:59:58,594 [INFO] IPUIPlugin:80 - create IPUIPlugin
2026-04-29 16:59:58,595 [INFO] IPUIPlugin:80 - create IPUIPlugin
2026-04-29 16:59:58,595 [INFO] IPUIPlugin:80 - create IPUIPlugin
2026-04-29 16:59:58,595 [INFO] IPUIPlugin:80 - create IPUIPlugin
2026-04-29 16:59:58,596 [INFO] IPUIPlugin:80 - create IPUIPlugin
2026-04-29 16:59:58,596 [INFO] IPUIPlugin:80 - create IPUIPlugin
2026-04-29 16:59:58,596 [INFO] IPUIPlugin:80 - create IPUIPlugin
2026-04-29 16:59:58,677 [INFO] CADModel:165 - CPN selected for project levelSTM32L432KCU3
2026-04-29 16:59:58,678 [INFO] CADModel:114 - Register for checkConnection events
2026-04-29 16:59:58,719 [INFO] OpenFileManager:386 - Restore cursor
2026-04-29 16:59:58,743 [INFO] ApiDb:581 - Connected to CubeFinder SQLite database (/Users/cristianpetramale/.stmcufinder/plugins/mcufinder/mcu/cube-finder-db.db)
2026-04-29 17:00:38,675 [INFO] MainUpdater:2872 - connection check result : 10
2026-04-29 17:00:38,682 [INFO] MainUpdater:2872 - connection check result : 10
2026-04-29 17:00:39,004 [INFO] I2cTimingTraitement:330 - 0x00100D14
2026-04-29 17:00:39,019 [INFO] MicroXplorer:468 - Change Database Path : 
2026-04-29 17:00:39,019 [INFO] MicroXplorer:498 - Change Database Version : DB.6.0.150
2026-04-29 17:00:39,266 [ERROR] ProjectManagerView:395 - 
java.lang.NullPointerException: Cannot invoke "javax.swing.JTextField.getText()" because the return value of "java.util.List.get(int)" is null
	at com.st.microxplorer.plugins.projectmanager.gui.ProjectChoiceTab$9.caretUpdate(ProjectChoiceTab.java:2706) ~[filemanager.jar:?]
	at javax.swing.text.JTextComponent.fireCaretUpdate(JTextComponent.java:408) ~[?:?]
	at javax.swing.text.JTextComponent$MutableCaretEvent.fire(JTextComponent.java:4484) ~[?:?]
	at javax.swing.text.JTextComponent$MutableCaretEvent.stateChanged(JTextComponent.java:4506) ~[?:?]
	at javax.swing.text.DefaultCaret.fireStateChanged(DefaultCaret.java:857) ~[?:?]
	at javax.swing.text.DefaultCaret.changeCaretPosition(DefaultCaret.java:1343) ~[?:?]
	at javax.swing.text.DefaultCaret.handleSetDot(DefaultCaret.java:1242) ~[?:?]
	at javax.swing.text.DefaultCaret.setDot(DefaultCaret.java:1223) ~[?:?]
	at javax.swing.text.DefaultCaret$Handler.insertUpdate(DefaultCaret.java:1819) ~[?:?]
	at javax.swing.text.AbstractDocument.fireInsertUpdate(AbstractDocument.java:227) ~[?:?]
	at javax.swing.text.AbstractDocument.handleInsertString(AbstractDocument.java:781) ~[?:?]
	at javax.swing.text.AbstractDocument.insertString(AbstractDocument.java:740) ~[?:?]
	at javax.swing.text.PlainDocument.insertString(PlainDocument.java:131) ~[?:?]
	at javax.swing.text.AbstractDocument.replace(AbstractDocument.java:699) ~[?:?]
	at javax.swing.text.JTextComponent.setText(JTextComponent.java:1725) ~[?:?]
	at com.st.microxplorer.plugins.projectmanager.gui.ProjectChoiceTab.createHeapStackFields(ProjectChoiceTab.java:993) ~[filemanager.jar:?]
	at com.st.microxplorer.plugins.projectmanager.gui.ProjectChoiceTab.buildLinkSettingsPanel(ProjectChoiceTab.java:3813) ~[filemanager.jar:?]
	at com.st.microxplorer.plugins.projectmanager.gui.ProjectChoiceTab.defineWindowsFields(ProjectChoiceTab.java:1987) ~[filemanager.jar:?]
	at com.st.microxplorer.plugins.projectmanager.gui.ProjectChoiceTab.updateSettings(ProjectChoiceTab.java:558) ~[filemanager.jar:?]
	at com.st.microxplorer.plugins.projectmanager.gui.ProjectSettingsPanel.UpdateDialog(ProjectSettingsPanel.java:247) ~[filemanager.jar:?]
	at com.st.microxplorer.plugins.projectmanager.ProjectManagerView.propertyChange(ProjectManagerView.java:392) ~[filemanager.jar:?]
	at java.beans.PropertyChangeSupport.fire(PropertyChangeSupport.java:343) ~[?:?]
	at java.beans.PropertyChangeSupport.firePropertyChange(PropertyChangeSupport.java:335) ~[?:?]
	at java.beans.PropertyChangeSupport.firePropertyChange(PropertyChangeSupport.java:268) ~[?:?]
	at com.st.microxplorer.util.MXPropertyChangeSupport.firePropertyChange(MXPropertyChangeSupport.java:54) ~[STM32CubeMX.jar:?]
	at com.st.microxplorer.mxsystem.MxSystem.closeConfig(MxSystem.java:899) ~[STM32CubeMX.jar:?]
	at com.st.microxplorer.maingui.MainPanel.closeConfig(MainPanel.java:792) ~[STM32CubeMX.jar:?]
	at com.st.microxplorer.plugins.filemanager.engine.OpenFileManager.loadConfigurationFile(OpenFileManager.java:288) ~[filemanager.jar:?]
	at com.st.microxplorer.plugins.filemanager.engine.MainFileManager.userLoadConfig(MainFileManager.java:364) ~[filemanager.jar:?]
	at com.st.microxplorer.plugins.filemanager.engine.MainFileManager.userLoadConfig(MainFileManager.java:342) ~[filemanager.jar:?]
	at com.st.microxplorer.plugins.filemanager.FileManagerView.getSpecificTask(FileManagerView.java:264) ~[filemanager.jar:?]
	at com.st.stm32cube.common.mx.editor.CubeMxEditor.getMxTabbedPaneInstance(CubeMxEditor.java:1198) ~[com.st.stm32cube.common.mx_6.15.0.202507011659/:?]
	at com.st.stm32cube.common.mx.editor.CubeMxEditor$12$1.createSwingComponent(CubeMxEditor.java:1068) ~[com.st.stm32cube.common.mx_6.15.0.202507011659/:?]
	at com.st.stm32cube.common.mx.oss.core.awtswtbridge.EmbeddedSwingComposite.doComponentCreation(EmbeddedSwingComposite.java:492) ~[com.st.stm32cube.common.mx.oss_6.15.0.202507011659/:?]
	at com.st.stm32cube.common.mx.oss.core.awtswtbridge.EmbeddedSwingComposite$4.run(EmbeddedSwingComposite.java:291) ~[com.st.stm32cube.common.mx.oss_6.15.0.202507011659/:?]
	at com.st.stm32cube.common.mx.oss.core.awtswtbridge.AwtEnvironment$2.run(AwtEnvironment.java:166) ~[com.st.stm32cube.common.mx.oss_6.15.0.202507011659/:?]
	at java.awt.event.InvocationEvent.dispatch(InvocationEvent.java:318) ~[?:?]
	at java.awt.EventQueue.dispatchEventImpl(EventQueue.java:773) ~[?:?]
	at java.awt.EventQueue$4.run(EventQueue.java:720) ~[?:?]
	at java.awt.EventQueue$4.run(EventQueue.java:714) ~[?:?]
	at java.security.AccessController.doPrivileged(AccessController.java:400) ~[?:?]
	at java.security.ProtectionDomain$JavaSecurityAccessImpl.doIntersectionPrivilege(ProtectionDomain.java:87) ~[?:?]
	at java.awt.EventQueue.dispatchEvent(EventQueue.java:742) ~[?:?]
	at java.awt.EventDispatchThread.pumpOneEventForFilters(EventDispatchThread.java:203) ~[?:?]
	at java.awt.EventDispatchThread.pumpEventsForFilter(EventDispatchThread.java:124) ~[?:?]
	at java.awt.EventDispatchThread.pumpEventsForHierarchy(EventDispatchThread.java:113) ~[?:?]
	at java.awt.EventDispatchThread.pumpEvents(EventDispatchThread.java:109) ~[?:?]
	at java.awt.EventDispatchThread.pumpEvents(EventDispatchThread.java:101) ~[?:?]
	at java.awt.EventDispatchThread.run(EventDispatchThread.java:90) ~[?:?]
2026-04-29 17:00:39,279 [WARN] ThirdParty:871 - waiting for thirdparty lock release [close project]
2026-04-29 17:00:39,279 [INFO] ThirdParty:873 - entering critical section [close project]
2026-04-29 17:00:39,280 [INFO] ThirdParty:883 - exiting critical section [close project]
2026-04-29 17:00:39,289 [INFO] PinOutPanel:1589 - setPackage(No Configuration,No Configuration)
2026-04-29 17:00:39,314 [INFO] UtilMem:75 - Begin LoadConfig() Used Memory: 384712840 Bytes (673185792)
2026-04-29 17:00:39,318 [INFO] MicroXplorer:468 - Change Database Path : 
2026-04-29 17:00:39,318 [INFO] MicroXplorer:498 - Change Database Version : DB.6.0.150
2026-04-29 17:00:39,318 [INFO] OpenFileManager:355 - Change cursor
2026-04-29 17:00:39,377 [INFO] Mcu:2029 - Initializing MCU STM32L432K(B-C)Ux STM32L432KCUx STM32L432KCU3
2026-04-29 17:00:40,184 [INFO] Context:786 - Trying to add GPIOservice into a context  which must be forbidden
2026-04-29 17:00:40,492 [INFO] ImportTextPane:234 - (OptionalMessage_ERROR) Pin0 (VP_RIF_VS_RIF1) cannot be retrieved for this MCU
2026-04-29 17:00:40,556 [INFO] RtosManager:558 - Registered RTOS mode: class=CMSIS, group=RTOS, mode=CMSIS_V1, owner=FREERTOS
2026-04-29 17:00:40,557 [INFO] RtosManager:558 - Registered RTOS mode: class=CMSIS, group=RTOS2, mode=CMSIS_V2, owner=FREERTOS
2026-04-29 17:00:40,557 [INFO] RtosManager:558 - Registered RTOS mode: class=RTOS, group=Core, mode=CMSIS_V1, owner=FREERTOS
2026-04-29 17:00:40,557 [INFO] RtosManager:558 - Registered RTOS mode: class=RTOS, group=Core, mode=CMSIS_V2, owner=FREERTOS
2026-04-29 17:00:40,557 [WARN] ModelIntegratedComponent:184 - Missing modes for component STMicroelectronics:FreeRTOS:0.0.1:STMicroelectronics:RTOS:FreeRTOS:Core:::10.2.0:
2026-04-29 17:00:40,560 [WARN] ModelIntegratedComponent:63 - No mode defined for component null
2026-04-29 17:00:40,560 [WARN] ModelIntegratedComponent:63 - No mode defined for component null
2026-04-29 17:00:40,560 [WARN] ModelIntegratedComponent:63 - No mode defined for component null
2026-04-29 17:00:40,560 [WARN] ModelIntegratedComponent:63 - No mode defined for component null
2026-04-29 17:00:40,560 [WARN] ModelIntegratedComponent:63 - No mode defined for component null
2026-04-29 17:00:40,560 [WARN] ModelIntegratedComponent:63 - No mode defined for component null
2026-04-29 17:00:40,560 [WARN] ModelIntegratedComponent:63 - No mode defined for component null
2026-04-29 17:00:40,560 [WARN] ModelIntegratedComponent:63 - No mode defined for component null
2026-04-29 17:00:40,560 [WARN] ModelIntegratedComponent:63 - No mode defined for component null
2026-04-29 17:00:40,560 [WARN] ModelIntegratedComponent:63 - No mode defined for component null
2026-04-29 17:00:40,560 [WARN] ModelIntegratedComponent:63 - No mode defined for component null
2026-04-29 17:00:40,560 [WARN] ModelIntegratedComponent:63 - No mode defined for component null
2026-04-29 17:00:40,560 [WARN] ModelIntegratedComponent:63 - No mode defined for component null
2026-04-29 17:00:40,560 [WARN] ModelIntegratedComponent:63 - No mode defined for component null
2026-04-29 17:00:40,560 [WARN] ModelIntegratedComponent:63 - No mode defined for component null
2026-04-29 17:00:40,560 [WARN] ModelIntegratedComponent:63 - No mode defined for component null
2026-04-29 17:00:40,560 [WARN] ModelIntegratedComponent:63 - No mode defined for component null
2026-04-29 17:00:40,560 [WARN] ModelIntegratedComponent:63 - No mode defined for component null
2026-04-29 17:00:40,560 [WARN] ModelIntegratedComponent:63 - No mode defined for component null
2026-04-29 17:00:40,560 [WARN] ModelIntegratedComponent:63 - No mode defined for component null
2026-04-29 17:00:40,560 [WARN] ModelIntegratedComponent:63 - No mode defined for component null
2026-04-29 17:00:40,560 [WARN] ModelIntegratedComponent:63 - No mode defined for component null
2026-04-29 17:00:40,560 [WARN] ModelIntegratedComponent:63 - No mode defined for component null
2026-04-29 17:00:40,560 [WARN] ModelIntegratedComponent:63 - No mode defined for component null
2026-04-29 17:00:40,560 [WARN] ModelIntegratedComponent:63 - No mode defined for component null
2026-04-29 17:00:40,560 [WARN] ModelIntegratedComponent:63 - No mode defined for component null
2026-04-29 17:00:40,560 [WARN] ModelIntegratedComponent:63 - No mode defined for component null
2026-04-29 17:00:40,560 [WARN] ModelIntegratedComponent:63 - No mode defined for component null
2026-04-29 17:00:40,560 [WARN] ModelIntegratedComponent:63 - No mode defined for component null
2026-04-29 17:00:40,560 [WARN] ModelIntegratedComponent:63 - No mode defined for component null
2026-04-29 17:00:40,560 [WARN] ModelIntegratedComponent:63 - No mode defined for component null
2026-04-29 17:00:40,560 [WARN] ModelIntegratedComponent:63 - No mode defined for component null
2026-04-29 17:00:40,560 [WARN] ModelIntegratedComponent:63 - No mode defined for component null
2026-04-29 17:00:40,560 [WARN] ModelIntegratedComponent:63 - No mode defined for component null
2026-04-29 17:00:40,560 [WARN] ModelIntegratedComponent:63 - No mode defined for component null
2026-04-29 17:00:40,561 [WARN] ModelPack:524 - Component already loaded: STMicroelectronics:HAL Drivers:0.0.0:STMicroelectronics:Device:STMicro_Driver:XSPI:HAL::0.0.1:HAL_XSPI
2026-04-29 17:00:40,574 [INFO] ThirdPartyModel:298 - Start build external matchings
2026-04-29 17:00:40,629 [INFO] ThirdPartyModel:316 - End build external matchings
2026-04-29 17:00:40,867 [INFO] UtilMem:75 - End LoadConfig() Used Memory: 349608472 Bytes (673185792)
2026-04-29 17:00:40,943 [WARN] ThirdParty:833 - waiting for thirdparty lock release [change project]
2026-04-29 17:00:40,945 [INFO] ThirdParty:835 - entering critical section [change project]
2026-04-29 17:00:40,945 [INFO] ThirdParty:1030 - CMSIS Pack Vendor :STMicroelectronics X-CUBE-AZRTOS-H7 3.5.0
2026-04-29 17:00:40,946 [INFO] ThirdParty:1030 - CMSIS Pack Vendor :STMicroelectronics X-CUBE-PM33A1 1.0.0
2026-04-29 17:00:40,946 [INFO] ThirdParty:1030 - CMSIS Pack Vendor :STMicroelectronics USBPD 4.1
2026-04-29 17:00:40,946 [INFO] ThirdParty:1030 - CMSIS Pack Vendor :STMicroelectronics X-CUBE-NFC9 1.0.0
2026-04-29 17:00:40,946 [INFO] ThirdParty:1030 - CMSIS Pack Vendor :STMicroelectronics USB_HOST 2.0.0
2026-04-29 17:00:40,946 [INFO] ThirdParty:1030 - CMSIS Pack Vendor :STMicroelectronics X-CUBE-AZRTOS-F4 1.1.0
2026-04-29 17:00:40,946 [INFO] ThirdParty:1030 - CMSIS Pack Vendor :STMicroelectronics LIBJPEG 8.0.0
2026-04-29 17:00:40,946 [INFO] ThirdParty:1030 - CMSIS Pack Vendor :STMicroelectronics FP-ATR-ASTRA1 2.0.2
2026-04-29 17:00:40,946 [INFO] ThirdParty:1030 - CMSIS Pack Vendor :STMicroelectronics X-CUBE-BLE1 7.1.0
2026-04-29 17:00:40,946 [INFO] ThirdParty:1030 - CMSIS Pack Vendor :STMicroelectronics X-CUBE-SMBUS 2.1.0
2026-04-29 17:00:40,946 [INFO] ThirdParty:1030 - CMSIS Pack Vendor :wolfSSL I-CUBE-wolfMQTT 1.19.2
2026-04-29 17:00:40,946 [INFO] ThirdParty:1030 - CMSIS Pack Vendor :STMicroelectronics USB_DEVICE 3.0.0
2026-04-29 17:00:40,946 [INFO] ThirdParty:1030 - CMSIS Pack Vendor :STMicroelectronics X-CUBE-ISPU 2.1.0
2026-04-29 17:00:40,946 [INFO] ThirdParty:1030 - CMSIS Pack Vendor :STMicroelectronics eDS-WB_DPC_TT-BIDIR 2.1.1
2026-04-29 17:00:40,946 [INFO] ThirdParty:1030 - CMSIS Pack Vendor :STMicroelectronics X-CUBE-AZRTOS-WB 2.0.0
2026-04-29 17:00:40,946 [INFO] ThirdParty:1030 - CMSIS Pack Vendor :wolfSSL I-CUBE-wolfSSL 5.8.4
2026-04-29 17:00:40,946 [INFO] ThirdParty:1030 - CMSIS Pack Vendor :Cesanta I-CUBE-Mongoose 7.20.0
2026-04-29 17:00:40,946 [INFO] ThirdParty:1030 - CMSIS Pack Vendor :STMicroelectronics X-CUBE-AZRTOS-F7 1.1.0
2026-04-29 17:00:40,946 [INFO] ThirdParty:1030 - CMSIS Pack Vendor :STMicroelectronics X-CUBE-AZRTOS-L5 2.0.0
2026-04-29 17:00:40,946 [INFO] ThirdParty:1030 - CMSIS Pack Vendor :STMicroelectronics USB_DEVICE 2.0.0
2026-04-29 17:00:40,946 [INFO] ThirdParty:1030 - CMSIS Pack Vendor :STMicroelectronics FP-SNS-STAIOTCFT 1.1.0
2026-04-29 17:00:40,946 [INFO] ThirdParty:1030 - CMSIS Pack Vendor :quantropi X-CUBE-qispace-sdk-base 2.1.0
2026-04-29 17:00:40,946 [INFO] ThirdParty:1030 - CMSIS Pack Vendor :STMicroelectronics X-CUBE-STSE01 2.0.0
2026-04-29 17:00:40,946 [INFO] ThirdParty:1030 - CMSIS Pack Vendor :STMicroelectronics FreeRTOS 0.0.1
2026-04-29 17:00:40,946 [INFO] ThirdParty:1030 - CMSIS Pack Vendor :STMicroelectronics X-CUBE-AZRTOS-G0 1.1.0
2026-04-29 17:00:40,946 [INFO] ThirdParty:1030 - CMSIS Pack Vendor :STMicroelectronics X-CUBE-NFC4 3.0.0
2026-04-29 17:00:40,946 [INFO] ThirdParty:1030 - CMSIS Pack Vendor :STMicroelectronics X-CUBE-SUBG2 5.0.0
2026-04-29 17:00:40,946 [INFO] ThirdParty:1030 - CMSIS Pack Vendor :STMicroelectronics STM32_WPAN 1.0.0
2026-04-29 17:00:40,946 [INFO] ThirdParty:1030 - CMSIS Pack Vendor :STMicroelectronics eDS-WB_DPC_VIENNA 1.2.0
2026-04-29 17:00:40,946 [INFO] ThirdParty:1030 - CMSIS Pack Vendor :EmbeddedOffice I-CUBE-FS-RTOS 1.0.1
2026-04-29 17:00:40,946 [INFO] ThirdParty:1030 - CMSIS Pack Vendor :STMicroelectronics lwIP 2.0.3
2026-04-29 17:00:40,946 [INFO] ThirdParty:1030 - CMSIS Pack Vendor :WES I-CUBE-Cesium 1.4.0
2026-04-29 17:00:40,946 [INFO] ThirdParty:1030 - CMSIS Pack Vendor :STMicroelectronics eDS-WB_DPC_3PH2L-BIDIR 1.1.1
2026-04-29 17:00:40,946 [INFO] ThirdParty:1030 - CMSIS Pack Vendor :STMicroelectronics USB_HOST 1.0.0
2026-04-29 17:00:40,946 [INFO] ThirdParty:1030 - CMSIS Pack Vendor :STMicroelectronics X-CUBE-AZRTOS-G4 2.0.0
2026-04-29 17:00:40,946 [INFO] ThirdParty:1030 - CMSIS Pack Vendor :STMicroelectronics PDM2PCM 3.1.0
2026-04-29 17:00:40,946 [INFO] ThirdParty:1030 - CMSIS Pack Vendor :STMicroelectronics PDM2PCM 3.3.0
2026-04-29 17:00:40,946 [INFO] ThirdParty:1030 - CMSIS Pack Vendor :wolfSSL I-CUBE-wolfTPM 3.8.0
2026-04-29 17:00:40,946 [INFO] ThirdParty:1030 - CMSIS Pack Vendor :STMicroelectronics X-CUBE-DISPLAY 3.0.0
2026-04-29 17:00:40,946 [INFO] ThirdParty:1030 - CMSIS Pack Vendor :wolfSSL I-CUBE-wolfSSH 1.4.20
2026-04-29 17:00:40,946 [INFO] ThirdParty:1030 - CMSIS Pack Vendor :STMicroelectronics X-CUBE-NFC7 2.0.0
2026-04-29 17:00:40,946 [INFO] ThirdParty:1030 - CMSIS Pack Vendor :STMicroelectronics X-CUBE-TCPP 4.2.0
2026-04-29 17:00:40,946 [INFO] ThirdParty:1030 - CMSIS Pack Vendor :RealThread X-CUBE-RT-Thread_Nano 4.1.1
2026-04-29 17:00:40,946 [INFO] ThirdParty:1030 - CMSIS Pack Vendor :STMicroelectronics FP-ATR-SIGFOX1 3.2.0
2026-04-29 17:00:40,946 [INFO] ThirdParty:1030 - CMSIS Pack Vendor :STMicroelectronics X-CUBE-NFC10 1.0.0
2026-04-29 17:00:40,946 [INFO] ThirdParty:1030 - CMSIS Pack Vendor :STMicroelectronics HAL Drivers 0.0.0
2026-04-29 17:00:40,946 [INFO] ThirdParty:1030 - CMSIS Pack Vendor :STMicroelectronics MBEDTLS 2.16.2
2026-04-29 17:00:40,946 [INFO] ThirdParty:1030 - CMSIS Pack Vendor :STMicroelectronics X-CUBE-ST60 1.1.0
2026-04-29 17:00:40,946 [INFO] ThirdParty:1030 - CMSIS Pack Vendor :STMicroelectronics X-CUBE-ALS 1.0.2
2026-04-29 17:00:40,946 [INFO] ThirdParty:1030 - CMSIS Pack Vendor :emotas I-CUBE-CANOPEN 1.3.0
2026-04-29 17:00:40,946 [INFO] ThirdParty:1030 - CMSIS Pack Vendor :STMicroelectronics MBEDTLS 2.14.1
2026-04-29 17:00:40,946 [INFO] ThirdParty:1030 - CMSIS Pack Vendor :ITTIA_DB I-CUBE-ITTIADB 8.9.0
2026-04-29 17:00:40,946 [INFO] ThirdParty:1030 - CMSIS Pack Vendor :STMicroelectronics X-CUBE-TOUCHGFX 4.26.1
2026-04-29 17:00:40,946 [INFO] ThirdParty:1030 - CMSIS Pack Vendor :STMicroelectronics FP-SNS-STAIOTCFT 1.0.0
2026-04-29 17:00:40,946 [INFO] ThirdParty:1030 - CMSIS Pack Vendor :STMicroelectronics ThreadX 1.0.0
2026-04-29 17:00:40,946 [INFO] ThirdParty:1030 - CMSIS Pack Vendor :STMicroelectronics FP-SNS-SMARTAG2 1.2.0
2026-04-29 17:00:40,946 [INFO] ThirdParty:1030 - CMSIS Pack Vendor :STMicroelectronics FP-SNS-FLIGHT1 5.1.0
2026-04-29 17:00:40,946 [INFO] ThirdParty:1030 - CMSIS Pack Vendor :STMicroelectronics X-CUBE-AZRTOS-WL 2.0.0
2026-04-29 17:00:40,946 [INFO] ThirdParty:1030 - CMSIS Pack Vendor :SEGGER I-CUBE-embOS 1.3.1
2026-04-29 17:00:40,946 [INFO] ThirdParty:1030 - CMSIS Pack Vendor :STMicroelectronics X-CUBE-ALGOBUILD 1.4.0
2026-04-29 17:00:40,946 [INFO] ThirdParty:1030 - CMSIS Pack Vendor :STMicroelectronics X-CUBE-DPower 1.3.0
2026-04-29 17:00:40,946 [INFO] ThirdParty:1030 - CMSIS Pack Vendor :STMicroelectronics USB_DEVICE 1.0.0
2026-04-29 17:00:40,946 [INFO] ThirdParty:1030 - CMSIS Pack Vendor :STMicroelectronics X-CUBE-AZRTOS-H7RS 1.2.0
2026-04-29 17:00:40,946 [INFO] ThirdParty:1030 - CMSIS Pack Vendor :STMicroelectronics X-CUBE-AZRTOS-L4 2.0.0
2026-04-29 17:00:40,946 [INFO] ThirdParty:1030 - CMSIS Pack Vendor :STMicroelectronics ThreadX 0.0.2
2026-04-29 17:00:40,946 [INFO] ThirdParty:1030 - CMSIS Pack Vendor :STMicroelectronics lwIP 2.1.2
2026-04-29 17:00:40,946 [INFO] ThirdParty:1030 - CMSIS Pack Vendor :STMicroelectronics X-CUBE-SFXS2LP1 4.0.0
2026-04-29 17:00:40,946 [INFO] ThirdParty:1030 - CMSIS Pack Vendor :STMicroelectronics X-CUBE-BLE2 3.3.0
2026-04-29 17:00:40,946 [INFO] ThirdParty:1030 - CMSIS Pack Vendor :Avnet-IOTCONNECT X-CUBE-iotc-st67-sdk 1.0.0
2026-04-29 17:00:40,946 [INFO] ThirdParty:1030 - CMSIS Pack Vendor :STMicroelectronics X-CUBE-TOF1 3.4.3
2026-04-29 17:00:40,946 [INFO] ThirdParty:1030 - CMSIS Pack Vendor :Infineon AIROC-Wi-Fi-Bluetooth-STM32 1.8.0
2026-04-29 17:00:40,946 [INFO] ThirdParty:1030 - CMSIS Pack Vendor :STMicroelectronics PDM2PCM 3.2.0
2026-04-29 17:00:40,946 [INFO] ThirdParty:1030 - CMSIS Pack Vendor :STMicroelectronics X-CUBE-WB05N 2.1.0
2026-04-29 17:00:40,946 [INFO] ThirdParty:1030 - CMSIS Pack Vendor :STMicroelectronics X-CUBE-ST67W61 1.2.0
2026-04-29 17:00:40,952 [INFO] ThirdParty:841 - exiting critical section [change project]
2026-04-29 17:00:41,449 [INFO] PinOutPanel:1589 - setPackage(No Configuration,No Configuration)
2026-04-29 17:00:41,454 [INFO] PinOutPanel:1589 - setPackage(STM32L432KCUx,UFQFPN32)
2026-04-29 17:00:41,745 [INFO] UtilMem:75 - Before build in PCC Used Memory: 468092856 Bytes (673185792)
2026-04-29 17:00:42,028 [INFO] UtilMem:75 - After build in PCC Used Memory: 560367544 Bytes (673185792)
2026-04-29 17:00:42,054 [INFO] IPUIPlugin:80 - create IPUIPlugin
2026-04-29 17:00:42,055 [INFO] IPUIPlugin:80 - create IPUIPlugin
2026-04-29 17:00:42,055 [INFO] IPUIPlugin:80 - create IPUIPlugin
2026-04-29 17:00:42,055 [INFO] IPUIPlugin:80 - create IPUIPlugin
2026-04-29 17:00:42,055 [INFO] IPUIPlugin:80 - create IPUIPlugin
2026-04-29 17:00:42,055 [INFO] IPUIPlugin:80 - create IPUIPlugin
2026-04-29 17:00:42,055 [INFO] IPUIPlugin:80 - create IPUIPlugin
2026-04-29 17:00:42,056 [INFO] IPUIPlugin:80 - create IPUIPlugin
2026-04-29 17:00:42,056 [INFO] IPUIPlugin:80 - create IPUIPlugin
2026-04-29 17:00:42,056 [INFO] IPUIPlugin:80 - create IPUIPlugin
2026-04-29 17:00:42,056 [INFO] IPUIPlugin:80 - create IPUIPlugin
2026-04-29 17:00:42,056 [INFO] IPUIPlugin:80 - create IPUIPlugin
2026-04-29 17:00:42,056 [INFO] IPUIPlugin:80 - create IPUIPlugin
2026-04-29 17:00:42,056 [INFO] IPUIPlugin:80 - create IPUIPlugin
2026-04-29 17:00:42,056 [INFO] IPUIPlugin:80 - create IPUIPlugin
2026-04-29 17:00:42,057 [INFO] IPUIPlugin:80 - create IPUIPlugin
2026-04-29 17:00:42,057 [INFO] IPUIPlugin:80 - create IPUIPlugin
2026-04-29 17:00:42,057 [INFO] IPUIPlugin:80 - create IPUIPlugin
2026-04-29 17:00:42,057 [INFO] IPUIPlugin:80 - create IPUIPlugin
2026-04-29 17:00:42,057 [INFO] IPUIPlugin:80 - create IPUIPlugin
2026-04-29 17:00:42,057 [INFO] IPUIPlugin:80 - create IPUIPlugin
2026-04-29 17:00:42,057 [INFO] IPUIPlugin:80 - create IPUIPlugin
2026-04-29 17:00:42,057 [INFO] IPUIPlugin:80 - create IPUIPlugin
2026-04-29 17:00:42,057 [INFO] IPUIPlugin:80 - create IPUIPlugin
2026-04-29 17:00:42,057 [INFO] IPUIPlugin:80 - create IPUIPlugin
2026-04-29 17:00:42,057 [INFO] IPUIPlugin:80 - create IPUIPlugin
2026-04-29 17:00:42,057 [INFO] IPUIPlugin:80 - create IPUIPlugin
2026-04-29 17:00:42,057 [INFO] IPUIPlugin:80 - create IPUIPlugin
2026-04-29 17:00:42,058 [INFO] IPUIPlugin:80 - create IPUIPlugin
2026-04-29 17:00:42,058 [INFO] IPUIPlugin:80 - create IPUIPlugin
2026-04-29 17:00:42,058 [INFO] IPUIPlugin:80 - create IPUIPlugin
2026-04-29 17:00:42,058 [INFO] IPUIPlugin:80 - create IPUIPlugin
2026-04-29 17:00:42,058 [INFO] IPUIPlugin:80 - create IPUIPlugin
2026-04-29 17:00:42,058 [INFO] IPUIPlugin:80 - create IPUIPlugin
2026-04-29 17:00:42,058 [INFO] IPUIPlugin:80 - create IPUIPlugin
2026-04-29 17:00:42,058 [INFO] IPUIPlugin:80 - create IPUIPlugin
2026-04-29 17:00:42,058 [INFO] IPUIPlugin:80 - create IPUIPlugin
2026-04-29 17:00:42,058 [INFO] IPUIPlugin:80 - create IPUIPlugin
2026-04-29 17:00:42,058 [INFO] IPUIPlugin:80 - create IPUIPlugin
2026-04-29 17:00:42,058 [INFO] IPUIPlugin:80 - create IPUIPlugin
2026-04-29 17:00:42,058 [INFO] IPUIPlugin:80 - create IPUIPlugin
2026-04-29 17:00:42,099 [INFO] CADModel:165 - CPN selected for project levelSTM32L432KCU3
2026-04-29 17:00:42,099 [INFO] CADModel:114 - Register for checkConnection events
2026-04-29 17:00:42,140 [INFO] OpenFileManager:386 - Restore cursor
2026-04-29 17:07:32,959 [INFO] NvicIntPanel:101 - NVIC parent = com.st.microxplorer.plugins.ip.nvic.MultiNvicIntPanel[,0,0,0x0,invalid,layout=javax.swing.BoxLayout,alignmentX=0.0,alignmentY=0.0,border=,flags=9,maximumSize=,minimumSize=,preferredSize=]
2026-04-29 17:07:33,075 [INFO] NvicIntPanel:101 - NVIC parent = com.st.microxplorer.plugins.ip.nvic.MultiNvicIntPanel[,0,0,0x0,invalid,layout=javax.swing.BoxLayout,alignmentX=0.0,alignmentY=0.0,border=,flags=9,maximumSize=,minimumSize=,preferredSize=]
2026-04-29 17:07:33,208 [INFO] NvicIntPanel:101 - NVIC parent = com.st.microxplorer.plugins.ip.nvic.MultiNvicIntPanel[,0,0,0x0,invalid,layout=javax.swing.BoxLayout,alignmentX=0.0,alignmentY=0.0,border=,flags=9,maximumSize=,minimumSize=,preferredSize=]
2026-04-29 17:07:33,286 [INFO] NvicIntPanel:101 - NVIC parent = com.st.microxplorer.plugins.ip.nvic.MultiNvicIntPanel[,0,0,0x0,invalid,layout=javax.swing.BoxLayout,alignmentX=0.0,alignmentY=0.0,border=,flags=9,maximumSize=,minimumSize=,preferredSize=]
2026-04-29 17:07:41,466 [INFO] NvicIntPanel:101 - NVIC parent = com.st.microxplorer.plugins.ip.nvic.MultiNvicIntPanel[,0,0,0x0,invalid,layout=javax.swing.BoxLayout,alignmentX=0.0,alignmentY=0.0,border=,flags=9,maximumSize=,minimumSize=,preferredSize=]
2026-04-29 17:07:49,001 [INFO] NvicIntPanel:101 - NVIC parent = com.st.microxplorer.plugins.ip.nvic.MultiNvicIntPanel[,0,0,0x0,invalid,layout=javax.swing.BoxLayout,alignmentX=0.0,alignmentY=0.0,border=,flags=9,maximumSize=,minimumSize=,preferredSize=]
2026-04-29 17:08:31,385 [INFO] NvicIntPanel:101 - NVIC parent = com.st.microxplorer.plugins.ip.nvic.MultiNvicIntPanel[,0,0,0x0,invalid,layout=javax.swing.BoxLayout,alignmentX=0.0,alignmentY=0.0,border=,flags=9,maximumSize=,minimumSize=,preferredSize=]
2026-04-29 17:09:37,424 [INFO] NvicIntPanel:101 - NVIC parent = com.st.microxplorer.plugins.ip.nvic.MultiNvicIntPanel[,0,0,0x0,invalid,layout=javax.swing.BoxLayout,alignmentX=0.0,alignmentY=0.0,border=,flags=9,maximumSize=,minimumSize=,preferredSize=]
2026-04-29 17:09:39,116 [INFO] NvicIntPanel:101 - NVIC parent = com.st.microxplorer.plugins.ip.nvic.MultiNvicIntPanel[,0,0,0x0,invalid,layout=javax.swing.BoxLayout,alignmentX=0.0,alignmentY=0.0,border=,flags=9,maximumSize=,minimumSize=,preferredSize=]
2026-04-29 17:09:56,587 [INFO] NvicIntPanel:101 - NVIC parent = com.st.microxplorer.plugins.ip.nvic.MultiNvicIntPanel[,0,0,0x0,invalid,layout=javax.swing.BoxLayout,alignmentX=0.0,alignmentY=0.0,border=,flags=9,maximumSize=,minimumSize=,preferredSize=]
2026-04-29 17:11:15,882 [INFO] UtilMem:75 - End SaveConfig() Used Memory: 456431544 Bytes (673185792)
2026-04-29 17:11:34,154 [INFO] I2cTimingTraitement:330 - 0x00100D14
2026-04-29 17:11:34,217 [INFO] NvicIntPanel:101 - NVIC parent = com.st.microxplorer.plugins.ip.nvic.MultiNvicIntPanel[,0,0,0x0,invalid,layout=javax.swing.BoxLayout,alignmentX=0.0,alignmentY=0.0,border=,flags=9,maximumSize=,minimumSize=,preferredSize=]
2026-04-29 17:11:41,773 [INFO] Gpio:278 - dependency for GPIO [I2C1, USART1, USART2]
2026-04-29 17:11:58,159 [INFO] UtilMem:75 - End SaveConfig() Used Memory: 419572304 Bytes (673185792)
2026-04-29 17:12:05,988 [INFO] UtilMem:75 - End SaveConfig() Used Memory: 297937488 Bytes (673185792)
2026-04-29 17:12:06,469 [INFO] BlockDiagram:2775 - set Specific Code input for plugin: NVIC
2026-04-29 17:12:06,470 [INFO] BlockDiagram:2775 - set Specific Code input for plugin: USART
2026-04-29 17:12:06,470 [INFO] BlockDiagram:2775 - set Specific Code input for plugin: USART
2026-04-29 17:12:06,472 [INFO] BlockDiagram:2775 - set Specific Code input for plugin: SYS
2026-04-29 17:12:06,472 [INFO] BlockDiagram:2775 - set Specific Code input for plugin: GPIO
2026-04-29 17:12:06,473 [INFO] BlockDiagram:2775 - set Specific Code input for plugin: RCC
2026-04-29 17:12:06,473 [INFO] BlockDiagram:2775 - set Specific Code input for plugin: I2C
2026-04-29 17:12:06,474 [INFO] CodeGenerator:892 - code generatio: config db path: /Applications/STM32CubeIDE.app/Contents/Eclipse/plugins/com.st.stm32cube.common.mx_6.15.0.202507011659//db/
2026-04-29 17:12:06,598 [INFO] CodeEngine:265 - oldGeneratedFile, /Users/cristianpetramale/Biomed_projects/STMWorkSpace/Lettore di Pressione/MXTmpFiles/license.tmp_save
2026-04-29 17:12:06,944 [INFO] CodeEngine:289 - Generated code: /Users/cristianpetramale/Biomed_projects/STMWorkSpace/Lettore di Pressione/MXTmpFiles/license.tmp
2026-04-29 17:12:07,103 [INFO] CodeEngine:265 - oldGeneratedFile, /Users/cristianpetramale/Biomed_projects/STMWorkSpace/Lettore di Pressione/MXTmpFiles/gpio.tmp_save
2026-04-29 17:12:07,293 [INFO] CodeEngine:289 - Generated code: /Users/cristianpetramale/Biomed_projects/STMWorkSpace/Lettore di Pressione/MXTmpFiles/gpio.tmp
2026-04-29 17:12:07,838 [INFO] CodeEngine:265 - oldGeneratedFile, /Users/cristianpetramale/Biomed_projects/STMWorkSpace/Lettore di Pressione/Core/Src/stm32l4xx_it.c_save
2026-04-29 17:12:08,132 [INFO] CodeEngine:289 - Generated code: /Users/cristianpetramale/Biomed_projects/STMWorkSpace/Lettore di Pressione/Core/Src/stm32l4xx_it.c
2026-04-29 17:12:08,136 [INFO] CodeEngine:265 - oldGeneratedFile, /Users/cristianpetramale/Biomed_projects/STMWorkSpace/Lettore di Pressione/Core/Inc/stm32l4xx_it.h_save
2026-04-29 17:12:08,221 [INFO] CodeEngine:289 - Generated code: /Users/cristianpetramale/Biomed_projects/STMWorkSpace/Lettore di Pressione/Core/Inc/stm32l4xx_it.h
2026-04-29 17:12:08,229 [INFO] CodeEngine:265 - oldGeneratedFile, /Users/cristianpetramale/Biomed_projects/STMWorkSpace/Lettore di Pressione/Core/Src/stm32l4xx_hal_msp.c_save
2026-04-29 17:12:08,414 [INFO] CodeEngine:289 - Generated code: /Users/cristianpetramale/Biomed_projects/STMWorkSpace/Lettore di Pressione/Core/Src/stm32l4xx_hal_msp.c
2026-04-29 17:12:08,417 [INFO] CodeEngine:265 - oldGeneratedFile, /Users/cristianpetramale/Biomed_projects/STMWorkSpace/Lettore di Pressione/MXTmpFiles/system.tmp_save
2026-04-29 17:12:08,493 [INFO] CodeEngine:289 - Generated code: /Users/cristianpetramale/Biomed_projects/STMWorkSpace/Lettore di Pressione/MXTmpFiles/system.tmp
2026-04-29 17:12:08,504 [INFO] CodeEngine:321 - oldGeneratedFile, /Users/cristianpetramale/Biomed_projects/STMWorkSpace/Lettore di Pressione/Core/Inc/stm32l4xx_hal_conf.h_save
2026-04-29 17:12:08,591 [INFO] CodeEngine:345 - Generated code: /Users/cristianpetramale/Biomed_projects/STMWorkSpace/Lettore di Pressione/Core/Inc/stm32l4xx_hal_conf.h
2026-04-29 17:12:08,637 [INFO] ApiDbMcu:532 - Load IP Config File for I2C1
2026-04-29 17:12:08,645 [INFO] ApiDbMcu:532 - Load IP Config File for USART1
2026-04-29 17:12:08,653 [INFO] ApiDbMcu:532 - Load IP Config File for USART2
2026-04-29 17:12:08,660 [INFO] ApiDbMcu:532 - Load IP Config File for RCC
2026-04-29 17:12:08,670 [INFO] CodeEngine:265 - oldGeneratedFile, /Users/cristianpetramale/Biomed_projects/STMWorkSpace/Lettore di Pressione/Core/Inc/main.h_save
2026-04-29 17:12:08,841 [INFO] CodeEngine:289 - Generated code: /Users/cristianpetramale/Biomed_projects/STMWorkSpace/Lettore di Pressione/Core/Inc/main.h
2026-04-29 17:12:08,843 [INFO] CodeEngine:265 - oldGeneratedFile, /Users/cristianpetramale/Biomed_projects/STMWorkSpace/Lettore di Pressione/Core/Src/main.c_save
2026-04-29 17:12:08,994 [INFO] CodeEngine:289 - Generated code: /Users/cristianpetramale/Biomed_projects/STMWorkSpace/Lettore di Pressione/Core/Src/main.c
2026-04-29 17:12:09,180 [INFO] ProjectBuilder:3606 - Time for Copy HAL[1] : 73mS.
2026-04-29 17:12:09,183 [INFO] ProjectBuilder:5216 - Project Generator version: 4.7.0-B52
2026-04-29 17:12:09,279 [INFO] ConfigFileManager:1595 - The Die is : DIE435
2026-04-29 17:12:09,298 [INFO] ApiDbMcu:532 - Load IP Config File for FATFS
2026-04-29 17:12:09,312 [INFO] ApiDbMcu:532 - Load IP Config File for FREERTOS
2026-04-29 17:12:09,321 [INFO] ApiDbMcu:532 - Load IP Config File for TOUCHSENSING
2026-04-29 17:12:09,330 [INFO] ApiDbMcu:532 - Load IP Config File for USB_DEVICE
2026-04-29 17:12:12,208 [INFO] ProjectBuilder:5496 - Time for Generating toolchain IDE Files: 3020mS.
2026-04-29 17:12:12,212 [INFO] ProjectBuilder:3463 - Time for Copy CMSIS : 1mS.
2026-04-29 17:12:12,214 [INFO] ProjectBuilder:3463 - Time for Copy CMSIS : 0mS.
2026-04-29 17:13:14,967 [INFO] Gpio:278 - dependency for GPIO [I2C1, USART1, USART2]
2026-04-29 17:13:42,378 [INFO] NvicIntPanel:101 - NVIC parent = com.st.microxplorer.plugins.ip.nvic.MultiNvicIntPanel[,0,0,450x311,layout=javax.swing.BoxLayout,alignmentX=0.0,alignmentY=0.0,border=,flags=9,maximumSize=,minimumSize=,preferredSize=]
2026-04-29 17:13:43,734 [INFO] NvicIntPanel:101 - NVIC parent = com.st.microxplorer.plugins.ip.nvic.MultiNvicIntPanel[,0,0,0x0,invalid,layout=javax.swing.BoxLayout,alignmentX=0.0,alignmentY=0.0,border=,flags=9,maximumSize=,minimumSize=,preferredSize=]
2026-04-29 17:15:21,136 [INFO] I2cTimingTraitement:330 - 0x00100D14
2026-04-29 17:16:30,327 [INFO] NvicIntPanel:101 - NVIC parent = com.st.microxplorer.plugins.ip.nvic.MultiNvicIntPanel[,0,0,0x0,invalid,layout=javax.swing.BoxLayout,alignmentX=0.0,alignmentY=0.0,border=,flags=9,maximumSize=,minimumSize=,preferredSize=]
2026-04-29 17:16:46,772 [INFO] NvicIntPanel:101 - NVIC parent = com.st.microxplorer.plugins.ip.nvic.MultiNvicIntPanel[,0,0,0x0,invalid,layout=javax.swing.BoxLayout,alignmentX=0.0,alignmentY=0.0,border=,flags=9,maximumSize=,minimumSize=,preferredSize=]
2026-04-29 17:16:54,638 [INFO] UtilMem:75 - End SaveConfig() Used Memory: 465565192 Bytes (694157312)
2026-04-29 17:16:56,503 [INFO] UtilMem:75 - End SaveConfig() Used Memory: 574090760 Bytes (694157312)
2026-04-29 17:16:57,582 [INFO] BlockDiagram:2775 - set Specific Code input for plugin: NVIC
2026-04-29 17:16:57,610 [INFO] BlockDiagram:2775 - set Specific Code input for plugin: USART
2026-04-29 17:16:57,614 [INFO] BlockDiagram:2775 - set Specific Code input for plugin: USART
2026-04-29 17:16:57,614 [INFO] BlockDiagram:2775 - set Specific Code input for plugin: TIM1_8L4
2026-04-29 17:16:57,614 [INFO] BlockDiagram:2775 - set Specific Code input for plugin: SYS
2026-04-29 17:16:57,615 [INFO] BlockDiagram:2775 - set Specific Code input for plugin: GPIO
2026-04-29 17:16:57,617 [INFO] BlockDiagram:2775 - set Specific Code input for plugin: RCC
2026-04-29 17:16:57,617 [INFO] BlockDiagram:2775 - set Specific Code input for plugin: I2C
2026-04-29 17:16:57,621 [INFO] CodeGenerator:892 - code generatio: config db path: /Applications/STM32CubeIDE.app/Contents/Eclipse/plugins/com.st.stm32cube.common.mx_6.15.0.202507011659//db/
2026-04-29 17:16:57,851 [INFO] CodeEngine:265 - oldGeneratedFile, /Users/cristianpetramale/Biomed_projects/STMWorkSpace/Lettore di Pressione/MXTmpFiles/license.tmp_save
2026-04-29 17:16:58,050 [INFO] CodeEngine:289 - Generated code: /Users/cristianpetramale/Biomed_projects/STMWorkSpace/Lettore di Pressione/MXTmpFiles/license.tmp
2026-04-29 17:16:58,116 [INFO] CodeEngine:265 - oldGeneratedFile, /Users/cristianpetramale/Biomed_projects/STMWorkSpace/Lettore di Pressione/MXTmpFiles/gpio.tmp_save
2026-04-29 17:16:58,211 [INFO] CodeEngine:289 - Generated code: /Users/cristianpetramale/Biomed_projects/STMWorkSpace/Lettore di Pressione/MXTmpFiles/gpio.tmp
2026-04-29 17:16:58,423 [INFO] CodeEngine:265 - oldGeneratedFile, /Users/cristianpetramale/Biomed_projects/STMWorkSpace/Lettore di Pressione/Core/Src/stm32l4xx_it.c_save
2026-04-29 17:16:58,528 [INFO] CodeEngine:289 - Generated code: /Users/cristianpetramale/Biomed_projects/STMWorkSpace/Lettore di Pressione/Core/Src/stm32l4xx_it.c
2026-04-29 17:16:58,531 [INFO] CodeEngine:265 - oldGeneratedFile, /Users/cristianpetramale/Biomed_projects/STMWorkSpace/Lettore di Pressione/Core/Inc/stm32l4xx_it.h_save
2026-04-29 17:16:58,581 [INFO] CodeEngine:289 - Generated code: /Users/cristianpetramale/Biomed_projects/STMWorkSpace/Lettore di Pressione/Core/Inc/stm32l4xx_it.h
2026-04-29 17:16:58,588 [INFO] CodeEngine:265 - oldGeneratedFile, /Users/cristianpetramale/Biomed_projects/STMWorkSpace/Lettore di Pressione/Core/Src/stm32l4xx_hal_msp.c_save
2026-04-29 17:16:58,716 [INFO] CodeEngine:289 - Generated code: /Users/cristianpetramale/Biomed_projects/STMWorkSpace/Lettore di Pressione/Core/Src/stm32l4xx_hal_msp.c
2026-04-29 17:16:58,719 [INFO] CodeEngine:265 - oldGeneratedFile, /Users/cristianpetramale/Biomed_projects/STMWorkSpace/Lettore di Pressione/MXTmpFiles/system.tmp_save
2026-04-29 17:16:58,768 [INFO] CodeEngine:289 - Generated code: /Users/cristianpetramale/Biomed_projects/STMWorkSpace/Lettore di Pressione/MXTmpFiles/system.tmp
2026-04-29 17:16:58,773 [INFO] CodeEngine:321 - oldGeneratedFile, /Users/cristianpetramale/Biomed_projects/STMWorkSpace/Lettore di Pressione/Core/Inc/stm32l4xx_hal_conf.h_save
2026-04-29 17:16:58,828 [INFO] CodeEngine:345 - Generated code: /Users/cristianpetramale/Biomed_projects/STMWorkSpace/Lettore di Pressione/Core/Inc/stm32l4xx_hal_conf.h
2026-04-29 17:16:58,871 [INFO] ApiDbMcu:532 - Load IP Config File for TIM2
2026-04-29 17:16:58,873 [WARN] IPConfigManager:3811 - IP not found : TIM
2026-04-29 17:16:58,873 [WARN] CodeGenerator:4259 - IP not found : null
2026-04-29 17:16:58,878 [INFO] CodeEngine:265 - oldGeneratedFile, /Users/cristianpetramale/Biomed_projects/STMWorkSpace/Lettore di Pressione/Core/Inc/main.h_save
2026-04-29 17:16:58,932 [INFO] CodeEngine:289 - Generated code: /Users/cristianpetramale/Biomed_projects/STMWorkSpace/Lettore di Pressione/Core/Inc/main.h
2026-04-29 17:16:58,938 [INFO] CodeEngine:265 - oldGeneratedFile, /Users/cristianpetramale/Biomed_projects/STMWorkSpace/Lettore di Pressione/Core/Src/main.c_save
2026-04-29 17:16:59,025 [INFO] CodeEngine:289 - Generated code: /Users/cristianpetramale/Biomed_projects/STMWorkSpace/Lettore di Pressione/Core/Src/main.c
2026-04-29 17:16:59,203 [INFO] ProjectBuilder:3606 - Time for Copy HAL[1] : 68mS.
2026-04-29 17:16:59,207 [INFO] ProjectBuilder:5216 - Project Generator version: 4.7.0-B52
2026-04-29 17:16:59,260 [INFO] ConfigFileManager:1595 - The Die is : DIE435
2026-04-29 17:17:00,683 [INFO] ProjectBuilder:5496 - Time for Generating toolchain IDE Files: 1476mS.
2026-04-29 17:17:00,684 [INFO] ProjectBuilder:3463 - Time for Copy CMSIS : 0mS.
2026-04-29 17:17:00,685 [INFO] ProjectBuilder:3463 - Time for Copy CMSIS : 0mS.
